ARM GAS  C:\Users\kland\AppData\Local\Temp\cc0ff1ox.s 			page 1


   1              		.syntax unified
   2              		.cpu cortex-m3
   3              		.fpu softvfp
   4              		.eabi_attribute 20, 1
   5              		.eabi_attribute 21, 1
   6              		.eabi_attribute 23, 3
   7              		.eabi_attribute 24, 1
   8              		.eabi_attribute 25, 1
   9              		.eabi_attribute 26, 1
  10              		.eabi_attribute 30, 6
  11              		.eabi_attribute 34, 1
  12              		.eabi_attribute 18, 4
  13              		.thumb
  14              		.syntax unified
  15              		.file	"data.c"
  16              		.text
  17              	.Ltext0:
  18              		.cfi_sections	.debug_frame
  19              		.comm	modem_state,1,1
  20              		.comm	modem_start_time_stamp,4,4
  21              		.comm	modem_info,60,4
  22              		.comm	modem_stats,32,4
  23              		.comm	updatable_parameters,11,4
  24              		.syntax unified
  25              		.global _printf_float
  26              		.thumb
  27              		.syntax unified
  28              		.comm	buffer_overflow,1,1
  29              		.comm	dataPointsInStack,2,2
  30              		.comm	dataPointsInStackDesired,2,2
  31              		.comm	data,6600,4
  32              		.comm	App_LED_enabled,1,1
  33              		.comm	app_led_inbox,100,4
  34              		.comm	level_sensor_inbox,100,4
  35              		.comm	level_sensor_enabled,1,1
  36              		.comm	valve_diameter,4,4
  37              		.comm	valve_type,10,4
  38              		.comm	valve_enabled,1,1
  39              		.comm	valve_inbox,100,4
  40              		.comm	autosampler_enabled,1,1
  41              		.comm	autosampler_inbox,100,4
  42              		.comm	sontek_enabled,1,1
  43              		.comm	Sontek_inbox,100,4
  44              		.comm	http_request,10000,4
  45              		.comm	http_body,10000,4
  46              		.comm	http_route,200,4
  47              		.comm	system_info,28,4
  48              		.comm	system_settings,104,4
  49              		.comm	alarmMeasure,6,4
  50              		.comm	timeToMeasure,1,1
  51              		.comm	alarmSync,6,4
  52              		.comm	timeToSync,1,1
  53              		.comm	timeToSycnRemoteParams,1,1
  54              		.comm	hey,1,1
  55              		.comm	alarmAppLED,6,4
  56              		.comm	timeToAppLED,1,1
  57              		.comm	alarmLevelSensor,6,4
ARM GAS  C:\Users\kland\AppData\Local\Temp\cc0ff1ox.s 			page 2


  58              		.comm	timeToLevelSensor,1,1
  59              		.comm	alarmDownstreamLevelSensor,6,4
  60              		.comm	timeToDownstreamLevelSensor,1,1
  61              		.comm	alarmValve,6,4
  62              		.comm	timeToValve,1,1
  63              		.comm	alarmAutosampler,6,4
  64              		.comm	timeToAutosampler,1,1
  65              		.comm	alarmSontek,6,4
  66              		.comm	timeToSontek,1,1
  67              		.section	.rodata
  68              		.align	2
  69              	.LC0:
  70 0000 257300   		.ascii	"%s\000"
  71 0003 00       		.align	2
  72              	.LC1:
  73 0004 44617461 		.ascii	"Data stack full. Begin overwrite of circular buffer"
  73      20737461 
  73      636B2066 
  73      756C6C2E 
  73      20426567 
  74 0037 2E00     		.ascii	".\000"
  75              		.section	.text.pushData,"ax",%progbits
  76              		.align	2
  77              		.global	pushData
  78              		.thumb
  79              		.thumb_func
  80              		.type	pushData, %function
  81              	pushData:
  82              	.LFB64:
  83              		.file 1 "data.c"
   1:data.c        **** // ==============================================
   2:data.c        **** //  I got stacks on stacks (on stacks)
   3:data.c        **** //      - Soulja Boy (2011)
   4:data.c        **** //
   5:data.c        **** // This defines methods for the core data stack, which will be syunced with the server
   6:data.c        **** // ==============================================
   7:data.c        **** #include "data.h"
   8:data.c        **** #include "notoriOS.h"
   9:data.c        **** 
  10:data.c        **** 
  11:data.c        **** // ==============================================
  12:data.c        **** //  Push It
  13:data.c        **** //      - Salt-n-Peppa (1987)
  14:data.c        **** //
  15:data.c        **** // This pushes data onto the stack
  16:data.c        **** // ==============================================
  17:data.c        **** uint8 pushData(char * key, char *value, int32 timestamp){
  84              		.loc 1 17 0
  85              		.cfi_startproc
  86              		@ args = 0, pretend = 0, frame = 16
  87              		@ frame_needed = 1, uses_anonymous_args = 0
  88 0000 80B5     		push	{r7, lr}
  89              		.cfi_def_cfa_offset 8
  90              		.cfi_offset 7, -8
  91              		.cfi_offset 14, -4
  92 0002 84B0     		sub	sp, sp, #16
  93              		.cfi_def_cfa_offset 24
ARM GAS  C:\Users\kland\AppData\Local\Temp\cc0ff1ox.s 			page 3


  94 0004 00AF     		add	r7, sp, #0
  95              		.cfi_def_cfa_register 7
  96 0006 F860     		str	r0, [r7, #12]
  97 0008 B960     		str	r1, [r7, #8]
  98 000a 7A60     		str	r2, [r7, #4]
  18:data.c        ****     // Print data key, value and timestamp
  19:data.c        ****     snprintf(data[dataPointsInStack].key,sizeof(data[dataPointsInStack].key), "%s", key);
  99              		.loc 1 19 0
 100 000c 234B     		ldr	r3, .L4
 101 000e 1B88     		ldrh	r3, [r3]
 102 0010 1A46     		mov	r2, r3
 103 0012 2C23     		movs	r3, #44
 104 0014 03FB02F3 		mul	r3, r3, r2
 105 0018 214A     		ldr	r2, .L4+4
 106 001a 9818     		adds	r0, r3, r2
 107 001c FB68     		ldr	r3, [r7, #12]
 108 001e 214A     		ldr	r2, .L4+8
 109 0020 1421     		movs	r1, #20
 110 0022 FFF7FEFF 		bl	snprintf
  20:data.c        ****     snprintf(data[dataPointsInStack].value,sizeof(data[dataPointsInStack].value), "%s", value);
 111              		.loc 1 20 0
 112 0026 1D4B     		ldr	r3, .L4
 113 0028 1B88     		ldrh	r3, [r3]
 114 002a 1A46     		mov	r2, r3
 115 002c 2C23     		movs	r3, #44
 116 002e 03FB02F3 		mul	r3, r3, r2
 117 0032 1033     		adds	r3, r3, #16
 118 0034 1A4A     		ldr	r2, .L4+4
 119 0036 1344     		add	r3, r3, r2
 120 0038 181D     		adds	r0, r3, #4
 121 003a BB68     		ldr	r3, [r7, #8]
 122 003c 194A     		ldr	r2, .L4+8
 123 003e 1421     		movs	r1, #20
 124 0040 FFF7FEFF 		bl	snprintf
  21:data.c        ****     data[dataPointsInStack].timeStamp = timestamp;
 125              		.loc 1 21 0
 126 0044 154B     		ldr	r3, .L4
 127 0046 1B88     		ldrh	r3, [r3]
 128 0048 1946     		mov	r1, r3
 129 004a 154A     		ldr	r2, .L4+4
 130 004c 2C23     		movs	r3, #44
 131 004e 03FB01F3 		mul	r3, r3, r1
 132 0052 1344     		add	r3, r3, r2
 133 0054 2833     		adds	r3, r3, #40
 134 0056 7A68     		ldr	r2, [r7, #4]
 135 0058 1A60     		str	r2, [r3]
  22:data.c        ****     
  23:data.c        ****     // Track the number of actual (dataPointsInStack) and desired (dataPointsInStackPointer) data p
  24:data.c        ****     dataPointsInStack++;
 136              		.loc 1 24 0
 137 005a 104B     		ldr	r3, .L4
 138 005c 1B88     		ldrh	r3, [r3]
 139 005e 0133     		adds	r3, r3, #1
 140 0060 9AB2     		uxth	r2, r3
 141 0062 0E4B     		ldr	r3, .L4
 142 0064 1A80     		strh	r2, [r3]	@ movhi
  25:data.c        ****     dataPointsInStackDesired++;
ARM GAS  C:\Users\kland\AppData\Local\Temp\cc0ff1ox.s 			page 4


 143              		.loc 1 25 0
 144 0066 104B     		ldr	r3, .L4+12
 145 0068 1B88     		ldrh	r3, [r3]
 146 006a 0133     		adds	r3, r3, #1
 147 006c 9AB2     		uxth	r2, r3
 148 006e 0E4B     		ldr	r3, .L4+12
 149 0070 1A80     		strh	r2, [r3]	@ movhi
  26:data.c        ****     
  27:data.c        ****     // Circular buffer
  28:data.c        ****     // If stack is full, loop around and rewrite over the first point.
  29:data.c        ****     // Keep datPointsInStackDesired increasing to track total number of desired points.
  30:data.c        ****     // Both reset to zero once buffer is flushed ( see Clear_Data_Stack() ).
  31:data.c        ****     
  32:data.c        ****     if(dataPointsInStack >= DATA_MAX_VALUES){    
 150              		.loc 1 32 0
 151 0072 0A4B     		ldr	r3, .L4
 152 0074 1B88     		ldrh	r3, [r3]
 153 0076 952B     		cmp	r3, #149
 154 0078 0BD9     		bls	.L2
  33:data.c        ****         dataPointsInStack = 0;
 155              		.loc 1 33 0
 156 007a 084B     		ldr	r3, .L4
 157 007c 0022     		movs	r2, #0
 158 007e 1A80     		strh	r2, [r3]	@ movhi
  34:data.c        ****         buffer_overflow = true;
 159              		.loc 1 34 0
 160 0080 0A4B     		ldr	r3, .L4+16
 161 0082 0122     		movs	r2, #1
 162 0084 1A70     		strb	r2, [r3]
  35:data.c        ****         printNotif(NOTIF_TYPE_ERROR,"Data stack full. Begin overwrite of circular buffer.");
 163              		.loc 1 35 0
 164 0086 0A49     		ldr	r1, .L4+20
 165 0088 0220     		movs	r0, #2
 166 008a FFF7FEFF 		bl	printNotif
  36:data.c        ****         return 0; // If stack full, and points need to be deleted, return 0 
 167              		.loc 1 36 0
 168 008e 0023     		movs	r3, #0
 169 0090 00E0     		b	.L3
 170              	.L2:
  37:data.c        ****     }
  38:data.c        ****     
  39:data.c        ****     return 1; // If data pushed succesfully, return 1
 171              		.loc 1 39 0
 172 0092 0123     		movs	r3, #1
 173              	.L3:
  40:data.c        ****     
  41:data.c        **** }
 174              		.loc 1 41 0
 175 0094 1846     		mov	r0, r3
 176 0096 1037     		adds	r7, r7, #16
 177              		.cfi_def_cfa_offset 8
 178 0098 BD46     		mov	sp, r7
 179              		.cfi_def_cfa_register 13
 180              		@ sp needed
 181 009a 80BD     		pop	{r7, pc}
 182              	.L5:
 183              		.align	2
ARM GAS  C:\Users\kland\AppData\Local\Temp\cc0ff1ox.s 			page 5


 184              	.L4:
 185 009c 00000000 		.word	dataPointsInStack
 186 00a0 00000000 		.word	data
 187 00a4 00000000 		.word	.LC0
 188 00a8 00000000 		.word	dataPointsInStackDesired
 189 00ac 00000000 		.word	buffer_overflow
 190 00b0 04000000 		.word	.LC1
 191              		.cfi_endproc
 192              	.LFE64:
 193              		.size	pushData, .-pushData
 194              		.section	.text.Initialize_Data_Stack,"ax",%progbits
 195              		.align	2
 196              		.global	Initialize_Data_Stack
 197              		.thumb
 198              		.thumb_func
 199              		.type	Initialize_Data_Stack, %function
 200              	Initialize_Data_Stack:
 201              	.LFB65:
  42:data.c        **** 
  43:data.c        **** // Initalize Data Stack -- sets counter and pointer to zero
  44:data.c        **** void Initialize_Data_Stack(){
 202              		.loc 1 44 0
 203              		.cfi_startproc
 204              		@ args = 0, pretend = 0, frame = 0
 205              		@ frame_needed = 1, uses_anonymous_args = 0
 206 0000 80B5     		push	{r7, lr}
 207              		.cfi_def_cfa_offset 8
 208              		.cfi_offset 7, -8
 209              		.cfi_offset 14, -4
 210 0002 00AF     		add	r7, sp, #0
 211              		.cfi_def_cfa_register 7
  45:data.c        ****     Clear_Data_Stack(); // Clear out whatever data was in the stack.
 212              		.loc 1 45 0
 213 0004 FFF7FEFF 		bl	Clear_Data_Stack
  46:data.c        **** }
 214              		.loc 1 46 0
 215 0008 00BF     		nop
 216 000a 80BD     		pop	{r7, pc}
 217              		.cfi_endproc
 218              	.LFE65:
 219              		.size	Initialize_Data_Stack, .-Initialize_Data_Stack
 220              		.section	.text.Clear_Data_Stack,"ax",%progbits
 221              		.align	2
 222              		.global	Clear_Data_Stack
 223              		.thumb
 224              		.thumb_func
 225              		.type	Clear_Data_Stack, %function
 226              	Clear_Data_Stack:
 227              	.LFB66:
  47:data.c        **** 
  48:data.c        **** // Clear the data stack
  49:data.c        **** void Clear_Data_Stack(){
 228              		.loc 1 49 0
 229              		.cfi_startproc
 230              		@ args = 0, pretend = 0, frame = 8
 231              		@ frame_needed = 1, uses_anonymous_args = 0
 232              		@ link register save eliminated.
ARM GAS  C:\Users\kland\AppData\Local\Temp\cc0ff1ox.s 			page 6


 233 0000 80B4     		push	{r7}
 234              		.cfi_def_cfa_offset 4
 235              		.cfi_offset 7, -4
 236 0002 83B0     		sub	sp, sp, #12
 237              		.cfi_def_cfa_offset 16
 238 0004 00AF     		add	r7, sp, #0
 239              		.cfi_def_cfa_register 7
 240              	.LBB2:
  50:data.c        ****     for(uint16 i;i<DATA_MAX_VALUES;i++){
 241              		.loc 1 50 0
 242 0006 1CE0     		b	.L8
 243              	.L9:
  51:data.c        ****         data[i].key[0] = '\0';
 244              		.loc 1 51 0 discriminator 2
 245 0008 FB88     		ldrh	r3, [r7, #6]
 246 000a 164A     		ldr	r2, .L10
 247 000c 2C21     		movs	r1, #44
 248 000e 01FB03F3 		mul	r3, r1, r3
 249 0012 1344     		add	r3, r3, r2
 250 0014 0022     		movs	r2, #0
 251 0016 1A70     		strb	r2, [r3]
  52:data.c        ****         data[i].value[0] = '\0';
 252              		.loc 1 52 0 discriminator 2
 253 0018 FB88     		ldrh	r3, [r7, #6]
 254 001a 124A     		ldr	r2, .L10
 255 001c 2C21     		movs	r1, #44
 256 001e 01FB03F3 		mul	r3, r1, r3
 257 0022 1344     		add	r3, r3, r2
 258 0024 1433     		adds	r3, r3, #20
 259 0026 0022     		movs	r2, #0
 260 0028 1A70     		strb	r2, [r3]
  53:data.c        ****         data[i].timeStamp = 0;
 261              		.loc 1 53 0 discriminator 2
 262 002a FB88     		ldrh	r3, [r7, #6]
 263 002c 0D4A     		ldr	r2, .L10
 264 002e 2C21     		movs	r1, #44
 265 0030 01FB03F3 		mul	r3, r1, r3
 266 0034 1344     		add	r3, r3, r2
 267 0036 2833     		adds	r3, r3, #40
 268 0038 0022     		movs	r2, #0
 269 003a 1A60     		str	r2, [r3]
  50:data.c        ****         data[i].key[0] = '\0';
 270              		.loc 1 50 0 discriminator 2
 271 003c FB88     		ldrh	r3, [r7, #6]
 272 003e 0133     		adds	r3, r3, #1
 273 0040 FB80     		strh	r3, [r7, #6]	@ movhi
 274              	.L8:
  50:data.c        ****         data[i].key[0] = '\0';
 275              		.loc 1 50 0 is_stmt 0 discriminator 1
 276 0042 FB88     		ldrh	r3, [r7, #6]
 277 0044 952B     		cmp	r3, #149
 278 0046 DFD9     		bls	.L9
 279              	.LBE2:
  54:data.c        ****     }
  55:data.c        ****     dataPointsInStack = 0;
 280              		.loc 1 55 0 is_stmt 1
 281 0048 074B     		ldr	r3, .L10+4
ARM GAS  C:\Users\kland\AppData\Local\Temp\cc0ff1ox.s 			page 7


 282 004a 0022     		movs	r2, #0
 283 004c 1A80     		strh	r2, [r3]	@ movhi
  56:data.c        ****     dataPointsInStackDesired = 0;
 284              		.loc 1 56 0
 285 004e 074B     		ldr	r3, .L10+8
 286 0050 0022     		movs	r2, #0
 287 0052 1A80     		strh	r2, [r3]	@ movhi
  57:data.c        ****     buffer_overflow = false;
 288              		.loc 1 57 0
 289 0054 064B     		ldr	r3, .L10+12
 290 0056 0022     		movs	r2, #0
 291 0058 1A70     		strb	r2, [r3]
  58:data.c        ****    
  59:data.c        **** }
 292              		.loc 1 59 0
 293 005a 00BF     		nop
 294 005c 0C37     		adds	r7, r7, #12
 295              		.cfi_def_cfa_offset 4
 296 005e BD46     		mov	sp, r7
 297              		.cfi_def_cfa_register 13
 298              		@ sp needed
 299 0060 80BC     		pop	{r7}
 300              		.cfi_restore 7
 301              		.cfi_def_cfa_offset 0
 302 0062 7047     		bx	lr
 303              	.L11:
 304              		.align	2
 305              	.L10:
 306 0064 00000000 		.word	data
 307 0068 00000000 		.word	dataPointsInStack
 308 006c 00000000 		.word	dataPointsInStackDesired
 309 0070 00000000 		.word	buffer_overflow
 310              		.cfi_endproc
 311              	.LFE66:
 312              		.size	Clear_Data_Stack, .-Clear_Data_Stack
 313              		.section	.text.sizeOfDataStackDesired,"ax",%progbits
 314              		.align	2
 315              		.global	sizeOfDataStackDesired
 316              		.thumb
 317              		.thumb_func
 318              		.type	sizeOfDataStackDesired, %function
 319              	sizeOfDataStackDesired:
 320              	.LFB67:
  60:data.c        **** 
  61:data.c        **** // Return the desired number of points in the stack
  62:data.c        **** uint16 sizeOfDataStackDesired(){
 321              		.loc 1 62 0
 322              		.cfi_startproc
 323              		@ args = 0, pretend = 0, frame = 0
 324              		@ frame_needed = 1, uses_anonymous_args = 0
 325              		@ link register save eliminated.
 326 0000 80B4     		push	{r7}
 327              		.cfi_def_cfa_offset 4
 328              		.cfi_offset 7, -4
 329 0002 00AF     		add	r7, sp, #0
 330              		.cfi_def_cfa_register 7
  63:data.c        ****     return dataPointsInStackDesired;
ARM GAS  C:\Users\kland\AppData\Local\Temp\cc0ff1ox.s 			page 8


 331              		.loc 1 63 0
 332 0004 024B     		ldr	r3, .L14
 333 0006 1B88     		ldrh	r3, [r3]
  64:data.c        **** }
 334              		.loc 1 64 0
 335 0008 1846     		mov	r0, r3
 336 000a BD46     		mov	sp, r7
 337              		.cfi_def_cfa_register 13
 338              		@ sp needed
 339 000c 80BC     		pop	{r7}
 340              		.cfi_restore 7
 341              		.cfi_def_cfa_offset 0
 342 000e 7047     		bx	lr
 343              	.L15:
 344              		.align	2
 345              	.L14:
 346 0010 00000000 		.word	dataPointsInStackDesired
 347              		.cfi_endproc
 348              	.LFE67:
 349              		.size	sizeOfDataStackDesired, .-sizeOfDataStackDesired
 350              		.section	.text.sizeOfDataStack,"ax",%progbits
 351              		.align	2
 352              		.global	sizeOfDataStack
 353              		.thumb
 354              		.thumb_func
 355              		.type	sizeOfDataStack, %function
 356              	sizeOfDataStack:
 357              	.LFB68:
  65:data.c        **** 
  66:data.c        **** // Return the actual number of points in the stack 
  67:data.c        **** uint16 sizeOfDataStack(){
 358              		.loc 1 67 0
 359              		.cfi_startproc
 360              		@ args = 0, pretend = 0, frame = 0
 361              		@ frame_needed = 1, uses_anonymous_args = 0
 362              		@ link register save eliminated.
 363 0000 80B4     		push	{r7}
 364              		.cfi_def_cfa_offset 4
 365              		.cfi_offset 7, -4
 366 0002 00AF     		add	r7, sp, #0
 367              		.cfi_def_cfa_register 7
  68:data.c        ****     return dataPointsInStack;
 368              		.loc 1 68 0
 369 0004 024B     		ldr	r3, .L18
 370 0006 1B88     		ldrh	r3, [r3]
  69:data.c        **** }
 371              		.loc 1 69 0
 372 0008 1846     		mov	r0, r3
 373 000a BD46     		mov	sp, r7
 374              		.cfi_def_cfa_register 13
 375              		@ sp needed
 376 000c 80BC     		pop	{r7}
 377              		.cfi_restore 7
 378              		.cfi_def_cfa_offset 0
 379 000e 7047     		bx	lr
 380              	.L19:
 381              		.align	2
ARM GAS  C:\Users\kland\AppData\Local\Temp\cc0ff1ox.s 			page 9


 382              	.L18:
 383 0010 00000000 		.word	dataPointsInStack
 384              		.cfi_endproc
 385              	.LFE68:
 386              		.size	sizeOfDataStack, .-sizeOfDataStack
 387              		.section	.rodata
 388 0039 000000   		.align	2
 389              	.LC2:
 390 003c 2573202F 		.ascii	"%s /%s HTTP/%s\015\012\000"
 390      25732048 
 390      5454502F 
 390      25730D0A 
 390      00
 391 004d 000000   		.align	2
 392              	.LC3:
 393 0050 25732573 		.ascii	"%s%s%s%s%d%s%s%s%s\000"
 393      25732573 
 393      25642573 
 393      25732573 
 393      257300
 394 0063 00       		.align	2
 395              	.LC4:
 396 0064 0D0A00   		.ascii	"\015\012\000"
 397 0067 00       		.align	2
 398              	.LC5:
 399 0068 436F6E6E 		.ascii	"Connection: \000"
 399      65637469 
 399      6F6E3A20 
 399      00
 400 0075 000000   		.align	2
 401              	.LC6:
 402 0078 3A00     		.ascii	":\000"
 403 007a 0000     		.align	2
 404              	.LC7:
 405 007c 486F7374 		.ascii	"Host: \000"
 405      3A2000
 406 0083 00       		.align	2
 407              	.LC8:
 408 0084 25732573 		.ascii	"%s%s\000"
 408      00
 409 0089 000000   		.align	2
 410              	.LC9:
 411 008c 47455400 		.ascii	"GET\000"
 412              		.align	2
 413              	.LC10:
 414 0090 25732573 		.ascii	"%s%s%s%d%s\000"
 414      25732564 
 414      257300
 415 009b 00       		.align	2
 416              	.LC11:
 417 009c 0D0A0D0A 		.ascii	"\015\012\015\012\000"
 417      00
 418 00a1 000000   		.align	2
 419              	.LC12:
 420 00a4 436F6E74 		.ascii	"Content-Length: \000"
 420      656E742D 
 420      4C656E67 
ARM GAS  C:\Users\kland\AppData\Local\Temp\cc0ff1ox.s 			page 10


 420      74683A20 
 420      00
 421 00b5 000000   		.align	2
 422              	.LC13:
 423 00b8 436F6E74 		.ascii	"Content-Type: text/plain\015\012\000"
 423      656E742D 
 423      54797065 
 423      3A207465 
 423      78742F70 
 424 00d3 00       		.align	2
 425              	.LC14:
 426 00d4 25732573 		.ascii	"%s%s\015\012\000"
 426      0D0A00
 427              		.section	.text.construct_generic_HTTP_request,"ax",%progbits
 428              		.align	2
 429              		.global	construct_generic_HTTP_request
 430              		.thumb
 431              		.thumb_func
 432              		.type	construct_generic_HTTP_request, %function
 433              	construct_generic_HTTP_request:
 434              	.LFB69:
  70:data.c        **** 
  71:data.c        **** // This function could really use a test
  72:data.c        **** void construct_generic_HTTP_request(char* request, char* body, char* host, char* route,
  73:data.c        ****                                int port, char* method, char* connection_type,
  74:data.c        **** 	                           char *extra_headers, int extra_len, char* http_protocol){
 435              		.loc 1 74 0
 436              		.cfi_startproc
 437              		@ args = 24, pretend = 0, frame = 16
 438              		@ frame_needed = 1, uses_anonymous_args = 0
 439 0000 80B5     		push	{r7, lr}
 440              		.cfi_def_cfa_offset 8
 441              		.cfi_offset 7, -8
 442              		.cfi_offset 14, -4
 443 0002 8CB0     		sub	sp, sp, #48
 444              		.cfi_def_cfa_offset 56
 445 0004 08AF     		add	r7, sp, #32
 446              		.cfi_def_cfa 7, 24
 447 0006 F860     		str	r0, [r7, #12]
 448 0008 B960     		str	r1, [r7, #8]
 449 000a 7A60     		str	r2, [r7, #4]
 450 000c 3B60     		str	r3, [r7]
  75:data.c        **** 
  76:data.c        ****     snprintf(request,sizeof(http_request),"%s /%s HTTP/%s\r\n", method, route, http_protocol);
 451              		.loc 1 76 0
 452 000e FB6A     		ldr	r3, [r7, #44]
 453 0010 0193     		str	r3, [sp, #4]
 454 0012 3B68     		ldr	r3, [r7]
 455 0014 0093     		str	r3, [sp]
 456 0016 FB69     		ldr	r3, [r7, #28]
 457 0018 2A4A     		ldr	r2, .L23
 458 001a 42F21071 		movw	r1, #10000
 459 001e F868     		ldr	r0, [r7, #12]
 460 0020 FFF7FEFF 		bl	snprintf
  77:data.c        ****     snprintf(request,sizeof(http_request),"%s%s%s%s%d%s%s%s%s",
 461              		.loc 1 77 0
 462 0024 284B     		ldr	r3, .L23+4
ARM GAS  C:\Users\kland\AppData\Local\Temp\cc0ff1ox.s 			page 11


 463 0026 0793     		str	r3, [sp, #28]
 464 0028 3B6A     		ldr	r3, [r7, #32]
 465 002a 0693     		str	r3, [sp, #24]
 466 002c 274B     		ldr	r3, .L23+8
 467 002e 0593     		str	r3, [sp, #20]
 468 0030 254B     		ldr	r3, .L23+4
 469 0032 0493     		str	r3, [sp, #16]
 470 0034 BB69     		ldr	r3, [r7, #24]
 471 0036 0393     		str	r3, [sp, #12]
 472 0038 254B     		ldr	r3, .L23+12
 473 003a 0293     		str	r3, [sp, #8]
 474 003c 7B68     		ldr	r3, [r7, #4]
 475 003e 0193     		str	r3, [sp, #4]
 476 0040 244B     		ldr	r3, .L23+16
 477 0042 0093     		str	r3, [sp]
 478 0044 FB68     		ldr	r3, [r7, #12]
 479 0046 244A     		ldr	r2, .L23+20
 480 0048 42F21071 		movw	r1, #10000
 481 004c F868     		ldr	r0, [r7, #12]
 482 004e FFF7FEFF 		bl	snprintf
  78:data.c        ****             request, // 1
  79:data.c        ****             "Host: ", host, ":", port, "\r\n", // 2 3 4 5 6
  80:data.c        ****             "Connection: ", connection_type, "\r\n"); // 7 8 9
  81:data.c        **** 	if (extra_headers && strlen(extra_headers) > 0){
 483              		.loc 1 81 0
 484 0052 7B6A     		ldr	r3, [r7, #36]
 485 0054 002B     		cmp	r3, #0
 486 0056 0CD0     		beq	.L21
 487              		.loc 1 81 0 is_stmt 0 discriminator 1
 488 0058 7B6A     		ldr	r3, [r7, #36]
 489 005a 1B78     		ldrb	r3, [r3]	@ zero_extendqisi2
 490 005c 002B     		cmp	r3, #0
 491 005e 08D0     		beq	.L21
  82:data.c        **** 		snprintf(request,sizeof(http_request), "%s%s", request, extra_headers);
 492              		.loc 1 82 0 is_stmt 1
 493 0060 7B6A     		ldr	r3, [r7, #36]
 494 0062 0093     		str	r3, [sp]
 495 0064 FB68     		ldr	r3, [r7, #12]
 496 0066 1D4A     		ldr	r2, .L23+24
 497 0068 42F21071 		movw	r1, #10000
 498 006c F868     		ldr	r0, [r7, #12]
 499 006e FFF7FEFF 		bl	snprintf
 500              	.L21:
  83:data.c        **** 	}
  84:data.c        **** 	if (strcmp(method, "GET") != 0){
 501              		.loc 1 84 0
 502 0072 1B49     		ldr	r1, .L23+28
 503 0074 F869     		ldr	r0, [r7, #28]
 504 0076 FFF7FEFF 		bl	strcmp
 505 007a 0346     		mov	r3, r0
 506 007c 002B     		cmp	r3, #0
 507 007e 13D0     		beq	.L22
  85:data.c        **** 		snprintf(request,sizeof(http_request), "%s%s%s%d%s",
  86:data.c        **** 			request,
  87:data.c        ****             "Content-Type: text/plain\r\n", // 10
  88:data.c        ****             "Content-Length: ", (extra_len + strlen(body)), //11 12 (Extra len should be 2 for flas
 508              		.loc 1 88 0
ARM GAS  C:\Users\kland\AppData\Local\Temp\cc0ff1ox.s 			page 12


 509 0080 B868     		ldr	r0, [r7, #8]
 510 0082 FFF7FEFF 		bl	strlen
 511 0086 0246     		mov	r2, r0
  85:data.c        **** 		snprintf(request,sizeof(http_request), "%s%s%s%d%s",
 512              		.loc 1 85 0
 513 0088 BB6A     		ldr	r3, [r7, #40]
 514 008a 1344     		add	r3, r3, r2
 515 008c 154A     		ldr	r2, .L23+32
 516 008e 0392     		str	r2, [sp, #12]
 517 0090 0293     		str	r3, [sp, #8]
 518 0092 154B     		ldr	r3, .L23+36
 519 0094 0193     		str	r3, [sp, #4]
 520 0096 154B     		ldr	r3, .L23+40
 521 0098 0093     		str	r3, [sp]
 522 009a FB68     		ldr	r3, [r7, #12]
 523 009c 144A     		ldr	r2, .L23+44
 524 009e 42F21071 		movw	r1, #10000
 525 00a2 F868     		ldr	r0, [r7, #12]
 526 00a4 FFF7FEFF 		bl	snprintf
 527              	.L22:
  89:data.c        ****             "\r\n\r\n"); // 13 14 15
  90:data.c        **** 	}
  91:data.c        **** 	snprintf(request,sizeof(http_request), "%s%s\r\n", request, body); 
 528              		.loc 1 91 0
 529 00a8 BB68     		ldr	r3, [r7, #8]
 530 00aa 0093     		str	r3, [sp]
 531 00ac FB68     		ldr	r3, [r7, #12]
 532 00ae 114A     		ldr	r2, .L23+48
 533 00b0 42F21071 		movw	r1, #10000
 534 00b4 F868     		ldr	r0, [r7, #12]
 535 00b6 FFF7FEFF 		bl	snprintf
  92:data.c        ****     
  93:data.c        **** }
 536              		.loc 1 93 0
 537 00ba 00BF     		nop
 538 00bc 1037     		adds	r7, r7, #16
 539              		.cfi_def_cfa_offset 8
 540 00be BD46     		mov	sp, r7
 541              		.cfi_def_cfa_register 13
 542              		@ sp needed
 543 00c0 80BD     		pop	{r7, pc}
 544              	.L24:
 545 00c2 00BF     		.align	2
 546              	.L23:
 547 00c4 3C000000 		.word	.LC2
 548 00c8 64000000 		.word	.LC4
 549 00cc 68000000 		.word	.LC5
 550 00d0 78000000 		.word	.LC6
 551 00d4 7C000000 		.word	.LC7
 552 00d8 50000000 		.word	.LC3
 553 00dc 84000000 		.word	.LC8
 554 00e0 8C000000 		.word	.LC9
 555 00e4 9C000000 		.word	.LC11
 556 00e8 A4000000 		.word	.LC12
 557 00ec B8000000 		.word	.LC13
 558 00f0 90000000 		.word	.LC10
 559 00f4 D4000000 		.word	.LC14
ARM GAS  C:\Users\kland\AppData\Local\Temp\cc0ff1ox.s 			page 13


 560              		.cfi_endproc
 561              	.LFE69:
 562              		.size	construct_generic_HTTP_request, .-construct_generic_HTTP_request
 563              		.section	.rodata
 564 00db 00       		.align	2
 565              	.LC15:
 566 00dc 25732573 		.ascii	"%s%s, value=%s %ld000000000\012\000"
 566      2C207661 
 566      6C75653D 
 566      25732025 
 566      6C643030 
 567              		.section	.text.construct_malcom_body,"ax",%progbits
 568              		.align	2
 569              		.global	construct_malcom_body
 570              		.thumb
 571              		.thumb_func
 572              		.type	construct_malcom_body, %function
 573              	construct_malcom_body:
 574              	.LFB70:
  94:data.c        ****                             
  95:data.c        **** // Construct middle layer called Malcom (aka Malcom in the Middle)                                 
  96:data.c        **** unsigned int construct_malcom_body(char* body){
 575              		.loc 1 96 0
 576              		.cfi_startproc
 577              		@ args = 0, pretend = 0, frame = 16
 578              		@ frame_needed = 1, uses_anonymous_args = 0
 579 0000 90B5     		push	{r4, r7, lr}
 580              		.cfi_def_cfa_offset 12
 581              		.cfi_offset 4, -12
 582              		.cfi_offset 7, -8
 583              		.cfi_offset 14, -4
 584 0002 89B0     		sub	sp, sp, #36
 585              		.cfi_def_cfa_offset 48
 586 0004 04AF     		add	r7, sp, #16
 587              		.cfi_def_cfa 7, 32
 588 0006 7860     		str	r0, [r7, #4]
  97:data.c        ****    
  98:data.c        ****     body[0] = '\0';
 589              		.loc 1 98 0
 590 0008 7B68     		ldr	r3, [r7, #4]
 591 000a 0022     		movs	r2, #0
 592 000c 1A70     		strb	r2, [r3]
  99:data.c        ****     
 100:data.c        ****     // Construct influx body
 101:data.c        ****     // if the buffer didn't overflow, send however many data points we have in the buffer
 102:data.c        ****     if (buffer_overflow == false){
 593              		.loc 1 102 0
 594 000e 334B     		ldr	r3, .L33
 595 0010 1B78     		ldrb	r3, [r3]	@ zero_extendqisi2
 596 0012 83F00103 		eor	r3, r3, #1
 597 0016 DBB2     		uxtb	r3, r3
 598 0018 002B     		cmp	r3, #0
 599 001a 2DD0     		beq	.L26
 600              	.LBB3:
 103:data.c        ****         for(uint16 i = 0;i < sizeOfDataStack();i++){
 601              		.loc 1 103 0
 602 001c 0023     		movs	r3, #0
ARM GAS  C:\Users\kland\AppData\Local\Temp\cc0ff1ox.s 			page 14


 603 001e FB81     		strh	r3, [r7, #14]	@ movhi
 604 0020 22E0     		b	.L27
 605              	.L28:
 104:data.c        ****             // Note that influx uses a timestamp in nano-seconds, so we have to add 9 zeros
 105:data.c        ****             snprintf(body,sizeof(http_body), "%s%s, value=%s %ld000000000\n", body, data[i].key, da
 606              		.loc 1 105 0 discriminator 3
 607 0022 FB89     		ldrh	r3, [r7, #14]
 608 0024 2C22     		movs	r2, #44
 609 0026 02FB03F3 		mul	r3, r2, r3
 610 002a 2D4A     		ldr	r2, .L33+4
 611 002c 1344     		add	r3, r3, r2
 612 002e FA89     		ldrh	r2, [r7, #14]
 613 0030 2C21     		movs	r1, #44
 614 0032 01FB02F2 		mul	r2, r1, r2
 615 0036 1032     		adds	r2, r2, #16
 616 0038 2949     		ldr	r1, .L33+4
 617 003a 0A44     		add	r2, r2, r1
 618 003c 0432     		adds	r2, r2, #4
 619 003e F989     		ldrh	r1, [r7, #14]
 620 0040 2748     		ldr	r0, .L33+4
 621 0042 2C24     		movs	r4, #44
 622 0044 04FB01F1 		mul	r1, r4, r1
 623 0048 0144     		add	r1, r1, r0
 624 004a 2831     		adds	r1, r1, #40
 625 004c 0968     		ldr	r1, [r1]
 626 004e 0291     		str	r1, [sp, #8]
 627 0050 0192     		str	r2, [sp, #4]
 628 0052 0093     		str	r3, [sp]
 629 0054 7B68     		ldr	r3, [r7, #4]
 630 0056 234A     		ldr	r2, .L33+8
 631 0058 42F21071 		movw	r1, #10000
 632 005c 7868     		ldr	r0, [r7, #4]
 633 005e FFF7FEFF 		bl	snprintf
 103:data.c        ****         for(uint16 i = 0;i < sizeOfDataStack();i++){
 634              		.loc 1 103 0 discriminator 3
 635 0062 FB89     		ldrh	r3, [r7, #14]
 636 0064 0133     		adds	r3, r3, #1
 637 0066 FB81     		strh	r3, [r7, #14]	@ movhi
 638              	.L27:
 103:data.c        ****         for(uint16 i = 0;i < sizeOfDataStack();i++){
 639              		.loc 1 103 0 is_stmt 0 discriminator 1
 640 0068 FFF7FEFF 		bl	sizeOfDataStack
 641 006c 0346     		mov	r3, r0
 642 006e 1A46     		mov	r2, r3
 643 0070 FB89     		ldrh	r3, [r7, #14]
 644 0072 9342     		cmp	r3, r2
 645 0074 D5D3     		bcc	.L28
 646 0076 28E0     		b	.L29
 647              	.L26:
 648              	.LBE3:
 649              	.LBB4:
 106:data.c        ****         }
 107:data.c        ****     }else{
 108:data.c        ****         // if buffer did overflow, then send the max number of values allowed in the buffer
 109:data.c        ****         for(uint16 i = 0;i < DATA_MAX_VALUES;i++){
 650              		.loc 1 109 0 is_stmt 1
 651 0078 0023     		movs	r3, #0
ARM GAS  C:\Users\kland\AppData\Local\Temp\cc0ff1ox.s 			page 15


 652 007a BB81     		strh	r3, [r7, #12]	@ movhi
 653 007c 22E0     		b	.L30
 654              	.L31:
 110:data.c        ****             // Note that influx uses a timestamp in nano-seconds, so we have to add 9 zeros
 111:data.c        ****             snprintf(body,sizeof(http_body), "%s%s, value=%s %ld000000000\n", body, data[i].key, da
 655              		.loc 1 111 0 discriminator 3
 656 007e BB89     		ldrh	r3, [r7, #12]
 657 0080 2C22     		movs	r2, #44
 658 0082 02FB03F3 		mul	r3, r2, r3
 659 0086 164A     		ldr	r2, .L33+4
 660 0088 1344     		add	r3, r3, r2
 661 008a BA89     		ldrh	r2, [r7, #12]
 662 008c 2C21     		movs	r1, #44
 663 008e 01FB02F2 		mul	r2, r1, r2
 664 0092 1032     		adds	r2, r2, #16
 665 0094 1249     		ldr	r1, .L33+4
 666 0096 0A44     		add	r2, r2, r1
 667 0098 0432     		adds	r2, r2, #4
 668 009a B989     		ldrh	r1, [r7, #12]
 669 009c 1048     		ldr	r0, .L33+4
 670 009e 2C24     		movs	r4, #44
 671 00a0 04FB01F1 		mul	r1, r4, r1
 672 00a4 0144     		add	r1, r1, r0
 673 00a6 2831     		adds	r1, r1, #40
 674 00a8 0968     		ldr	r1, [r1]
 675 00aa 0291     		str	r1, [sp, #8]
 676 00ac 0192     		str	r2, [sp, #4]
 677 00ae 0093     		str	r3, [sp]
 678 00b0 7B68     		ldr	r3, [r7, #4]
 679 00b2 0C4A     		ldr	r2, .L33+8
 680 00b4 42F21071 		movw	r1, #10000
 681 00b8 7868     		ldr	r0, [r7, #4]
 682 00ba FFF7FEFF 		bl	snprintf
 109:data.c        ****             // Note that influx uses a timestamp in nano-seconds, so we have to add 9 zeros
 683              		.loc 1 109 0 discriminator 3
 684 00be BB89     		ldrh	r3, [r7, #12]
 685 00c0 0133     		adds	r3, r3, #1
 686 00c2 BB81     		strh	r3, [r7, #12]	@ movhi
 687              	.L30:
 109:data.c        ****             // Note that influx uses a timestamp in nano-seconds, so we have to add 9 zeros
 688              		.loc 1 109 0 is_stmt 0 discriminator 1
 689 00c4 BB89     		ldrh	r3, [r7, #12]
 690 00c6 952B     		cmp	r3, #149
 691 00c8 D9D9     		bls	.L31
 692              	.L29:
 693              	.LBE4:
 112:data.c        ****         }
 113:data.c        ****     }
 114:data.c        ****         
 115:data.c        ****         
 116:data.c        ****     // Get the length of the influx body and save to request_len
 117:data.c        ****     unsigned int request_len = strlen(body);
 694              		.loc 1 117 0 is_stmt 1
 695 00ca 7868     		ldr	r0, [r7, #4]
 696 00cc FFF7FEFF 		bl	strlen
 697 00d0 B860     		str	r0, [r7, #8]
 118:data.c        ****    
ARM GAS  C:\Users\kland\AppData\Local\Temp\cc0ff1ox.s 			page 16


 119:data.c        ****     return request_len; // Return the length of the influx body
 698              		.loc 1 119 0
 699 00d2 BB68     		ldr	r3, [r7, #8]
 120:data.c        **** }
 700              		.loc 1 120 0
 701 00d4 1846     		mov	r0, r3
 702 00d6 1437     		adds	r7, r7, #20
 703              		.cfi_def_cfa_offset 12
 704 00d8 BD46     		mov	sp, r7
 705              		.cfi_def_cfa_register 13
 706              		@ sp needed
 707 00da 90BD     		pop	{r4, r7, pc}
 708              	.L34:
 709              		.align	2
 710              	.L33:
 711 00dc 00000000 		.word	buffer_overflow
 712 00e0 00000000 		.word	data
 713 00e4 DC000000 		.word	.LC15
 714              		.cfi_endproc
 715              	.LFE70:
 716              		.size	construct_malcom_body, .-construct_malcom_body
 717              		.section	.rodata
 718 00f9 000000   		.align	2
 719              	.LC16:
 720 00fc 25732573 		.ascii	"%s%s?d=%s&h=%s\000"
 720      3F643D25 
 720      7326683D 
 720      257300
 721              		.section	.text.construct_malcom_route,"ax",%progbits
 722              		.align	2
 723              		.global	construct_malcom_route
 724              		.thumb
 725              		.thumb_func
 726              		.type	construct_malcom_route, %function
 727              	construct_malcom_route:
 728              	.LFB71:
 121:data.c        **** 
 122:data.c        **** // Construct the route to the Malcom middle layer
 123:data.c        **** void construct_malcom_route(char* route, char* base, char* device, char* hash){
 729              		.loc 1 123 0
 730              		.cfi_startproc
 731              		@ args = 0, pretend = 0, frame = 16
 732              		@ frame_needed = 1, uses_anonymous_args = 0
 733 0000 80B5     		push	{r7, lr}
 734              		.cfi_def_cfa_offset 8
 735              		.cfi_offset 7, -8
 736              		.cfi_offset 14, -4
 737 0002 88B0     		sub	sp, sp, #32
 738              		.cfi_def_cfa_offset 40
 739 0004 04AF     		add	r7, sp, #16
 740              		.cfi_def_cfa 7, 24
 741 0006 F860     		str	r0, [r7, #12]
 742 0008 B960     		str	r1, [r7, #8]
 743 000a 7A60     		str	r2, [r7, #4]
 744 000c 3B60     		str	r3, [r7]
 124:data.c        ****     route[0] = '\0';
 745              		.loc 1 124 0
ARM GAS  C:\Users\kland\AppData\Local\Temp\cc0ff1ox.s 			page 17


 746 000e FB68     		ldr	r3, [r7, #12]
 747 0010 0022     		movs	r2, #0
 748 0012 1A70     		strb	r2, [r3]
 125:data.c        ****     snprintf(route,sizeof(http_route), "%s%s?d=%s&h=%s", route, base, device, hash); 
 749              		.loc 1 125 0
 750 0014 3B68     		ldr	r3, [r7]
 751 0016 0293     		str	r3, [sp, #8]
 752 0018 7B68     		ldr	r3, [r7, #4]
 753 001a 0193     		str	r3, [sp, #4]
 754 001c BB68     		ldr	r3, [r7, #8]
 755 001e 0093     		str	r3, [sp]
 756 0020 FB68     		ldr	r3, [r7, #12]
 757 0022 044A     		ldr	r2, .L36
 758 0024 C821     		movs	r1, #200
 759 0026 F868     		ldr	r0, [r7, #12]
 760 0028 FFF7FEFF 		bl	snprintf
 126:data.c        **** }
 761              		.loc 1 126 0
 762 002c 00BF     		nop
 763 002e 1037     		adds	r7, r7, #16
 764              		.cfi_def_cfa_offset 8
 765 0030 BD46     		mov	sp, r7
 766              		.cfi_def_cfa_register 13
 767              		@ sp needed
 768 0032 80BD     		pop	{r7, pc}
 769              	.L37:
 770              		.align	2
 771              	.L36:
 772 0034 FC000000 		.word	.LC16
 773              		.cfi_endproc
 774              	.LFE71:
 775              		.size	construct_malcom_route, .-construct_malcom_route
 776              		.text
 777              	.Letext0:
 778              		.file 2 "c:\\program files (x86)\\cypress\\psoc creator\\4.4\\psoc creator\\import\\gnu\\arm\\5.4.
 779              		.file 3 "c:\\program files (x86)\\cypress\\psoc creator\\4.4\\psoc creator\\import\\gnu\\arm\\5.4.
 780              		.file 4 "Generated_Source\\PSoC5/cytypes.h"
 781              		.file 5 "modem.h"
 782              		.file 6 "data.h"
 783              		.file 7 "notoriOS.h"
 784              		.file 8 "Generated_Source\\PSoC5/core_cm3.h"
 785              		.file 9 "App_LED.h"
 786              		.file 10 "level_sensor.h"
 787              		.file 11 "valve.h"
 788              		.file 12 "autosampler.h"
 789              		.file 13 "sontek.h"
 790              		.section	.debug_info,"",%progbits
 791              	.Ldebug_info0:
 792 0000 7C080000 		.4byte	0x87c
 793 0004 0400     		.2byte	0x4
 794 0006 00000000 		.4byte	.Ldebug_abbrev0
 795 000a 04       		.byte	0x4
 796 000b 01       		.uleb128 0x1
 797 000c 65000000 		.4byte	.LASF124
 798 0010 0C       		.byte	0xc
 799 0011 71040000 		.4byte	.LASF125
 800 0015 DA030000 		.4byte	.LASF126
ARM GAS  C:\Users\kland\AppData\Local\Temp\cc0ff1ox.s 			page 18


 801 0019 00000000 		.4byte	.Ldebug_ranges0+0
 802 001d 00000000 		.4byte	0
 803 0021 00000000 		.4byte	.Ldebug_line0
 804 0025 02       		.uleb128 0x2
 805 0026 04       		.byte	0x4
 806 0027 05       		.byte	0x5
 807 0028 696E7400 		.ascii	"int\000"
 808 002c 03       		.uleb128 0x3
 809 002d 04       		.byte	0x4
 810 002e 07       		.byte	0x7
 811 002f 8B050000 		.4byte	.LASF0
 812 0033 03       		.uleb128 0x3
 813 0034 08       		.byte	0x8
 814 0035 05       		.byte	0x5
 815 0036 5A010000 		.4byte	.LASF1
 816 003a 03       		.uleb128 0x3
 817 003b 08       		.byte	0x8
 818 003c 04       		.byte	0x4
 819 003d 7A050000 		.4byte	.LASF2
 820 0041 03       		.uleb128 0x3
 821 0042 01       		.byte	0x1
 822 0043 06       		.byte	0x6
 823 0044 68010000 		.4byte	.LASF3
 824 0048 03       		.uleb128 0x3
 825 0049 01       		.byte	0x1
 826 004a 08       		.byte	0x8
 827 004b A8040000 		.4byte	.LASF4
 828 004f 03       		.uleb128 0x3
 829 0050 02       		.byte	0x2
 830 0051 05       		.byte	0x5
 831 0052 DC040000 		.4byte	.LASF5
 832 0056 03       		.uleb128 0x3
 833 0057 02       		.byte	0x2
 834 0058 07       		.byte	0x7
 835 0059 F4050000 		.4byte	.LASF6
 836 005d 04       		.uleb128 0x4
 837 005e BA050000 		.4byte	.LASF12
 838 0062 02       		.byte	0x2
 839 0063 3F       		.byte	0x3f
 840 0064 68000000 		.4byte	0x68
 841 0068 03       		.uleb128 0x3
 842 0069 04       		.byte	0x4
 843 006a 05       		.byte	0x5
 844 006b FA010000 		.4byte	.LASF7
 845 006f 03       		.uleb128 0x3
 846 0070 04       		.byte	0x4
 847 0071 07       		.byte	0x7
 848 0072 03030000 		.4byte	.LASF8
 849 0076 03       		.uleb128 0x3
 850 0077 08       		.byte	0x8
 851 0078 07       		.byte	0x7
 852 0079 00010000 		.4byte	.LASF9
 853 007d 03       		.uleb128 0x3
 854 007e 04       		.byte	0x4
 855 007f 07       		.byte	0x7
 856 0080 23040000 		.4byte	.LASF10
 857 0084 05       		.uleb128 0x5
ARM GAS  C:\Users\kland\AppData\Local\Temp\cc0ff1ox.s 			page 19


 858 0085 04       		.byte	0x4
 859 0086 8A000000 		.4byte	0x8a
 860 008a 03       		.uleb128 0x3
 861 008b 01       		.byte	0x1
 862 008c 08       		.byte	0x8
 863 008d 86050000 		.4byte	.LASF11
 864 0091 06       		.uleb128 0x6
 865 0092 8A000000 		.4byte	0x8a
 866 0096 A1000000 		.4byte	0xa1
 867 009a 07       		.uleb128 0x7
 868 009b 7D000000 		.4byte	0x7d
 869 009f 17       		.byte	0x17
 870 00a0 00       		.byte	0
 871 00a1 04       		.uleb128 0x4
 872 00a2 A0040000 		.4byte	.LASF13
 873 00a6 03       		.byte	0x3
 874 00a7 2C       		.byte	0x2c
 875 00a8 5D000000 		.4byte	0x5d
 876 00ac 03       		.uleb128 0x3
 877 00ad 08       		.byte	0x8
 878 00ae 04       		.byte	0x4
 879 00af 37070000 		.4byte	.LASF14
 880 00b3 03       		.uleb128 0x3
 881 00b4 04       		.byte	0x4
 882 00b5 04       		.byte	0x4
 883 00b6 84040000 		.4byte	.LASF15
 884 00ba 08       		.uleb128 0x8
 885 00bb 1F020000 		.4byte	.LASF16
 886 00bf 04       		.byte	0x4
 887 00c0 9201     		.2byte	0x192
 888 00c2 48000000 		.4byte	0x48
 889 00c6 08       		.uleb128 0x8
 890 00c7 00000000 		.4byte	.LASF17
 891 00cb 04       		.byte	0x4
 892 00cc 9301     		.2byte	0x193
 893 00ce 56000000 		.4byte	0x56
 894 00d2 08       		.uleb128 0x8
 895 00d3 C8060000 		.4byte	.LASF18
 896 00d7 04       		.byte	0x4
 897 00d8 9601     		.2byte	0x196
 898 00da 4F000000 		.4byte	0x4f
 899 00de 08       		.uleb128 0x8
 900 00df 49020000 		.4byte	.LASF19
 901 00e3 04       		.byte	0x4
 902 00e4 9701     		.2byte	0x197
 903 00e6 68000000 		.4byte	0x68
 904 00ea 08       		.uleb128 0x8
 905 00eb 1B040000 		.4byte	.LASF20
 906 00ef 04       		.byte	0x4
 907 00f0 9801     		.2byte	0x198
 908 00f2 B3000000 		.4byte	0xb3
 909 00f6 09       		.uleb128 0x9
 910 00f7 3C       		.byte	0x3c
 911 00f8 05       		.byte	0x5
 912 00f9 37       		.byte	0x37
 913 00fa 23010000 		.4byte	0x123
 914 00fe 0A       		.uleb128 0xa
ARM GAS  C:\Users\kland\AppData\Local\Temp\cc0ff1ox.s 			page 20


 915 00ff 07060000 		.4byte	.LASF21
 916 0103 05       		.byte	0x5
 917 0104 38       		.byte	0x38
 918 0105 23010000 		.4byte	0x123
 919 0109 00       		.byte	0
 920 010a 0A       		.uleb128 0xa
 921 010b 75020000 		.4byte	.LASF22
 922 010f 05       		.byte	0x5
 923 0110 39       		.byte	0x39
 924 0111 23010000 		.4byte	0x123
 925 0115 14       		.byte	0x14
 926 0116 0A       		.uleb128 0xa
 927 0117 20050000 		.4byte	.LASF23
 928 011b 05       		.byte	0x5
 929 011c 3A       		.byte	0x3a
 930 011d 23010000 		.4byte	0x123
 931 0121 28       		.byte	0x28
 932 0122 00       		.byte	0
 933 0123 06       		.uleb128 0x6
 934 0124 8A000000 		.4byte	0x8a
 935 0128 33010000 		.4byte	0x133
 936 012c 07       		.uleb128 0x7
 937 012d 7D000000 		.4byte	0x7d
 938 0131 13       		.byte	0x13
 939 0132 00       		.byte	0
 940 0133 04       		.uleb128 0x4
 941 0134 CC010000 		.4byte	.LASF24
 942 0138 05       		.byte	0x5
 943 0139 3C       		.byte	0x3c
 944 013a F6000000 		.4byte	0xf6
 945 013e 09       		.uleb128 0x9
 946 013f 20       		.byte	0x20
 947 0140 05       		.byte	0x5
 948 0141 3E       		.byte	0x3e
 949 0142 A7010000 		.4byte	0x1a7
 950 0146 0A       		.uleb128 0xa
 951 0147 F4010000 		.4byte	.LASF25
 952 014b 05       		.byte	0x5
 953 014c 3F       		.byte	0x3f
 954 014d 25000000 		.4byte	0x25
 955 0151 00       		.byte	0
 956 0152 0B       		.uleb128 0xb
 957 0153 62657200 		.ascii	"ber\000"
 958 0157 05       		.byte	0x5
 959 0158 40       		.byte	0x40
 960 0159 25000000 		.4byte	0x25
 961 015d 04       		.byte	0x4
 962 015e 0A       		.uleb128 0xa
 963 015f F0040000 		.4byte	.LASF26
 964 0163 05       		.byte	0x5
 965 0164 41       		.byte	0x41
 966 0165 25000000 		.4byte	0x25
 967 0169 08       		.byte	0x8
 968 016a 0A       		.uleb128 0xa
 969 016b 74010000 		.4byte	.LASF27
 970 016f 05       		.byte	0x5
 971 0170 42       		.byte	0x42
ARM GAS  C:\Users\kland\AppData\Local\Temp\cc0ff1ox.s 			page 21


 972 0171 25000000 		.4byte	0x25
 973 0175 0C       		.byte	0xc
 974 0176 0A       		.uleb128 0xa
 975 0177 D7040000 		.4byte	.LASF28
 976 017b 05       		.byte	0x5
 977 017c 43       		.byte	0x43
 978 017d 25000000 		.4byte	0x25
 979 0181 10       		.byte	0x10
 980 0182 0A       		.uleb128 0xa
 981 0183 25050000 		.4byte	.LASF29
 982 0187 05       		.byte	0x5
 983 0188 44       		.byte	0x44
 984 0189 25000000 		.4byte	0x25
 985 018d 14       		.byte	0x14
 986 018e 0A       		.uleb128 0xa
 987 018f 90010000 		.4byte	.LASF30
 988 0193 05       		.byte	0x5
 989 0194 45       		.byte	0x45
 990 0195 25000000 		.4byte	0x25
 991 0199 18       		.byte	0x18
 992 019a 0A       		.uleb128 0xa
 993 019b 59030000 		.4byte	.LASF31
 994 019f 05       		.byte	0x5
 995 01a0 46       		.byte	0x46
 996 01a1 25000000 		.4byte	0x25
 997 01a5 1C       		.byte	0x1c
 998 01a6 00       		.byte	0
 999 01a7 04       		.uleb128 0x4
 1000 01a8 2A050000 		.4byte	.LASF32
 1001 01ac 05       		.byte	0x5
 1002 01ad 48       		.byte	0x48
 1003 01ae 3E010000 		.4byte	0x13e
 1004 01b2 09       		.uleb128 0x9
 1005 01b3 0B       		.byte	0xb
 1006 01b4 05       		.byte	0x5
 1007 01b5 54       		.byte	0x54
 1008 01b6 3F020000 		.4byte	0x23f
 1009 01ba 0A       		.uleb128 0xa
 1010 01bb 4F020000 		.4byte	.LASF33
 1011 01bf 05       		.byte	0x5
 1012 01c0 56       		.byte	0x56
 1013 01c1 BA000000 		.4byte	0xba
 1014 01c5 00       		.byte	0
 1015 01c6 0A       		.uleb128 0xa
 1016 01c7 ED060000 		.4byte	.LASF34
 1017 01cb 05       		.byte	0x5
 1018 01cc 58       		.byte	0x58
 1019 01cd 3F020000 		.4byte	0x23f
 1020 01d1 01       		.byte	0x1
 1021 01d2 0A       		.uleb128 0xa
 1022 01d3 C4050000 		.4byte	.LASF35
 1023 01d7 05       		.byte	0x5
 1024 01d8 5A       		.byte	0x5a
 1025 01d9 BA000000 		.4byte	0xba
 1026 01dd 02       		.byte	0x2
 1027 01de 0A       		.uleb128 0xa
 1028 01df E6040000 		.4byte	.LASF36
ARM GAS  C:\Users\kland\AppData\Local\Temp\cc0ff1ox.s 			page 22


 1029 01e3 05       		.byte	0x5
 1030 01e4 5C       		.byte	0x5c
 1031 01e5 BA000000 		.4byte	0xba
 1032 01e9 03       		.byte	0x3
 1033 01ea 0A       		.uleb128 0xa
 1034 01eb AD020000 		.4byte	.LASF37
 1035 01ef 05       		.byte	0x5
 1036 01f0 5F       		.byte	0x5f
 1037 01f1 BA000000 		.4byte	0xba
 1038 01f5 04       		.byte	0x4
 1039 01f6 0A       		.uleb128 0xa
 1040 01f7 81060000 		.4byte	.LASF38
 1041 01fb 05       		.byte	0x5
 1042 01fc 64       		.byte	0x64
 1043 01fd BA000000 		.4byte	0xba
 1044 0201 05       		.byte	0x5
 1045 0202 0A       		.uleb128 0xa
 1046 0203 55050000 		.4byte	.LASF39
 1047 0207 05       		.byte	0x5
 1048 0208 66       		.byte	0x66
 1049 0209 BA000000 		.4byte	0xba
 1050 020d 06       		.byte	0x6
 1051 020e 0A       		.uleb128 0xa
 1052 020f 16060000 		.4byte	.LASF40
 1053 0213 05       		.byte	0x5
 1054 0214 67       		.byte	0x67
 1055 0215 BA000000 		.4byte	0xba
 1056 0219 07       		.byte	0x7
 1057 021a 0A       		.uleb128 0xa
 1058 021b CC040000 		.4byte	.LASF41
 1059 021f 05       		.byte	0x5
 1060 0220 68       		.byte	0x68
 1061 0221 BA000000 		.4byte	0xba
 1062 0225 08       		.byte	0x8
 1063 0226 0A       		.uleb128 0xa
 1064 0227 CE060000 		.4byte	.LASF42
 1065 022b 05       		.byte	0x5
 1066 022c 69       		.byte	0x69
 1067 022d BA000000 		.4byte	0xba
 1068 0231 09       		.byte	0x9
 1069 0232 0A       		.uleb128 0xa
 1070 0233 AE050000 		.4byte	.LASF43
 1071 0237 05       		.byte	0x5
 1072 0238 6A       		.byte	0x6a
 1073 0239 BA000000 		.4byte	0xba
 1074 023d 0A       		.byte	0xa
 1075 023e 00       		.byte	0
 1076 023f 03       		.uleb128 0x3
 1077 0240 01       		.byte	0x1
 1078 0241 02       		.byte	0x2
 1079 0242 9A040000 		.4byte	.LASF44
 1080 0246 04       		.uleb128 0x4
 1081 0247 9A030000 		.4byte	.LASF45
 1082 024b 05       		.byte	0x5
 1083 024c 71       		.byte	0x71
 1084 024d B2010000 		.4byte	0x1b2
 1085 0251 09       		.uleb128 0x9
ARM GAS  C:\Users\kland\AppData\Local\Temp\cc0ff1ox.s 			page 23


 1086 0252 2C       		.byte	0x2c
 1087 0253 06       		.byte	0x6
 1088 0254 14       		.byte	0x14
 1089 0255 7E020000 		.4byte	0x27e
 1090 0259 0B       		.uleb128 0xb
 1091 025a 6B657900 		.ascii	"key\000"
 1092 025e 06       		.byte	0x6
 1093 025f 15       		.byte	0x15
 1094 0260 23010000 		.4byte	0x123
 1095 0264 00       		.byte	0
 1096 0265 0A       		.uleb128 0xa
 1097 0266 C3020000 		.4byte	.LASF46
 1098 026a 06       		.byte	0x6
 1099 026b 16       		.byte	0x16
 1100 026c 23010000 		.4byte	0x123
 1101 0270 14       		.byte	0x14
 1102 0271 0A       		.uleb128 0xa
 1103 0272 52040000 		.4byte	.LASF47
 1104 0276 06       		.byte	0x6
 1105 0277 17       		.byte	0x17
 1106 0278 DE000000 		.4byte	0xde
 1107 027c 28       		.byte	0x28
 1108 027d 00       		.byte	0
 1109 027e 04       		.uleb128 0x4
 1110 027f E8020000 		.4byte	.LASF48
 1111 0283 06       		.byte	0x6
 1112 0284 19       		.byte	0x19
 1113 0285 51020000 		.4byte	0x251
 1114 0289 09       		.uleb128 0x9
 1115 028a 06       		.byte	0x6
 1116 028b 07       		.byte	0x7
 1117 028c 37       		.byte	0x37
 1118 028d C2020000 		.4byte	0x2c2
 1119 0291 0A       		.uleb128 0xa
 1120 0292 7E020000 		.4byte	.LASF49
 1121 0296 07       		.byte	0x7
 1122 0297 39       		.byte	0x39
 1123 0298 C6000000 		.4byte	0xc6
 1124 029c 00       		.byte	0
 1125 029d 0A       		.uleb128 0xa
 1126 029e 03020000 		.4byte	.LASF50
 1127 02a2 07       		.byte	0x7
 1128 02a3 3A       		.byte	0x3a
 1129 02a4 D2000000 		.4byte	0xd2
 1130 02a8 02       		.byte	0x2
 1131 02a9 0A       		.uleb128 0xa
 1132 02aa DF060000 		.4byte	.LASF51
 1133 02ae 07       		.byte	0x7
 1134 02af 3B       		.byte	0x3b
 1135 02b0 BA000000 		.4byte	0xba
 1136 02b4 04       		.byte	0x4
 1137 02b5 0A       		.uleb128 0xa
 1138 02b6 30000000 		.4byte	.LASF52
 1139 02ba 07       		.byte	0x7
 1140 02bb 3C       		.byte	0x3c
 1141 02bc BA000000 		.4byte	0xba
 1142 02c0 05       		.byte	0x5
ARM GAS  C:\Users\kland\AppData\Local\Temp\cc0ff1ox.s 			page 24


 1143 02c1 00       		.byte	0
 1144 02c2 04       		.uleb128 0x4
 1145 02c3 19020000 		.4byte	.LASF53
 1146 02c7 07       		.byte	0x7
 1147 02c8 3F       		.byte	0x3f
 1148 02c9 CD020000 		.4byte	0x2cd
 1149 02cd 0C       		.uleb128 0xc
 1150 02ce 89020000 		.4byte	0x289
 1151 02d2 09       		.uleb128 0x9
 1152 02d3 1C       		.byte	0x1c
 1153 02d4 07       		.byte	0x7
 1154 02d5 42       		.byte	0x42
 1155 02d6 F3020000 		.4byte	0x2f3
 1156 02da 0A       		.uleb128 0xa
 1157 02db 3A030000 		.4byte	.LASF54
 1158 02df 07       		.byte	0x7
 1159 02e0 44       		.byte	0x44
 1160 02e1 F3020000 		.4byte	0x2f3
 1161 02e5 00       		.byte	0
 1162 02e6 0A       		.uleb128 0xa
 1163 02e7 67020000 		.4byte	.LASF55
 1164 02eb 07       		.byte	0x7
 1165 02ec 45       		.byte	0x45
 1166 02ed 91000000 		.4byte	0x91
 1167 02f1 04       		.byte	0x4
 1168 02f2 00       		.byte	0
 1169 02f3 05       		.uleb128 0x5
 1170 02f4 04       		.byte	0x4
 1171 02f5 33010000 		.4byte	0x133
 1172 02f9 04       		.uleb128 0x4
 1173 02fa 8F030000 		.4byte	.LASF56
 1174 02fe 07       		.byte	0x7
 1175 02ff 47       		.byte	0x47
 1176 0300 D2020000 		.4byte	0x2d2
 1177 0304 09       		.uleb128 0x9
 1178 0305 68       		.byte	0x68
 1179 0306 07       		.byte	0x7
 1180 0307 4D       		.byte	0x4d
 1181 0308 25030000 		.4byte	0x325
 1182 030c 0A       		.uleb128 0xa
 1183 030d 45030000 		.4byte	.LASF57
 1184 0311 07       		.byte	0x7
 1185 0312 52       		.byte	0x52
 1186 0313 25030000 		.4byte	0x325
 1187 0317 00       		.byte	0
 1188 0318 0A       		.uleb128 0xa
 1189 0319 32030000 		.4byte	.LASF58
 1190 031d 07       		.byte	0x7
 1191 031e 53       		.byte	0x53
 1192 031f 25000000 		.4byte	0x25
 1193 0323 64       		.byte	0x64
 1194 0324 00       		.byte	0
 1195 0325 06       		.uleb128 0x6
 1196 0326 8A000000 		.4byte	0x8a
 1197 032a 35030000 		.4byte	0x335
 1198 032e 07       		.uleb128 0x7
 1199 032f 7D000000 		.4byte	0x7d
ARM GAS  C:\Users\kland\AppData\Local\Temp\cc0ff1ox.s 			page 25


 1200 0333 63       		.byte	0x63
 1201 0334 00       		.byte	0
 1202 0335 04       		.uleb128 0x4
 1203 0336 2C040000 		.4byte	.LASF59
 1204 033a 07       		.byte	0x7
 1205 033b 59       		.byte	0x59
 1206 033c 04030000 		.4byte	0x304
 1207 0340 0D       		.uleb128 0xd
 1208 0341 79010000 		.4byte	.LASF73
 1209 0345 01       		.byte	0x1
 1210 0346 11       		.byte	0x11
 1211 0347 BA000000 		.4byte	0xba
 1212 034b 00000000 		.4byte	.LFB64
 1213 034f B4000000 		.4byte	.LFE64-.LFB64
 1214 0353 01       		.uleb128 0x1
 1215 0354 9C       		.byte	0x9c
 1216 0355 84030000 		.4byte	0x384
 1217 0359 0E       		.uleb128 0xe
 1218 035a 6B657900 		.ascii	"key\000"
 1219 035e 01       		.byte	0x1
 1220 035f 11       		.byte	0x11
 1221 0360 84000000 		.4byte	0x84
 1222 0364 02       		.uleb128 0x2
 1223 0365 91       		.byte	0x91
 1224 0366 74       		.sleb128 -12
 1225 0367 0F       		.uleb128 0xf
 1226 0368 C3020000 		.4byte	.LASF46
 1227 036c 01       		.byte	0x1
 1228 036d 11       		.byte	0x11
 1229 036e 84000000 		.4byte	0x84
 1230 0372 02       		.uleb128 0x2
 1231 0373 91       		.byte	0x91
 1232 0374 70       		.sleb128 -16
 1233 0375 0F       		.uleb128 0xf
 1234 0376 3D010000 		.4byte	.LASF60
 1235 037a 01       		.byte	0x1
 1236 037b 11       		.byte	0x11
 1237 037c DE000000 		.4byte	0xde
 1238 0380 02       		.uleb128 0x2
 1239 0381 91       		.byte	0x91
 1240 0382 6C       		.sleb128 -20
 1241 0383 00       		.byte	0
 1242 0384 10       		.uleb128 0x10
 1243 0385 04070000 		.4byte	.LASF127
 1244 0389 01       		.byte	0x1
 1245 038a 2C       		.byte	0x2c
 1246 038b 00000000 		.4byte	.LFB65
 1247 038f 0C000000 		.4byte	.LFE65-.LFB65
 1248 0393 01       		.uleb128 0x1
 1249 0394 9C       		.byte	0x9c
 1250 0395 11       		.uleb128 0x11
 1251 0396 15030000 		.4byte	.LASF128
 1252 039a 01       		.byte	0x1
 1253 039b 31       		.byte	0x31
 1254 039c 00000000 		.4byte	.LFB66
 1255 03a0 74000000 		.4byte	.LFE66-.LFB66
 1256 03a4 01       		.uleb128 0x1
ARM GAS  C:\Users\kland\AppData\Local\Temp\cc0ff1ox.s 			page 26


 1257 03a5 9C       		.byte	0x9c
 1258 03a6 C1030000 		.4byte	0x3c1
 1259 03aa 12       		.uleb128 0x12
 1260 03ab 06000000 		.4byte	.LBB2
 1261 03af 42000000 		.4byte	.LBE2-.LBB2
 1262 03b3 13       		.uleb128 0x13
 1263 03b4 6900     		.ascii	"i\000"
 1264 03b6 01       		.byte	0x1
 1265 03b7 32       		.byte	0x32
 1266 03b8 C6000000 		.4byte	0xc6
 1267 03bc 02       		.uleb128 0x2
 1268 03bd 91       		.byte	0x91
 1269 03be 76       		.sleb128 -10
 1270 03bf 00       		.byte	0
 1271 03c0 00       		.byte	0
 1272 03c1 14       		.uleb128 0x14
 1273 03c2 DD050000 		.4byte	.LASF61
 1274 03c6 01       		.byte	0x1
 1275 03c7 3E       		.byte	0x3e
 1276 03c8 C6000000 		.4byte	0xc6
 1277 03cc 00000000 		.4byte	.LFB67
 1278 03d0 14000000 		.4byte	.LFE67-.LFB67
 1279 03d4 01       		.uleb128 0x1
 1280 03d5 9C       		.byte	0x9c
 1281 03d6 14       		.uleb128 0x14
 1282 03d7 8A040000 		.4byte	.LASF62
 1283 03db 01       		.byte	0x1
 1284 03dc 43       		.byte	0x43
 1285 03dd C6000000 		.4byte	0xc6
 1286 03e1 00000000 		.4byte	.LFB68
 1287 03e5 14000000 		.4byte	.LFE68-.LFB68
 1288 03e9 01       		.uleb128 0x1
 1289 03ea 9C       		.byte	0x9c
 1290 03eb 15       		.uleb128 0x15
 1291 03ec F5040000 		.4byte	.LASF76
 1292 03f0 01       		.byte	0x1
 1293 03f1 48       		.byte	0x48
 1294 03f2 00000000 		.4byte	.LFB69
 1295 03f6 F8000000 		.4byte	.LFE69-.LFB69
 1296 03fa 01       		.uleb128 0x1
 1297 03fb 9C       		.byte	0x9c
 1298 03fc 8D040000 		.4byte	0x48d
 1299 0400 0F       		.uleb128 0xf
 1300 0401 0E060000 		.4byte	.LASF63
 1301 0405 01       		.byte	0x1
 1302 0406 48       		.byte	0x48
 1303 0407 84000000 		.4byte	0x84
 1304 040b 02       		.uleb128 0x2
 1305 040c 91       		.byte	0x91
 1306 040d 74       		.sleb128 -12
 1307 040e 0F       		.uleb128 0xf
 1308 040f 07000000 		.4byte	.LASF64
 1309 0413 01       		.byte	0x1
 1310 0414 48       		.byte	0x48
 1311 0415 84000000 		.4byte	0x84
 1312 0419 02       		.uleb128 0x2
 1313 041a 91       		.byte	0x91
ARM GAS  C:\Users\kland\AppData\Local\Temp\cc0ff1ox.s 			page 27


 1314 041b 70       		.sleb128 -16
 1315 041c 0F       		.uleb128 0xf
 1316 041d C9020000 		.4byte	.LASF65
 1317 0421 01       		.byte	0x1
 1318 0422 48       		.byte	0x48
 1319 0423 84000000 		.4byte	0x84
 1320 0427 02       		.uleb128 0x2
 1321 0428 91       		.byte	0x91
 1322 0429 6C       		.sleb128 -20
 1323 042a 0F       		.uleb128 0xf
 1324 042b B6040000 		.4byte	.LASF66
 1325 042f 01       		.byte	0x1
 1326 0430 48       		.byte	0x48
 1327 0431 84000000 		.4byte	0x84
 1328 0435 02       		.uleb128 0x2
 1329 0436 91       		.byte	0x91
 1330 0437 68       		.sleb128 -24
 1331 0438 0F       		.uleb128 0xf
 1332 0439 B9020000 		.4byte	.LASF67
 1333 043d 01       		.byte	0x1
 1334 043e 49       		.byte	0x49
 1335 043f 25000000 		.4byte	0x25
 1336 0443 02       		.uleb128 0x2
 1337 0444 91       		.byte	0x91
 1338 0445 00       		.sleb128 0
 1339 0446 0F       		.uleb128 0xf
 1340 0447 26030000 		.4byte	.LASF68
 1341 044b 01       		.byte	0x1
 1342 044c 49       		.byte	0x49
 1343 044d 84000000 		.4byte	0x84
 1344 0451 02       		.uleb128 0x2
 1345 0452 91       		.byte	0x91
 1346 0453 04       		.sleb128 4
 1347 0454 0F       		.uleb128 0xf
 1348 0455 1A070000 		.4byte	.LASF69
 1349 0459 01       		.byte	0x1
 1350 045a 49       		.byte	0x49
 1351 045b 84000000 		.4byte	0x84
 1352 045f 02       		.uleb128 0x2
 1353 0460 91       		.byte	0x91
 1354 0461 08       		.sleb128 8
 1355 0462 0F       		.uleb128 0xf
 1356 0463 F6060000 		.4byte	.LASF70
 1357 0467 01       		.byte	0x1
 1358 0468 4A       		.byte	0x4a
 1359 0469 84000000 		.4byte	0x84
 1360 046d 02       		.uleb128 0x2
 1361 046e 91       		.byte	0x91
 1362 046f 0C       		.sleb128 12
 1363 0470 0F       		.uleb128 0xf
 1364 0471 A3020000 		.4byte	.LASF71
 1365 0475 01       		.byte	0x1
 1366 0476 4A       		.byte	0x4a
 1367 0477 25000000 		.4byte	0x25
 1368 047b 02       		.uleb128 0x2
 1369 047c 91       		.byte	0x91
 1370 047d 10       		.sleb128 16
ARM GAS  C:\Users\kland\AppData\Local\Temp\cc0ff1ox.s 			page 28


 1371 047e 0F       		.uleb128 0xf
 1372 047f 59020000 		.4byte	.LASF72
 1373 0483 01       		.byte	0x1
 1374 0484 4A       		.byte	0x4a
 1375 0485 84000000 		.4byte	0x84
 1376 0489 02       		.uleb128 0x2
 1377 048a 91       		.byte	0x91
 1378 048b 14       		.sleb128 20
 1379 048c 00       		.byte	0
 1380 048d 0D       		.uleb128 0xd
 1381 048e 8D020000 		.4byte	.LASF74
 1382 0492 01       		.byte	0x1
 1383 0493 60       		.byte	0x60
 1384 0494 2C000000 		.4byte	0x2c
 1385 0498 00000000 		.4byte	.LFB70
 1386 049c E8000000 		.4byte	.LFE70-.LFB70
 1387 04a0 01       		.uleb128 0x1
 1388 04a1 9C       		.byte	0x9c
 1389 04a2 F3040000 		.4byte	0x4f3
 1390 04a6 0F       		.uleb128 0xf
 1391 04a7 07000000 		.4byte	.LASF64
 1392 04ab 01       		.byte	0x1
 1393 04ac 60       		.byte	0x60
 1394 04ad 84000000 		.4byte	0x84
 1395 04b1 02       		.uleb128 0x2
 1396 04b2 91       		.byte	0x91
 1397 04b3 64       		.sleb128 -28
 1398 04b4 16       		.uleb128 0x16
 1399 04b5 49050000 		.4byte	.LASF75
 1400 04b9 01       		.byte	0x1
 1401 04ba 75       		.byte	0x75
 1402 04bb 2C000000 		.4byte	0x2c
 1403 04bf 02       		.uleb128 0x2
 1404 04c0 91       		.byte	0x91
 1405 04c1 68       		.sleb128 -24
 1406 04c2 17       		.uleb128 0x17
 1407 04c3 1C000000 		.4byte	.LBB3
 1408 04c7 5C000000 		.4byte	.LBE3-.LBB3
 1409 04cb DC040000 		.4byte	0x4dc
 1410 04cf 13       		.uleb128 0x13
 1411 04d0 6900     		.ascii	"i\000"
 1412 04d2 01       		.byte	0x1
 1413 04d3 67       		.byte	0x67
 1414 04d4 C6000000 		.4byte	0xc6
 1415 04d8 02       		.uleb128 0x2
 1416 04d9 91       		.byte	0x91
 1417 04da 6E       		.sleb128 -18
 1418 04db 00       		.byte	0
 1419 04dc 12       		.uleb128 0x12
 1420 04dd 78000000 		.4byte	.LBB4
 1421 04e1 52000000 		.4byte	.LBE4-.LBB4
 1422 04e5 13       		.uleb128 0x13
 1423 04e6 6900     		.ascii	"i\000"
 1424 04e8 01       		.byte	0x1
 1425 04e9 6D       		.byte	0x6d
 1426 04ea C6000000 		.4byte	0xc6
 1427 04ee 02       		.uleb128 0x2
ARM GAS  C:\Users\kland\AppData\Local\Temp\cc0ff1ox.s 			page 29


 1428 04ef 91       		.byte	0x91
 1429 04f0 6C       		.sleb128 -20
 1430 04f1 00       		.byte	0
 1431 04f2 00       		.byte	0
 1432 04f3 15       		.uleb128 0x15
 1433 04f4 25020000 		.4byte	.LASF77
 1434 04f8 01       		.byte	0x1
 1435 04f9 7B       		.byte	0x7b
 1436 04fa 00000000 		.4byte	.LFB71
 1437 04fe 38000000 		.4byte	.LFE71-.LFB71
 1438 0502 01       		.uleb128 0x1
 1439 0503 9C       		.byte	0x9c
 1440 0504 41050000 		.4byte	0x541
 1441 0508 0F       		.uleb128 0xf
 1442 0509 B6040000 		.4byte	.LASF66
 1443 050d 01       		.byte	0x1
 1444 050e 7B       		.byte	0x7b
 1445 050f 84000000 		.4byte	0x84
 1446 0513 02       		.uleb128 0x2
 1447 0514 91       		.byte	0x91
 1448 0515 74       		.sleb128 -12
 1449 0516 0F       		.uleb128 0xf
 1450 0517 B1030000 		.4byte	.LASF78
 1451 051b 01       		.byte	0x1
 1452 051c 7B       		.byte	0x7b
 1453 051d 84000000 		.4byte	0x84
 1454 0521 02       		.uleb128 0x2
 1455 0522 91       		.byte	0x91
 1456 0523 70       		.sleb128 -16
 1457 0524 0F       		.uleb128 0xf
 1458 0525 53010000 		.4byte	.LASF79
 1459 0529 01       		.byte	0x1
 1460 052a 7B       		.byte	0x7b
 1461 052b 84000000 		.4byte	0x84
 1462 052f 02       		.uleb128 0x2
 1463 0530 91       		.byte	0x91
 1464 0531 6C       		.sleb128 -20
 1465 0532 0F       		.uleb128 0xf
 1466 0533 BE020000 		.4byte	.LASF80
 1467 0537 01       		.byte	0x1
 1468 0538 7B       		.byte	0x7b
 1469 0539 84000000 		.4byte	0x84
 1470 053d 02       		.uleb128 0x2
 1471 053e 91       		.byte	0x91
 1472 053f 68       		.sleb128 -24
 1473 0540 00       		.byte	0
 1474 0541 18       		.uleb128 0x18
 1475 0542 30010000 		.4byte	.LASF81
 1476 0546 08       		.byte	0x8
 1477 0547 1207     		.2byte	0x712
 1478 0549 4D050000 		.4byte	0x54d
 1479 054d 0C       		.uleb128 0xc
 1480 054e A1000000 		.4byte	0xa1
 1481 0552 19       		.uleb128 0x19
 1482 0553 17010000 		.4byte	.LASF82
 1483 0557 05       		.byte	0x5
 1484 0558 21       		.byte	0x21
ARM GAS  C:\Users\kland\AppData\Local\Temp\cc0ff1ox.s 			page 30


 1485 0559 BA000000 		.4byte	0xba
 1486 055d 05       		.uleb128 0x5
 1487 055e 03       		.byte	0x3
 1488 055f 00000000 		.4byte	modem_state
 1489 0563 19       		.uleb128 0x19
 1490 0564 78030000 		.4byte	.LASF83
 1491 0568 05       		.byte	0x5
 1492 0569 74       		.byte	0x74
 1493 056a DE000000 		.4byte	0xde
 1494 056e 05       		.uleb128 0x5
 1495 056f 03       		.byte	0x3
 1496 0570 00000000 		.4byte	modem_start_time_stamp
 1497 0574 19       		.uleb128 0x19
 1498 0575 3A030000 		.4byte	.LASF54
 1499 0579 05       		.byte	0x5
 1500 057a 75       		.byte	0x75
 1501 057b 33010000 		.4byte	0x133
 1502 057f 05       		.uleb128 0x5
 1503 0580 03       		.byte	0x3
 1504 0581 00000000 		.4byte	modem_info
 1505 0585 19       		.uleb128 0x19
 1506 0586 47010000 		.4byte	.LASF84
 1507 058a 05       		.byte	0x5
 1508 058b 76       		.byte	0x76
 1509 058c A7010000 		.4byte	0x1a7
 1510 0590 05       		.uleb128 0x5
 1511 0591 03       		.byte	0x3
 1512 0592 00000000 		.4byte	modem_stats
 1513 0596 19       		.uleb128 0x19
 1514 0597 5C040000 		.4byte	.LASF85
 1515 059b 05       		.byte	0x5
 1516 059c 77       		.byte	0x77
 1517 059d 46020000 		.4byte	0x246
 1518 05a1 05       		.uleb128 0x5
 1519 05a2 03       		.byte	0x3
 1520 05a3 00000000 		.4byte	updatable_parameters
 1521 05a7 19       		.uleb128 0x19
 1522 05a8 20000000 		.4byte	.LASF86
 1523 05ac 06       		.byte	0x6
 1524 05ad 11       		.byte	0x11
 1525 05ae 3F020000 		.4byte	0x23f
 1526 05b2 05       		.uleb128 0x5
 1527 05b3 03       		.byte	0x3
 1528 05b4 00000000 		.4byte	buffer_overflow
 1529 05b8 19       		.uleb128 0x19
 1530 05b9 B6030000 		.4byte	.LASF87
 1531 05bd 06       		.byte	0x6
 1532 05be 22       		.byte	0x22
 1533 05bf C6000000 		.4byte	0xc6
 1534 05c3 05       		.uleb128 0x5
 1535 05c4 03       		.byte	0x3
 1536 05c5 00000000 		.4byte	dataPointsInStack
 1537 05c9 19       		.uleb128 0x19
 1538 05ca 68060000 		.4byte	.LASF88
 1539 05ce 06       		.byte	0x6
 1540 05cf 23       		.byte	0x23
 1541 05d0 C6000000 		.4byte	0xc6
ARM GAS  C:\Users\kland\AppData\Local\Temp\cc0ff1ox.s 			page 31


 1542 05d4 05       		.uleb128 0x5
 1543 05d5 03       		.byte	0x3
 1544 05d6 00000000 		.4byte	dataPointsInStackDesired
 1545 05da 06       		.uleb128 0x6
 1546 05db 7E020000 		.4byte	0x27e
 1547 05df EA050000 		.4byte	0x5ea
 1548 05e3 07       		.uleb128 0x7
 1549 05e4 7D000000 		.4byte	0x7d
 1550 05e8 95       		.byte	0x95
 1551 05e9 00       		.byte	0
 1552 05ea 19       		.uleb128 0x19
 1553 05eb 2D030000 		.4byte	.LASF89
 1554 05ef 06       		.byte	0x6
 1555 05f0 24       		.byte	0x24
 1556 05f1 DA050000 		.4byte	0x5da
 1557 05f5 05       		.uleb128 0x5
 1558 05f6 03       		.byte	0x3
 1559 05f7 00000000 		.4byte	data
 1560 05fb 19       		.uleb128 0x19
 1561 05fc D8020000 		.4byte	.LASF90
 1562 0600 09       		.byte	0x9
 1563 0601 07       		.byte	0x7
 1564 0602 BA000000 		.4byte	0xba
 1565 0606 05       		.uleb128 0x5
 1566 0607 03       		.byte	0x3
 1567 0608 00000000 		.4byte	App_LED_enabled
 1568 060c 19       		.uleb128 0x19
 1569 060d 3E070000 		.4byte	.LASF91
 1570 0611 09       		.byte	0x9
 1571 0612 08       		.byte	0x8
 1572 0613 25030000 		.4byte	0x325
 1573 0617 05       		.uleb128 0x5
 1574 0618 03       		.byte	0x3
 1575 0619 00000000 		.4byte	app_led_inbox
 1576 061d 19       		.uleb128 0x19
 1577 061e 67050000 		.4byte	.LASF92
 1578 0622 0A       		.byte	0xa
 1579 0623 25       		.byte	0x25
 1580 0624 25030000 		.4byte	0x325
 1581 0628 05       		.uleb128 0x5
 1582 0629 03       		.byte	0x3
 1583 062a 00000000 		.4byte	level_sensor_inbox
 1584 062e 19       		.uleb128 0x19
 1585 062f 53060000 		.4byte	.LASF93
 1586 0633 0A       		.byte	0xa
 1587 0634 27       		.byte	0x27
 1588 0635 3F020000 		.4byte	0x23f
 1589 0639 05       		.uleb128 0x5
 1590 063a 03       		.byte	0x3
 1591 063b 00000000 		.4byte	level_sensor_enabled
 1592 063f 19       		.uleb128 0x19
 1593 0640 BD010000 		.4byte	.LASF94
 1594 0644 0B       		.byte	0xb
 1595 0645 2A       		.byte	0x2a
 1596 0646 EA000000 		.4byte	0xea
 1597 064a 05       		.uleb128 0x5
 1598 064b 03       		.byte	0x3
ARM GAS  C:\Users\kland\AppData\Local\Temp\cc0ff1ox.s 			page 32


 1599 064c 00000000 		.4byte	valve_diameter
 1600 0650 06       		.uleb128 0x6
 1601 0651 8A000000 		.4byte	0x8a
 1602 0655 60060000 		.4byte	0x660
 1603 0659 07       		.uleb128 0x7
 1604 065a 7D000000 		.4byte	0x7d
 1605 065e 09       		.byte	0x9
 1606 065f 00       		.byte	0
 1607 0660 19       		.uleb128 0x19
 1608 0661 5A000000 		.4byte	.LASF95
 1609 0665 0B       		.byte	0xb
 1610 0666 2B       		.byte	0x2b
 1611 0667 50060000 		.4byte	0x650
 1612 066b 05       		.uleb128 0x5
 1613 066c 03       		.byte	0x3
 1614 066d 00000000 		.4byte	valve_type
 1615 0671 19       		.uleb128 0x19
 1616 0672 33060000 		.4byte	.LASF96
 1617 0676 0B       		.byte	0xb
 1618 0677 30       		.byte	0x30
 1619 0678 BA000000 		.4byte	0xba
 1620 067c 05       		.uleb128 0x5
 1621 067d 03       		.byte	0x3
 1622 067e 00000000 		.4byte	valve_enabled
 1623 0682 19       		.uleb128 0x19
 1624 0683 4D030000 		.4byte	.LASF97
 1625 0687 0B       		.byte	0xb
 1626 0688 31       		.byte	0x31
 1627 0689 25030000 		.4byte	0x325
 1628 068d 05       		.uleb128 0x5
 1629 068e 03       		.byte	0x3
 1630 068f 00000000 		.4byte	valve_inbox
 1631 0693 19       		.uleb128 0x19
 1632 0694 0C000000 		.4byte	.LASF98
 1633 0698 0C       		.byte	0xc
 1634 0699 69       		.byte	0x69
 1635 069a BA000000 		.4byte	0xba
 1636 069e 05       		.uleb128 0x5
 1637 069f 03       		.byte	0x3
 1638 06a0 00000000 		.4byte	autosampler_enabled
 1639 06a4 19       		.uleb128 0x19
 1640 06a5 C8030000 		.4byte	.LASF99
 1641 06a9 0C       		.byte	0xc
 1642 06aa 6B       		.byte	0x6b
 1643 06ab 25030000 		.4byte	0x325
 1644 06af 05       		.uleb128 0x5
 1645 06b0 03       		.byte	0x3
 1646 06b1 00000000 		.4byte	autosampler_inbox
 1647 06b5 19       		.uleb128 0x19
 1648 06b6 F4020000 		.4byte	.LASF100
 1649 06ba 0D       		.byte	0xd
 1650 06bb 12       		.byte	0x12
 1651 06bc BA000000 		.4byte	0xba
 1652 06c0 05       		.uleb128 0x5
 1653 06c1 03       		.byte	0x3
 1654 06c2 00000000 		.4byte	sontek_enabled
 1655 06c6 19       		.uleb128 0x19
ARM GAS  C:\Users\kland\AppData\Local\Temp\cc0ff1ox.s 			page 33


 1656 06c7 F3000000 		.4byte	.LASF101
 1657 06cb 0D       		.byte	0xd
 1658 06cc 13       		.byte	0x13
 1659 06cd 25030000 		.4byte	0x325
 1660 06d1 05       		.uleb128 0x5
 1661 06d2 03       		.byte	0x3
 1662 06d3 00000000 		.4byte	Sontek_inbox
 1663 06d7 06       		.uleb128 0x6
 1664 06d8 8A000000 		.4byte	0x8a
 1665 06dc E8060000 		.4byte	0x6e8
 1666 06e0 1A       		.uleb128 0x1a
 1667 06e1 7D000000 		.4byte	0x7d
 1668 06e5 0F27     		.2byte	0x270f
 1669 06e7 00       		.byte	0
 1670 06e8 19       		.uleb128 0x19
 1671 06e9 2A070000 		.4byte	.LASF102
 1672 06ed 07       		.byte	0x7
 1673 06ee 21       		.byte	0x21
 1674 06ef D7060000 		.4byte	0x6d7
 1675 06f3 05       		.uleb128 0x5
 1676 06f4 03       		.byte	0x3
 1677 06f5 00000000 		.4byte	http_request
 1678 06f9 19       		.uleb128 0x19
 1679 06fa B3010000 		.4byte	.LASF103
 1680 06fe 07       		.byte	0x7
 1681 06ff 22       		.byte	0x22
 1682 0700 D7060000 		.4byte	0x6d7
 1683 0704 05       		.uleb128 0x5
 1684 0705 03       		.byte	0x3
 1685 0706 00000000 		.4byte	http_body
 1686 070a 06       		.uleb128 0x6
 1687 070b 8A000000 		.4byte	0x8a
 1688 070f 1A070000 		.4byte	0x71a
 1689 0713 07       		.uleb128 0x7
 1690 0714 7D000000 		.4byte	0x7d
 1691 0718 C7       		.byte	0xc7
 1692 0719 00       		.byte	0
 1693 071a 19       		.uleb128 0x19
 1694 071b A3050000 		.4byte	.LASF104
 1695 071f 07       		.byte	0x7
 1696 0720 23       		.byte	0x23
 1697 0721 0A070000 		.4byte	0x70a
 1698 0725 05       		.uleb128 0x5
 1699 0726 03       		.byte	0x3
 1700 0727 00000000 		.4byte	http_route
 1701 072b 19       		.uleb128 0x19
 1702 072c 14050000 		.4byte	.LASF105
 1703 0730 07       		.byte	0x7
 1704 0731 4A       		.byte	0x4a
 1705 0732 F9020000 		.4byte	0x2f9
 1706 0736 05       		.uleb128 0x5
 1707 0737 03       		.byte	0x3
 1708 0738 00000000 		.4byte	system_info
 1709 073c 19       		.uleb128 0x19
 1710 073d BC040000 		.4byte	.LASF106
 1711 0741 07       		.byte	0x7
 1712 0742 5C       		.byte	0x5c
ARM GAS  C:\Users\kland\AppData\Local\Temp\cc0ff1ox.s 			page 34


 1713 0743 35030000 		.4byte	0x335
 1714 0747 05       		.uleb128 0x5
 1715 0748 03       		.byte	0x3
 1716 0749 00000000 		.4byte	system_settings
 1717 074d 19       		.uleb128 0x19
 1718 074e 23010000 		.4byte	.LASF107
 1719 0752 07       		.byte	0x7
 1720 0753 78       		.byte	0x78
 1721 0754 C2020000 		.4byte	0x2c2
 1722 0758 05       		.uleb128 0x5
 1723 0759 03       		.byte	0x3
 1724 075a 00000000 		.4byte	alarmMeasure
 1725 075e 19       		.uleb128 0x19
 1726 075f 82010000 		.4byte	.LASF108
 1727 0763 07       		.byte	0x7
 1728 0764 79       		.byte	0x79
 1729 0765 BA000000 		.4byte	0xba
 1730 0769 05       		.uleb128 0x5
 1731 076a 03       		.byte	0x3
 1732 076b 00000000 		.4byte	timeToMeasure
 1733 076f 19       		.uleb128 0x19
 1734 0770 CE020000 		.4byte	.LASF109
 1735 0774 07       		.byte	0x7
 1736 0775 7A       		.byte	0x7a
 1737 0776 C2020000 		.4byte	0x2c2
 1738 077a 05       		.uleb128 0x5
 1739 077b 03       		.byte	0x3
 1740 077c 00000000 		.4byte	alarmSync
 1741 0780 19       		.uleb128 0x19
 1742 0781 A8010000 		.4byte	.LASF110
 1743 0785 07       		.byte	0x7
 1744 0786 7B       		.byte	0x7b
 1745 0787 BA000000 		.4byte	0xba
 1746 078b 05       		.uleb128 0x5
 1747 078c 03       		.byte	0x3
 1748 078d 00000000 		.4byte	timeToSync
 1749 0791 19       		.uleb128 0x19
 1750 0792 3B040000 		.4byte	.LASF111
 1751 0796 07       		.byte	0x7
 1752 0797 7C       		.byte	0x7c
 1753 0798 BA000000 		.4byte	0xba
 1754 079c 05       		.uleb128 0x5
 1755 079d 03       		.byte	0x3
 1756 079e 00000000 		.4byte	timeToSycnRemoteParams
 1757 07a2 1B       		.uleb128 0x1b
 1758 07a3 68657900 		.ascii	"hey\000"
 1759 07a7 07       		.byte	0x7
 1760 07a8 7D       		.byte	0x7d
 1761 07a9 BA000000 		.4byte	0xba
 1762 07ad 05       		.uleb128 0x5
 1763 07ae 03       		.byte	0x3
 1764 07af 00000000 		.4byte	hey
 1765 07b3 19       		.uleb128 0x19
 1766 07b4 6C030000 		.4byte	.LASF112
 1767 07b8 07       		.byte	0x7
 1768 07b9 81       		.byte	0x81
 1769 07ba C2020000 		.4byte	0x2c2
ARM GAS  C:\Users\kland\AppData\Local\Temp\cc0ff1ox.s 			page 35


 1770 07be 05       		.uleb128 0x5
 1771 07bf 03       		.byte	0x3
 1772 07c0 00000000 		.4byte	alarmAppLED
 1773 07c4 19       		.uleb128 0x19
 1774 07c5 3C020000 		.4byte	.LASF113
 1775 07c9 07       		.byte	0x7
 1776 07ca 82       		.byte	0x82
 1777 07cb BA000000 		.4byte	0xba
 1778 07cf 05       		.uleb128 0x5
 1779 07d0 03       		.byte	0x3
 1780 07d1 00000000 		.4byte	timeToAppLED
 1781 07d5 19       		.uleb128 0x19
 1782 07d6 38050000 		.4byte	.LASF114
 1783 07da 07       		.byte	0x7
 1784 07db 84       		.byte	0x84
 1785 07dc C2020000 		.4byte	0x2c2
 1786 07e0 05       		.uleb128 0x5
 1787 07e1 03       		.byte	0x3
 1788 07e2 00000000 		.4byte	alarmLevelSensor
 1789 07e6 19       		.uleb128 0x19
 1790 07e7 41060000 		.4byte	.LASF115
 1791 07eb 07       		.byte	0x7
 1792 07ec 85       		.byte	0x85
 1793 07ed BA000000 		.4byte	0xba
 1794 07f1 05       		.uleb128 0x5
 1795 07f2 03       		.byte	0x3
 1796 07f3 00000000 		.4byte	timeToLevelSensor
 1797 07f7 19       		.uleb128 0x19
 1798 07f8 D9010000 		.4byte	.LASF116
 1799 07fc 07       		.byte	0x7
 1800 07fd 87       		.byte	0x87
 1801 07fe C2020000 		.4byte	0x2c2
 1802 0802 05       		.uleb128 0x5
 1803 0803 03       		.byte	0x3
 1804 0804 00000000 		.4byte	alarmDownstreamLevelSensor
 1805 0808 19       		.uleb128 0x19
 1806 0809 9B060000 		.4byte	.LASF117
 1807 080d 07       		.byte	0x7
 1808 080e 88       		.byte	0x88
 1809 080f BA000000 		.4byte	0xba
 1810 0813 05       		.uleb128 0x5
 1811 0814 03       		.byte	0x3
 1812 0815 00000000 		.4byte	timeToDownstreamLevelSensor
 1813 0819 19       		.uleb128 0x19
 1814 081a 98050000 		.4byte	.LASF118
 1815 081e 07       		.byte	0x7
 1816 081f 8A       		.byte	0x8a
 1817 0820 C2020000 		.4byte	0x2c2
 1818 0824 05       		.uleb128 0x5
 1819 0825 03       		.byte	0x3
 1820 0826 00000000 		.4byte	alarmValve
 1821 082a 19       		.uleb128 0x19
 1822 082b 78040000 		.4byte	.LASF119
 1823 082f 07       		.byte	0x7
 1824 0830 8B       		.byte	0x8b
 1825 0831 BA000000 		.4byte	0xba
 1826 0835 05       		.uleb128 0x5
ARM GAS  C:\Users\kland\AppData\Local\Temp\cc0ff1ox.s 			page 36


 1827 0836 03       		.byte	0x3
 1828 0837 00000000 		.4byte	timeToValve
 1829 083b 19       		.uleb128 0x19
 1830 083c B7060000 		.4byte	.LASF120
 1831 0840 07       		.byte	0x7
 1832 0841 8D       		.byte	0x8d
 1833 0842 C2020000 		.4byte	0x2c2
 1834 0846 05       		.uleb128 0x5
 1835 0847 03       		.byte	0x3
 1836 0848 00000000 		.4byte	alarmAutosampler
 1837 084c 19       		.uleb128 0x19
 1838 084d 48000000 		.4byte	.LASF121
 1839 0851 07       		.byte	0x7
 1840 0852 8E       		.byte	0x8e
 1841 0853 BA000000 		.4byte	0xba
 1842 0857 05       		.uleb128 0x5
 1843 0858 03       		.byte	0x3
 1844 0859 00000000 		.4byte	timeToAutosampler
 1845 085d 19       		.uleb128 0x19
 1846 085e D1050000 		.4byte	.LASF122
 1847 0862 07       		.byte	0x7
 1848 0863 90       		.byte	0x90
 1849 0864 C2020000 		.4byte	0x2c2
 1850 0868 05       		.uleb128 0x5
 1851 0869 03       		.byte	0x3
 1852 086a 00000000 		.4byte	alarmSontek
 1853 086e 19       		.uleb128 0x19
 1854 086f 8E060000 		.4byte	.LASF123
 1855 0873 07       		.byte	0x7
 1856 0874 91       		.byte	0x91
 1857 0875 BA000000 		.4byte	0xba
 1858 0879 05       		.uleb128 0x5
 1859 087a 03       		.byte	0x3
 1860 087b 00000000 		.4byte	timeToSontek
 1861 087f 00       		.byte	0
 1862              		.section	.debug_abbrev,"",%progbits
 1863              	.Ldebug_abbrev0:
 1864 0000 01       		.uleb128 0x1
 1865 0001 11       		.uleb128 0x11
 1866 0002 01       		.byte	0x1
 1867 0003 25       		.uleb128 0x25
 1868 0004 0E       		.uleb128 0xe
 1869 0005 13       		.uleb128 0x13
 1870 0006 0B       		.uleb128 0xb
 1871 0007 03       		.uleb128 0x3
 1872 0008 0E       		.uleb128 0xe
 1873 0009 1B       		.uleb128 0x1b
 1874 000a 0E       		.uleb128 0xe
 1875 000b 55       		.uleb128 0x55
 1876 000c 17       		.uleb128 0x17
 1877 000d 11       		.uleb128 0x11
 1878 000e 01       		.uleb128 0x1
 1879 000f 10       		.uleb128 0x10
 1880 0010 17       		.uleb128 0x17
 1881 0011 00       		.byte	0
 1882 0012 00       		.byte	0
 1883 0013 02       		.uleb128 0x2
ARM GAS  C:\Users\kland\AppData\Local\Temp\cc0ff1ox.s 			page 37


 1884 0014 24       		.uleb128 0x24
 1885 0015 00       		.byte	0
 1886 0016 0B       		.uleb128 0xb
 1887 0017 0B       		.uleb128 0xb
 1888 0018 3E       		.uleb128 0x3e
 1889 0019 0B       		.uleb128 0xb
 1890 001a 03       		.uleb128 0x3
 1891 001b 08       		.uleb128 0x8
 1892 001c 00       		.byte	0
 1893 001d 00       		.byte	0
 1894 001e 03       		.uleb128 0x3
 1895 001f 24       		.uleb128 0x24
 1896 0020 00       		.byte	0
 1897 0021 0B       		.uleb128 0xb
 1898 0022 0B       		.uleb128 0xb
 1899 0023 3E       		.uleb128 0x3e
 1900 0024 0B       		.uleb128 0xb
 1901 0025 03       		.uleb128 0x3
 1902 0026 0E       		.uleb128 0xe
 1903 0027 00       		.byte	0
 1904 0028 00       		.byte	0
 1905 0029 04       		.uleb128 0x4
 1906 002a 16       		.uleb128 0x16
 1907 002b 00       		.byte	0
 1908 002c 03       		.uleb128 0x3
 1909 002d 0E       		.uleb128 0xe
 1910 002e 3A       		.uleb128 0x3a
 1911 002f 0B       		.uleb128 0xb
 1912 0030 3B       		.uleb128 0x3b
 1913 0031 0B       		.uleb128 0xb
 1914 0032 49       		.uleb128 0x49
 1915 0033 13       		.uleb128 0x13
 1916 0034 00       		.byte	0
 1917 0035 00       		.byte	0
 1918 0036 05       		.uleb128 0x5
 1919 0037 0F       		.uleb128 0xf
 1920 0038 00       		.byte	0
 1921 0039 0B       		.uleb128 0xb
 1922 003a 0B       		.uleb128 0xb
 1923 003b 49       		.uleb128 0x49
 1924 003c 13       		.uleb128 0x13
 1925 003d 00       		.byte	0
 1926 003e 00       		.byte	0
 1927 003f 06       		.uleb128 0x6
 1928 0040 01       		.uleb128 0x1
 1929 0041 01       		.byte	0x1
 1930 0042 49       		.uleb128 0x49
 1931 0043 13       		.uleb128 0x13
 1932 0044 01       		.uleb128 0x1
 1933 0045 13       		.uleb128 0x13
 1934 0046 00       		.byte	0
 1935 0047 00       		.byte	0
 1936 0048 07       		.uleb128 0x7
 1937 0049 21       		.uleb128 0x21
 1938 004a 00       		.byte	0
 1939 004b 49       		.uleb128 0x49
 1940 004c 13       		.uleb128 0x13
ARM GAS  C:\Users\kland\AppData\Local\Temp\cc0ff1ox.s 			page 38


 1941 004d 2F       		.uleb128 0x2f
 1942 004e 0B       		.uleb128 0xb
 1943 004f 00       		.byte	0
 1944 0050 00       		.byte	0
 1945 0051 08       		.uleb128 0x8
 1946 0052 16       		.uleb128 0x16
 1947 0053 00       		.byte	0
 1948 0054 03       		.uleb128 0x3
 1949 0055 0E       		.uleb128 0xe
 1950 0056 3A       		.uleb128 0x3a
 1951 0057 0B       		.uleb128 0xb
 1952 0058 3B       		.uleb128 0x3b
 1953 0059 05       		.uleb128 0x5
 1954 005a 49       		.uleb128 0x49
 1955 005b 13       		.uleb128 0x13
 1956 005c 00       		.byte	0
 1957 005d 00       		.byte	0
 1958 005e 09       		.uleb128 0x9
 1959 005f 13       		.uleb128 0x13
 1960 0060 01       		.byte	0x1
 1961 0061 0B       		.uleb128 0xb
 1962 0062 0B       		.uleb128 0xb
 1963 0063 3A       		.uleb128 0x3a
 1964 0064 0B       		.uleb128 0xb
 1965 0065 3B       		.uleb128 0x3b
 1966 0066 0B       		.uleb128 0xb
 1967 0067 01       		.uleb128 0x1
 1968 0068 13       		.uleb128 0x13
 1969 0069 00       		.byte	0
 1970 006a 00       		.byte	0
 1971 006b 0A       		.uleb128 0xa
 1972 006c 0D       		.uleb128 0xd
 1973 006d 00       		.byte	0
 1974 006e 03       		.uleb128 0x3
 1975 006f 0E       		.uleb128 0xe
 1976 0070 3A       		.uleb128 0x3a
 1977 0071 0B       		.uleb128 0xb
 1978 0072 3B       		.uleb128 0x3b
 1979 0073 0B       		.uleb128 0xb
 1980 0074 49       		.uleb128 0x49
 1981 0075 13       		.uleb128 0x13
 1982 0076 38       		.uleb128 0x38
 1983 0077 0B       		.uleb128 0xb
 1984 0078 00       		.byte	0
 1985 0079 00       		.byte	0
 1986 007a 0B       		.uleb128 0xb
 1987 007b 0D       		.uleb128 0xd
 1988 007c 00       		.byte	0
 1989 007d 03       		.uleb128 0x3
 1990 007e 08       		.uleb128 0x8
 1991 007f 3A       		.uleb128 0x3a
 1992 0080 0B       		.uleb128 0xb
 1993 0081 3B       		.uleb128 0x3b
 1994 0082 0B       		.uleb128 0xb
 1995 0083 49       		.uleb128 0x49
 1996 0084 13       		.uleb128 0x13
 1997 0085 38       		.uleb128 0x38
ARM GAS  C:\Users\kland\AppData\Local\Temp\cc0ff1ox.s 			page 39


 1998 0086 0B       		.uleb128 0xb
 1999 0087 00       		.byte	0
 2000 0088 00       		.byte	0
 2001 0089 0C       		.uleb128 0xc
 2002 008a 35       		.uleb128 0x35
 2003 008b 00       		.byte	0
 2004 008c 49       		.uleb128 0x49
 2005 008d 13       		.uleb128 0x13
 2006 008e 00       		.byte	0
 2007 008f 00       		.byte	0
 2008 0090 0D       		.uleb128 0xd
 2009 0091 2E       		.uleb128 0x2e
 2010 0092 01       		.byte	0x1
 2011 0093 3F       		.uleb128 0x3f
 2012 0094 19       		.uleb128 0x19
 2013 0095 03       		.uleb128 0x3
 2014 0096 0E       		.uleb128 0xe
 2015 0097 3A       		.uleb128 0x3a
 2016 0098 0B       		.uleb128 0xb
 2017 0099 3B       		.uleb128 0x3b
 2018 009a 0B       		.uleb128 0xb
 2019 009b 27       		.uleb128 0x27
 2020 009c 19       		.uleb128 0x19
 2021 009d 49       		.uleb128 0x49
 2022 009e 13       		.uleb128 0x13
 2023 009f 11       		.uleb128 0x11
 2024 00a0 01       		.uleb128 0x1
 2025 00a1 12       		.uleb128 0x12
 2026 00a2 06       		.uleb128 0x6
 2027 00a3 40       		.uleb128 0x40
 2028 00a4 18       		.uleb128 0x18
 2029 00a5 9642     		.uleb128 0x2116
 2030 00a7 19       		.uleb128 0x19
 2031 00a8 01       		.uleb128 0x1
 2032 00a9 13       		.uleb128 0x13
 2033 00aa 00       		.byte	0
 2034 00ab 00       		.byte	0
 2035 00ac 0E       		.uleb128 0xe
 2036 00ad 05       		.uleb128 0x5
 2037 00ae 00       		.byte	0
 2038 00af 03       		.uleb128 0x3
 2039 00b0 08       		.uleb128 0x8
 2040 00b1 3A       		.uleb128 0x3a
 2041 00b2 0B       		.uleb128 0xb
 2042 00b3 3B       		.uleb128 0x3b
 2043 00b4 0B       		.uleb128 0xb
 2044 00b5 49       		.uleb128 0x49
 2045 00b6 13       		.uleb128 0x13
 2046 00b7 02       		.uleb128 0x2
 2047 00b8 18       		.uleb128 0x18
 2048 00b9 00       		.byte	0
 2049 00ba 00       		.byte	0
 2050 00bb 0F       		.uleb128 0xf
 2051 00bc 05       		.uleb128 0x5
 2052 00bd 00       		.byte	0
 2053 00be 03       		.uleb128 0x3
 2054 00bf 0E       		.uleb128 0xe
ARM GAS  C:\Users\kland\AppData\Local\Temp\cc0ff1ox.s 			page 40


 2055 00c0 3A       		.uleb128 0x3a
 2056 00c1 0B       		.uleb128 0xb
 2057 00c2 3B       		.uleb128 0x3b
 2058 00c3 0B       		.uleb128 0xb
 2059 00c4 49       		.uleb128 0x49
 2060 00c5 13       		.uleb128 0x13
 2061 00c6 02       		.uleb128 0x2
 2062 00c7 18       		.uleb128 0x18
 2063 00c8 00       		.byte	0
 2064 00c9 00       		.byte	0
 2065 00ca 10       		.uleb128 0x10
 2066 00cb 2E       		.uleb128 0x2e
 2067 00cc 00       		.byte	0
 2068 00cd 3F       		.uleb128 0x3f
 2069 00ce 19       		.uleb128 0x19
 2070 00cf 03       		.uleb128 0x3
 2071 00d0 0E       		.uleb128 0xe
 2072 00d1 3A       		.uleb128 0x3a
 2073 00d2 0B       		.uleb128 0xb
 2074 00d3 3B       		.uleb128 0x3b
 2075 00d4 0B       		.uleb128 0xb
 2076 00d5 11       		.uleb128 0x11
 2077 00d6 01       		.uleb128 0x1
 2078 00d7 12       		.uleb128 0x12
 2079 00d8 06       		.uleb128 0x6
 2080 00d9 40       		.uleb128 0x40
 2081 00da 18       		.uleb128 0x18
 2082 00db 9642     		.uleb128 0x2116
 2083 00dd 19       		.uleb128 0x19
 2084 00de 00       		.byte	0
 2085 00df 00       		.byte	0
 2086 00e0 11       		.uleb128 0x11
 2087 00e1 2E       		.uleb128 0x2e
 2088 00e2 01       		.byte	0x1
 2089 00e3 3F       		.uleb128 0x3f
 2090 00e4 19       		.uleb128 0x19
 2091 00e5 03       		.uleb128 0x3
 2092 00e6 0E       		.uleb128 0xe
 2093 00e7 3A       		.uleb128 0x3a
 2094 00e8 0B       		.uleb128 0xb
 2095 00e9 3B       		.uleb128 0x3b
 2096 00ea 0B       		.uleb128 0xb
 2097 00eb 11       		.uleb128 0x11
 2098 00ec 01       		.uleb128 0x1
 2099 00ed 12       		.uleb128 0x12
 2100 00ee 06       		.uleb128 0x6
 2101 00ef 40       		.uleb128 0x40
 2102 00f0 18       		.uleb128 0x18
 2103 00f1 9742     		.uleb128 0x2117
 2104 00f3 19       		.uleb128 0x19
 2105 00f4 01       		.uleb128 0x1
 2106 00f5 13       		.uleb128 0x13
 2107 00f6 00       		.byte	0
 2108 00f7 00       		.byte	0
 2109 00f8 12       		.uleb128 0x12
 2110 00f9 0B       		.uleb128 0xb
 2111 00fa 01       		.byte	0x1
ARM GAS  C:\Users\kland\AppData\Local\Temp\cc0ff1ox.s 			page 41


 2112 00fb 11       		.uleb128 0x11
 2113 00fc 01       		.uleb128 0x1
 2114 00fd 12       		.uleb128 0x12
 2115 00fe 06       		.uleb128 0x6
 2116 00ff 00       		.byte	0
 2117 0100 00       		.byte	0
 2118 0101 13       		.uleb128 0x13
 2119 0102 34       		.uleb128 0x34
 2120 0103 00       		.byte	0
 2121 0104 03       		.uleb128 0x3
 2122 0105 08       		.uleb128 0x8
 2123 0106 3A       		.uleb128 0x3a
 2124 0107 0B       		.uleb128 0xb
 2125 0108 3B       		.uleb128 0x3b
 2126 0109 0B       		.uleb128 0xb
 2127 010a 49       		.uleb128 0x49
 2128 010b 13       		.uleb128 0x13
 2129 010c 02       		.uleb128 0x2
 2130 010d 18       		.uleb128 0x18
 2131 010e 00       		.byte	0
 2132 010f 00       		.byte	0
 2133 0110 14       		.uleb128 0x14
 2134 0111 2E       		.uleb128 0x2e
 2135 0112 00       		.byte	0
 2136 0113 3F       		.uleb128 0x3f
 2137 0114 19       		.uleb128 0x19
 2138 0115 03       		.uleb128 0x3
 2139 0116 0E       		.uleb128 0xe
 2140 0117 3A       		.uleb128 0x3a
 2141 0118 0B       		.uleb128 0xb
 2142 0119 3B       		.uleb128 0x3b
 2143 011a 0B       		.uleb128 0xb
 2144 011b 49       		.uleb128 0x49
 2145 011c 13       		.uleb128 0x13
 2146 011d 11       		.uleb128 0x11
 2147 011e 01       		.uleb128 0x1
 2148 011f 12       		.uleb128 0x12
 2149 0120 06       		.uleb128 0x6
 2150 0121 40       		.uleb128 0x40
 2151 0122 18       		.uleb128 0x18
 2152 0123 9742     		.uleb128 0x2117
 2153 0125 19       		.uleb128 0x19
 2154 0126 00       		.byte	0
 2155 0127 00       		.byte	0
 2156 0128 15       		.uleb128 0x15
 2157 0129 2E       		.uleb128 0x2e
 2158 012a 01       		.byte	0x1
 2159 012b 3F       		.uleb128 0x3f
 2160 012c 19       		.uleb128 0x19
 2161 012d 03       		.uleb128 0x3
 2162 012e 0E       		.uleb128 0xe
 2163 012f 3A       		.uleb128 0x3a
 2164 0130 0B       		.uleb128 0xb
 2165 0131 3B       		.uleb128 0x3b
 2166 0132 0B       		.uleb128 0xb
 2167 0133 27       		.uleb128 0x27
 2168 0134 19       		.uleb128 0x19
ARM GAS  C:\Users\kland\AppData\Local\Temp\cc0ff1ox.s 			page 42


 2169 0135 11       		.uleb128 0x11
 2170 0136 01       		.uleb128 0x1
 2171 0137 12       		.uleb128 0x12
 2172 0138 06       		.uleb128 0x6
 2173 0139 40       		.uleb128 0x40
 2174 013a 18       		.uleb128 0x18
 2175 013b 9642     		.uleb128 0x2116
 2176 013d 19       		.uleb128 0x19
 2177 013e 01       		.uleb128 0x1
 2178 013f 13       		.uleb128 0x13
 2179 0140 00       		.byte	0
 2180 0141 00       		.byte	0
 2181 0142 16       		.uleb128 0x16
 2182 0143 34       		.uleb128 0x34
 2183 0144 00       		.byte	0
 2184 0145 03       		.uleb128 0x3
 2185 0146 0E       		.uleb128 0xe
 2186 0147 3A       		.uleb128 0x3a
 2187 0148 0B       		.uleb128 0xb
 2188 0149 3B       		.uleb128 0x3b
 2189 014a 0B       		.uleb128 0xb
 2190 014b 49       		.uleb128 0x49
 2191 014c 13       		.uleb128 0x13
 2192 014d 02       		.uleb128 0x2
 2193 014e 18       		.uleb128 0x18
 2194 014f 00       		.byte	0
 2195 0150 00       		.byte	0
 2196 0151 17       		.uleb128 0x17
 2197 0152 0B       		.uleb128 0xb
 2198 0153 01       		.byte	0x1
 2199 0154 11       		.uleb128 0x11
 2200 0155 01       		.uleb128 0x1
 2201 0156 12       		.uleb128 0x12
 2202 0157 06       		.uleb128 0x6
 2203 0158 01       		.uleb128 0x1
 2204 0159 13       		.uleb128 0x13
 2205 015a 00       		.byte	0
 2206 015b 00       		.byte	0
 2207 015c 18       		.uleb128 0x18
 2208 015d 34       		.uleb128 0x34
 2209 015e 00       		.byte	0
 2210 015f 03       		.uleb128 0x3
 2211 0160 0E       		.uleb128 0xe
 2212 0161 3A       		.uleb128 0x3a
 2213 0162 0B       		.uleb128 0xb
 2214 0163 3B       		.uleb128 0x3b
 2215 0164 05       		.uleb128 0x5
 2216 0165 49       		.uleb128 0x49
 2217 0166 13       		.uleb128 0x13
 2218 0167 3F       		.uleb128 0x3f
 2219 0168 19       		.uleb128 0x19
 2220 0169 3C       		.uleb128 0x3c
 2221 016a 19       		.uleb128 0x19
 2222 016b 00       		.byte	0
 2223 016c 00       		.byte	0
 2224 016d 19       		.uleb128 0x19
 2225 016e 34       		.uleb128 0x34
ARM GAS  C:\Users\kland\AppData\Local\Temp\cc0ff1ox.s 			page 43


 2226 016f 00       		.byte	0
 2227 0170 03       		.uleb128 0x3
 2228 0171 0E       		.uleb128 0xe
 2229 0172 3A       		.uleb128 0x3a
 2230 0173 0B       		.uleb128 0xb
 2231 0174 3B       		.uleb128 0x3b
 2232 0175 0B       		.uleb128 0xb
 2233 0176 49       		.uleb128 0x49
 2234 0177 13       		.uleb128 0x13
 2235 0178 3F       		.uleb128 0x3f
 2236 0179 19       		.uleb128 0x19
 2237 017a 02       		.uleb128 0x2
 2238 017b 18       		.uleb128 0x18
 2239 017c 00       		.byte	0
 2240 017d 00       		.byte	0
 2241 017e 1A       		.uleb128 0x1a
 2242 017f 21       		.uleb128 0x21
 2243 0180 00       		.byte	0
 2244 0181 49       		.uleb128 0x49
 2245 0182 13       		.uleb128 0x13
 2246 0183 2F       		.uleb128 0x2f
 2247 0184 05       		.uleb128 0x5
 2248 0185 00       		.byte	0
 2249 0186 00       		.byte	0
 2250 0187 1B       		.uleb128 0x1b
 2251 0188 34       		.uleb128 0x34
 2252 0189 00       		.byte	0
 2253 018a 03       		.uleb128 0x3
 2254 018b 08       		.uleb128 0x8
 2255 018c 3A       		.uleb128 0x3a
 2256 018d 0B       		.uleb128 0xb
 2257 018e 3B       		.uleb128 0x3b
 2258 018f 0B       		.uleb128 0xb
 2259 0190 49       		.uleb128 0x49
 2260 0191 13       		.uleb128 0x13
 2261 0192 3F       		.uleb128 0x3f
 2262 0193 19       		.uleb128 0x19
 2263 0194 02       		.uleb128 0x2
 2264 0195 18       		.uleb128 0x18
 2265 0196 00       		.byte	0
 2266 0197 00       		.byte	0
 2267 0198 00       		.byte	0
 2268              		.section	.debug_aranges,"",%progbits
 2269 0000 54000000 		.4byte	0x54
 2270 0004 0200     		.2byte	0x2
 2271 0006 00000000 		.4byte	.Ldebug_info0
 2272 000a 04       		.byte	0x4
 2273 000b 00       		.byte	0
 2274 000c 0000     		.2byte	0
 2275 000e 0000     		.2byte	0
 2276 0010 00000000 		.4byte	.LFB64
 2277 0014 B4000000 		.4byte	.LFE64-.LFB64
 2278 0018 00000000 		.4byte	.LFB65
 2279 001c 0C000000 		.4byte	.LFE65-.LFB65
 2280 0020 00000000 		.4byte	.LFB66
 2281 0024 74000000 		.4byte	.LFE66-.LFB66
 2282 0028 00000000 		.4byte	.LFB67
ARM GAS  C:\Users\kland\AppData\Local\Temp\cc0ff1ox.s 			page 44


 2283 002c 14000000 		.4byte	.LFE67-.LFB67
 2284 0030 00000000 		.4byte	.LFB68
 2285 0034 14000000 		.4byte	.LFE68-.LFB68
 2286 0038 00000000 		.4byte	.LFB69
 2287 003c F8000000 		.4byte	.LFE69-.LFB69
 2288 0040 00000000 		.4byte	.LFB70
 2289 0044 E8000000 		.4byte	.LFE70-.LFB70
 2290 0048 00000000 		.4byte	.LFB71
 2291 004c 38000000 		.4byte	.LFE71-.LFB71
 2292 0050 00000000 		.4byte	0
 2293 0054 00000000 		.4byte	0
 2294              		.section	.debug_ranges,"",%progbits
 2295              	.Ldebug_ranges0:
 2296 0000 00000000 		.4byte	.LFB64
 2297 0004 B4000000 		.4byte	.LFE64
 2298 0008 00000000 		.4byte	.LFB65
 2299 000c 0C000000 		.4byte	.LFE65
 2300 0010 00000000 		.4byte	.LFB66
 2301 0014 74000000 		.4byte	.LFE66
 2302 0018 00000000 		.4byte	.LFB67
 2303 001c 14000000 		.4byte	.LFE67
 2304 0020 00000000 		.4byte	.LFB68
 2305 0024 14000000 		.4byte	.LFE68
 2306 0028 00000000 		.4byte	.LFB69
 2307 002c F8000000 		.4byte	.LFE69
 2308 0030 00000000 		.4byte	.LFB70
 2309 0034 E8000000 		.4byte	.LFE70
 2310 0038 00000000 		.4byte	.LFB71
 2311 003c 38000000 		.4byte	.LFE71
 2312 0040 00000000 		.4byte	0
 2313 0044 00000000 		.4byte	0
 2314              		.section	.debug_line,"",%progbits
 2315              	.Ldebug_line0:
 2316 0000 A9020000 		.section	.debug_str,"MS",%progbits,1
 2316      0200B601 
 2316      00000201 
 2316      FB0E0D00 
 2316      01010101 
 2317              	.LASF17:
 2318 0000 75696E74 		.ascii	"uint16\000"
 2318      313600
 2319              	.LASF64:
 2320 0007 626F6479 		.ascii	"body\000"
 2320      00
 2321              	.LASF98:
 2322 000c 6175746F 		.ascii	"autosampler_enabled\000"
 2322      73616D70 
 2322      6C65725F 
 2322      656E6162 
 2322      6C656400 
 2323              	.LASF86:
 2324 0020 62756666 		.ascii	"buffer_overflow\000"
 2324      65725F6F 
 2324      76657266 
 2324      6C6F7700 
 2325              	.LASF52:
 2326 0030 636F756E 		.ascii	"countDownResetCondition\000"
ARM GAS  C:\Users\kland\AppData\Local\Temp\cc0ff1ox.s 			page 45


 2326      74446F77 
 2326      6E526573 
 2326      6574436F 
 2326      6E646974 
 2327              	.LASF121:
 2328 0048 74696D65 		.ascii	"timeToAutosampler\000"
 2328      546F4175 
 2328      746F7361 
 2328      6D706C65 
 2328      7200
 2329              	.LASF95:
 2330 005a 76616C76 		.ascii	"valve_type\000"
 2330      655F7479 
 2330      706500
 2331              	.LASF124:
 2332 0065 474E5520 		.ascii	"GNU C11 5.4.1 20160609 (release) [ARM/embedded-5-br"
 2332      43313120 
 2332      352E342E 
 2332      31203230 
 2332      31363036 
 2333 0098 616E6368 		.ascii	"anch revision 237715] -mcpu=cortex-m3 -mthumb -g -O"
 2333      20726576 
 2333      6973696F 
 2333      6E203233 
 2333      37373135 
 2334 00cb 30202D66 		.ascii	"0 -ffunction-sections -ffat-lto-objects\000"
 2334      66756E63 
 2334      74696F6E 
 2334      2D736563 
 2334      74696F6E 
 2335              	.LASF101:
 2336 00f3 536F6E74 		.ascii	"Sontek_inbox\000"
 2336      656B5F69 
 2336      6E626F78 
 2336      00
 2337              	.LASF9:
 2338 0100 6C6F6E67 		.ascii	"long long unsigned int\000"
 2338      206C6F6E 
 2338      6720756E 
 2338      7369676E 
 2338      65642069 
 2339              	.LASF82:
 2340 0117 6D6F6465 		.ascii	"modem_state\000"
 2340      6D5F7374 
 2340      61746500 
 2341              	.LASF107:
 2342 0123 616C6172 		.ascii	"alarmMeasure\000"
 2342      6D4D6561 
 2342      73757265 
 2342      00
 2343              	.LASF81:
 2344 0130 49544D5F 		.ascii	"ITM_RxBuffer\000"
 2344      52784275 
 2344      66666572 
 2344      00
 2345              	.LASF60:
 2346 013d 74696D65 		.ascii	"timestamp\000"
ARM GAS  C:\Users\kland\AppData\Local\Temp\cc0ff1ox.s 			page 46


 2346      7374616D 
 2346      7000
 2347              	.LASF84:
 2348 0147 6D6F6465 		.ascii	"modem_stats\000"
 2348      6D5F7374 
 2348      61747300 
 2349              	.LASF79:
 2350 0153 64657669 		.ascii	"device\000"
 2350      636500
 2351              	.LASF1:
 2352 015a 6C6F6E67 		.ascii	"long long int\000"
 2352      206C6F6E 
 2352      6720696E 
 2352      7400
 2353              	.LASF3:
 2354 0168 7369676E 		.ascii	"signed char\000"
 2354      65642063 
 2354      68617200 
 2355              	.LASF27:
 2356 0174 65636E6F 		.ascii	"ecno\000"
 2356      00
 2357              	.LASF73:
 2358 0179 70757368 		.ascii	"pushData\000"
 2358      44617461 
 2358      00
 2359              	.LASF108:
 2360 0182 74696D65 		.ascii	"timeToMeasure\000"
 2360      546F4D65 
 2360      61737572 
 2360      6500
 2361              	.LASF30:
 2362 0190 74696D65 		.ascii	"time_to_network_connect\000"
 2362      5F746F5F 
 2362      6E657477 
 2362      6F726B5F 
 2362      636F6E6E 
 2363              	.LASF110:
 2364 01a8 74696D65 		.ascii	"timeToSync\000"
 2364      546F5379 
 2364      6E6300
 2365              	.LASF103:
 2366 01b3 68747470 		.ascii	"http_body\000"
 2366      5F626F64 
 2366      7900
 2367              	.LASF94:
 2368 01bd 76616C76 		.ascii	"valve_diameter\000"
 2368      655F6469 
 2368      616D6574 
 2368      657200
 2369              	.LASF24:
 2370 01cc 6D6F6465 		.ascii	"modem_info_t\000"
 2370      6D5F696E 
 2370      666F5F74 
 2370      00
 2371              	.LASF116:
 2372 01d9 616C6172 		.ascii	"alarmDownstreamLevelSensor\000"
 2372      6D446F77 
ARM GAS  C:\Users\kland\AppData\Local\Temp\cc0ff1ox.s 			page 47


 2372      6E737472 
 2372      65616D4C 
 2372      6576656C 
 2373              	.LASF25:
 2374 01f4 72786C65 		.ascii	"rxlev\000"
 2374      7600
 2375              	.LASF7:
 2376 01fa 6C6F6E67 		.ascii	"long int\000"
 2376      20696E74 
 2376      00
 2377              	.LASF50:
 2378 0203 63757272 		.ascii	"currentCountDownValue\000"
 2378      656E7443 
 2378      6F756E74 
 2378      446F776E 
 2378      56616C75 
 2379              	.LASF53:
 2380 0219 616C6172 		.ascii	"alarm\000"
 2380      6D00
 2381              	.LASF16:
 2382 021f 75696E74 		.ascii	"uint8\000"
 2382      3800
 2383              	.LASF77:
 2384 0225 636F6E73 		.ascii	"construct_malcom_route\000"
 2384      74727563 
 2384      745F6D61 
 2384      6C636F6D 
 2384      5F726F75 
 2385              	.LASF113:
 2386 023c 74696D65 		.ascii	"timeToAppLED\000"
 2386      546F4170 
 2386      704C4544 
 2386      00
 2387              	.LASF19:
 2388 0249 696E7433 		.ascii	"int32\000"
 2388      3200
 2389              	.LASF33:
 2390 024f 6E6F6465 		.ascii	"node_type\000"
 2390      5F747970 
 2390      6500
 2391              	.LASF72:
 2392 0259 68747470 		.ascii	"http_protocol\000"
 2392      5F70726F 
 2392      746F636F 
 2392      6C00
 2393              	.LASF55:
 2394 0267 63686970 		.ascii	"chip_uniqueId\000"
 2394      5F756E69 
 2394      71756549 
 2394      6400
 2395              	.LASF22:
 2396 0275 6D6F6465 		.ascii	"model_id\000"
 2396      6C5F6964 
 2396      00
 2397              	.LASF49:
 2398 027e 636F756E 		.ascii	"countDownValue\000"
 2398      74446F77 
ARM GAS  C:\Users\kland\AppData\Local\Temp\cc0ff1ox.s 			page 48


 2398      6E56616C 
 2398      756500
 2399              	.LASF74:
 2400 028d 636F6E73 		.ascii	"construct_malcom_body\000"
 2400      74727563 
 2400      745F6D61 
 2400      6C636F6D 
 2400      5F626F64 
 2401              	.LASF71:
 2402 02a3 65787472 		.ascii	"extra_len\000"
 2402      615F6C65 
 2402      6E00
 2403              	.LASF37:
 2404 02ad 64656275 		.ascii	"debug_level\000"
 2404      675F6C65 
 2404      76656C00 
 2405              	.LASF67:
 2406 02b9 706F7274 		.ascii	"port\000"
 2406      00
 2407              	.LASF80:
 2408 02be 68617368 		.ascii	"hash\000"
 2408      00
 2409              	.LASF46:
 2410 02c3 76616C75 		.ascii	"value\000"
 2410      6500
 2411              	.LASF65:
 2412 02c9 686F7374 		.ascii	"host\000"
 2412      00
 2413              	.LASF109:
 2414 02ce 616C6172 		.ascii	"alarmSync\000"
 2414      6D53796E 
 2414      6300
 2415              	.LASF90:
 2416 02d8 4170705F 		.ascii	"App_LED_enabled\000"
 2416      4C45445F 
 2416      656E6162 
 2416      6C656400 
 2417              	.LASF48:
 2418 02e8 6B65795F 		.ascii	"key_value_t\000"
 2418      76616C75 
 2418      655F7400 
 2419              	.LASF100:
 2420 02f4 736F6E74 		.ascii	"sontek_enabled\000"
 2420      656B5F65 
 2420      6E61626C 
 2420      656400
 2421              	.LASF8:
 2422 0303 6C6F6E67 		.ascii	"long unsigned int\000"
 2422      20756E73 
 2422      69676E65 
 2422      6420696E 
 2422      7400
 2423              	.LASF128:
 2424 0315 436C6561 		.ascii	"Clear_Data_Stack\000"
 2424      725F4461 
 2424      74615F53 
 2424      7461636B 
ARM GAS  C:\Users\kland\AppData\Local\Temp\cc0ff1ox.s 			page 49


 2424      00
 2425              	.LASF68:
 2426 0326 6D657468 		.ascii	"method\000"
 2426      6F6400
 2427              	.LASF89:
 2428 032d 64617461 		.ascii	"data\000"
 2428      00
 2429              	.LASF58:
 2430 0332 65705F70 		.ascii	"ep_port\000"
 2430      6F727400 
 2431              	.LASF54:
 2432 033a 6D6F6465 		.ascii	"modem_info\000"
 2432      6D5F696E 
 2432      666F00
 2433              	.LASF57:
 2434 0345 65705F68 		.ascii	"ep_host\000"
 2434      6F737400 
 2435              	.LASF97:
 2436 034d 76616C76 		.ascii	"valve_inbox\000"
 2436      655F696E 
 2436      626F7800 
 2437              	.LASF31:
 2438 0359 74696D65 		.ascii	"time_to_acquire_ip\000"
 2438      5F746F5F 
 2438      61637175 
 2438      6972655F 
 2438      697000
 2439              	.LASF112:
 2440 036c 616C6172 		.ascii	"alarmAppLED\000"
 2440      6D417070 
 2440      4C454400 
 2441              	.LASF83:
 2442 0378 6D6F6465 		.ascii	"modem_start_time_stamp\000"
 2442      6D5F7374 
 2442      6172745F 
 2442      74696D65 
 2442      5F737461 
 2443              	.LASF56:
 2444 038f 7379735F 		.ascii	"sys_info_t\000"
 2444      696E666F 
 2444      5F7400
 2445              	.LASF45:
 2446 039a 75706461 		.ascii	"updatable_parameters_t\000"
 2446      7461626C 
 2446      655F7061 
 2446      72616D65 
 2446      74657273 
 2447              	.LASF78:
 2448 03b1 62617365 		.ascii	"base\000"
 2448      00
 2449              	.LASF87:
 2450 03b6 64617461 		.ascii	"dataPointsInStack\000"
 2450      506F696E 
 2450      7473496E 
 2450      53746163 
 2450      6B00
 2451              	.LASF99:
ARM GAS  C:\Users\kland\AppData\Local\Temp\cc0ff1ox.s 			page 50


 2452 03c8 6175746F 		.ascii	"autosampler_inbox\000"
 2452      73616D70 
 2452      6C65725F 
 2452      696E626F 
 2452      7800
 2453              	.LASF126:
 2454 03da 433A5C55 		.ascii	"C:\\Users\\kland\\OneDrive\\Documents\\GitHub\\noto"
 2454      73657273 
 2454      5C6B6C61 
 2454      6E645C4F 
 2454      6E654472 
 2455 0407 72694F53 		.ascii	"riOS\\notoriOS.cydsn\000"
 2455      5C6E6F74 
 2455      6F72694F 
 2455      532E6379 
 2455      64736E00 
 2456              	.LASF20:
 2457 041b 666C6F61 		.ascii	"float32\000"
 2457      74333200 
 2458              	.LASF10:
 2459 0423 73697A65 		.ascii	"sizetype\000"
 2459      74797065 
 2459      00
 2460              	.LASF59:
 2461 042c 7379735F 		.ascii	"sys_settings_t\000"
 2461      73657474 
 2461      696E6773 
 2461      5F7400
 2462              	.LASF111:
 2463 043b 74696D65 		.ascii	"timeToSycnRemoteParams\000"
 2463      546F5379 
 2463      636E5265 
 2463      6D6F7465 
 2463      50617261 
 2464              	.LASF47:
 2465 0452 74696D65 		.ascii	"timeStamp\000"
 2465      5374616D 
 2465      7000
 2466              	.LASF85:
 2467 045c 75706461 		.ascii	"updatable_parameters\000"
 2467      7461626C 
 2467      655F7061 
 2467      72616D65 
 2467      74657273 
 2468              	.LASF125:
 2469 0471 64617461 		.ascii	"data.c\000"
 2469      2E6300
 2470              	.LASF119:
 2471 0478 74696D65 		.ascii	"timeToValve\000"
 2471      546F5661 
 2471      6C766500 
 2472              	.LASF15:
 2473 0484 666C6F61 		.ascii	"float\000"
 2473      7400
 2474              	.LASF62:
 2475 048a 73697A65 		.ascii	"sizeOfDataStack\000"
 2475      4F664461 
ARM GAS  C:\Users\kland\AppData\Local\Temp\cc0ff1ox.s 			page 51


 2475      74615374 
 2475      61636B00 
 2476              	.LASF44:
 2477 049a 5F426F6F 		.ascii	"_Bool\000"
 2477      6C00
 2478              	.LASF13:
 2479 04a0 696E7433 		.ascii	"int32_t\000"
 2479      325F7400 
 2480              	.LASF4:
 2481 04a8 756E7369 		.ascii	"unsigned char\000"
 2481      676E6564 
 2481      20636861 
 2481      7200
 2482              	.LASF66:
 2483 04b6 726F7574 		.ascii	"route\000"
 2483      6500
 2484              	.LASF106:
 2485 04bc 73797374 		.ascii	"system_settings\000"
 2485      656D5F73 
 2485      65747469 
 2485      6E677300 
 2486              	.LASF41:
 2487 04cc 56616C76 		.ascii	"Valve_freq\000"
 2487      655F6672 
 2487      657100
 2488              	.LASF28:
 2489 04d7 72737271 		.ascii	"rsrq\000"
 2489      00
 2490              	.LASF5:
 2491 04dc 73686F72 		.ascii	"short int\000"
 2491      7420696E 
 2491      7400
 2492              	.LASF36:
 2493 04e6 73796E63 		.ascii	"sync_time\000"
 2493      5F74696D 
 2493      6500
 2494              	.LASF26:
 2495 04f0 72736370 		.ascii	"rscp\000"
 2495      00
 2496              	.LASF76:
 2497 04f5 636F6E73 		.ascii	"construct_generic_HTTP_request\000"
 2497      74727563 
 2497      745F6765 
 2497      6E657269 
 2497      635F4854 
 2498              	.LASF105:
 2499 0514 73797374 		.ascii	"system_info\000"
 2499      656D5F69 
 2499      6E666F00 
 2500              	.LASF23:
 2501 0520 696D6569 		.ascii	"imei\000"
 2501      00
 2502              	.LASF29:
 2503 0525 72737270 		.ascii	"rsrp\000"
 2503      00
 2504              	.LASF32:
 2505 052a 6D6F6465 		.ascii	"modem_stats_t\000"
ARM GAS  C:\Users\kland\AppData\Local\Temp\cc0ff1ox.s 			page 52


 2505      6D5F7374 
 2505      6174735F 
 2505      7400
 2506              	.LASF114:
 2507 0538 616C6172 		.ascii	"alarmLevelSensor\000"
 2507      6D4C6576 
 2507      656C5365 
 2507      6E736F72 
 2507      00
 2508              	.LASF75:
 2509 0549 72657175 		.ascii	"request_len\000"
 2509      6573745F 
 2509      6C656E00 
 2510              	.LASF39:
 2511 0555 4C657665 		.ascii	"Level_Sensor_freq\000"
 2511      6C5F5365 
 2511      6E736F72 
 2511      5F667265 
 2511      7100
 2512              	.LASF92:
 2513 0567 6C657665 		.ascii	"level_sensor_inbox\000"
 2513      6C5F7365 
 2513      6E736F72 
 2513      5F696E62 
 2513      6F7800
 2514              	.LASF2:
 2515 057a 6C6F6E67 		.ascii	"long double\000"
 2515      20646F75 
 2515      626C6500 
 2516              	.LASF11:
 2517 0586 63686172 		.ascii	"char\000"
 2517      00
 2518              	.LASF0:
 2519 058b 756E7369 		.ascii	"unsigned int\000"
 2519      676E6564 
 2519      20696E74 
 2519      00
 2520              	.LASF118:
 2521 0598 616C6172 		.ascii	"alarmValve\000"
 2521      6D56616C 
 2521      766500
 2522              	.LASF104:
 2523 05a3 68747470 		.ascii	"http_route\000"
 2523      5F726F75 
 2523      746500
 2524              	.LASF43:
 2525 05ae 536F6E74 		.ascii	"Sontek_freq\000"
 2525      656B5F66 
 2525      72657100 
 2526              	.LASF12:
 2527 05ba 5F5F696E 		.ascii	"__int32_t\000"
 2527      7433325F 
 2527      7400
 2528              	.LASF35:
 2529 05c4 6D656173 		.ascii	"measure_time\000"
 2529      7572655F 
 2529      74696D65 
ARM GAS  C:\Users\kland\AppData\Local\Temp\cc0ff1ox.s 			page 53


 2529      00
 2530              	.LASF122:
 2531 05d1 616C6172 		.ascii	"alarmSontek\000"
 2531      6D536F6E 
 2531      74656B00 
 2532              	.LASF61:
 2533 05dd 73697A65 		.ascii	"sizeOfDataStackDesired\000"
 2533      4F664461 
 2533      74615374 
 2533      61636B44 
 2533      65736972 
 2534              	.LASF6:
 2535 05f4 73686F72 		.ascii	"short unsigned int\000"
 2535      7420756E 
 2535      7369676E 
 2535      65642069 
 2535      6E7400
 2536              	.LASF21:
 2537 0607 73696D5F 		.ascii	"sim_id\000"
 2537      696400
 2538              	.LASF63:
 2539 060e 72657175 		.ascii	"request\000"
 2539      65737400 
 2540              	.LASF40:
 2541 0616 446F776E 		.ascii	"Downstream_Level_Sensor_freq\000"
 2541      73747265 
 2541      616D5F4C 
 2541      6576656C 
 2541      5F53656E 
 2542              	.LASF96:
 2543 0633 76616C76 		.ascii	"valve_enabled\000"
 2543      655F656E 
 2543      61626C65 
 2543      6400
 2544              	.LASF115:
 2545 0641 74696D65 		.ascii	"timeToLevelSensor\000"
 2545      546F4C65 
 2545      76656C53 
 2545      656E736F 
 2545      7200
 2546              	.LASF93:
 2547 0653 6C657665 		.ascii	"level_sensor_enabled\000"
 2547      6C5F7365 
 2547      6E736F72 
 2547      5F656E61 
 2547      626C6564 
 2548              	.LASF88:
 2549 0668 64617461 		.ascii	"dataPointsInStackDesired\000"
 2549      506F696E 
 2549      7473496E 
 2549      53746163 
 2549      6B446573 
 2550              	.LASF38:
 2551 0681 4170705F 		.ascii	"App_LED_freq\000"
 2551      4C45445F 
 2551      66726571 
 2551      00
ARM GAS  C:\Users\kland\AppData\Local\Temp\cc0ff1ox.s 			page 54


 2552              	.LASF123:
 2553 068e 74696D65 		.ascii	"timeToSontek\000"
 2553      546F536F 
 2553      6E74656B 
 2553      00
 2554              	.LASF117:
 2555 069b 74696D65 		.ascii	"timeToDownstreamLevelSensor\000"
 2555      546F446F 
 2555      776E7374 
 2555      7265616D 
 2555      4C657665 
 2556              	.LASF120:
 2557 06b7 616C6172 		.ascii	"alarmAutosampler\000"
 2557      6D417574 
 2557      6F73616D 
 2557      706C6572 
 2557      00
 2558              	.LASF18:
 2559 06c8 696E7431 		.ascii	"int16\000"
 2559      3600
 2560              	.LASF42:
 2561 06ce 4175746F 		.ascii	"Autosampler_freq\000"
 2561      73616D70 
 2561      6C65725F 
 2561      66726571 
 2561      00
 2562              	.LASF51:
 2563 06df 636F756E 		.ascii	"countDownType\000"
 2563      74446F77 
 2563      6E547970 
 2563      6500
 2564              	.LASF34:
 2565 06ed 73696D5F 		.ascii	"sim_type\000"
 2565      74797065 
 2565      00
 2566              	.LASF70:
 2567 06f6 65787472 		.ascii	"extra_headers\000"
 2567      615F6865 
 2567      61646572 
 2567      7300
 2568              	.LASF127:
 2569 0704 496E6974 		.ascii	"Initialize_Data_Stack\000"
 2569      69616C69 
 2569      7A655F44 
 2569      6174615F 
 2569      53746163 
 2570              	.LASF69:
 2571 071a 636F6E6E 		.ascii	"connection_type\000"
 2571      65637469 
 2571      6F6E5F74 
 2571      79706500 
 2572              	.LASF102:
 2573 072a 68747470 		.ascii	"http_request\000"
 2573      5F726571 
 2573      75657374 
 2573      00
 2574              	.LASF14:
ARM GAS  C:\Users\kland\AppData\Local\Temp\cc0ff1ox.s 			page 55


 2575 0737 646F7562 		.ascii	"double\000"
 2575      6C6500
 2576              	.LASF91:
 2577 073e 6170705F 		.ascii	"app_led_inbox\000"
 2577      6C65645F 
 2577      696E626F 
 2577      7800
 2578              		.ident	"GCC: (GNU Tools for ARM Embedded Processors) 5.4.1 20160609 (release) [ARM/embedded-5-bran
