ARM GAS  C:\Users\klabu\AppData\Local\Temp\ccjrXmgV.s 			page 1


   1              		.syntax unified
   2              		.cpu cortex-m3
   3              		.fpu softvfp
   4              		.eabi_attribute 20, 1
   5              		.eabi_attribute 21, 1
   6              		.eabi_attribute 23, 3
   7              		.eabi_attribute 24, 1
   8              		.eabi_attribute 25, 1
   9              		.eabi_attribute 26, 1
  10              		.eabi_attribute 30, 6
  11              		.eabi_attribute 34, 1
  12              		.eabi_attribute 18, 4
  13              		.thumb
  14              		.syntax unified
  15              		.file	"debug.c"
  16              		.text
  17              	.Ltext0:
  18              		.cfi_sections	.debug_frame
  19              		.comm	buffer_overflow,1,1
  20              		.comm	dataPointsInStack,2,2
  21              		.comm	dataPointsInStackDesired,2,2
  22              		.comm	data,6600,4
  23              		.comm	modem_state,1,1
  24              		.comm	modem_start_time_stamp,4,4
  25              		.comm	modem_info,60,4
  26              		.comm	modem_stats,32,4
  27              		.comm	updatable_parameters,5,4
  28              		.syntax unified
  29              		.global _printf_float
  30              		.thumb
  31              		.syntax unified
  32              		.global	BB_fileName
  33              		.data
  34              		.align	2
  35              		.type	BB_fileName, %object
  36              		.size	BB_fileName, 30
  37              	BB_fileName:
  38 0000 626C6163 		.ascii	"blackbox.txt\000"
  38      6B626F78 
  38      2E747874 
  38      00
  39 000d 00000000 		.space	17
  39      00000000 
  39      00000000 
  39      00000000 
  39      00
  40              		.section	.text.debug_start,"ax",%progbits
  41              		.align	2
  42              		.global	debug_start
  43              		.thumb
  44              		.thumb_func
  45              		.type	debug_start, %function
  46              	debug_start:
  47              	.LFB64:
  48              		.file 1 "debug.c"
   1:debug.c       **** #include "debug.h"
   2:debug.c       **** 
ARM GAS  C:\Users\klabu\AppData\Local\Temp\ccjrXmgV.s 			page 2


   3:debug.c       **** 
   4:debug.c       **** char    BB_fileName[30] = "blackbox.txt";
   5:debug.c       **** 
   6:debug.c       **** // function to start UART debug
   7:debug.c       **** void debug_start(){
  49              		.loc 1 7 0
  50              		.cfi_startproc
  51              		@ args = 0, pretend = 0, frame = 0
  52              		@ frame_needed = 1, uses_anonymous_args = 0
  53 0000 80B5     		push	{r7, lr}
  54              		.cfi_def_cfa_offset 8
  55              		.cfi_offset 7, -8
  56              		.cfi_offset 14, -4
  57 0002 00AF     		add	r7, sp, #0
  58              		.cfi_def_cfa_register 7
   8:debug.c       ****     // if debug flag = 1 then start UART
   9:debug.c       ****     #if USE_DEBUG
  10:debug.c       ****        Debug_UART_Start();
  59              		.loc 1 10 0
  60 0004 FFF7FEFF 		bl	Debug_UART_Start
  11:debug.c       ****        //setvbuf(stdout, NULL, _IOFBF, Debug_UART_TX_BUFFER_SIZE);//this sets the printf() bufefr t
  12:debug.c       ****        //setbuf(stdout, NULL);
  13:debug.c       ****     #endif
  14:debug.c       **** }
  61              		.loc 1 14 0
  62 0008 00BF     		nop
  63 000a 80BD     		pop	{r7, pc}
  64              		.cfi_endproc
  65              	.LFE64:
  66              		.size	debug_start, .-debug_start
  67              		.section	.text.debug_stop,"ax",%progbits
  68              		.align	2
  69              		.global	debug_stop
  70              		.thumb
  71              		.thumb_func
  72              		.type	debug_stop, %function
  73              	debug_stop:
  74              	.LFB65:
  15:debug.c       **** 
  16:debug.c       **** // function to stop UART debug
  17:debug.c       **** void debug_stop(){
  75              		.loc 1 17 0
  76              		.cfi_startproc
  77              		@ args = 0, pretend = 0, frame = 0
  78              		@ frame_needed = 1, uses_anonymous_args = 0
  79 0000 80B5     		push	{r7, lr}
  80              		.cfi_def_cfa_offset 8
  81              		.cfi_offset 7, -8
  82              		.cfi_offset 14, -4
  83 0002 00AF     		add	r7, sp, #0
  84              		.cfi_def_cfa_register 7
  18:debug.c       ****     // if debug flag = 1 then stop UART
  19:debug.c       ****     #if USE_DEBUG
  20:debug.c       ****         Debug_UART_Stop();
  85              		.loc 1 20 0
  86 0004 FFF7FEFF 		bl	Debug_UART_Stop
  21:debug.c       ****     #endif
ARM GAS  C:\Users\klabu\AppData\Local\Temp\ccjrXmgV.s 			page 3


  22:debug.c       **** }
  87              		.loc 1 22 0
  88 0008 00BF     		nop
  89 000a 80BD     		pop	{r7, pc}
  90              		.cfi_endproc
  91              	.LFE65:
  92              		.size	debug_stop, .-debug_stop
  93              		.section	.text.debug_sleep,"ax",%progbits
  94              		.align	2
  95              		.global	debug_sleep
  96              		.thumb
  97              		.thumb_func
  98              		.type	debug_sleep, %function
  99              	debug_sleep:
 100              	.LFB66:
  23:debug.c       **** 
  24:debug.c       **** // function to sleep UART debug
  25:debug.c       **** void debug_sleep(){
 101              		.loc 1 25 0
 102              		.cfi_startproc
 103              		@ args = 0, pretend = 0, frame = 0
 104              		@ frame_needed = 1, uses_anonymous_args = 0
 105 0000 80B5     		push	{r7, lr}
 106              		.cfi_def_cfa_offset 8
 107              		.cfi_offset 7, -8
 108              		.cfi_offset 14, -4
 109 0002 00AF     		add	r7, sp, #0
 110              		.cfi_def_cfa_register 7
  26:debug.c       ****     // if debug flag = 1 and printf still writing, sleep UART
  27:debug.c       ****     #if USE_DEBUG
  28:debug.c       **** 
  29:debug.c       ****         // Check if UART is busy writing and waiit, if needed
  30:debug.c       ****         // Debug_UART_ReadTxStatus() reads the status register for the TX portion of the UART.
  31:debug.c       ****         if(!(Debug_UART_ReadTxStatus() & Debug_UART_TX_STS_FIFO_EMPTY)){
 111              		.loc 1 31 0
 112 0004 FFF7FEFF 		bl	Debug_UART_ReadTxStatus
 113 0008 0346     		mov	r3, r0
 114 000a 03F00203 		and	r3, r3, #2
 115 000e 002B     		cmp	r3, #0
 116 0010 02D1     		bne	.L4
  32:debug.c       ****             CyDelay(1u);
 117              		.loc 1 32 0
 118 0012 0120     		movs	r0, #1
 119 0014 FFF7FEFF 		bl	CyDelay
 120              	.L4:
  33:debug.c       ****         }
  34:debug.c       ****     // This is the preferred API to prepare the component for sleep. 
  35:debug.c       ****     // The Debug_UART_Sleep() API saves the current component state. Then it calls the Debug_UART_S
  36:debug.c       ****     Debug_UART_Sleep(); 
 121              		.loc 1 36 0
 122 0018 FFF7FEFF 		bl	Debug_UART_Sleep
  37:debug.c       ****    #endif
  38:debug.c       ****    
  39:debug.c       **** }
 123              		.loc 1 39 0
 124 001c 00BF     		nop
 125 001e 80BD     		pop	{r7, pc}
ARM GAS  C:\Users\klabu\AppData\Local\Temp\ccjrXmgV.s 			page 4


 126              		.cfi_endproc
 127              	.LFE66:
 128              		.size	debug_sleep, .-debug_sleep
 129              		.section	.text.debug_wakeup,"ax",%progbits
 130              		.align	2
 131              		.global	debug_wakeup
 132              		.thumb
 133              		.thumb_func
 134              		.type	debug_wakeup, %function
 135              	debug_wakeup:
 136              	.LFB67:
  40:debug.c       **** 
  41:debug.c       **** // function to wakeup UART debug
  42:debug.c       **** void debug_wakeup(){
 137              		.loc 1 42 0
 138              		.cfi_startproc
 139              		@ args = 0, pretend = 0, frame = 0
 140              		@ frame_needed = 1, uses_anonymous_args = 0
 141 0000 80B5     		push	{r7, lr}
 142              		.cfi_def_cfa_offset 8
 143              		.cfi_offset 7, -8
 144              		.cfi_offset 14, -4
 145 0002 00AF     		add	r7, sp, #0
 146              		.cfi_def_cfa_register 7
  43:debug.c       ****     // if debug flag = 1, wakeup UART debug and turn off stillWriting flag
  44:debug.c       ****     #if USE_DEBUG
  45:debug.c       ****         Debug_UART_Wakeup();
 147              		.loc 1 45 0
 148 0004 FFF7FEFF 		bl	Debug_UART_Wakeup
  46:debug.c       ****     #endif
  47:debug.c       **** }
 149              		.loc 1 47 0
 150 0008 00BF     		nop
 151 000a 80BD     		pop	{r7, pc}
 152              		.cfi_endproc
 153              	.LFE67:
 154              		.size	debug_wakeup, .-debug_wakeup
 155              		.section	.text._write,"ax",%progbits
 156              		.align	2
 157              		.global	_write
 158              		.thumb
 159              		.thumb_func
 160              		.type	_write, %function
 161              	_write:
 162              	.LFB68:
  48:debug.c       **** 
  49:debug.c       **** // if debug flag = 1, and using the GCC compiler, revise the _write() function so that when we call
  50:debug.c       **** // NOTE: For this to work HEAP size in "System" must be set to 0x300 or more
  51:debug.c       **** // Stack and heap are both a part of memory. Stack holds functions, variables, etc. Heap sits on to
  52:debug.c       **** // If heap is too small, then you get a stack overflow. FOr printing, need to have a bigger heap. B
  53:debug.c       **** // If have memory problems, play around with heap size.
  54:debug.c       **** #if USE_DEBUG
  55:debug.c       ****     
  56:debug.c       ****     
  57:debug.c       **** // This will allow you to use printf(), as you would in regulart c programs
  58:debug.c       **** // careful though, printf() is sometimes not safe in embedded sytems
  59:debug.c       **** // may want to use printd() function below
ARM GAS  C:\Users\klabu\AppData\Local\Temp\ccjrXmgV.s 			page 5


  60:debug.c       **** int _write(int file, char *ptr, int len)
  61:debug.c       **** {
 163              		.loc 1 61 0
 164              		.cfi_startproc
 165              		@ args = 0, pretend = 0, frame = 24
 166              		@ frame_needed = 1, uses_anonymous_args = 0
 167 0000 80B5     		push	{r7, lr}
 168              		.cfi_def_cfa_offset 8
 169              		.cfi_offset 7, -8
 170              		.cfi_offset 14, -4
 171 0002 86B0     		sub	sp, sp, #24
 172              		.cfi_def_cfa_offset 32
 173 0004 00AF     		add	r7, sp, #0
 174              		.cfi_def_cfa_register 7
 175 0006 F860     		str	r0, [r7, #12]
 176 0008 B960     		str	r1, [r7, #8]
 177 000a 7A60     		str	r2, [r7, #4]
  62:debug.c       ****     int i;
  63:debug.c       ****     file = file;
  64:debug.c       ****     for (i = 0; i < len; i++)
 178              		.loc 1 64 0
 179 000c 0023     		movs	r3, #0
 180 000e 7B61     		str	r3, [r7, #20]
 181 0010 09E0     		b	.L7
 182              	.L8:
  65:debug.c       ****     {   
  66:debug.c       ****         // Puts a byte of data into the transmit buffer to be sent when the bus is available.
  67:debug.c       ****         Debug_UART_PutChar(*ptr++);
 183              		.loc 1 67 0 discriminator 3
 184 0012 BB68     		ldr	r3, [r7, #8]
 185 0014 5A1C     		adds	r2, r3, #1
 186 0016 BA60     		str	r2, [r7, #8]
 187 0018 1B78     		ldrb	r3, [r3]	@ zero_extendqisi2
 188 001a 1846     		mov	r0, r3
 189 001c FFF7FEFF 		bl	Debug_UART_PutChar
  64:debug.c       ****     {   
 190              		.loc 1 64 0 discriminator 3
 191 0020 7B69     		ldr	r3, [r7, #20]
 192 0022 0133     		adds	r3, r3, #1
 193 0024 7B61     		str	r3, [r7, #20]
 194              	.L7:
  64:debug.c       ****     {   
 195              		.loc 1 64 0 is_stmt 0 discriminator 1
 196 0026 7A69     		ldr	r2, [r7, #20]
 197 0028 7B68     		ldr	r3, [r7, #4]
 198 002a 9A42     		cmp	r2, r3
 199 002c F1DB     		blt	.L8
  68:debug.c       ****     }
  69:debug.c       ****     
  70:debug.c       ****     return (len);
 200              		.loc 1 70 0 is_stmt 1
 201 002e 7B68     		ldr	r3, [r7, #4]
  71:debug.c       **** }
 202              		.loc 1 71 0
 203 0030 1846     		mov	r0, r3
 204 0032 1837     		adds	r7, r7, #24
 205              		.cfi_def_cfa_offset 8
ARM GAS  C:\Users\klabu\AppData\Local\Temp\ccjrXmgV.s 			page 6


 206 0034 BD46     		mov	sp, r7
 207              		.cfi_def_cfa_register 13
 208              		@ sp needed
 209 0036 80BD     		pop	{r7, pc}
 210              		.cfi_endproc
 211              	.LFE68:
 212              		.size	_write, .-_write
 213              		.section	.rodata
 214              		.align	2
 215              	.LC0:
 216 0000 7B2000   		.ascii	"{ \000"
 217 0003 00       		.align	2
 218              	.LC1:
 219 0004 2274696D 		.ascii	"\"time\":\"%ld\" \000"
 219      65223A22 
 219      256C6422 
 219      2000
 220 0012 0000     		.align	2
 221              	.LC2:
 222 0014 22657665 		.ascii	"\"event\":\"error\" \"value\":\"\000"
 222      6E74223A 
 222      22657272 
 222      6F722220 
 222      2276616C 
 223 002e 0000     		.align	2
 224              	.LC3:
 225 0030 22657665 		.ascii	"\"event\":\"warning\" \"value\":\"\000"
 225      6E74223A 
 225      22776172 
 225      6E696E67 
 225      22202276 
 226              		.align	2
 227              	.LC4:
 228 004c 22657665 		.ascii	"\"event\":\"startup\" \"value\":\"\000"
 228      6E74223A 
 228      22737461 
 228      72747570 
 228      22202276 
 229              		.align	2
 230              	.LC5:
 231 0068 22657665 		.ascii	"\"event\":\"notif\" \"value\":\"\000"
 231      6E74223A 
 231      226E6F74 
 231      69662220 
 231      2276616C 
 232 0082 0000     		.align	2
 233              	.LC6:
 234 0084 227D0D0A 		.ascii	"\"}\015\012\000"
 234      00
 235              		.section	.text.printNotif,"ax",%progbits
 236              		.align	2
 237              		.global	printNotif
 238              		.thumb
 239              		.thumb_func
 240              		.type	printNotif, %function
 241              	printNotif:
 242              	.LFB69:
ARM GAS  C:\Users\klabu\AppData\Local\Temp\ccjrXmgV.s 			page 7


  72:debug.c       **** 
  73:debug.c       **** #endif
  74:debug.c       **** 
  75:debug.c       **** // Create function to hijack printf to add an epoch timestamp to print output
  76:debug.c       **** // Whenever a function is declared to have an indeterminate number of arguments, in place of the la
  77:debug.c       **** // to tell the compiler the function should accept however many arguments that the programmer uses,
  78:debug.c       **** // to at least the number of variables declared. 
  79:debug.c       **** void printNotif(uint8 type, char* format, ...){
 243              		.loc 1 79 0
 244              		.cfi_startproc
 245              		@ args = 4, pretend = 12, frame = 2064
 246              		@ frame_needed = 1, uses_anonymous_args = 1
 247 0000 0EB4     		push	{r1, r2, r3}
 248              		.cfi_def_cfa_offset 12
 249              		.cfi_offset 1, -12
 250              		.cfi_offset 2, -8
 251              		.cfi_offset 3, -4
 252 0002 80B5     		push	{r7, lr}
 253              		.cfi_def_cfa_offset 20
 254              		.cfi_offset 7, -20
 255              		.cfi_offset 14, -16
 256 0004 ADF6140D 		subw	sp, sp, #2068
 257              		.cfi_def_cfa_offset 2088
 258 0008 00AF     		add	r7, sp, #0
 259              		.cfi_def_cfa_register 7
 260 000a 0246     		mov	r2, r0
 261 000c FB1D     		adds	r3, r7, #7
 262 000e 1A70     		strb	r2, [r3]
  80:debug.c       ****     
  81:debug.c       ****     char debug_string[MAX_DEBUG_STRING_LENGTH]; // string to be printed
  82:debug.c       ****     
  83:debug.c       ****     // if debug flag = 1, then print debug statements, otherwise don't print anything
  84:debug.c       ****     #if USE_DEBUG
  85:debug.c       ****    
  86:debug.c       ****         // if it is an error, warning, or startup notification and debug_level >= 0, then print the
  87:debug.c       ****         if ((type == NOTIF_TYPE_ERROR || type == NOTIF_TYPE_WARNING  || type == NOTIF_TYPE_STARTUP)
 263              		.loc 1 87 0
 264 0010 FB1D     		adds	r3, r7, #7
 265 0012 1B78     		ldrb	r3, [r3]	@ zero_extendqisi2
 266 0014 022B     		cmp	r3, #2
 267 0016 07D0     		beq	.L11
 268              		.loc 1 87 0 is_stmt 0 discriminator 1
 269 0018 FB1D     		adds	r3, r7, #7
 270 001a 1B78     		ldrb	r3, [r3]	@ zero_extendqisi2
 271 001c 012B     		cmp	r3, #1
 272 001e 03D0     		beq	.L11
 273              		.loc 1 87 0 discriminator 2
 274 0020 FB1D     		adds	r3, r7, #7
 275 0022 1B78     		ldrb	r3, [r3]	@ zero_extendqisi2
 276 0024 032B     		cmp	r3, #3
 277 0026 1DD1     		bne	.L12
 278              	.L11:
  88:debug.c       ****             printd("{ ");
 279              		.loc 1 88 0 is_stmt 1
 280 0028 2948     		ldr	r0, .L20
 281 002a FFF7FEFF 		bl	printd
  89:debug.c       ****             printd("\"time\":\"%ld\" " , getTimeStamp());
ARM GAS  C:\Users\klabu\AppData\Local\Temp\ccjrXmgV.s 			page 8


 282              		.loc 1 89 0
 283 002e FFF7FEFF 		bl	getTimeStamp
 284 0032 0346     		mov	r3, r0
 285 0034 1946     		mov	r1, r3
 286 0036 2748     		ldr	r0, .L20+4
 287 0038 FFF7FEFF 		bl	printd
  90:debug.c       ****             
  91:debug.c       ****             if (type == NOTIF_TYPE_ERROR){
 288              		.loc 1 91 0
 289 003c FB1D     		adds	r3, r7, #7
 290 003e 1B78     		ldrb	r3, [r3]	@ zero_extendqisi2
 291 0040 022B     		cmp	r3, #2
 292 0042 03D1     		bne	.L13
  92:debug.c       ****                 printd("\"event\":\"error\" \"value\":\"");
 293              		.loc 1 92 0
 294 0044 2448     		ldr	r0, .L20+8
 295 0046 FFF7FEFF 		bl	printd
  91:debug.c       ****                 printd("\"event\":\"error\" \"value\":\"");
 296              		.loc 1 91 0
 297 004a 20E0     		b	.L16
 298              	.L13:
  93:debug.c       ****             }else if(type == NOTIF_TYPE_WARNING){
 299              		.loc 1 93 0
 300 004c FB1D     		adds	r3, r7, #7
 301 004e 1B78     		ldrb	r3, [r3]	@ zero_extendqisi2
 302 0050 012B     		cmp	r3, #1
 303 0052 03D1     		bne	.L15
  94:debug.c       ****                 printd("\"event\":\"warning\" \"value\":\"");
 304              		.loc 1 94 0
 305 0054 2148     		ldr	r0, .L20+12
 306 0056 FFF7FEFF 		bl	printd
  91:debug.c       ****                 printd("\"event\":\"error\" \"value\":\"");
 307              		.loc 1 91 0
 308 005a 18E0     		b	.L16
 309              	.L15:
  95:debug.c       ****             } else{
  96:debug.c       ****                 printd("\"event\":\"startup\" \"value\":\"");
 310              		.loc 1 96 0
 311 005c 2048     		ldr	r0, .L20+16
 312 005e FFF7FEFF 		bl	printd
  91:debug.c       ****                 printd("\"event\":\"error\" \"value\":\"");
 313              		.loc 1 91 0
 314 0062 14E0     		b	.L16
 315              	.L12:
  97:debug.c       ****             }
  98:debug.c       ****         
  99:debug.c       ****         // else if it is an event notification and debug level >= 1, then print everything
 100:debug.c       ****         }else if (type == NOTIF_TYPE_EVENT && updatable_parameters.debug_level >= 1){
 316              		.loc 1 100 0
 317 0064 FB1D     		adds	r3, r7, #7
 318 0066 1B78     		ldrb	r3, [r3]	@ zero_extendqisi2
 319 0068 002B     		cmp	r3, #0
 320 006a 29D1     		bne	.L19
 321              		.loc 1 100 0 is_stmt 0 discriminator 1
 322 006c 1D4B     		ldr	r3, .L20+20
 323 006e 1B79     		ldrb	r3, [r3, #4]	@ zero_extendqisi2
 324 0070 002B     		cmp	r3, #0
ARM GAS  C:\Users\klabu\AppData\Local\Temp\ccjrXmgV.s 			page 9


 325 0072 25D0     		beq	.L19
 101:debug.c       ****             printd("{ ");
 326              		.loc 1 101 0 is_stmt 1
 327 0074 1648     		ldr	r0, .L20
 328 0076 FFF7FEFF 		bl	printd
 102:debug.c       ****             printd("\"time\":\"%ld\" " , getTimeStamp());
 329              		.loc 1 102 0
 330 007a FFF7FEFF 		bl	getTimeStamp
 331 007e 0346     		mov	r3, r0
 332 0080 1946     		mov	r1, r3
 333 0082 1448     		ldr	r0, .L20+4
 334 0084 FFF7FEFF 		bl	printd
 103:debug.c       ****             printd("\"event\":\"notif\" \"value\":\"");
 335              		.loc 1 103 0
 336 0088 1748     		ldr	r0, .L20+24
 337 008a FFF7FEFF 		bl	printd
 338              	.L16:
 104:debug.c       **** 
 105:debug.c       ****         // else do not print and exit the function    
 106:debug.c       ****         }else{
 107:debug.c       ****             return;
 108:debug.c       ****         }
 109:debug.c       ****         
 110:debug.c       ****         va_list argptr; // create variable argprt of the type va_list from stdarg.h
 111:debug.c       ****         va_start(argptr, format); // from stdarg.h: the va_start() macro is invoked to initialize a
 339              		.loc 1 111 0 discriminator 1
 340 008e 07F50262 		add	r2, r7, #2080
 341 0092 07F10C03 		add	r3, r7, #12
 342 0096 1A60     		str	r2, [r3]
 112:debug.c       ****         vsnprintf(debug_string, MAX_DEBUG_STRING_LENGTH, format, argptr); // send text to buffer
 343              		.loc 1 112 0 discriminator 1
 344 0098 07F10C03 		add	r3, r7, #12
 345 009c 07F11000 		add	r0, r7, #16
 346 00a0 1B68     		ldr	r3, [r3]
 347 00a2 D7F81C28 		ldr	r2, [r7, #2076]
 348 00a6 4FF40061 		mov	r1, #2048
 349 00aa FFF7FEFF 		bl	vsnprintf
 113:debug.c       ****         Debug_UART_PutString(debug_string); // Sends a NULL terminated string to the TX buffer for 
 350              		.loc 1 113 0 discriminator 1
 351 00ae 07F11003 		add	r3, r7, #16
 352 00b2 1846     		mov	r0, r3
 353 00b4 FFF7FEFF 		bl	Debug_UART_PutString
 114:debug.c       ****         va_end(argptr); // the va_end() macro is used to clean up; it invalidates ap for use (unles
 115:debug.c       ****         printd("\"}\r\n");
 354              		.loc 1 115 0 discriminator 1
 355 00b8 0C48     		ldr	r0, .L20+28
 356 00ba FFF7FEFF 		bl	printd
 357 00be 00E0     		b	.L10
 358              	.L19:
 107:debug.c       ****         }
 359              		.loc 1 107 0
 360 00c0 00BF     		nop
 361              	.L10:
 116:debug.c       **** //        // Get clock time and save to timeStamp
 117:debug.c       **** //        long timeStamp = getTimeStamp();
 118:debug.c       **** //        char c_timeStamp[32];
 119:debug.c       **** //        snprintf(c_timeStamp,sizeof(c_timeStamp),"%ld",timeStamp);
ARM GAS  C:\Users\klabu\AppData\Local\Temp\ccjrXmgV.s 			page 10


 120:debug.c       **** //        SD_write(BB_fileName,"a+"," "); // Write a space to the SD Card  
 121:debug.c       **** //        SD_write(BB_fileName,"a+",c_timeStamp); // Write timestamp to SD Card 
 122:debug.c       **** //        SD_write(BB_fileName,"a+"," "); // Write a space to the SD Card  
 123:debug.c       **** //        SD_write(BB_fileName,"a+",debug_string); // Write data to SD Card  
 124:debug.c       **** //        SD_write(BB_fileName,"a+"," "); // Write a space to the SD Card  
 125:debug.c       **** 
 126:debug.c       ****     #endif 
 127:debug.c       **** }
 362              		.loc 1 127 0
 363 00c2 07F61407 		addw	r7, r7, #2068
 364              		.cfi_def_cfa_offset 20
 365 00c6 BD46     		mov	sp, r7
 366              		.cfi_def_cfa_register 13
 367              		@ sp needed
 368 00c8 BDE88040 		pop	{r7, lr}
 369              		.cfi_restore 14
 370              		.cfi_restore 7
 371              		.cfi_def_cfa_offset 12
 372 00cc 03B0     		add	sp, sp, #12
 373              		.cfi_restore 3
 374              		.cfi_restore 2
 375              		.cfi_restore 1
 376              		.cfi_def_cfa_offset 0
 377 00ce 7047     		bx	lr
 378              	.L21:
 379              		.align	2
 380              	.L20:
 381 00d0 00000000 		.word	.LC0
 382 00d4 04000000 		.word	.LC1
 383 00d8 14000000 		.word	.LC2
 384 00dc 30000000 		.word	.LC3
 385 00e0 4C000000 		.word	.LC4
 386 00e4 00000000 		.word	updatable_parameters
 387 00e8 68000000 		.word	.LC5
 388 00ec 84000000 		.word	.LC6
 389              		.cfi_endproc
 390              	.LFE69:
 391              		.size	printNotif, .-printNotif
 392              		.section	.rodata
 393 0089 000000   		.align	2
 394              	.LC7:
 395 008c 22657665 		.ascii	"\"event\":\"test\" \000"
 395      6E74223A 
 395      22746573 
 395      74222000 
 396              		.align	2
 397              	.LC8:
 398 009c 226E616D 		.ascii	"\"name\":\"%s\" \000"
 398      65223A22 
 398      25732220 
 398      00
 399 00a9 000000   		.align	2
 400              	.LC9:
 401 00ac 22737461 		.ascii	"\"status\":\"%d\" \000"
 401      74757322 
 401      3A222564 
 401      222000
ARM GAS  C:\Users\klabu\AppData\Local\Temp\ccjrXmgV.s 			page 11


 402 00bb 00       		.align	2
 403              	.LC10:
 404 00bc 22726561 		.ascii	"\"reason\":\"%s\" \000"
 404      736F6E22 
 404      3A222573 
 404      222000
 405 00cb 00       		.align	2
 406              	.LC11:
 407 00cc 7D0D0A00 		.ascii	"}\015\012\000"
 408              		.section	.text.printTestStatus,"ax",%progbits
 409              		.align	2
 410              		.global	printTestStatus
 411              		.thumb
 412              		.thumb_func
 413              		.type	printTestStatus, %function
 414              	printTestStatus:
 415              	.LFB70:
 128:debug.c       **** 
 129:debug.c       **** // Print debug test status
 130:debug.c       **** void printTestStatus(test_t test){
 416              		.loc 1 130 0
 417              		.cfi_startproc
 418              		@ args = 388, pretend = 16, frame = 0
 419              		@ frame_needed = 1, uses_anonymous_args = 0
 420 0000 84B0     		sub	sp, sp, #16
 421              		.cfi_def_cfa_offset 16
 422 0002 80B5     		push	{r7, lr}
 423              		.cfi_def_cfa_offset 24
 424              		.cfi_offset 7, -24
 425              		.cfi_offset 14, -20
 426 0004 00AF     		add	r7, sp, #0
 427              		.cfi_def_cfa_register 7
 428 0006 07F1080E 		add	lr, r7, #8
 429 000a 8EE80F00 		stmia	lr, {r0, r1, r2, r3}
 131:debug.c       ****     // if debug flag = 1
 132:debug.c       ****     #if USE_DEBUG
 133:debug.c       ****         printd("{ ");
 430              		.loc 1 133 0
 431 000e 1348     		ldr	r0, .L23
 432 0010 FFF7FEFF 		bl	printd
 134:debug.c       ****         printd("\"time\":\"%ld\" " , getTimeStamp());
 433              		.loc 1 134 0
 434 0014 FFF7FEFF 		bl	getTimeStamp
 435 0018 0346     		mov	r3, r0
 436 001a 1946     		mov	r1, r3
 437 001c 1048     		ldr	r0, .L23+4
 438 001e FFF7FEFF 		bl	printd
 135:debug.c       ****         
 136:debug.c       ****         printd("\"event\":\"test\" ");
 439              		.loc 1 136 0
 440 0022 1048     		ldr	r0, .L23+8
 441 0024 FFF7FEFF 		bl	printd
 137:debug.c       ****         printd("\"name\":\"%s\" ", test.test_name);
 442              		.loc 1 137 0
 443 0028 07F10801 		add	r1, r7, #8
 444 002c 0E48     		ldr	r0, .L23+12
 445 002e FFF7FEFF 		bl	printd
ARM GAS  C:\Users\klabu\AppData\Local\Temp\ccjrXmgV.s 			page 12


 138:debug.c       ****         printd("\"status\":\"%d\" ", test.status);
 446              		.loc 1 138 0
 447 0032 97F88830 		ldrb	r3, [r7, #136]	@ zero_extendqisi2
 448 0036 1946     		mov	r1, r3
 449 0038 0C48     		ldr	r0, .L23+16
 450 003a FFF7FEFF 		bl	printd
 139:debug.c       ****         printd("\"reason\":\"%s\" ", test.reason);
 451              		.loc 1 139 0
 452 003e 07F18903 		add	r3, r7, #137
 453 0042 1946     		mov	r1, r3
 454 0044 0A48     		ldr	r0, .L23+20
 455 0046 FFF7FEFF 		bl	printd
 140:debug.c       **** 
 141:debug.c       ****         printd("}\r\n");
 456              		.loc 1 141 0
 457 004a 0A48     		ldr	r0, .L23+24
 458 004c FFF7FEFF 		bl	printd
 142:debug.c       ****     #endif
 143:debug.c       ****    
 144:debug.c       **** }
 459              		.loc 1 144 0
 460 0050 00BF     		nop
 461 0052 BD46     		mov	sp, r7
 462              		.cfi_def_cfa_register 13
 463              		@ sp needed
 464 0054 BDE88040 		pop	{r7, lr}
 465              		.cfi_restore 14
 466              		.cfi_restore 7
 467              		.cfi_def_cfa_offset 16
 468 0058 04B0     		add	sp, sp, #16
 469              		.cfi_def_cfa_offset 0
 470 005a 7047     		bx	lr
 471              	.L24:
 472              		.align	2
 473              	.L23:
 474 005c 00000000 		.word	.LC0
 475 0060 04000000 		.word	.LC1
 476 0064 8C000000 		.word	.LC7
 477 0068 9C000000 		.word	.LC8
 478 006c AC000000 		.word	.LC9
 479 0070 BC000000 		.word	.LC10
 480 0074 CC000000 		.word	.LC11
 481              		.cfi_endproc
 482              	.LFE70:
 483              		.size	printTestStatus, .-printTestStatus
 484              		.section	.text.getTimeStamp,"ax",%progbits
 485              		.align	2
 486              		.global	getTimeStamp
 487              		.thumb
 488              		.thumb_func
 489              		.type	getTimeStamp, %function
 490              	getTimeStamp:
 491              	.LFB71:
 145:debug.c       **** 
 146:debug.c       **** 
 147:debug.c       **** // Returns local times in epoch seconds (seconds since Jan 1, 1970)
 148:debug.c       **** // Can also cast this to a t_of_day struct
ARM GAS  C:\Users\klabu\AppData\Local\Temp\ccjrXmgV.s 			page 13


 149:debug.c       **** long getTimeStamp(){
 492              		.loc 1 149 0
 493              		.cfi_startproc
 494              		@ args = 0, pretend = 0, frame = 48
 495              		@ frame_needed = 1, uses_anonymous_args = 0
 496 0000 80B5     		push	{r7, lr}
 497              		.cfi_def_cfa_offset 8
 498              		.cfi_offset 7, -8
 499              		.cfi_offset 14, -4
 500 0002 8CB0     		sub	sp, sp, #48
 501              		.cfi_def_cfa_offset 56
 502 0004 00AF     		add	r7, sp, #0
 503              		.cfi_def_cfa_register 7
 150:debug.c       ****     // RTC_TIME_DATE * RTC_ReadTime(void) Description: Reads the current time and date. Parameters:
 151:debug.c       ****     // Creates a variable named localTime that is a pointer to RTC_TIME_DATE. It saves the time and
 152:debug.c       ****     RTC_TIME_DATE *localTime = RTC_ReadTime();
 504              		.loc 1 152 0
 505 0006 FFF7FEFF 		bl	RTC_ReadTime
 506 000a F862     		str	r0, [r7, #44]
 153:debug.c       ****    
 154:debug.c       ****     struct tm t; // creates variable t of struct tm
 155:debug.c       ****     time_t t_of_day;
 156:debug.c       **** 
 157:debug.c       ****     // sets each variable to the correct time 
 158:debug.c       ****     t.tm_sec = localTime->Sec;
 507              		.loc 1 158 0
 508 000c FB6A     		ldr	r3, [r7, #44]
 509 000e 1B78     		ldrb	r3, [r3]
 510 0010 DBB2     		uxtb	r3, r3
 511 0012 7B60     		str	r3, [r7, #4]
 159:debug.c       ****     t.tm_min = localTime->Min;
 512              		.loc 1 159 0
 513 0014 FB6A     		ldr	r3, [r7, #44]
 514 0016 5B78     		ldrb	r3, [r3, #1]
 515 0018 DBB2     		uxtb	r3, r3
 516 001a BB60     		str	r3, [r7, #8]
 160:debug.c       ****     t.tm_hour = localTime->Hour;
 517              		.loc 1 160 0
 518 001c FB6A     		ldr	r3, [r7, #44]
 519 001e 9B78     		ldrb	r3, [r3, #2]
 520 0020 DBB2     		uxtb	r3, r3
 521 0022 FB60     		str	r3, [r7, #12]
 161:debug.c       ****     t.tm_year = localTime->Year - 1900;  // Year - 1900
 522              		.loc 1 161 0
 523 0024 FB6A     		ldr	r3, [r7, #44]
 524 0026 5B89     		ldrh	r3, [r3, #10]	@ movhi
 525 0028 9BB2     		uxth	r3, r3
 526 002a A3F26C73 		subw	r3, r3, #1900
 527 002e BB61     		str	r3, [r7, #24]
 162:debug.c       ****     t.tm_mon = localTime->Month-1;           // Month, where 0 = jan. We add back month in setTime 
 528              		.loc 1 162 0
 529 0030 FB6A     		ldr	r3, [r7, #44]
 530 0032 1B7A     		ldrb	r3, [r3, #8]
 531 0034 DBB2     		uxtb	r3, r3
 532 0036 013B     		subs	r3, r3, #1
 533 0038 7B61     		str	r3, [r7, #20]
 163:debug.c       ****     t.tm_mday = localTime->DayOfMonth;          // Day of the month
ARM GAS  C:\Users\klabu\AppData\Local\Temp\ccjrXmgV.s 			page 14


 534              		.loc 1 163 0
 535 003a FB6A     		ldr	r3, [r7, #44]
 536 003c 1B79     		ldrb	r3, [r3, #4]
 537 003e DBB2     		uxtb	r3, r3
 538 0040 3B61     		str	r3, [r7, #16]
 164:debug.c       ****     t.tm_isdst = 0;        // Is Daylight Savings on? 1 = yes, 0 = no, -1 = unknown
 539              		.loc 1 164 0
 540 0042 0023     		movs	r3, #0
 541 0044 7B62     		str	r3, [r7, #36]
 165:debug.c       ****     
 166:debug.c       ****     // the mktime() function converts a broken-down local time (pointed to by timeptr) and returns 
 167:debug.c       ****     // the syntax for the mktime function in the C Language is: time_t mktime(struct tm *timeptr);
 168:debug.c       ****     // creates variable t_of_day of type time_t
 169:debug.c       ****     t_of_day = mktime(&t); // determines a calendar time
 542              		.loc 1 169 0
 543 0046 3B1D     		adds	r3, r7, #4
 544 0048 1846     		mov	r0, r3
 545 004a FFF7FEFF 		bl	mktime
 546 004e B862     		str	r0, [r7, #40]
 170:debug.c       **** 
 171:debug.c       ****     return (long) t_of_day;
 547              		.loc 1 171 0
 548 0050 BB6A     		ldr	r3, [r7, #40]
 172:debug.c       **** }
 549              		.loc 1 172 0
 550 0052 1846     		mov	r0, r3
 551 0054 3037     		adds	r7, r7, #48
 552              		.cfi_def_cfa_offset 8
 553 0056 BD46     		mov	sp, r7
 554              		.cfi_def_cfa_register 13
 555              		@ sp needed
 556 0058 80BD     		pop	{r7, pc}
 557              		.cfi_endproc
 558              	.LFE71:
 559              		.size	getTimeStamp, .-getTimeStamp
 560 005a 00BF     		.section	.text.stripEscapeCharacters,"ax",%progbits
 561              		.align	2
 562              		.global	stripEscapeCharacters
 563              		.thumb
 564              		.thumb_func
 565              		.type	stripEscapeCharacters, %function
 566              	stripEscapeCharacters:
 567              	.LFB72:
 173:debug.c       **** 
 174:debug.c       **** // The C library function char *strchr(const char *str, int c) searches for the first occurrence of
 175:debug.c       **** // Format for strchr() function: char *strchr(const char *str, int c).
 176:debug.c       **** void stripEscapeCharacters(char *string){
 568              		.loc 1 176 0
 569              		.cfi_startproc
 570              		@ args = 0, pretend = 0, frame = 16
 571              		@ frame_needed = 1, uses_anonymous_args = 0
 572 0000 80B5     		push	{r7, lr}
 573              		.cfi_def_cfa_offset 8
 574              		.cfi_offset 7, -8
 575              		.cfi_offset 14, -4
 576 0002 84B0     		sub	sp, sp, #16
 577              		.cfi_def_cfa_offset 24
ARM GAS  C:\Users\klabu\AppData\Local\Temp\ccjrXmgV.s 			page 15


 578 0004 00AF     		add	r7, sp, #0
 579              		.cfi_def_cfa_register 7
 580 0006 7860     		str	r0, [r7, #4]
 177:debug.c       **** 
 178:debug.c       ****   char * pch;
 179:debug.c       ****   pch=strchr(string,'\n');
 581              		.loc 1 179 0
 582 0008 0A21     		movs	r1, #10
 583 000a 7868     		ldr	r0, [r7, #4]
 584 000c FFF7FEFF 		bl	strchr
 585 0010 F860     		str	r0, [r7, #12]
 180:debug.c       ****   while (pch!=NULL)
 586              		.loc 1 180 0
 587 0012 0EE0     		b	.L28
 588              	.L29:
 181:debug.c       ****   {
 182:debug.c       ****     string[pch-string+1] = 0;
 589              		.loc 1 182 0
 590 0014 FA68     		ldr	r2, [r7, #12]
 591 0016 7B68     		ldr	r3, [r7, #4]
 592 0018 D31A     		subs	r3, r2, r3
 593 001a 0133     		adds	r3, r3, #1
 594 001c 7A68     		ldr	r2, [r7, #4]
 595 001e 1344     		add	r3, r3, r2
 596 0020 0022     		movs	r2, #0
 597 0022 1A70     		strb	r2, [r3]
 183:debug.c       ****     pch=strchr(pch+1,'s');
 598              		.loc 1 183 0
 599 0024 FB68     		ldr	r3, [r7, #12]
 600 0026 0133     		adds	r3, r3, #1
 601 0028 7321     		movs	r1, #115
 602 002a 1846     		mov	r0, r3
 603 002c FFF7FEFF 		bl	strchr
 604 0030 F860     		str	r0, [r7, #12]
 605              	.L28:
 180:debug.c       ****   while (pch!=NULL)
 606              		.loc 1 180 0
 607 0032 FB68     		ldr	r3, [r7, #12]
 608 0034 002B     		cmp	r3, #0
 609 0036 EDD1     		bne	.L29
 184:debug.c       ****   }
 185:debug.c       **** }
 610              		.loc 1 185 0
 611 0038 00BF     		nop
 612 003a 1037     		adds	r7, r7, #16
 613              		.cfi_def_cfa_offset 8
 614 003c BD46     		mov	sp, r7
 615              		.cfi_def_cfa_register 13
 616              		@ sp needed
 617 003e 80BD     		pop	{r7, pc}
 618              		.cfi_endproc
 619              	.LFE72:
 620              		.size	stripEscapeCharacters, .-stripEscapeCharacters
 621              		.section	.text.strextract,"ax",%progbits
 622              		.align	2
 623              		.global	strextract
 624              		.thumb
ARM GAS  C:\Users\klabu\AppData\Local\Temp\ccjrXmgV.s 			page 16


 625              		.thumb_func
 626              		.type	strextract, %function
 627              	strextract:
 628              	.LFB73:
 186:debug.c       **** 
 187:debug.c       **** // Extract
 188:debug.c       **** char *strextract(const char input_str[], char output_str[],
 189:debug.c       ****                  const char search_start[], const char search_end[]) {
 629              		.loc 1 189 0
 630              		.cfi_startproc
 631              		@ args = 0, pretend = 0, frame = 24
 632              		@ frame_needed = 1, uses_anonymous_args = 0
 633 0000 80B5     		push	{r7, lr}
 634              		.cfi_def_cfa_offset 8
 635              		.cfi_offset 7, -8
 636              		.cfi_offset 14, -4
 637 0002 86B0     		sub	sp, sp, #24
 638              		.cfi_def_cfa_offset 32
 639 0004 00AF     		add	r7, sp, #0
 640              		.cfi_def_cfa_register 7
 641 0006 F860     		str	r0, [r7, #12]
 642 0008 B960     		str	r1, [r7, #8]
 643 000a 7A60     		str	r2, [r7, #4]
 644 000c 3B60     		str	r3, [r7]
 190:debug.c       ****     if (input_str == NULL) return NULL;
 645              		.loc 1 190 0
 646 000e FB68     		ldr	r3, [r7, #12]
 647 0010 002B     		cmp	r3, #0
 648 0012 01D1     		bne	.L31
 649              		.loc 1 190 0 is_stmt 0 discriminator 1
 650 0014 0023     		movs	r3, #0
 651 0016 29E0     		b	.L32
 652              	.L31:
 191:debug.c       ****     char *begin, *end = NULL;
 653              		.loc 1 191 0 is_stmt 1
 654 0018 0023     		movs	r3, #0
 655 001a 7B61     		str	r3, [r7, #20]
 192:debug.c       **** 
 193:debug.c       ****     // strstr(): char *strstr(const char *haystack, const char *needle). haystack - main C string t
 194:debug.c       ****     if ((begin = strstr(input_str, search_start))) {
 656              		.loc 1 194 0
 657 001c 7968     		ldr	r1, [r7, #4]
 658 001e F868     		ldr	r0, [r7, #12]
 659 0020 FFF7FEFF 		bl	strstr
 660 0024 3861     		str	r0, [r7, #16]
 661 0026 3B69     		ldr	r3, [r7, #16]
 662 0028 002B     		cmp	r3, #0
 663 002a 1ED0     		beq	.L33
 195:debug.c       ****         // The strlen() function calculates the length of a given string. The strlen() function tak
 196:debug.c       ****         begin += strlen(search_start);
 664              		.loc 1 196 0
 665 002c 7868     		ldr	r0, [r7, #4]
 666 002e FFF7FEFF 		bl	strlen
 667 0032 0246     		mov	r2, r0
 668 0034 3B69     		ldr	r3, [r7, #16]
 669 0036 1344     		add	r3, r3, r2
 670 0038 3B61     		str	r3, [r7, #16]
ARM GAS  C:\Users\klabu\AppData\Local\Temp\ccjrXmgV.s 			page 17


 197:debug.c       ****         if ((end = strstr(begin, search_end))) {
 671              		.loc 1 197 0
 672 003a 3968     		ldr	r1, [r7]
 673 003c 3869     		ldr	r0, [r7, #16]
 674 003e FFF7FEFF 		bl	strstr
 675 0042 7861     		str	r0, [r7, #20]
 676 0044 7B69     		ldr	r3, [r7, #20]
 677 0046 002B     		cmp	r3, #0
 678 0048 0FD0     		beq	.L33
 198:debug.c       ****             // strncpy(: char *strncpy(char *dest, const char *src, size_t n). dest -  pointer to t
 199:debug.c       ****             strncpy(output_str, begin, end - begin);
 679              		.loc 1 199 0
 680 004a 7A69     		ldr	r2, [r7, #20]
 681 004c 3B69     		ldr	r3, [r7, #16]
 682 004e D31A     		subs	r3, r2, r3
 683 0050 1A46     		mov	r2, r3
 684 0052 3969     		ldr	r1, [r7, #16]
 685 0054 B868     		ldr	r0, [r7, #8]
 686 0056 FFF7FEFF 		bl	strncpy
 200:debug.c       ****             output_str[end - begin] = '\0';
 687              		.loc 1 200 0
 688 005a 7A69     		ldr	r2, [r7, #20]
 689 005c 3B69     		ldr	r3, [r7, #16]
 690 005e D31A     		subs	r3, r2, r3
 691 0060 1A46     		mov	r2, r3
 692 0062 BB68     		ldr	r3, [r7, #8]
 693 0064 1344     		add	r3, r3, r2
 694 0066 0022     		movs	r2, #0
 695 0068 1A70     		strb	r2, [r3]
 696              	.L33:
 201:debug.c       ****         }
 202:debug.c       ****     }
 203:debug.c       **** 
 204:debug.c       ****     return end;
 697              		.loc 1 204 0
 698 006a 7B69     		ldr	r3, [r7, #20]
 699              	.L32:
 205:debug.c       **** }
 700              		.loc 1 205 0
 701 006c 1846     		mov	r0, r3
 702 006e 1837     		adds	r7, r7, #24
 703              		.cfi_def_cfa_offset 8
 704 0070 BD46     		mov	sp, r7
 705              		.cfi_def_cfa_register 13
 706              		@ sp needed
 707 0072 80BD     		pop	{r7, pc}
 708              		.cfi_endproc
 709              	.LFE73:
 710              		.size	strextract, .-strextract
 711              		.section	.text.printd,"ax",%progbits
 712              		.align	2
 713              		.global	printd
 714              		.thumb
 715              		.thumb_func
 716              		.type	printd, %function
 717              	printd:
 718              	.LFB74:
ARM GAS  C:\Users\klabu\AppData\Local\Temp\ccjrXmgV.s 			page 18


 206:debug.c       **** 
 207:debug.c       **** //outr attempt at a safe (from buffer overflow) version of printf     
 208:debug.c       **** void printd(char* format, ...){
 719              		.loc 1 208 0
 720              		.cfi_startproc
 721              		@ args = 4, pretend = 16, frame = 2056
 722              		@ frame_needed = 1, uses_anonymous_args = 1
 723 0000 0FB4     		push	{r0, r1, r2, r3}
 724              		.cfi_def_cfa_offset 16
 725              		.cfi_offset 0, -16
 726              		.cfi_offset 1, -12
 727              		.cfi_offset 2, -8
 728              		.cfi_offset 3, -4
 729 0002 80B5     		push	{r7, lr}
 730              		.cfi_def_cfa_offset 24
 731              		.cfi_offset 7, -24
 732              		.cfi_offset 14, -20
 733 0004 ADF6080D 		subw	sp, sp, #2056
 734              		.cfi_def_cfa_offset 2080
 735 0008 00AF     		add	r7, sp, #0
 736              		.cfi_def_cfa_register 7
 209:debug.c       ****     
 210:debug.c       ****     va_list argptr; // Create variable argptr of data structure va_list
 211:debug.c       ****     va_start(argptr, format); // void va_start(va_list ap, last_arg) initializes ap variable to be 
 737              		.loc 1 211 0
 738 000a 07F61403 		addw	r3, r7, #2068
 739 000e C7F80438 		str	r3, [r7, #2052]
 212:debug.c       ****     
 213:debug.c       ****     // Create character array debug_string of size MAX_DEBUG_STRING_LENGTH
 214:debug.c       ****     char debug_string[MAX_DEBUG_STRING_LENGTH];
 215:debug.c       ****     // The vsnprintf() used to write a formatted string to a string buffer.vsnprintf(debug_string,M
 216:debug.c       ****     vsnprintf(debug_string,MAX_DEBUG_STRING_LENGTH,format, argptr);
 740              		.loc 1 216 0
 741 0012 381D     		adds	r0, r7, #4
 742 0014 D7F80438 		ldr	r3, [r7, #2052]
 743 0018 D7F81028 		ldr	r2, [r7, #2064]
 744 001c 4FF40061 		mov	r1, #2048
 745 0020 FFF7FEFF 		bl	vsnprintf
 217:debug.c       ****     // Sends a NULL terminated string to the TX buffer for transmission.
 218:debug.c       ****     Debug_UART_PutString(debug_string);
 746              		.loc 1 218 0
 747 0024 3B1D     		adds	r3, r7, #4
 748 0026 1846     		mov	r0, r3
 749 0028 FFF7FEFF 		bl	Debug_UART_PutString
 219:debug.c       ****     
 220:debug.c       ****     va_end(argptr); // macro void va_end(va_list ap) allows a function with variable arguments whic
 221:debug.c       ****     
 222:debug.c       **** }
 750              		.loc 1 222 0
 751 002c 00BF     		nop
 752 002e 07F60807 		addw	r7, r7, #2056
 753              		.cfi_def_cfa_offset 24
 754 0032 BD46     		mov	sp, r7
 755              		.cfi_def_cfa_register 13
 756              		@ sp needed
 757 0034 BDE88040 		pop	{r7, lr}
 758              		.cfi_restore 14
ARM GAS  C:\Users\klabu\AppData\Local\Temp\ccjrXmgV.s 			page 19


 759              		.cfi_restore 7
 760              		.cfi_def_cfa_offset 16
 761 0038 04B0     		add	sp, sp, #16
 762              		.cfi_restore 3
 763              		.cfi_restore 2
 764              		.cfi_restore 1
 765              		.cfi_restore 0
 766              		.cfi_def_cfa_offset 0
 767 003a 7047     		bx	lr
 768              		.cfi_endproc
 769              	.LFE74:
 770              		.size	printd, .-printd
 771              		.text
 772              	.Letext0:
 773              		.file 2 "c:\\program files (x86)\\cypress\\psoc creator\\4.4\\psoc creator\\import\\gnu\\arm\\5.4.
 774              		.file 3 "c:\\program files (x86)\\cypress\\psoc creator\\4.4\\psoc creator\\import\\gnu\\arm\\5.4.
 775              		.file 4 "c:\\program files (x86)\\cypress\\psoc creator\\4.4\\psoc creator\\import\\gnu\\arm\\5.4.
 776              		.file 5 "c:\\program files (x86)\\cypress\\psoc creator\\4.4\\psoc creator\\import\\gnu\\arm\\5.4.
 777              		.file 6 "c:\\program files (x86)\\cypress\\psoc creator\\4.4\\psoc creator\\import\\gnu\\arm\\5.4.
 778              		.file 7 "Generated_Source\\PSoC5/cytypes.h"
 779              		.file 8 "Generated_Source\\PSoC5/RTC.h"
 780              		.file 9 "testing.h"
 781              		.file 10 "data.h"
 782              		.file 11 "modem.h"
 783              		.file 12 "Generated_Source\\PSoC5/core_cm3.h"
 784              		.file 13 "<built-in>"
 785              		.section	.debug_info,"",%progbits
 786              	.Ldebug_info0:
 787 0000 C5060000 		.4byte	0x6c5
 788 0004 0400     		.2byte	0x4
 789 0006 00000000 		.4byte	.Ldebug_abbrev0
 790 000a 04       		.byte	0x4
 791 000b 01       		.uleb128 0x1
 792 000c 71000000 		.4byte	.LASF101
 793 0010 0C       		.byte	0xc
 794 0011 D0020000 		.4byte	.LASF102
 795 0015 5A020000 		.4byte	.LASF103
 796 0019 00000000 		.4byte	.Ldebug_ranges0+0
 797 001d 00000000 		.4byte	0
 798 0021 00000000 		.4byte	.Ldebug_line0
 799 0025 02       		.uleb128 0x2
 800 0026 01       		.byte	0x1
 801 0027 06       		.byte	0x6
 802 0028 D8020000 		.4byte	.LASF0
 803 002c 02       		.uleb128 0x2
 804 002d 01       		.byte	0x1
 805 002e 08       		.byte	0x8
 806 002f 47020000 		.4byte	.LASF1
 807 0033 02       		.uleb128 0x2
 808 0034 02       		.byte	0x2
 809 0035 05       		.byte	0x5
 810 0036 4D000000 		.4byte	.LASF2
 811 003a 02       		.uleb128 0x2
 812 003b 02       		.byte	0x2
 813 003c 07       		.byte	0x7
 814 003d 62030000 		.4byte	.LASF3
 815 0041 03       		.uleb128 0x3
ARM GAS  C:\Users\klabu\AppData\Local\Temp\ccjrXmgV.s 			page 20


 816 0042 7C040000 		.4byte	.LASF10
 817 0046 02       		.byte	0x2
 818 0047 3F       		.byte	0x3f
 819 0048 4C000000 		.4byte	0x4c
 820 004c 02       		.uleb128 0x2
 821 004d 04       		.byte	0x4
 822 004e 05       		.byte	0x5
 823 004f DA010000 		.4byte	.LASF4
 824 0053 02       		.uleb128 0x2
 825 0054 04       		.byte	0x4
 826 0055 07       		.byte	0x7
 827 0056 42040000 		.4byte	.LASF5
 828 005a 02       		.uleb128 0x2
 829 005b 08       		.byte	0x8
 830 005c 05       		.byte	0x5
 831 005d 07010000 		.4byte	.LASF6
 832 0061 02       		.uleb128 0x2
 833 0062 08       		.byte	0x8
 834 0063 07       		.byte	0x7
 835 0064 EC020000 		.4byte	.LASF7
 836 0068 04       		.uleb128 0x4
 837 0069 04       		.byte	0x4
 838 006a 05       		.byte	0x5
 839 006b 696E7400 		.ascii	"int\000"
 840 006f 02       		.uleb128 0x2
 841 0070 04       		.byte	0x4
 842 0071 07       		.byte	0x7
 843 0072 08030000 		.4byte	.LASF8
 844 0076 02       		.uleb128 0x2
 845 0077 08       		.byte	0x8
 846 0078 04       		.byte	0x4
 847 0079 26020000 		.4byte	.LASF9
 848 007d 03       		.uleb128 0x3
 849 007e 8D040000 		.4byte	.LASF11
 850 0082 03       		.byte	0x3
 851 0083 28       		.byte	0x28
 852 0084 88000000 		.4byte	0x88
 853 0088 05       		.uleb128 0x5
 854 0089 B7010000 		.4byte	.LASF16
 855 008d 04       		.byte	0x4
 856 008e 0D       		.byte	0xd
 857 008f 00       		.byte	0
 858 0090 9F000000 		.4byte	0x9f
 859 0094 06       		.uleb128 0x6
 860 0095 94030000 		.4byte	.LASF104
 861 0099 9F000000 		.4byte	0x9f
 862 009d 00       		.byte	0
 863 009e 00       		.byte	0
 864 009f 07       		.uleb128 0x7
 865 00a0 04       		.byte	0x4
 866 00a1 02       		.uleb128 0x2
 867 00a2 04       		.byte	0x4
 868 00a3 07       		.byte	0x7
 869 00a4 57000000 		.4byte	.LASF12
 870 00a8 08       		.uleb128 0x8
 871 00a9 04       		.byte	0x4
 872 00aa AE000000 		.4byte	0xae
ARM GAS  C:\Users\klabu\AppData\Local\Temp\ccjrXmgV.s 			page 21


 873 00ae 02       		.uleb128 0x2
 874 00af 01       		.byte	0x1
 875 00b0 08       		.byte	0x8
 876 00b1 C1010000 		.4byte	.LASF13
 877 00b5 08       		.uleb128 0x8
 878 00b6 04       		.byte	0x4
 879 00b7 BB000000 		.4byte	0xbb
 880 00bb 09       		.uleb128 0x9
 881 00bc AE000000 		.4byte	0xae
 882 00c0 03       		.uleb128 0x3
 883 00c1 C7030000 		.4byte	.LASF14
 884 00c5 04       		.byte	0x4
 885 00c6 2C       		.byte	0x2c
 886 00c7 41000000 		.4byte	0x41
 887 00cb 03       		.uleb128 0x3
 888 00cc 45010000 		.4byte	.LASF15
 889 00d0 05       		.byte	0x5
 890 00d1 28       		.byte	0x28
 891 00d2 4C000000 		.4byte	0x4c
 892 00d6 0A       		.uleb128 0xa
 893 00d7 746D00   		.ascii	"tm\000"
 894 00da 24       		.byte	0x24
 895 00db 06       		.byte	0x6
 896 00dc 21       		.byte	0x21
 897 00dd 4E010000 		.4byte	0x14e
 898 00e1 0B       		.uleb128 0xb
 899 00e2 B4040000 		.4byte	.LASF17
 900 00e6 06       		.byte	0x6
 901 00e7 23       		.byte	0x23
 902 00e8 68000000 		.4byte	0x68
 903 00ec 00       		.byte	0
 904 00ed 0B       		.uleb128 0xb
 905 00ee 17040000 		.4byte	.LASF18
 906 00f2 06       		.byte	0x6
 907 00f3 24       		.byte	0x24
 908 00f4 68000000 		.4byte	0x68
 909 00f8 04       		.byte	0x4
 910 00f9 0B       		.uleb128 0xb
 911 00fa 86010000 		.4byte	.LASF19
 912 00fe 06       		.byte	0x6
 913 00ff 25       		.byte	0x25
 914 0100 68000000 		.4byte	0x68
 915 0104 08       		.byte	0x8
 916 0105 0B       		.uleb128 0xb
 917 0106 19000000 		.4byte	.LASF20
 918 010a 06       		.byte	0x6
 919 010b 26       		.byte	0x26
 920 010c 68000000 		.4byte	0x68
 921 0110 0C       		.byte	0xc
 922 0111 0B       		.uleb128 0xb
 923 0112 9E010000 		.4byte	.LASF21
 924 0116 06       		.byte	0x6
 925 0117 27       		.byte	0x27
 926 0118 68000000 		.4byte	0x68
 927 011c 10       		.byte	0x10
 928 011d 0B       		.uleb128 0xb
 929 011e E4020000 		.4byte	.LASF22
ARM GAS  C:\Users\klabu\AppData\Local\Temp\ccjrXmgV.s 			page 22


 930 0122 06       		.byte	0x6
 931 0123 28       		.byte	0x28
 932 0124 68000000 		.4byte	0x68
 933 0128 14       		.byte	0x14
 934 0129 0B       		.uleb128 0xb
 935 012a FF000000 		.4byte	.LASF23
 936 012e 06       		.byte	0x6
 937 012f 29       		.byte	0x29
 938 0130 68000000 		.4byte	0x68
 939 0134 18       		.byte	0x18
 940 0135 0B       		.uleb128 0xb
 941 0136 54040000 		.4byte	.LASF24
 942 013a 06       		.byte	0x6
 943 013b 2A       		.byte	0x2a
 944 013c 68000000 		.4byte	0x68
 945 0140 1C       		.byte	0x1c
 946 0141 0B       		.uleb128 0xb
 947 0142 2E040000 		.4byte	.LASF25
 948 0146 06       		.byte	0x6
 949 0147 2B       		.byte	0x2b
 950 0148 68000000 		.4byte	0x68
 951 014c 20       		.byte	0x20
 952 014d 00       		.byte	0
 953 014e 03       		.uleb128 0x3
 954 014f 4C010000 		.4byte	.LASF26
 955 0153 03       		.byte	0x3
 956 0154 62       		.byte	0x62
 957 0155 7D000000 		.4byte	0x7d
 958 0159 0C       		.uleb128 0xc
 959 015a 66010000 		.4byte	.LASF27
 960 015e 07       		.byte	0x7
 961 015f 9201     		.2byte	0x192
 962 0161 2C000000 		.4byte	0x2c
 963 0165 0C       		.uleb128 0xc
 964 0166 3E010000 		.4byte	.LASF28
 965 016a 07       		.byte	0x7
 966 016b 9301     		.2byte	0x193
 967 016d 3A000000 		.4byte	0x3a
 968 0171 0C       		.uleb128 0xc
 969 0172 5C040000 		.4byte	.LASF29
 970 0176 07       		.byte	0x7
 971 0177 9701     		.2byte	0x197
 972 0179 4C000000 		.4byte	0x4c
 973 017d 02       		.uleb128 0x2
 974 017e 04       		.byte	0x4
 975 017f 04       		.byte	0x4
 976 0180 8E010000 		.4byte	.LASF30
 977 0184 02       		.uleb128 0x2
 978 0185 08       		.byte	0x8
 979 0186 04       		.byte	0x4
 980 0187 62040000 		.4byte	.LASF31
 981 018b 0D       		.uleb128 0xd
 982 018c 0C       		.byte	0xc
 983 018d 08       		.byte	0x8
 984 018e 30       		.byte	0x30
 985 018f F4010000 		.4byte	0x1f4
 986 0193 0E       		.uleb128 0xe
ARM GAS  C:\Users\klabu\AppData\Local\Temp\ccjrXmgV.s 			page 23


 987 0194 53656300 		.ascii	"Sec\000"
 988 0198 08       		.byte	0x8
 989 0199 32       		.byte	0x32
 990 019a 59010000 		.4byte	0x159
 991 019e 00       		.byte	0
 992 019f 0E       		.uleb128 0xe
 993 01a0 4D696E00 		.ascii	"Min\000"
 994 01a4 08       		.byte	0x8
 995 01a5 33       		.byte	0x33
 996 01a6 59010000 		.4byte	0x159
 997 01aa 01       		.byte	0x1
 998 01ab 0B       		.uleb128 0xb
 999 01ac 29010000 		.4byte	.LASF32
 1000 01b0 08       		.byte	0x8
 1001 01b1 34       		.byte	0x34
 1002 01b2 59010000 		.4byte	0x159
 1003 01b6 02       		.byte	0x2
 1004 01b7 0B       		.uleb128 0xb
 1005 01b8 94010000 		.4byte	.LASF33
 1006 01bc 08       		.byte	0x8
 1007 01bd 35       		.byte	0x35
 1008 01be 59010000 		.4byte	0x159
 1009 01c2 03       		.byte	0x3
 1010 01c3 0B       		.uleb128 0xb
 1011 01c4 07040000 		.4byte	.LASF34
 1012 01c8 08       		.byte	0x8
 1013 01c9 36       		.byte	0x36
 1014 01ca 59010000 		.4byte	0x159
 1015 01ce 04       		.byte	0x4
 1016 01cf 0B       		.uleb128 0xb
 1017 01d0 F6040000 		.4byte	.LASF35
 1018 01d4 08       		.byte	0x8
 1019 01d5 37       		.byte	0x37
 1020 01d6 65010000 		.4byte	0x165
 1021 01da 06       		.byte	0x6
 1022 01db 0B       		.uleb128 0xb
 1023 01dc 20020000 		.4byte	.LASF36
 1024 01e0 08       		.byte	0x8
 1025 01e1 38       		.byte	0x38
 1026 01e2 59010000 		.4byte	0x159
 1027 01e6 08       		.byte	0x8
 1028 01e7 0B       		.uleb128 0xb
 1029 01e8 02020000 		.4byte	.LASF37
 1030 01ec 08       		.byte	0x8
 1031 01ed 39       		.byte	0x39
 1032 01ee 65010000 		.4byte	0x165
 1033 01f2 0A       		.byte	0xa
 1034 01f3 00       		.byte	0
 1035 01f4 03       		.uleb128 0x3
 1036 01f5 C8040000 		.4byte	.LASF38
 1037 01f9 08       		.byte	0x8
 1038 01fa 3A       		.byte	0x3a
 1039 01fb FF010000 		.4byte	0x1ff
 1040 01ff 0F       		.uleb128 0xf
 1041 0200 8B010000 		.4byte	0x18b
 1042 0204 10       		.uleb128 0x10
 1043 0205 8101     		.2byte	0x181
ARM GAS  C:\Users\klabu\AppData\Local\Temp\ccjrXmgV.s 			page 24


 1044 0207 09       		.byte	0x9
 1045 0208 0A       		.byte	0xa
 1046 0209 32020000 		.4byte	0x232
 1047 020d 0B       		.uleb128 0xb
 1048 020e 2D000000 		.4byte	.LASF39
 1049 0212 09       		.byte	0x9
 1050 0213 0C       		.byte	0xc
 1051 0214 32020000 		.4byte	0x232
 1052 0218 00       		.byte	0
 1053 0219 0B       		.uleb128 0xb
 1054 021a 8D030000 		.4byte	.LASF40
 1055 021e 09       		.byte	0x9
 1056 021f 0D       		.byte	0xd
 1057 0220 59010000 		.4byte	0x159
 1058 0224 80       		.byte	0x80
 1059 0225 0B       		.uleb128 0xb
 1060 0226 D3010000 		.4byte	.LASF41
 1061 022a 09       		.byte	0x9
 1062 022b 0F       		.byte	0xf
 1063 022c 42020000 		.4byte	0x242
 1064 0230 81       		.byte	0x81
 1065 0231 00       		.byte	0
 1066 0232 11       		.uleb128 0x11
 1067 0233 AE000000 		.4byte	0xae
 1068 0237 42020000 		.4byte	0x242
 1069 023b 12       		.uleb128 0x12
 1070 023c A1000000 		.4byte	0xa1
 1071 0240 7F       		.byte	0x7f
 1072 0241 00       		.byte	0
 1073 0242 11       		.uleb128 0x11
 1074 0243 AE000000 		.4byte	0xae
 1075 0247 52020000 		.4byte	0x252
 1076 024b 12       		.uleb128 0x12
 1077 024c A1000000 		.4byte	0xa1
 1078 0250 FF       		.byte	0xff
 1079 0251 00       		.byte	0
 1080 0252 03       		.uleb128 0x3
 1081 0253 86040000 		.4byte	.LASF42
 1082 0257 09       		.byte	0x9
 1083 0258 10       		.byte	0x10
 1084 0259 04020000 		.4byte	0x204
 1085 025d 0D       		.uleb128 0xd
 1086 025e 2C       		.byte	0x2c
 1087 025f 0A       		.byte	0xa
 1088 0260 14       		.byte	0x14
 1089 0261 8A020000 		.4byte	0x28a
 1090 0265 0E       		.uleb128 0xe
 1091 0266 6B657900 		.ascii	"key\000"
 1092 026a 0A       		.byte	0xa
 1093 026b 15       		.byte	0x15
 1094 026c 8A020000 		.4byte	0x28a
 1095 0270 00       		.byte	0
 1096 0271 0B       		.uleb128 0xb
 1097 0272 38010000 		.4byte	.LASF43
 1098 0276 0A       		.byte	0xa
 1099 0277 16       		.byte	0x16
 1100 0278 8A020000 		.4byte	0x28a
ARM GAS  C:\Users\klabu\AppData\Local\Temp\ccjrXmgV.s 			page 25


 1101 027c 14       		.byte	0x14
 1102 027d 0B       		.uleb128 0xb
 1103 027e 7C010000 		.4byte	.LASF44
 1104 0282 0A       		.byte	0xa
 1105 0283 17       		.byte	0x17
 1106 0284 71010000 		.4byte	0x171
 1107 0288 28       		.byte	0x28
 1108 0289 00       		.byte	0
 1109 028a 11       		.uleb128 0x11
 1110 028b AE000000 		.4byte	0xae
 1111 028f 9A020000 		.4byte	0x29a
 1112 0293 12       		.uleb128 0x12
 1113 0294 A1000000 		.4byte	0xa1
 1114 0298 13       		.byte	0x13
 1115 0299 00       		.byte	0
 1116 029a 03       		.uleb128 0x3
 1117 029b 15030000 		.4byte	.LASF45
 1118 029f 0A       		.byte	0xa
 1119 02a0 19       		.byte	0x19
 1120 02a1 5D020000 		.4byte	0x25d
 1121 02a5 0D       		.uleb128 0xd
 1122 02a6 3C       		.byte	0x3c
 1123 02a7 0B       		.byte	0xb
 1124 02a8 35       		.byte	0x35
 1125 02a9 D2020000 		.4byte	0x2d2
 1126 02ad 0B       		.uleb128 0xb
 1127 02ae 12000000 		.4byte	.LASF46
 1128 02b2 0B       		.byte	0xb
 1129 02b3 36       		.byte	0x36
 1130 02b4 8A020000 		.4byte	0x28a
 1131 02b8 00       		.byte	0
 1132 02b9 0B       		.uleb128 0xb
 1133 02ba 00000000 		.4byte	.LASF47
 1134 02be 0B       		.byte	0xb
 1135 02bf 37       		.byte	0x37
 1136 02c0 8A020000 		.4byte	0x28a
 1137 02c4 14       		.byte	0x14
 1138 02c5 0B       		.uleb128 0xb
 1139 02c6 B2030000 		.4byte	.LASF48
 1140 02ca 0B       		.byte	0xb
 1141 02cb 38       		.byte	0x38
 1142 02cc 8A020000 		.4byte	0x28a
 1143 02d0 28       		.byte	0x28
 1144 02d1 00       		.byte	0
 1145 02d2 03       		.uleb128 0x3
 1146 02d3 C6010000 		.4byte	.LASF49
 1147 02d7 0B       		.byte	0xb
 1148 02d8 3A       		.byte	0x3a
 1149 02d9 A5020000 		.4byte	0x2a5
 1150 02dd 0D       		.uleb128 0xd
 1151 02de 20       		.byte	0x20
 1152 02df 0B       		.byte	0xb
 1153 02e0 3C       		.byte	0x3c
 1154 02e1 46030000 		.4byte	0x346
 1155 02e5 0B       		.uleb128 0xb
 1156 02e6 21030000 		.4byte	.LASF50
 1157 02ea 0B       		.byte	0xb
ARM GAS  C:\Users\klabu\AppData\Local\Temp\ccjrXmgV.s 			page 26


 1158 02eb 3D       		.byte	0x3d
 1159 02ec 68000000 		.4byte	0x68
 1160 02f0 00       		.byte	0
 1161 02f1 0E       		.uleb128 0xe
 1162 02f2 62657200 		.ascii	"ber\000"
 1163 02f6 0B       		.byte	0xb
 1164 02f7 3E       		.byte	0x3e
 1165 02f8 68000000 		.4byte	0x68
 1166 02fc 04       		.byte	0x4
 1167 02fd 0B       		.uleb128 0xb
 1168 02fe 77010000 		.4byte	.LASF51
 1169 0302 0B       		.byte	0xb
 1170 0303 3F       		.byte	0x3f
 1171 0304 68000000 		.4byte	0x68
 1172 0308 08       		.byte	0x8
 1173 0309 0B       		.uleb128 0xb
 1174 030a 33010000 		.4byte	.LASF52
 1175 030e 0B       		.byte	0xb
 1176 030f 40       		.byte	0x40
 1177 0310 68000000 		.4byte	0x68
 1178 0314 0C       		.byte	0xc
 1179 0315 0B       		.uleb128 0xb
 1180 0316 12040000 		.4byte	.LASF53
 1181 031a 0B       		.byte	0xb
 1182 031b 41       		.byte	0x41
 1183 031c 68000000 		.4byte	0x68
 1184 0320 10       		.byte	0x10
 1185 0321 0B       		.uleb128 0xb
 1186 0322 55020000 		.4byte	.LASF54
 1187 0326 0B       		.byte	0xb
 1188 0327 42       		.byte	0x42
 1189 0328 68000000 		.4byte	0x68
 1190 032c 14       		.byte	0x14
 1191 032d 0B       		.uleb128 0xb
 1192 032e 75030000 		.4byte	.LASF55
 1193 0332 0B       		.byte	0xb
 1194 0333 43       		.byte	0x43
 1195 0334 68000000 		.4byte	0x68
 1196 0338 18       		.byte	0x18
 1197 0339 0B       		.uleb128 0xb
 1198 033a 99030000 		.4byte	.LASF56
 1199 033e 0B       		.byte	0xb
 1200 033f 44       		.byte	0x44
 1201 0340 68000000 		.4byte	0x68
 1202 0344 1C       		.byte	0x1c
 1203 0345 00       		.byte	0
 1204 0346 03       		.uleb128 0x3
 1205 0347 DC030000 		.4byte	.LASF57
 1206 034b 0B       		.byte	0xb
 1207 034c 46       		.byte	0x46
 1208 034d DD020000 		.4byte	0x2dd
 1209 0351 0D       		.uleb128 0xd
 1210 0352 05       		.byte	0x5
 1211 0353 0B       		.byte	0xb
 1212 0354 52       		.byte	0x52
 1213 0355 96030000 		.4byte	0x396
 1214 0359 0B       		.uleb128 0xb
ARM GAS  C:\Users\klabu\AppData\Local\Temp\ccjrXmgV.s 			page 27


 1215 035a D6040000 		.4byte	.LASF58
 1216 035e 0B       		.byte	0xb
 1217 035f 54       		.byte	0x54
 1218 0360 59010000 		.4byte	0x159
 1219 0364 00       		.byte	0
 1220 0365 0B       		.uleb128 0xb
 1221 0366 59030000 		.4byte	.LASF59
 1222 036a 0B       		.byte	0xb
 1223 036b 56       		.byte	0x56
 1224 036c 96030000 		.4byte	0x396
 1225 0370 01       		.byte	0x1
 1226 0371 0B       		.uleb128 0xb
 1227 0372 13020000 		.4byte	.LASF60
 1228 0376 0B       		.byte	0xb
 1229 0377 58       		.byte	0x58
 1230 0378 59010000 		.4byte	0x159
 1231 037c 02       		.byte	0x2
 1232 037d 0B       		.uleb128 0xb
 1233 037e 27030000 		.4byte	.LASF61
 1234 0382 0B       		.byte	0xb
 1235 0383 5A       		.byte	0x5a
 1236 0384 59010000 		.4byte	0x159
 1237 0388 03       		.byte	0x3
 1238 0389 0B       		.uleb128 0xb
 1239 038a 70040000 		.4byte	.LASF62
 1240 038e 0B       		.byte	0xb
 1241 038f 5D       		.byte	0x5d
 1242 0390 59010000 		.4byte	0x159
 1243 0394 04       		.byte	0x4
 1244 0395 00       		.byte	0
 1245 0396 02       		.uleb128 0x2
 1246 0397 01       		.byte	0x1
 1247 0398 02       		.byte	0x2
 1248 0399 AC030000 		.4byte	.LASF63
 1249 039d 03       		.uleb128 0x3
 1250 039e 42030000 		.4byte	.LASF64
 1251 03a2 0B       		.byte	0xb
 1252 03a3 5F       		.byte	0x5f
 1253 03a4 51030000 		.4byte	0x351
 1254 03a8 13       		.uleb128 0x13
 1255 03a9 41000000 		.4byte	.LASF65
 1256 03ad 01       		.byte	0x1
 1257 03ae 07       		.byte	0x7
 1258 03af 00000000 		.4byte	.LFB64
 1259 03b3 0C000000 		.4byte	.LFE64-.LFB64
 1260 03b7 01       		.uleb128 0x1
 1261 03b8 9C       		.byte	0x9c
 1262 03b9 13       		.uleb128 0x13
 1263 03ba 37040000 		.4byte	.LASF66
 1264 03be 01       		.byte	0x1
 1265 03bf 11       		.byte	0x11
 1266 03c0 00000000 		.4byte	.LFB65
 1267 03c4 0C000000 		.4byte	.LFE65-.LFB65
 1268 03c8 01       		.uleb128 0x1
 1269 03c9 9C       		.byte	0x9c
 1270 03ca 13       		.uleb128 0x13
 1271 03cb 21000000 		.4byte	.LASF67
ARM GAS  C:\Users\klabu\AppData\Local\Temp\ccjrXmgV.s 			page 28


 1272 03cf 01       		.byte	0x1
 1273 03d0 19       		.byte	0x19
 1274 03d1 00000000 		.4byte	.LFB66
 1275 03d5 20000000 		.4byte	.LFE66-.LFB66
 1276 03d9 01       		.uleb128 0x1
 1277 03da 9C       		.byte	0x9c
 1278 03db 13       		.uleb128 0x13
 1279 03dc 9C040000 		.4byte	.LASF68
 1280 03e0 01       		.byte	0x1
 1281 03e1 2A       		.byte	0x2a
 1282 03e2 00000000 		.4byte	.LFB67
 1283 03e6 0C000000 		.4byte	.LFE67-.LFB67
 1284 03ea 01       		.uleb128 0x1
 1285 03eb 9C       		.byte	0x9c
 1286 03ec 14       		.uleb128 0x14
 1287 03ed 15010000 		.4byte	.LASF82
 1288 03f1 01       		.byte	0x1
 1289 03f2 3C       		.byte	0x3c
 1290 03f3 68000000 		.4byte	0x68
 1291 03f7 00000000 		.4byte	.LFB68
 1292 03fb 38000000 		.4byte	.LFE68-.LFB68
 1293 03ff 01       		.uleb128 0x1
 1294 0400 9C       		.byte	0x9c
 1295 0401 3C040000 		.4byte	0x43c
 1296 0405 15       		.uleb128 0x15
 1297 0406 2E010000 		.4byte	.LASF69
 1298 040a 01       		.byte	0x1
 1299 040b 3C       		.byte	0x3c
 1300 040c 68000000 		.4byte	0x68
 1301 0410 02       		.uleb128 0x2
 1302 0411 91       		.byte	0x91
 1303 0412 6C       		.sleb128 -20
 1304 0413 16       		.uleb128 0x16
 1305 0414 70747200 		.ascii	"ptr\000"
 1306 0418 01       		.byte	0x1
 1307 0419 3C       		.byte	0x3c
 1308 041a A8000000 		.4byte	0xa8
 1309 041e 02       		.uleb128 0x2
 1310 041f 91       		.byte	0x91
 1311 0420 68       		.sleb128 -24
 1312 0421 16       		.uleb128 0x16
 1313 0422 6C656E00 		.ascii	"len\000"
 1314 0426 01       		.byte	0x1
 1315 0427 3C       		.byte	0x3c
 1316 0428 68000000 		.4byte	0x68
 1317 042c 02       		.uleb128 0x2
 1318 042d 91       		.byte	0x91
 1319 042e 64       		.sleb128 -28
 1320 042f 17       		.uleb128 0x17
 1321 0430 6900     		.ascii	"i\000"
 1322 0432 01       		.byte	0x1
 1323 0433 3E       		.byte	0x3e
 1324 0434 68000000 		.4byte	0x68
 1325 0438 02       		.uleb128 0x2
 1326 0439 91       		.byte	0x91
 1327 043a 74       		.sleb128 -12
 1328 043b 00       		.byte	0
ARM GAS  C:\Users\klabu\AppData\Local\Temp\ccjrXmgV.s 			page 29


 1329 043c 18       		.uleb128 0x18
 1330 043d A9040000 		.4byte	.LASF74
 1331 0441 01       		.byte	0x1
 1332 0442 4F       		.byte	0x4f
 1333 0443 00000000 		.4byte	.LFB69
 1334 0447 F0000000 		.4byte	.LFE69-.LFB69
 1335 044b 01       		.uleb128 0x1
 1336 044c 9C       		.byte	0x9c
 1337 044d 8E040000 		.4byte	0x48e
 1338 0451 15       		.uleb128 0x15
 1339 0452 03030000 		.4byte	.LASF70
 1340 0456 01       		.byte	0x1
 1341 0457 4F       		.byte	0x4f
 1342 0458 59010000 		.4byte	0x159
 1343 045c 03       		.uleb128 0x3
 1344 045d 91       		.byte	0x91
 1345 045e DF6F     		.sleb128 -2081
 1346 0460 15       		.uleb128 0x15
 1347 0461 A5010000 		.4byte	.LASF71
 1348 0465 01       		.byte	0x1
 1349 0466 4F       		.byte	0x4f
 1350 0467 A8000000 		.4byte	0xa8
 1351 046b 02       		.uleb128 0x2
 1352 046c 91       		.byte	0x91
 1353 046d 74       		.sleb128 -12
 1354 046e 19       		.uleb128 0x19
 1355 046f 1A       		.uleb128 0x1a
 1356 0470 CF030000 		.4byte	.LASF72
 1357 0474 01       		.byte	0x1
 1358 0475 51       		.byte	0x51
 1359 0476 8E040000 		.4byte	0x48e
 1360 047a 03       		.uleb128 0x3
 1361 047b 91       		.byte	0x91
 1362 047c E86F     		.sleb128 -2072
 1363 047e 1A       		.uleb128 0x1a
 1364 047f 69040000 		.4byte	.LASF73
 1365 0483 01       		.byte	0x1
 1366 0484 6E       		.byte	0x6e
 1367 0485 4E010000 		.4byte	0x14e
 1368 0489 03       		.uleb128 0x3
 1369 048a 91       		.byte	0x91
 1370 048b E46F     		.sleb128 -2076
 1371 048d 00       		.byte	0
 1372 048e 11       		.uleb128 0x11
 1373 048f AE000000 		.4byte	0xae
 1374 0493 9F040000 		.4byte	0x49f
 1375 0497 1B       		.uleb128 0x1b
 1376 0498 A1000000 		.4byte	0xa1
 1377 049c FF07     		.2byte	0x7ff
 1378 049e 00       		.byte	0
 1379 049f 18       		.uleb128 0x18
 1380 04a0 B7030000 		.4byte	.LASF75
 1381 04a4 01       		.byte	0x1
 1382 04a5 82       		.byte	0x82
 1383 04a6 00000000 		.4byte	.LFB70
 1384 04aa 78000000 		.4byte	.LFE70-.LFB70
 1385 04ae 01       		.uleb128 0x1
ARM GAS  C:\Users\klabu\AppData\Local\Temp\ccjrXmgV.s 			page 30


 1386 04af 9C       		.byte	0x9c
 1387 04b0 C3040000 		.4byte	0x4c3
 1388 04b4 15       		.uleb128 0x15
 1389 04b5 31030000 		.4byte	.LASF76
 1390 04b9 01       		.byte	0x1
 1391 04ba 82       		.byte	0x82
 1392 04bb 52020000 		.4byte	0x252
 1393 04bf 02       		.uleb128 0x2
 1394 04c0 91       		.byte	0x91
 1395 04c1 70       		.sleb128 -16
 1396 04c2 00       		.byte	0
 1397 04c3 1C       		.uleb128 0x1c
 1398 04c4 1C010000 		.4byte	.LASF77
 1399 04c8 01       		.byte	0x1
 1400 04c9 95       		.byte	0x95
 1401 04ca 4C000000 		.4byte	0x4c
 1402 04ce 00000000 		.4byte	.LFB71
 1403 04d2 5A000000 		.4byte	.LFE71-.LFB71
 1404 04d6 01       		.uleb128 0x1
 1405 04d7 9C       		.byte	0x9c
 1406 04d8 05050000 		.4byte	0x505
 1407 04dc 1A       		.uleb128 0x1a
 1408 04dd FD030000 		.4byte	.LASF78
 1409 04e1 01       		.byte	0x1
 1410 04e2 98       		.byte	0x98
 1411 04e3 05050000 		.4byte	0x505
 1412 04e7 02       		.uleb128 0x2
 1413 04e8 91       		.byte	0x91
 1414 04e9 74       		.sleb128 -12
 1415 04ea 17       		.uleb128 0x17
 1416 04eb 7400     		.ascii	"t\000"
 1417 04ed 01       		.byte	0x1
 1418 04ee 9A       		.byte	0x9a
 1419 04ef D6000000 		.4byte	0xd6
 1420 04f3 02       		.uleb128 0x2
 1421 04f4 91       		.byte	0x91
 1422 04f5 4C       		.sleb128 -52
 1423 04f6 1A       		.uleb128 0x1a
 1424 04f7 09000000 		.4byte	.LASF79
 1425 04fb 01       		.byte	0x1
 1426 04fc 9B       		.byte	0x9b
 1427 04fd CB000000 		.4byte	0xcb
 1428 0501 02       		.uleb128 0x2
 1429 0502 91       		.byte	0x91
 1430 0503 70       		.sleb128 -16
 1431 0504 00       		.byte	0
 1432 0505 08       		.uleb128 0x8
 1433 0506 04       		.byte	0x4
 1434 0507 F4010000 		.4byte	0x1f4
 1435 050b 18       		.uleb128 0x18
 1436 050c E0040000 		.4byte	.LASF80
 1437 0510 01       		.byte	0x1
 1438 0511 B0       		.byte	0xb0
 1439 0512 00000000 		.4byte	.LFB72
 1440 0516 40000000 		.4byte	.LFE72-.LFB72
 1441 051a 01       		.uleb128 0x1
 1442 051b 9C       		.byte	0x9c
ARM GAS  C:\Users\klabu\AppData\Local\Temp\ccjrXmgV.s 			page 31


 1443 051c 3D050000 		.4byte	0x53d
 1444 0520 15       		.uleb128 0x15
 1445 0521 F6030000 		.4byte	.LASF81
 1446 0525 01       		.byte	0x1
 1447 0526 B0       		.byte	0xb0
 1448 0527 A8000000 		.4byte	0xa8
 1449 052b 02       		.uleb128 0x2
 1450 052c 91       		.byte	0x91
 1451 052d 6C       		.sleb128 -20
 1452 052e 17       		.uleb128 0x17
 1453 052f 70636800 		.ascii	"pch\000"
 1454 0533 01       		.byte	0x1
 1455 0534 B2       		.byte	0xb2
 1456 0535 A8000000 		.4byte	0xa8
 1457 0539 02       		.uleb128 0x2
 1458 053a 91       		.byte	0x91
 1459 053b 74       		.sleb128 -12
 1460 053c 00       		.byte	0
 1461 053d 14       		.uleb128 0x14
 1462 053e 60000000 		.4byte	.LASF83
 1463 0542 01       		.byte	0x1
 1464 0543 BC       		.byte	0xbc
 1465 0544 A8000000 		.4byte	0xa8
 1466 0548 00000000 		.4byte	.LFB73
 1467 054c 74000000 		.4byte	.LFE73-.LFB73
 1468 0550 01       		.uleb128 0x1
 1469 0551 9C       		.byte	0x9c
 1470 0552 AB050000 		.4byte	0x5ab
 1471 0556 15       		.uleb128 0x15
 1472 0557 37000000 		.4byte	.LASF84
 1473 055b 01       		.byte	0x1
 1474 055c BC       		.byte	0xbc
 1475 055d B5000000 		.4byte	0xb5
 1476 0561 02       		.uleb128 0x2
 1477 0562 91       		.byte	0x91
 1478 0563 6C       		.sleb128 -20
 1479 0564 15       		.uleb128 0x15
 1480 0565 6C010000 		.4byte	.LASF85
 1481 0569 01       		.byte	0x1
 1482 056a BC       		.byte	0xbc
 1483 056b A8000000 		.4byte	0xa8
 1484 056f 02       		.uleb128 0x2
 1485 0570 91       		.byte	0x91
 1486 0571 68       		.sleb128 -24
 1487 0572 15       		.uleb128 0x15
 1488 0573 E3010000 		.4byte	.LASF86
 1489 0577 01       		.byte	0x1
 1490 0578 BD       		.byte	0xbd
 1491 0579 B5000000 		.4byte	0xb5
 1492 057d 02       		.uleb128 0x2
 1493 057e 91       		.byte	0x91
 1494 057f 64       		.sleb128 -28
 1495 0580 15       		.uleb128 0x15
 1496 0581 AC010000 		.4byte	.LASF87
 1497 0585 01       		.byte	0x1
 1498 0586 BD       		.byte	0xbd
 1499 0587 B5000000 		.4byte	0xb5
ARM GAS  C:\Users\klabu\AppData\Local\Temp\ccjrXmgV.s 			page 32


 1500 058b 02       		.uleb128 0x2
 1501 058c 91       		.byte	0x91
 1502 058d 60       		.sleb128 -32
 1503 058e 1A       		.uleb128 0x1a
 1504 058f 6B000000 		.4byte	.LASF88
 1505 0593 01       		.byte	0x1
 1506 0594 BF       		.byte	0xbf
 1507 0595 A8000000 		.4byte	0xa8
 1508 0599 02       		.uleb128 0x2
 1509 059a 91       		.byte	0x91
 1510 059b 70       		.sleb128 -16
 1511 059c 17       		.uleb128 0x17
 1512 059d 656E6400 		.ascii	"end\000"
 1513 05a1 01       		.byte	0x1
 1514 05a2 BF       		.byte	0xbf
 1515 05a3 A8000000 		.4byte	0xa8
 1516 05a7 02       		.uleb128 0x2
 1517 05a8 91       		.byte	0x91
 1518 05a9 74       		.sleb128 -12
 1519 05aa 00       		.byte	0
 1520 05ab 18       		.uleb128 0x18
 1521 05ac F0010000 		.4byte	.LASF89
 1522 05b0 01       		.byte	0x1
 1523 05b1 D0       		.byte	0xd0
 1524 05b2 00000000 		.4byte	.LFB74
 1525 05b6 3C000000 		.4byte	.LFE74-.LFB74
 1526 05ba 01       		.uleb128 0x1
 1527 05bb 9C       		.byte	0x9c
 1528 05bc ED050000 		.4byte	0x5ed
 1529 05c0 15       		.uleb128 0x15
 1530 05c1 A5010000 		.4byte	.LASF71
 1531 05c5 01       		.byte	0x1
 1532 05c6 D0       		.byte	0xd0
 1533 05c7 A8000000 		.4byte	0xa8
 1534 05cb 02       		.uleb128 0x2
 1535 05cc 91       		.byte	0x91
 1536 05cd 70       		.sleb128 -16
 1537 05ce 19       		.uleb128 0x19
 1538 05cf 1A       		.uleb128 0x1a
 1539 05d0 69040000 		.4byte	.LASF73
 1540 05d4 01       		.byte	0x1
 1541 05d5 D2       		.byte	0xd2
 1542 05d6 4E010000 		.4byte	0x14e
 1543 05da 02       		.uleb128 0x2
 1544 05db 91       		.byte	0x91
 1545 05dc 64       		.sleb128 -28
 1546 05dd 1A       		.uleb128 0x1a
 1547 05de CF030000 		.4byte	.LASF72
 1548 05e2 01       		.byte	0x1
 1549 05e3 D6       		.byte	0xd6
 1550 05e4 8E040000 		.4byte	0x48e
 1551 05e8 03       		.uleb128 0x3
 1552 05e9 91       		.byte	0x91
 1553 05ea E46F     		.sleb128 -2076
 1554 05ec 00       		.byte	0
 1555 05ed 1D       		.uleb128 0x1d
 1556 05ee BB040000 		.4byte	.LASF90
ARM GAS  C:\Users\klabu\AppData\Local\Temp\ccjrXmgV.s 			page 33


 1557 05f2 0C       		.byte	0xc
 1558 05f3 1207     		.2byte	0x712
 1559 05f5 F9050000 		.4byte	0x5f9
 1560 05f9 0F       		.uleb128 0xf
 1561 05fa C0000000 		.4byte	0xc0
 1562 05fe 1E       		.uleb128 0x1e
 1563 05ff 1E040000 		.4byte	.LASF91
 1564 0603 0A       		.byte	0xa
 1565 0604 11       		.byte	0x11
 1566 0605 96030000 		.4byte	0x396
 1567 0609 05       		.uleb128 0x5
 1568 060a 03       		.byte	0x3
 1569 060b 00000000 		.4byte	buffer_overflow
 1570 060f 1E       		.uleb128 0x1e
 1571 0610 54010000 		.4byte	.LASF92
 1572 0614 0A       		.byte	0xa
 1573 0615 22       		.byte	0x22
 1574 0616 65010000 		.4byte	0x165
 1575 061a 05       		.uleb128 0x5
 1576 061b 03       		.byte	0x3
 1577 061c 00000000 		.4byte	dataPointsInStack
 1578 0620 1E       		.uleb128 0x1e
 1579 0621 B7020000 		.4byte	.LASF93
 1580 0625 0A       		.byte	0xa
 1581 0626 23       		.byte	0x23
 1582 0627 65010000 		.4byte	0x165
 1583 062b 05       		.uleb128 0x5
 1584 062c 03       		.byte	0x3
 1585 062d 00000000 		.4byte	dataPointsInStackDesired
 1586 0631 11       		.uleb128 0x11
 1587 0632 9A020000 		.4byte	0x29a
 1588 0636 41060000 		.4byte	0x641
 1589 063a 12       		.uleb128 0x12
 1590 063b A1000000 		.4byte	0xa1
 1591 063f 95       		.byte	0x95
 1592 0640 00       		.byte	0
 1593 0641 1E       		.uleb128 0x1e
 1594 0642 B2020000 		.4byte	.LASF94
 1595 0646 0A       		.byte	0xa
 1596 0647 24       		.byte	0x24
 1597 0648 31060000 		.4byte	0x631
 1598 064c 05       		.uleb128 0x5
 1599 064d 03       		.byte	0x3
 1600 064e 00000000 		.4byte	data
 1601 0652 1E       		.uleb128 0x1e
 1602 0653 EA030000 		.4byte	.LASF95
 1603 0657 0B       		.byte	0xb
 1604 0658 1F       		.byte	0x1f
 1605 0659 59010000 		.4byte	0x159
 1606 065d 05       		.uleb128 0x5
 1607 065e 03       		.byte	0x3
 1608 065f 00000000 		.4byte	modem_state
 1609 0663 1E       		.uleb128 0x1e
 1610 0664 9B020000 		.4byte	.LASF96
 1611 0668 0B       		.byte	0xb
 1612 0669 62       		.byte	0x62
 1613 066a 71010000 		.4byte	0x171
ARM GAS  C:\Users\klabu\AppData\Local\Temp\ccjrXmgV.s 			page 34


 1614 066e 05       		.uleb128 0x5
 1615 066f 03       		.byte	0x3
 1616 0670 00000000 		.4byte	modem_start_time_stamp
 1617 0674 1E       		.uleb128 0x1e
 1618 0675 F7010000 		.4byte	.LASF97
 1619 0679 0B       		.byte	0xb
 1620 067a 63       		.byte	0x63
 1621 067b D2020000 		.4byte	0x2d2
 1622 067f 05       		.uleb128 0x5
 1623 0680 03       		.byte	0x3
 1624 0681 00000000 		.4byte	modem_info
 1625 0685 1E       		.uleb128 0x1e
 1626 0686 36030000 		.4byte	.LASF98
 1627 068a 0B       		.byte	0xb
 1628 068b 64       		.byte	0x64
 1629 068c 46030000 		.4byte	0x346
 1630 0690 05       		.uleb128 0x5
 1631 0691 03       		.byte	0x3
 1632 0692 00000000 		.4byte	modem_stats
 1633 0696 1E       		.uleb128 0x1e
 1634 0697 32020000 		.4byte	.LASF99
 1635 069b 0B       		.byte	0xb
 1636 069c 65       		.byte	0x65
 1637 069d 9D030000 		.4byte	0x39d
 1638 06a1 05       		.uleb128 0x5
 1639 06a2 03       		.byte	0x3
 1640 06a3 00000000 		.4byte	updatable_parameters
 1641 06a7 11       		.uleb128 0x11
 1642 06a8 AE000000 		.4byte	0xae
 1643 06ac B7060000 		.4byte	0x6b7
 1644 06b0 12       		.uleb128 0x12
 1645 06b1 A1000000 		.4byte	0xa1
 1646 06b5 1D       		.byte	0x1d
 1647 06b6 00       		.byte	0
 1648 06b7 1E       		.uleb128 0x1e
 1649 06b8 07020000 		.4byte	.LASF100
 1650 06bc 01       		.byte	0x1
 1651 06bd 04       		.byte	0x4
 1652 06be A7060000 		.4byte	0x6a7
 1653 06c2 05       		.uleb128 0x5
 1654 06c3 03       		.byte	0x3
 1655 06c4 00000000 		.4byte	BB_fileName
 1656 06c8 00       		.byte	0
 1657              		.section	.debug_abbrev,"",%progbits
 1658              	.Ldebug_abbrev0:
 1659 0000 01       		.uleb128 0x1
 1660 0001 11       		.uleb128 0x11
 1661 0002 01       		.byte	0x1
 1662 0003 25       		.uleb128 0x25
 1663 0004 0E       		.uleb128 0xe
 1664 0005 13       		.uleb128 0x13
 1665 0006 0B       		.uleb128 0xb
 1666 0007 03       		.uleb128 0x3
 1667 0008 0E       		.uleb128 0xe
 1668 0009 1B       		.uleb128 0x1b
 1669 000a 0E       		.uleb128 0xe
 1670 000b 55       		.uleb128 0x55
ARM GAS  C:\Users\klabu\AppData\Local\Temp\ccjrXmgV.s 			page 35


 1671 000c 17       		.uleb128 0x17
 1672 000d 11       		.uleb128 0x11
 1673 000e 01       		.uleb128 0x1
 1674 000f 10       		.uleb128 0x10
 1675 0010 17       		.uleb128 0x17
 1676 0011 00       		.byte	0
 1677 0012 00       		.byte	0
 1678 0013 02       		.uleb128 0x2
 1679 0014 24       		.uleb128 0x24
 1680 0015 00       		.byte	0
 1681 0016 0B       		.uleb128 0xb
 1682 0017 0B       		.uleb128 0xb
 1683 0018 3E       		.uleb128 0x3e
 1684 0019 0B       		.uleb128 0xb
 1685 001a 03       		.uleb128 0x3
 1686 001b 0E       		.uleb128 0xe
 1687 001c 00       		.byte	0
 1688 001d 00       		.byte	0
 1689 001e 03       		.uleb128 0x3
 1690 001f 16       		.uleb128 0x16
 1691 0020 00       		.byte	0
 1692 0021 03       		.uleb128 0x3
 1693 0022 0E       		.uleb128 0xe
 1694 0023 3A       		.uleb128 0x3a
 1695 0024 0B       		.uleb128 0xb
 1696 0025 3B       		.uleb128 0x3b
 1697 0026 0B       		.uleb128 0xb
 1698 0027 49       		.uleb128 0x49
 1699 0028 13       		.uleb128 0x13
 1700 0029 00       		.byte	0
 1701 002a 00       		.byte	0
 1702 002b 04       		.uleb128 0x4
 1703 002c 24       		.uleb128 0x24
 1704 002d 00       		.byte	0
 1705 002e 0B       		.uleb128 0xb
 1706 002f 0B       		.uleb128 0xb
 1707 0030 3E       		.uleb128 0x3e
 1708 0031 0B       		.uleb128 0xb
 1709 0032 03       		.uleb128 0x3
 1710 0033 08       		.uleb128 0x8
 1711 0034 00       		.byte	0
 1712 0035 00       		.byte	0
 1713 0036 05       		.uleb128 0x5
 1714 0037 13       		.uleb128 0x13
 1715 0038 01       		.byte	0x1
 1716 0039 03       		.uleb128 0x3
 1717 003a 0E       		.uleb128 0xe
 1718 003b 0B       		.uleb128 0xb
 1719 003c 0B       		.uleb128 0xb
 1720 003d 3A       		.uleb128 0x3a
 1721 003e 0B       		.uleb128 0xb
 1722 003f 3B       		.uleb128 0x3b
 1723 0040 0B       		.uleb128 0xb
 1724 0041 01       		.uleb128 0x1
 1725 0042 13       		.uleb128 0x13
 1726 0043 00       		.byte	0
 1727 0044 00       		.byte	0
ARM GAS  C:\Users\klabu\AppData\Local\Temp\ccjrXmgV.s 			page 36


 1728 0045 06       		.uleb128 0x6
 1729 0046 0D       		.uleb128 0xd
 1730 0047 00       		.byte	0
 1731 0048 03       		.uleb128 0x3
 1732 0049 0E       		.uleb128 0xe
 1733 004a 49       		.uleb128 0x49
 1734 004b 13       		.uleb128 0x13
 1735 004c 38       		.uleb128 0x38
 1736 004d 0B       		.uleb128 0xb
 1737 004e 34       		.uleb128 0x34
 1738 004f 19       		.uleb128 0x19
 1739 0050 00       		.byte	0
 1740 0051 00       		.byte	0
 1741 0052 07       		.uleb128 0x7
 1742 0053 0F       		.uleb128 0xf
 1743 0054 00       		.byte	0
 1744 0055 0B       		.uleb128 0xb
 1745 0056 0B       		.uleb128 0xb
 1746 0057 00       		.byte	0
 1747 0058 00       		.byte	0
 1748 0059 08       		.uleb128 0x8
 1749 005a 0F       		.uleb128 0xf
 1750 005b 00       		.byte	0
 1751 005c 0B       		.uleb128 0xb
 1752 005d 0B       		.uleb128 0xb
 1753 005e 49       		.uleb128 0x49
 1754 005f 13       		.uleb128 0x13
 1755 0060 00       		.byte	0
 1756 0061 00       		.byte	0
 1757 0062 09       		.uleb128 0x9
 1758 0063 26       		.uleb128 0x26
 1759 0064 00       		.byte	0
 1760 0065 49       		.uleb128 0x49
 1761 0066 13       		.uleb128 0x13
 1762 0067 00       		.byte	0
 1763 0068 00       		.byte	0
 1764 0069 0A       		.uleb128 0xa
 1765 006a 13       		.uleb128 0x13
 1766 006b 01       		.byte	0x1
 1767 006c 03       		.uleb128 0x3
 1768 006d 08       		.uleb128 0x8
 1769 006e 0B       		.uleb128 0xb
 1770 006f 0B       		.uleb128 0xb
 1771 0070 3A       		.uleb128 0x3a
 1772 0071 0B       		.uleb128 0xb
 1773 0072 3B       		.uleb128 0x3b
 1774 0073 0B       		.uleb128 0xb
 1775 0074 01       		.uleb128 0x1
 1776 0075 13       		.uleb128 0x13
 1777 0076 00       		.byte	0
 1778 0077 00       		.byte	0
 1779 0078 0B       		.uleb128 0xb
 1780 0079 0D       		.uleb128 0xd
 1781 007a 00       		.byte	0
 1782 007b 03       		.uleb128 0x3
 1783 007c 0E       		.uleb128 0xe
 1784 007d 3A       		.uleb128 0x3a
ARM GAS  C:\Users\klabu\AppData\Local\Temp\ccjrXmgV.s 			page 37


 1785 007e 0B       		.uleb128 0xb
 1786 007f 3B       		.uleb128 0x3b
 1787 0080 0B       		.uleb128 0xb
 1788 0081 49       		.uleb128 0x49
 1789 0082 13       		.uleb128 0x13
 1790 0083 38       		.uleb128 0x38
 1791 0084 0B       		.uleb128 0xb
 1792 0085 00       		.byte	0
 1793 0086 00       		.byte	0
 1794 0087 0C       		.uleb128 0xc
 1795 0088 16       		.uleb128 0x16
 1796 0089 00       		.byte	0
 1797 008a 03       		.uleb128 0x3
 1798 008b 0E       		.uleb128 0xe
 1799 008c 3A       		.uleb128 0x3a
 1800 008d 0B       		.uleb128 0xb
 1801 008e 3B       		.uleb128 0x3b
 1802 008f 05       		.uleb128 0x5
 1803 0090 49       		.uleb128 0x49
 1804 0091 13       		.uleb128 0x13
 1805 0092 00       		.byte	0
 1806 0093 00       		.byte	0
 1807 0094 0D       		.uleb128 0xd
 1808 0095 13       		.uleb128 0x13
 1809 0096 01       		.byte	0x1
 1810 0097 0B       		.uleb128 0xb
 1811 0098 0B       		.uleb128 0xb
 1812 0099 3A       		.uleb128 0x3a
 1813 009a 0B       		.uleb128 0xb
 1814 009b 3B       		.uleb128 0x3b
 1815 009c 0B       		.uleb128 0xb
 1816 009d 01       		.uleb128 0x1
 1817 009e 13       		.uleb128 0x13
 1818 009f 00       		.byte	0
 1819 00a0 00       		.byte	0
 1820 00a1 0E       		.uleb128 0xe
 1821 00a2 0D       		.uleb128 0xd
 1822 00a3 00       		.byte	0
 1823 00a4 03       		.uleb128 0x3
 1824 00a5 08       		.uleb128 0x8
 1825 00a6 3A       		.uleb128 0x3a
 1826 00a7 0B       		.uleb128 0xb
 1827 00a8 3B       		.uleb128 0x3b
 1828 00a9 0B       		.uleb128 0xb
 1829 00aa 49       		.uleb128 0x49
 1830 00ab 13       		.uleb128 0x13
 1831 00ac 38       		.uleb128 0x38
 1832 00ad 0B       		.uleb128 0xb
 1833 00ae 00       		.byte	0
 1834 00af 00       		.byte	0
 1835 00b0 0F       		.uleb128 0xf
 1836 00b1 35       		.uleb128 0x35
 1837 00b2 00       		.byte	0
 1838 00b3 49       		.uleb128 0x49
 1839 00b4 13       		.uleb128 0x13
 1840 00b5 00       		.byte	0
 1841 00b6 00       		.byte	0
ARM GAS  C:\Users\klabu\AppData\Local\Temp\ccjrXmgV.s 			page 38


 1842 00b7 10       		.uleb128 0x10
 1843 00b8 13       		.uleb128 0x13
 1844 00b9 01       		.byte	0x1
 1845 00ba 0B       		.uleb128 0xb
 1846 00bb 05       		.uleb128 0x5
 1847 00bc 3A       		.uleb128 0x3a
 1848 00bd 0B       		.uleb128 0xb
 1849 00be 3B       		.uleb128 0x3b
 1850 00bf 0B       		.uleb128 0xb
 1851 00c0 01       		.uleb128 0x1
 1852 00c1 13       		.uleb128 0x13
 1853 00c2 00       		.byte	0
 1854 00c3 00       		.byte	0
 1855 00c4 11       		.uleb128 0x11
 1856 00c5 01       		.uleb128 0x1
 1857 00c6 01       		.byte	0x1
 1858 00c7 49       		.uleb128 0x49
 1859 00c8 13       		.uleb128 0x13
 1860 00c9 01       		.uleb128 0x1
 1861 00ca 13       		.uleb128 0x13
 1862 00cb 00       		.byte	0
 1863 00cc 00       		.byte	0
 1864 00cd 12       		.uleb128 0x12
 1865 00ce 21       		.uleb128 0x21
 1866 00cf 00       		.byte	0
 1867 00d0 49       		.uleb128 0x49
 1868 00d1 13       		.uleb128 0x13
 1869 00d2 2F       		.uleb128 0x2f
 1870 00d3 0B       		.uleb128 0xb
 1871 00d4 00       		.byte	0
 1872 00d5 00       		.byte	0
 1873 00d6 13       		.uleb128 0x13
 1874 00d7 2E       		.uleb128 0x2e
 1875 00d8 00       		.byte	0
 1876 00d9 3F       		.uleb128 0x3f
 1877 00da 19       		.uleb128 0x19
 1878 00db 03       		.uleb128 0x3
 1879 00dc 0E       		.uleb128 0xe
 1880 00dd 3A       		.uleb128 0x3a
 1881 00de 0B       		.uleb128 0xb
 1882 00df 3B       		.uleb128 0x3b
 1883 00e0 0B       		.uleb128 0xb
 1884 00e1 11       		.uleb128 0x11
 1885 00e2 01       		.uleb128 0x1
 1886 00e3 12       		.uleb128 0x12
 1887 00e4 06       		.uleb128 0x6
 1888 00e5 40       		.uleb128 0x40
 1889 00e6 18       		.uleb128 0x18
 1890 00e7 9642     		.uleb128 0x2116
 1891 00e9 19       		.uleb128 0x19
 1892 00ea 00       		.byte	0
 1893 00eb 00       		.byte	0
 1894 00ec 14       		.uleb128 0x14
 1895 00ed 2E       		.uleb128 0x2e
 1896 00ee 01       		.byte	0x1
 1897 00ef 3F       		.uleb128 0x3f
 1898 00f0 19       		.uleb128 0x19
ARM GAS  C:\Users\klabu\AppData\Local\Temp\ccjrXmgV.s 			page 39


 1899 00f1 03       		.uleb128 0x3
 1900 00f2 0E       		.uleb128 0xe
 1901 00f3 3A       		.uleb128 0x3a
 1902 00f4 0B       		.uleb128 0xb
 1903 00f5 3B       		.uleb128 0x3b
 1904 00f6 0B       		.uleb128 0xb
 1905 00f7 27       		.uleb128 0x27
 1906 00f8 19       		.uleb128 0x19
 1907 00f9 49       		.uleb128 0x49
 1908 00fa 13       		.uleb128 0x13
 1909 00fb 11       		.uleb128 0x11
 1910 00fc 01       		.uleb128 0x1
 1911 00fd 12       		.uleb128 0x12
 1912 00fe 06       		.uleb128 0x6
 1913 00ff 40       		.uleb128 0x40
 1914 0100 18       		.uleb128 0x18
 1915 0101 9642     		.uleb128 0x2116
 1916 0103 19       		.uleb128 0x19
 1917 0104 01       		.uleb128 0x1
 1918 0105 13       		.uleb128 0x13
 1919 0106 00       		.byte	0
 1920 0107 00       		.byte	0
 1921 0108 15       		.uleb128 0x15
 1922 0109 05       		.uleb128 0x5
 1923 010a 00       		.byte	0
 1924 010b 03       		.uleb128 0x3
 1925 010c 0E       		.uleb128 0xe
 1926 010d 3A       		.uleb128 0x3a
 1927 010e 0B       		.uleb128 0xb
 1928 010f 3B       		.uleb128 0x3b
 1929 0110 0B       		.uleb128 0xb
 1930 0111 49       		.uleb128 0x49
 1931 0112 13       		.uleb128 0x13
 1932 0113 02       		.uleb128 0x2
 1933 0114 18       		.uleb128 0x18
 1934 0115 00       		.byte	0
 1935 0116 00       		.byte	0
 1936 0117 16       		.uleb128 0x16
 1937 0118 05       		.uleb128 0x5
 1938 0119 00       		.byte	0
 1939 011a 03       		.uleb128 0x3
 1940 011b 08       		.uleb128 0x8
 1941 011c 3A       		.uleb128 0x3a
 1942 011d 0B       		.uleb128 0xb
 1943 011e 3B       		.uleb128 0x3b
 1944 011f 0B       		.uleb128 0xb
 1945 0120 49       		.uleb128 0x49
 1946 0121 13       		.uleb128 0x13
 1947 0122 02       		.uleb128 0x2
 1948 0123 18       		.uleb128 0x18
 1949 0124 00       		.byte	0
 1950 0125 00       		.byte	0
 1951 0126 17       		.uleb128 0x17
 1952 0127 34       		.uleb128 0x34
 1953 0128 00       		.byte	0
 1954 0129 03       		.uleb128 0x3
 1955 012a 08       		.uleb128 0x8
ARM GAS  C:\Users\klabu\AppData\Local\Temp\ccjrXmgV.s 			page 40


 1956 012b 3A       		.uleb128 0x3a
 1957 012c 0B       		.uleb128 0xb
 1958 012d 3B       		.uleb128 0x3b
 1959 012e 0B       		.uleb128 0xb
 1960 012f 49       		.uleb128 0x49
 1961 0130 13       		.uleb128 0x13
 1962 0131 02       		.uleb128 0x2
 1963 0132 18       		.uleb128 0x18
 1964 0133 00       		.byte	0
 1965 0134 00       		.byte	0
 1966 0135 18       		.uleb128 0x18
 1967 0136 2E       		.uleb128 0x2e
 1968 0137 01       		.byte	0x1
 1969 0138 3F       		.uleb128 0x3f
 1970 0139 19       		.uleb128 0x19
 1971 013a 03       		.uleb128 0x3
 1972 013b 0E       		.uleb128 0xe
 1973 013c 3A       		.uleb128 0x3a
 1974 013d 0B       		.uleb128 0xb
 1975 013e 3B       		.uleb128 0x3b
 1976 013f 0B       		.uleb128 0xb
 1977 0140 27       		.uleb128 0x27
 1978 0141 19       		.uleb128 0x19
 1979 0142 11       		.uleb128 0x11
 1980 0143 01       		.uleb128 0x1
 1981 0144 12       		.uleb128 0x12
 1982 0145 06       		.uleb128 0x6
 1983 0146 40       		.uleb128 0x40
 1984 0147 18       		.uleb128 0x18
 1985 0148 9642     		.uleb128 0x2116
 1986 014a 19       		.uleb128 0x19
 1987 014b 01       		.uleb128 0x1
 1988 014c 13       		.uleb128 0x13
 1989 014d 00       		.byte	0
 1990 014e 00       		.byte	0
 1991 014f 19       		.uleb128 0x19
 1992 0150 18       		.uleb128 0x18
 1993 0151 00       		.byte	0
 1994 0152 00       		.byte	0
 1995 0153 00       		.byte	0
 1996 0154 1A       		.uleb128 0x1a
 1997 0155 34       		.uleb128 0x34
 1998 0156 00       		.byte	0
 1999 0157 03       		.uleb128 0x3
 2000 0158 0E       		.uleb128 0xe
 2001 0159 3A       		.uleb128 0x3a
 2002 015a 0B       		.uleb128 0xb
 2003 015b 3B       		.uleb128 0x3b
 2004 015c 0B       		.uleb128 0xb
 2005 015d 49       		.uleb128 0x49
 2006 015e 13       		.uleb128 0x13
 2007 015f 02       		.uleb128 0x2
 2008 0160 18       		.uleb128 0x18
 2009 0161 00       		.byte	0
 2010 0162 00       		.byte	0
 2011 0163 1B       		.uleb128 0x1b
 2012 0164 21       		.uleb128 0x21
ARM GAS  C:\Users\klabu\AppData\Local\Temp\ccjrXmgV.s 			page 41


 2013 0165 00       		.byte	0
 2014 0166 49       		.uleb128 0x49
 2015 0167 13       		.uleb128 0x13
 2016 0168 2F       		.uleb128 0x2f
 2017 0169 05       		.uleb128 0x5
 2018 016a 00       		.byte	0
 2019 016b 00       		.byte	0
 2020 016c 1C       		.uleb128 0x1c
 2021 016d 2E       		.uleb128 0x2e
 2022 016e 01       		.byte	0x1
 2023 016f 3F       		.uleb128 0x3f
 2024 0170 19       		.uleb128 0x19
 2025 0171 03       		.uleb128 0x3
 2026 0172 0E       		.uleb128 0xe
 2027 0173 3A       		.uleb128 0x3a
 2028 0174 0B       		.uleb128 0xb
 2029 0175 3B       		.uleb128 0x3b
 2030 0176 0B       		.uleb128 0xb
 2031 0177 49       		.uleb128 0x49
 2032 0178 13       		.uleb128 0x13
 2033 0179 11       		.uleb128 0x11
 2034 017a 01       		.uleb128 0x1
 2035 017b 12       		.uleb128 0x12
 2036 017c 06       		.uleb128 0x6
 2037 017d 40       		.uleb128 0x40
 2038 017e 18       		.uleb128 0x18
 2039 017f 9642     		.uleb128 0x2116
 2040 0181 19       		.uleb128 0x19
 2041 0182 01       		.uleb128 0x1
 2042 0183 13       		.uleb128 0x13
 2043 0184 00       		.byte	0
 2044 0185 00       		.byte	0
 2045 0186 1D       		.uleb128 0x1d
 2046 0187 34       		.uleb128 0x34
 2047 0188 00       		.byte	0
 2048 0189 03       		.uleb128 0x3
 2049 018a 0E       		.uleb128 0xe
 2050 018b 3A       		.uleb128 0x3a
 2051 018c 0B       		.uleb128 0xb
 2052 018d 3B       		.uleb128 0x3b
 2053 018e 05       		.uleb128 0x5
 2054 018f 49       		.uleb128 0x49
 2055 0190 13       		.uleb128 0x13
 2056 0191 3F       		.uleb128 0x3f
 2057 0192 19       		.uleb128 0x19
 2058 0193 3C       		.uleb128 0x3c
 2059 0194 19       		.uleb128 0x19
 2060 0195 00       		.byte	0
 2061 0196 00       		.byte	0
 2062 0197 1E       		.uleb128 0x1e
 2063 0198 34       		.uleb128 0x34
 2064 0199 00       		.byte	0
 2065 019a 03       		.uleb128 0x3
 2066 019b 0E       		.uleb128 0xe
 2067 019c 3A       		.uleb128 0x3a
 2068 019d 0B       		.uleb128 0xb
 2069 019e 3B       		.uleb128 0x3b
ARM GAS  C:\Users\klabu\AppData\Local\Temp\ccjrXmgV.s 			page 42


 2070 019f 0B       		.uleb128 0xb
 2071 01a0 49       		.uleb128 0x49
 2072 01a1 13       		.uleb128 0x13
 2073 01a2 3F       		.uleb128 0x3f
 2074 01a3 19       		.uleb128 0x19
 2075 01a4 02       		.uleb128 0x2
 2076 01a5 18       		.uleb128 0x18
 2077 01a6 00       		.byte	0
 2078 01a7 00       		.byte	0
 2079 01a8 00       		.byte	0
 2080              		.section	.debug_aranges,"",%progbits
 2081 0000 6C000000 		.4byte	0x6c
 2082 0004 0200     		.2byte	0x2
 2083 0006 00000000 		.4byte	.Ldebug_info0
 2084 000a 04       		.byte	0x4
 2085 000b 00       		.byte	0
 2086 000c 0000     		.2byte	0
 2087 000e 0000     		.2byte	0
 2088 0010 00000000 		.4byte	.LFB64
 2089 0014 0C000000 		.4byte	.LFE64-.LFB64
 2090 0018 00000000 		.4byte	.LFB65
 2091 001c 0C000000 		.4byte	.LFE65-.LFB65
 2092 0020 00000000 		.4byte	.LFB66
 2093 0024 20000000 		.4byte	.LFE66-.LFB66
 2094 0028 00000000 		.4byte	.LFB67
 2095 002c 0C000000 		.4byte	.LFE67-.LFB67
 2096 0030 00000000 		.4byte	.LFB68
 2097 0034 38000000 		.4byte	.LFE68-.LFB68
 2098 0038 00000000 		.4byte	.LFB69
 2099 003c F0000000 		.4byte	.LFE69-.LFB69
 2100 0040 00000000 		.4byte	.LFB70
 2101 0044 78000000 		.4byte	.LFE70-.LFB70
 2102 0048 00000000 		.4byte	.LFB71
 2103 004c 5A000000 		.4byte	.LFE71-.LFB71
 2104 0050 00000000 		.4byte	.LFB72
 2105 0054 40000000 		.4byte	.LFE72-.LFB72
 2106 0058 00000000 		.4byte	.LFB73
 2107 005c 74000000 		.4byte	.LFE73-.LFB73
 2108 0060 00000000 		.4byte	.LFB74
 2109 0064 3C000000 		.4byte	.LFE74-.LFB74
 2110 0068 00000000 		.4byte	0
 2111 006c 00000000 		.4byte	0
 2112              		.section	.debug_ranges,"",%progbits
 2113              	.Ldebug_ranges0:
 2114 0000 00000000 		.4byte	.LFB64
 2115 0004 0C000000 		.4byte	.LFE64
 2116 0008 00000000 		.4byte	.LFB65
 2117 000c 0C000000 		.4byte	.LFE65
 2118 0010 00000000 		.4byte	.LFB66
 2119 0014 20000000 		.4byte	.LFE66
 2120 0018 00000000 		.4byte	.LFB67
 2121 001c 0C000000 		.4byte	.LFE67
 2122 0020 00000000 		.4byte	.LFB68
 2123 0024 38000000 		.4byte	.LFE68
 2124 0028 00000000 		.4byte	.LFB69
 2125 002c F0000000 		.4byte	.LFE69
 2126 0030 00000000 		.4byte	.LFB70
ARM GAS  C:\Users\klabu\AppData\Local\Temp\ccjrXmgV.s 			page 43


 2127 0034 78000000 		.4byte	.LFE70
 2128 0038 00000000 		.4byte	.LFB71
 2129 003c 5A000000 		.4byte	.LFE71
 2130 0040 00000000 		.4byte	.LFB72
 2131 0044 40000000 		.4byte	.LFE72
 2132 0048 00000000 		.4byte	.LFB73
 2133 004c 74000000 		.4byte	.LFE73
 2134 0050 00000000 		.4byte	.LFB74
 2135 0054 3C000000 		.4byte	.LFE74
 2136 0058 00000000 		.4byte	0
 2137 005c 00000000 		.4byte	0
 2138              		.section	.debug_line,"",%progbits
 2139              	.Ldebug_line0:
 2140 0000 C0030000 		.section	.debug_str,"MS",%progbits,1
 2140      02008802 
 2140      00000201 
 2140      FB0E0D00 
 2140      01010101 
 2141              	.LASF47:
 2142 0000 6D6F6465 		.ascii	"model_id\000"
 2142      6C5F6964 
 2142      00
 2143              	.LASF79:
 2144 0009 745F6F66 		.ascii	"t_of_day\000"
 2144      5F646179 
 2144      00
 2145              	.LASF46:
 2146 0012 73696D5F 		.ascii	"sim_id\000"
 2146      696400
 2147              	.LASF20:
 2148 0019 746D5F6D 		.ascii	"tm_mday\000"
 2148      64617900 
 2149              	.LASF67:
 2150 0021 64656275 		.ascii	"debug_sleep\000"
 2150      675F736C 
 2150      65657000 
 2151              	.LASF39:
 2152 002d 74657374 		.ascii	"test_name\000"
 2152      5F6E616D 
 2152      6500
 2153              	.LASF84:
 2154 0037 696E7075 		.ascii	"input_str\000"
 2154      745F7374 
 2154      7200
 2155              	.LASF65:
 2156 0041 64656275 		.ascii	"debug_start\000"
 2156      675F7374 
 2156      61727400 
 2157              	.LASF2:
 2158 004d 73686F72 		.ascii	"short int\000"
 2158      7420696E 
 2158      7400
 2159              	.LASF12:
 2160 0057 73697A65 		.ascii	"sizetype\000"
 2160      74797065 
 2160      00
 2161              	.LASF83:
ARM GAS  C:\Users\klabu\AppData\Local\Temp\ccjrXmgV.s 			page 44


 2162 0060 73747265 		.ascii	"strextract\000"
 2162      78747261 
 2162      637400
 2163              	.LASF88:
 2164 006b 62656769 		.ascii	"begin\000"
 2164      6E00
 2165              	.LASF101:
 2166 0071 474E5520 		.ascii	"GNU C11 5.4.1 20160609 (release) [ARM/embedded-5-br"
 2166      43313120 
 2166      352E342E 
 2166      31203230 
 2166      31363036 
 2167 00a4 616E6368 		.ascii	"anch revision 237715] -mcpu=cortex-m3 -mthumb -g -O"
 2167      20726576 
 2167      6973696F 
 2167      6E203233 
 2167      37373135 
 2168 00d7 30202D66 		.ascii	"0 -ffunction-sections -ffat-lto-objects\000"
 2168      66756E63 
 2168      74696F6E 
 2168      2D736563 
 2168      74696F6E 
 2169              	.LASF23:
 2170 00ff 746D5F77 		.ascii	"tm_wday\000"
 2170      64617900 
 2171              	.LASF6:
 2172 0107 6C6F6E67 		.ascii	"long long int\000"
 2172      206C6F6E 
 2172      6720696E 
 2172      7400
 2173              	.LASF82:
 2174 0115 5F777269 		.ascii	"_write\000"
 2174      746500
 2175              	.LASF77:
 2176 011c 67657454 		.ascii	"getTimeStamp\000"
 2176      696D6553 
 2176      74616D70 
 2176      00
 2177              	.LASF32:
 2178 0129 486F7572 		.ascii	"Hour\000"
 2178      00
 2179              	.LASF69:
 2180 012e 66696C65 		.ascii	"file\000"
 2180      00
 2181              	.LASF52:
 2182 0133 65636E6F 		.ascii	"ecno\000"
 2182      00
 2183              	.LASF43:
 2184 0138 76616C75 		.ascii	"value\000"
 2184      6500
 2185              	.LASF28:
 2186 013e 75696E74 		.ascii	"uint16\000"
 2186      313600
 2187              	.LASF15:
 2188 0145 74696D65 		.ascii	"time_t\000"
 2188      5F7400
 2189              	.LASF26:
ARM GAS  C:\Users\klabu\AppData\Local\Temp\ccjrXmgV.s 			page 45


 2190 014c 76615F6C 		.ascii	"va_list\000"
 2190      69737400 
 2191              	.LASF92:
 2192 0154 64617461 		.ascii	"dataPointsInStack\000"
 2192      506F696E 
 2192      7473496E 
 2192      53746163 
 2192      6B00
 2193              	.LASF27:
 2194 0166 75696E74 		.ascii	"uint8\000"
 2194      3800
 2195              	.LASF85:
 2196 016c 6F757470 		.ascii	"output_str\000"
 2196      75745F73 
 2196      747200
 2197              	.LASF51:
 2198 0177 72736370 		.ascii	"rscp\000"
 2198      00
 2199              	.LASF44:
 2200 017c 74696D65 		.ascii	"timeStamp\000"
 2200      5374616D 
 2200      7000
 2201              	.LASF19:
 2202 0186 746D5F68 		.ascii	"tm_hour\000"
 2202      6F757200 
 2203              	.LASF30:
 2204 018e 666C6F61 		.ascii	"float\000"
 2204      7400
 2205              	.LASF33:
 2206 0194 4461794F 		.ascii	"DayOfWeek\000"
 2206      66576565 
 2206      6B00
 2207              	.LASF21:
 2208 019e 746D5F6D 		.ascii	"tm_mon\000"
 2208      6F6E00
 2209              	.LASF71:
 2210 01a5 666F726D 		.ascii	"format\000"
 2210      617400
 2211              	.LASF87:
 2212 01ac 73656172 		.ascii	"search_end\000"
 2212      63685F65 
 2212      6E6400
 2213              	.LASF16:
 2214 01b7 5F5F7661 		.ascii	"__va_list\000"
 2214      5F6C6973 
 2214      7400
 2215              	.LASF13:
 2216 01c1 63686172 		.ascii	"char\000"
 2216      00
 2217              	.LASF49:
 2218 01c6 6D6F6465 		.ascii	"modem_info_t\000"
 2218      6D5F696E 
 2218      666F5F74 
 2218      00
 2219              	.LASF41:
 2220 01d3 72656173 		.ascii	"reason\000"
 2220      6F6E00
ARM GAS  C:\Users\klabu\AppData\Local\Temp\ccjrXmgV.s 			page 46


 2221              	.LASF4:
 2222 01da 6C6F6E67 		.ascii	"long int\000"
 2222      20696E74 
 2222      00
 2223              	.LASF86:
 2224 01e3 73656172 		.ascii	"search_start\000"
 2224      63685F73 
 2224      74617274 
 2224      00
 2225              	.LASF89:
 2226 01f0 7072696E 		.ascii	"printd\000"
 2226      746400
 2227              	.LASF97:
 2228 01f7 6D6F6465 		.ascii	"modem_info\000"
 2228      6D5F696E 
 2228      666F00
 2229              	.LASF37:
 2230 0202 59656172 		.ascii	"Year\000"
 2230      00
 2231              	.LASF100:
 2232 0207 42425F66 		.ascii	"BB_fileName\000"
 2232      696C654E 
 2232      616D6500 
 2233              	.LASF60:
 2234 0213 6D656173 		.ascii	"measure_time\000"
 2234      7572655F 
 2234      74696D65 
 2234      00
 2235              	.LASF36:
 2236 0220 4D6F6E74 		.ascii	"Month\000"
 2236      6800
 2237              	.LASF9:
 2238 0226 6C6F6E67 		.ascii	"long double\000"
 2238      20646F75 
 2238      626C6500 
 2239              	.LASF99:
 2240 0232 75706461 		.ascii	"updatable_parameters\000"
 2240      7461626C 
 2240      655F7061 
 2240      72616D65 
 2240      74657273 
 2241              	.LASF1:
 2242 0247 756E7369 		.ascii	"unsigned char\000"
 2242      676E6564 
 2242      20636861 
 2242      7200
 2243              	.LASF54:
 2244 0255 72737270 		.ascii	"rsrp\000"
 2244      00
 2245              	.LASF103:
 2246 025a 433A5C55 		.ascii	"C:\\Users\\klabu\\OneDrive\\Documents\\GitHub\\noto"
 2246      73657273 
 2246      5C6B6C61 
 2246      62755C4F 
 2246      6E654472 
 2247 0287 72694F53 		.ascii	"riOS\\notoriOS.cydsn\000"
 2247      5C6E6F74 
ARM GAS  C:\Users\klabu\AppData\Local\Temp\ccjrXmgV.s 			page 47


 2247      6F72694F 
 2247      532E6379 
 2247      64736E00 
 2248              	.LASF96:
 2249 029b 6D6F6465 		.ascii	"modem_start_time_stamp\000"
 2249      6D5F7374 
 2249      6172745F 
 2249      74696D65 
 2249      5F737461 
 2250              	.LASF94:
 2251 02b2 64617461 		.ascii	"data\000"
 2251      00
 2252              	.LASF93:
 2253 02b7 64617461 		.ascii	"dataPointsInStackDesired\000"
 2253      506F696E 
 2253      7473496E 
 2253      53746163 
 2253      6B446573 
 2254              	.LASF102:
 2255 02d0 64656275 		.ascii	"debug.c\000"
 2255      672E6300 
 2256              	.LASF0:
 2257 02d8 7369676E 		.ascii	"signed char\000"
 2257      65642063 
 2257      68617200 
 2258              	.LASF22:
 2259 02e4 746D5F79 		.ascii	"tm_year\000"
 2259      65617200 
 2260              	.LASF7:
 2261 02ec 6C6F6E67 		.ascii	"long long unsigned int\000"
 2261      206C6F6E 
 2261      6720756E 
 2261      7369676E 
 2261      65642069 
 2262              	.LASF70:
 2263 0303 74797065 		.ascii	"type\000"
 2263      00
 2264              	.LASF8:
 2265 0308 756E7369 		.ascii	"unsigned int\000"
 2265      676E6564 
 2265      20696E74 
 2265      00
 2266              	.LASF45:
 2267 0315 6B65795F 		.ascii	"key_value_t\000"
 2267      76616C75 
 2267      655F7400 
 2268              	.LASF50:
 2269 0321 72786C65 		.ascii	"rxlev\000"
 2269      7600
 2270              	.LASF61:
 2271 0327 73796E63 		.ascii	"sync_time\000"
 2271      5F74696D 
 2271      6500
 2272              	.LASF76:
 2273 0331 74657374 		.ascii	"test\000"
 2273      00
 2274              	.LASF98:
ARM GAS  C:\Users\klabu\AppData\Local\Temp\ccjrXmgV.s 			page 48


 2275 0336 6D6F6465 		.ascii	"modem_stats\000"
 2275      6D5F7374 
 2275      61747300 
 2276              	.LASF64:
 2277 0342 75706461 		.ascii	"updatable_parameters_t\000"
 2277      7461626C 
 2277      655F7061 
 2277      72616D65 
 2277      74657273 
 2278              	.LASF59:
 2279 0359 73696D5F 		.ascii	"sim_type\000"
 2279      74797065 
 2279      00
 2280              	.LASF3:
 2281 0362 73686F72 		.ascii	"short unsigned int\000"
 2281      7420756E 
 2281      7369676E 
 2281      65642069 
 2281      6E7400
 2282              	.LASF55:
 2283 0375 74696D65 		.ascii	"time_to_network_connect\000"
 2283      5F746F5F 
 2283      6E657477 
 2283      6F726B5F 
 2283      636F6E6E 
 2284              	.LASF40:
 2285 038d 73746174 		.ascii	"status\000"
 2285      757300
 2286              	.LASF104:
 2287 0394 5F5F6170 		.ascii	"__ap\000"
 2287      00
 2288              	.LASF56:
 2289 0399 74696D65 		.ascii	"time_to_acquire_ip\000"
 2289      5F746F5F 
 2289      61637175 
 2289      6972655F 
 2289      697000
 2290              	.LASF63:
 2291 03ac 5F426F6F 		.ascii	"_Bool\000"
 2291      6C00
 2292              	.LASF48:
 2293 03b2 696D6569 		.ascii	"imei\000"
 2293      00
 2294              	.LASF75:
 2295 03b7 7072696E 		.ascii	"printTestStatus\000"
 2295      74546573 
 2295      74537461 
 2295      74757300 
 2296              	.LASF14:
 2297 03c7 696E7433 		.ascii	"int32_t\000"
 2297      325F7400 
 2298              	.LASF72:
 2299 03cf 64656275 		.ascii	"debug_string\000"
 2299      675F7374 
 2299      72696E67 
 2299      00
 2300              	.LASF57:
ARM GAS  C:\Users\klabu\AppData\Local\Temp\ccjrXmgV.s 			page 49


 2301 03dc 6D6F6465 		.ascii	"modem_stats_t\000"
 2301      6D5F7374 
 2301      6174735F 
 2301      7400
 2302              	.LASF95:
 2303 03ea 6D6F6465 		.ascii	"modem_state\000"
 2303      6D5F7374 
 2303      61746500 
 2304              	.LASF81:
 2305 03f6 73747269 		.ascii	"string\000"
 2305      6E6700
 2306              	.LASF78:
 2307 03fd 6C6F6361 		.ascii	"localTime\000"
 2307      6C54696D 
 2307      6500
 2308              	.LASF34:
 2309 0407 4461794F 		.ascii	"DayOfMonth\000"
 2309      664D6F6E 
 2309      746800
 2310              	.LASF53:
 2311 0412 72737271 		.ascii	"rsrq\000"
 2311      00
 2312              	.LASF18:
 2313 0417 746D5F6D 		.ascii	"tm_min\000"
 2313      696E00
 2314              	.LASF91:
 2315 041e 62756666 		.ascii	"buffer_overflow\000"
 2315      65725F6F 
 2315      76657266 
 2315      6C6F7700 
 2316              	.LASF25:
 2317 042e 746D5F69 		.ascii	"tm_isdst\000"
 2317      73647374 
 2317      00
 2318              	.LASF66:
 2319 0437 64656275 		.ascii	"debug_stop\000"
 2319      675F7374 
 2319      6F7000
 2320              	.LASF5:
 2321 0442 6C6F6E67 		.ascii	"long unsigned int\000"
 2321      20756E73 
 2321      69676E65 
 2321      6420696E 
 2321      7400
 2322              	.LASF24:
 2323 0454 746D5F79 		.ascii	"tm_yday\000"
 2323      64617900 
 2324              	.LASF29:
 2325 045c 696E7433 		.ascii	"int32\000"
 2325      3200
 2326              	.LASF31:
 2327 0462 646F7562 		.ascii	"double\000"
 2327      6C6500
 2328              	.LASF73:
 2329 0469 61726770 		.ascii	"argptr\000"
 2329      747200
 2330              	.LASF62:
ARM GAS  C:\Users\klabu\AppData\Local\Temp\ccjrXmgV.s 			page 50


 2331 0470 64656275 		.ascii	"debug_level\000"
 2331      675F6C65 
 2331      76656C00 
 2332              	.LASF10:
 2333 047c 5F5F696E 		.ascii	"__int32_t\000"
 2333      7433325F 
 2333      7400
 2334              	.LASF42:
 2335 0486 74657374 		.ascii	"test_t\000"
 2335      5F7400
 2336              	.LASF11:
 2337 048d 5F5F676E 		.ascii	"__gnuc_va_list\000"
 2337      75635F76 
 2337      615F6C69 
 2337      737400
 2338              	.LASF68:
 2339 049c 64656275 		.ascii	"debug_wakeup\000"
 2339      675F7761 
 2339      6B657570 
 2339      00
 2340              	.LASF74:
 2341 04a9 7072696E 		.ascii	"printNotif\000"
 2341      744E6F74 
 2341      696600
 2342              	.LASF17:
 2343 04b4 746D5F73 		.ascii	"tm_sec\000"
 2343      656300
 2344              	.LASF90:
 2345 04bb 49544D5F 		.ascii	"ITM_RxBuffer\000"
 2345      52784275 
 2345      66666572 
 2345      00
 2346              	.LASF38:
 2347 04c8 5254435F 		.ascii	"RTC_TIME_DATE\000"
 2347      54494D45 
 2347      5F444154 
 2347      4500
 2348              	.LASF58:
 2349 04d6 6E6F6465 		.ascii	"node_type\000"
 2349      5F747970 
 2349      6500
 2350              	.LASF80:
 2351 04e0 73747269 		.ascii	"stripEscapeCharacters\000"
 2351      70457363 
 2351      61706543 
 2351      68617261 
 2351      63746572 
 2352              	.LASF35:
 2353 04f6 4461794F 		.ascii	"DayOfYear\000"
 2353      66596561 
 2353      7200
 2354              		.ident	"GCC: (GNU Tools for ARM Embedded Processors) 5.4.1 20160609 (release) [ARM/embedded-5-bran
