ARM GAS  C:\Users\kland\AppData\Local\Temp\ccAXjS0j.s 			page 1


   1              		.syntax unified
   2              		.cpu cortex-m3
   3              		.fpu softvfp
   4              		.eabi_attribute 20, 1
   5              		.eabi_attribute 21, 1
   6              		.eabi_attribute 23, 3
   7              		.eabi_attribute 24, 1
   8              		.eabi_attribute 25, 1
   9              		.eabi_attribute 26, 1
  10              		.eabi_attribute 30, 6
  11              		.eabi_attribute 34, 1
  12              		.eabi_attribute 18, 4
  13              		.thumb
  14              		.syntax unified
  15              		.file	"level_sensor.c"
  16              		.text
  17              	.Ltext0:
  18              		.cfi_sections	.debug_frame
  19              		.comm	level_sensor_inbox,100,4
  20              		.comm	level_sensor_enabled,1,1
  21              		.comm	buffer_overflow,1,1
  22              		.comm	dataPointsInStack,2,2
  23              		.comm	dataPointsInStackDesired,2,2
  24              		.comm	data,6600,4
  25              		.comm	modem_state,1,1
  26              		.comm	modem_start_time_stamp,4,4
  27              		.comm	modem_info,60,4
  28              		.comm	modem_stats,32,4
  29              		.comm	updatable_parameters,11,4
  30              		.syntax unified
  31              		.global _printf_float
  32              		.thumb
  33              		.syntax unified
  34              		.comm	App_LED_enabled,1,1
  35              		.comm	app_led_inbox,100,4
  36              		.comm	valve_diameter,4,4
  37              		.comm	valve_type,10,4
  38              		.comm	valve_enabled,1,1
  39              		.comm	valve_inbox,100,4
  40              		.comm	autosampler_enabled,1,1
  41              		.comm	autosampler_inbox,100,4
  42              		.comm	sontek_enabled,1,1
  43              		.comm	Sontek_inbox,100,4
  44              		.comm	http_request,10000,4
  45              		.comm	http_body,10000,4
  46              		.comm	http_route,200,4
  47              		.comm	system_info,28,4
  48              		.comm	system_settings,104,4
  49              		.comm	alarmMeasure,6,4
  50              		.comm	timeToMeasure,1,1
  51              		.comm	alarmSync,6,4
  52              		.comm	timeToSync,1,1
  53              		.comm	timeToSycnRemoteParams,1,1
  54              		.comm	hey,1,1
  55              		.comm	alarmAppLED,6,4
  56              		.comm	timeToAppLED,1,1
  57              		.comm	alarmLevelSensor,6,4
ARM GAS  C:\Users\kland\AppData\Local\Temp\ccAXjS0j.s 			page 2


  58              		.comm	timeToLevelSensor,1,1
  59              		.comm	alarmDownstreamLevelSensor,6,4
  60              		.comm	timeToDownstreamLevelSensor,1,1
  61              		.comm	alarmValve,6,4
  62              		.comm	timeToValve,1,1
  63              		.comm	alarmAutosampler,6,4
  64              		.comm	timeToAutosampler,1,1
  65              		.comm	alarmSontek,6,4
  66              		.comm	timeToSontek,1,1
  67              		.bss
  68              		.align	2
  69              	uart_chars:
  70 0000 00000000 		.space	257
  70      00000000 
  70      00000000 
  70      00000000 
  70      00000000 
  71              	num_chars:
  72 0101 00       		.space	1
  73              		.data
  74              		.align	2
  75              		.type	line, %object
  76              		.size	line, 4
  77              	line:
  78 0000 00000000 		.word	uart_chars
  79              		.bss
  80 0102 0000     		.align	2
  81              	match:
  82 0104 00000000 		.space	4
  83              		.align	2
  84              	pattern:
  85 0108 00000000 		.space	4
  86              		.section	.text.uart_string,"ax",%progbits
  87              		.align	2
  88              		.global	uart_string
  89              		.thumb
  90              		.thumb_func
  91              		.type	uart_string, %function
  92              	uart_string:
  93              	.LFB64:
  94              		.file 1 "level_sensor.c"
   1:level_sensor.c **** #include "level_sensor.h"
   2:level_sensor.c **** #include "notoriOS.h"
   3:level_sensor.c **** #include "debug.h"
   4:level_sensor.c **** 
   5:level_sensor.c **** /* === Driver Functions === */
   6:level_sensor.c **** 
   7:level_sensor.c **** //Sensor related global calls
   8:level_sensor.c **** 
   9:level_sensor.c **** 
  10:level_sensor.c **** // Circular buffer of recently received chars.
  11:level_sensor.c **** // Initialize all the members of the array uart_chars to 0. 
  12:level_sensor.c **** static char uart_chars[257] = {0};
  13:level_sensor.c **** static uint8_t num_chars = 0;
  14:level_sensor.c **** 
  15:level_sensor.c **** static const char *line = uart_chars;
  16:level_sensor.c **** // Only pointers can be null, where null is a special address used to signify that the pointer is n
ARM GAS  C:\Users\kland\AppData\Local\Temp\ccAXjS0j.s 			page 3


  17:level_sensor.c **** // Pointers are not initialized to null by default, you must do so if you want them initialized.
  18:level_sensor.c **** static const char *match = NULL;
  19:level_sensor.c **** static const char *pattern = NULL;
  20:level_sensor.c **** 
  21:level_sensor.c **** 
  22:level_sensor.c **** // This is only defined in c file so this function will return the location in memory where that va
  23:level_sensor.c **** const char *uart_string(void) {
  95              		.loc 1 23 0
  96              		.cfi_startproc
  97              		@ args = 0, pretend = 0, frame = 0
  98              		@ frame_needed = 1, uses_anonymous_args = 0
  99              		@ link register save eliminated.
 100 0000 80B4     		push	{r7}
 101              		.cfi_def_cfa_offset 4
 102              		.cfi_offset 7, -4
 103 0002 00AF     		add	r7, sp, #0
 104              		.cfi_def_cfa_register 7
  24:level_sensor.c ****     // Variables in front of a variable is casting 
  25:level_sensor.c ****     // uart_chars may be a different variable type, make sure to cast it as a char
  26:level_sensor.c ****   return (char*)uart_chars;
 105              		.loc 1 26 0
 106 0004 024B     		ldr	r3, .L3
  27:level_sensor.c **** }
 107              		.loc 1 27 0
 108 0006 1846     		mov	r0, r3
 109 0008 BD46     		mov	sp, r7
 110              		.cfi_def_cfa_register 13
 111              		@ sp needed
 112 000a 80BC     		pop	{r7}
 113              		.cfi_restore 7
 114              		.cfi_def_cfa_offset 0
 115 000c 7047     		bx	lr
 116              	.L4:
 117 000e 00BF     		.align	2
 118              	.L3:
 119 0010 00000000 		.word	uart_chars
 120              		.cfi_endproc
 121              	.LFE64:
 122              		.size	uart_string, .-uart_string
 123              		.section	.text.uart_len,"ax",%progbits
 124              		.align	2
 125              		.global	uart_len
 126              		.thumb
 127              		.thumb_func
 128              		.type	uart_len, %function
 129              	uart_len:
 130              	.LFB65:
  28:level_sensor.c **** 
  29:level_sensor.c **** // Return the number of characters of the level sensor reading
  30:level_sensor.c **** uint8_t uart_len(void) {
 131              		.loc 1 30 0
 132              		.cfi_startproc
 133              		@ args = 0, pretend = 0, frame = 0
 134              		@ frame_needed = 1, uses_anonymous_args = 0
 135              		@ link register save eliminated.
 136 0000 80B4     		push	{r7}
 137              		.cfi_def_cfa_offset 4
ARM GAS  C:\Users\kland\AppData\Local\Temp\ccAXjS0j.s 			page 4


 138              		.cfi_offset 7, -4
 139 0002 00AF     		add	r7, sp, #0
 140              		.cfi_def_cfa_register 7
  31:level_sensor.c ****   return num_chars;
 141              		.loc 1 31 0
 142 0004 024B     		ldr	r3, .L7
 143 0006 1B78     		ldrb	r3, [r3]	@ zero_extendqisi2
  32:level_sensor.c **** }
 144              		.loc 1 32 0
 145 0008 1846     		mov	r0, r3
 146 000a BD46     		mov	sp, r7
 147              		.cfi_def_cfa_register 13
 148              		@ sp needed
 149 000c 80BC     		pop	{r7}
 150              		.cfi_restore 7
 151              		.cfi_def_cfa_offset 0
 152 000e 7047     		bx	lr
 153              	.L8:
 154              		.align	2
 155              	.L7:
 156 0010 01010000 		.word	num_chars
 157              		.cfi_endproc
 158              	.LFE65:
 159              		.size	uart_len, .-uart_len
 160              		.section	.text.uart_clear,"ax",%progbits
 161              		.align	2
 162              		.global	uart_clear
 163              		.thumb
 164              		.thumb_func
 165              		.type	uart_clear, %function
 166              	uart_clear:
 167              	.LFB66:
  33:level_sensor.c **** 
  34:level_sensor.c **** // Clears the sensor data 
  35:level_sensor.c **** void uart_clear(void) {
 168              		.loc 1 35 0
 169              		.cfi_startproc
 170              		@ args = 0, pretend = 0, frame = 0
 171              		@ frame_needed = 1, uses_anonymous_args = 0
 172 0000 80B5     		push	{r7, lr}
 173              		.cfi_def_cfa_offset 8
 174              		.cfi_offset 7, -8
 175              		.cfi_offset 14, -4
 176 0002 00AF     		add	r7, sp, #0
 177              		.cfi_def_cfa_register 7
  36:level_sensor.c ****   // UART_ClearRxBuffer(): Clears the receiver memory buffer and hardware RX FIFO of all received d
  37:level_sensor.c ****   Level_Sensor_UART_ClearRxBuffer();
 178              		.loc 1 37 0
 179 0004 FFF7FEFF 		bl	Level_Sensor_UART_ClearRxBuffer
  38:level_sensor.c ****   // void *memset(void *str, int c, size_t n) where str is a pointer to the block of memory to fill
  39:level_sensor.c ****   // The value is passed as an int, but the function fills the block of memory using the unsigned c
  40:level_sensor.c ****   // n is the number of bytes to be set to the value.
  41:level_sensor.c ****   memset((void*)uart_chars, 0, 256);
 180              		.loc 1 41 0
 181 0008 4FF48072 		mov	r2, #256
 182 000c 0021     		movs	r1, #0
 183 000e 0448     		ldr	r0, .L10
ARM GAS  C:\Users\kland\AppData\Local\Temp\ccAXjS0j.s 			page 5


 184 0010 FFF7FEFF 		bl	memset
  42:level_sensor.c ****   num_chars = 0;
 185              		.loc 1 42 0
 186 0014 034B     		ldr	r3, .L10+4
 187 0016 0022     		movs	r2, #0
 188 0018 1A70     		strb	r2, [r3]
  43:level_sensor.c **** }
 189              		.loc 1 43 0
 190 001a 00BF     		nop
 191 001c 80BD     		pop	{r7, pc}
 192              	.L11:
 193 001e 00BF     		.align	2
 194              	.L10:
 195 0020 00000000 		.word	uart_chars
 196 0024 01010000 		.word	num_chars
 197              		.cfi_endproc
 198              	.LFE66:
 199              		.size	uart_clear, .-uart_clear
 200              		.section	.text.Level_Sensor_ISR,"ax",%progbits
 201              		.align	2
 202              		.global	Level_Sensor_ISR
 203              		.thumb
 204              		.thumb_func
 205              		.type	Level_Sensor_ISR, %function
 206              	Level_Sensor_ISR:
 207              	.LFB67:
  44:level_sensor.c **** 
  45:level_sensor.c **** // ISR: Interrupt Service Routine
  46:level_sensor.c **** CY_ISR(Level_Sensor_ISR) {
 208              		.loc 1 46 0
 209              		.cfi_startproc
 210              		@ args = 0, pretend = 0, frame = 8
 211              		@ frame_needed = 1, uses_anonymous_args = 0
 212 0000 80B5     		push	{r7, lr}
 213              		.cfi_def_cfa_offset 8
 214              		.cfi_offset 7, -8
 215              		.cfi_offset 14, -4
 216 0002 82B0     		sub	sp, sp, #8
 217              		.cfi_def_cfa_offset 16
 218 0004 00AF     		add	r7, sp, #0
 219              		.cfi_def_cfa_register 7
  47:level_sensor.c ****     /* Store received char in uart_chars.
  48:level_sensor.c ****     Returns the last received byte of data. Level_Sensor_UART_GetChar() is designed for ASCII chara
  49:level_sensor.c ****     1 to 255 are values for valid characters and 0 indicats an error occurred or no data is present
  50:level_sensor.c ****     char rx_char = Level_Sensor_UART_GetChar();
 220              		.loc 1 50 0
 221 0006 FFF7FEFF 		bl	Level_Sensor_UART_GetChar
 222 000a 0346     		mov	r3, r0
 223 000c FB71     		strb	r3, [r7, #7]
  51:level_sensor.c ****     // UART_GetChar() returns data, then set the entire uart_chars array to rx_char.
  52:level_sensor.c ****     if (rx_char) uart_chars[num_chars++] = rx_char;
 224              		.loc 1 52 0
 225 000e FB79     		ldrb	r3, [r7, #7]	@ zero_extendqisi2
 226 0010 002B     		cmp	r3, #0
 227 0012 09D0     		beq	.L13
 228              		.loc 1 52 0 is_stmt 0 discriminator 1
 229 0014 114B     		ldr	r3, .L16
ARM GAS  C:\Users\kland\AppData\Local\Temp\ccAXjS0j.s 			page 6


 230 0016 1B78     		ldrb	r3, [r3]	@ zero_extendqisi2
 231 0018 5A1C     		adds	r2, r3, #1
 232 001a D1B2     		uxtb	r1, r2
 233 001c 0F4A     		ldr	r2, .L16
 234 001e 1170     		strb	r1, [r2]
 235 0020 1946     		mov	r1, r3
 236 0022 0F4A     		ldr	r2, .L16+4
 237 0024 FB79     		ldrb	r3, [r7, #7]
 238 0026 5354     		strb	r3, [r2, r1]
 239              	.L13:
  53:level_sensor.c **** 
  54:level_sensor.c ****     /* Check pattern at end of line */
  55:level_sensor.c ****     if (rx_char == '\r') {
 240              		.loc 1 55 0 is_stmt 1
 241 0028 FB79     		ldrb	r3, [r7, #7]	@ zero_extendqisi2
 242 002a 0D2B     		cmp	r3, #13
 243 002c 11D1     		bne	.L15
  56:level_sensor.c ****         // strstr(): char *strstr(const char *haystack, const char *needle). haystack - main C stri
  57:level_sensor.c ****         match = strstr(line, pattern);
 244              		.loc 1 57 0
 245 002e 0D4B     		ldr	r3, .L16+8
 246 0030 1A68     		ldr	r2, [r3]
 247 0032 0D4B     		ldr	r3, .L16+12
 248 0034 1B68     		ldr	r3, [r3]
 249 0036 1946     		mov	r1, r3
 250 0038 1046     		mov	r0, r2
 251 003a FFF7FEFF 		bl	strstr
 252 003e 0246     		mov	r2, r0
 253 0040 0A4B     		ldr	r3, .L16+16
 254 0042 1A60     		str	r2, [r3]
  58:level_sensor.c ****         line = uart_chars + num_chars;
 255              		.loc 1 58 0
 256 0044 054B     		ldr	r3, .L16
 257 0046 1B78     		ldrb	r3, [r3]	@ zero_extendqisi2
 258 0048 1A46     		mov	r2, r3
 259 004a 054B     		ldr	r3, .L16+4
 260 004c 1344     		add	r3, r3, r2
 261 004e 054A     		ldr	r2, .L16+8
 262 0050 1360     		str	r3, [r2]
 263              	.L15:
  59:level_sensor.c ****     }
  60:level_sensor.c **** }
 264              		.loc 1 60 0
 265 0052 00BF     		nop
 266 0054 0837     		adds	r7, r7, #8
 267              		.cfi_def_cfa_offset 8
 268 0056 BD46     		mov	sp, r7
 269              		.cfi_def_cfa_register 13
 270              		@ sp needed
 271 0058 80BD     		pop	{r7, pc}
 272              	.L17:
 273 005a 00BF     		.align	2
 274              	.L16:
 275 005c 01010000 		.word	num_chars
 276 0060 00000000 		.word	uart_chars
 277 0064 00000000 		.word	line
 278 0068 08010000 		.word	pattern
ARM GAS  C:\Users\kland\AppData\Local\Temp\ccAXjS0j.s 			page 7


 279 006c 04010000 		.word	match
 280              		.cfi_endproc
 281              	.LFE67:
 282              		.size	Level_Sensor_ISR, .-Level_Sensor_ISR
 283              		.section	.text.Level_Sensor_Update,"ax",%progbits
 284              		.align	2
 285              		.global	Level_Sensor_Update
 286              		.thumb
 287              		.thumb_func
 288              		.type	Level_Sensor_Update, %function
 289              	Level_Sensor_Update:
 290              	.LFB68:
  61:level_sensor.c **** 
  62:level_sensor.c **** void Level_Sensor_Update(char * message){
 291              		.loc 1 62 0
 292              		.cfi_startproc
 293              		@ args = 0, pretend = 0, frame = 8
 294              		@ frame_needed = 1, uses_anonymous_args = 0
 295 0000 80B5     		push	{r7, lr}
 296              		.cfi_def_cfa_offset 8
 297              		.cfi_offset 7, -8
 298              		.cfi_offset 14, -4
 299 0002 82B0     		sub	sp, sp, #8
 300              		.cfi_def_cfa_offset 16
 301 0004 00AF     		add	r7, sp, #0
 302              		.cfi_def_cfa_register 7
 303 0006 7860     		str	r0, [r7, #4]
  63:level_sensor.c ****     strcpy(level_sensor_inbox, message);
 304              		.loc 1 63 0
 305 0008 7968     		ldr	r1, [r7, #4]
 306 000a 0348     		ldr	r0, .L19
 307 000c FFF7FEFF 		bl	strcpy
  64:level_sensor.c **** }
 308              		.loc 1 64 0
 309 0010 00BF     		nop
 310 0012 0837     		adds	r7, r7, #8
 311              		.cfi_def_cfa_offset 8
 312 0014 BD46     		mov	sp, r7
 313              		.cfi_def_cfa_register 13
 314              		@ sp needed
 315 0016 80BD     		pop	{r7, pc}
 316              	.L20:
 317              		.align	2
 318              	.L19:
 319 0018 00000000 		.word	level_sensor_inbox
 320              		.cfi_endproc
 321              	.LFE68:
 322              		.size	Level_Sensor_Update, .-Level_Sensor_Update
 323              		.section	.rodata
 324              		.align	2
 325              	.LC0:
 326 0000 4F464600 		.ascii	"OFF\000"
 327              		.align	2
 328              	.LC1:
 329 0004 4F4E00   		.ascii	"ON\000"
 330 0007 00       		.align	2
 331              	.LC2:
ARM GAS  C:\Users\kland\AppData\Local\Temp\ccAXjS0j.s 			page 8


 332 0008 256C6400 		.ascii	"%ld\000"
 333              		.align	2
 334              	.LC3:
 335 000c 256400   		.ascii	"%d\000"
 336 000f 00       		.align	2
 337              	.LC4:
 338 0010 6D617862 		.ascii	"maxbotix_depth=%s\000"
 338      6F746978 
 338      5F646570 
 338      74683D25 
 338      7300
 339 0022 0000     		.align	2
 340              	.LC5:
 341 0024 6D617862 		.ascii	"maxbotix_depth\000"
 341      6F746978 
 341      5F646570 
 341      746800
 342 0033 00       		.align	2
 343              	.LC6:
 344 0034 612B00   		.ascii	"a+\000"
 345 0037 00       		.align	2
 346              	.LC7:
 347 0038 64617461 		.ascii	"data.txt\000"
 347      2E747874 
 347      00
 348 0041 000000   		.align	2
 349              	.LC8:
 350 0044 206D6178 		.ascii	" maxbotix_depth: \000"
 350      626F7469 
 350      785F6465 
 350      7074683A 
 350      2000
 351 0056 0000     		.align	2
 352              	.LC9:
 353 0058 2000     		.ascii	" \000"
 354 005a 0000     		.align	2
 355              	.LC10:
 356 005c 436F756C 		.ascii	"Could not get valid readings from Maxbotix.\000"
 356      64206E6F 
 356      74206765 
 356      74207661 
 356      6C696420 
 357              		.align	2
 358              	.LC11:
 359 0088 2D3100   		.ascii	"-1\000"
 360              		.section	.text.level_sensor,"ax",%progbits
 361              		.align	2
 362              		.global	level_sensor
 363              		.thumb
 364              		.thumb_func
 365              		.type	level_sensor, %function
 366              	level_sensor:
 367              	.LFB69:
  65:level_sensor.c **** 
  66:level_sensor.c **** uint8 level_sensor(){
 368              		.loc 1 66 0
 369              		.cfi_startproc
ARM GAS  C:\Users\kland\AppData\Local\Temp\ccAXjS0j.s 			page 9


 370              		@ args = 0, pretend = 0, frame = 88
 371              		@ frame_needed = 1, uses_anonymous_args = 0
 372 0000 80B5     		push	{r7, lr}
 373              		.cfi_def_cfa_offset 8
 374              		.cfi_offset 7, -8
 375              		.cfi_offset 14, -4
 376 0002 96B0     		sub	sp, sp, #88
 377              		.cfi_def_cfa_offset 96
 378 0004 00AF     		add	r7, sp, #0
 379              		.cfi_def_cfa_register 7
  67:level_sensor.c ****     char * compare_location;
  68:level_sensor.c ****     
  69:level_sensor.c ****     compare_location = strstr(level_sensor_inbox,"OFF");        
 380              		.loc 1 69 0
 381 0006 3149     		ldr	r1, .L27
 382 0008 3148     		ldr	r0, .L27+4
 383 000a FFF7FEFF 		bl	strstr
 384 000e 7865     		str	r0, [r7, #84]
  70:level_sensor.c ****     if(compare_location!=NULL){
 385              		.loc 1 70 0
 386 0010 7B6D     		ldr	r3, [r7, #84]
 387 0012 002B     		cmp	r3, #0
 388 0014 01D0     		beq	.L22
  71:level_sensor.c ****         return 0; // this app is disabled, don't do anything
 389              		.loc 1 71 0
 390 0016 0023     		movs	r3, #0
 391 0018 53E0     		b	.L23
 392              	.L22:
  72:level_sensor.c ****     }
  73:level_sensor.c ****     
  74:level_sensor.c **** 
  75:level_sensor.c ****     compare_location = strstr(level_sensor_inbox,"ON");        
 393              		.loc 1 75 0
 394 001a 2E49     		ldr	r1, .L27+8
 395 001c 2C48     		ldr	r0, .L27+4
 396 001e FFF7FEFF 		bl	strstr
 397 0022 7865     		str	r0, [r7, #84]
  76:level_sensor.c ****     if(compare_location!=NULL){
 398              		.loc 1 76 0
 399 0024 7B6D     		ldr	r3, [r7, #84]
 400 0026 002B     		cmp	r3, #0
 401 0028 4AD0     		beq	.L24
 402              	.LBB2:
  77:level_sensor.c **** 
  78:level_sensor.c ****         // below is copied and adapted from makeMeasurements in modem.c 
  79:level_sensor.c ****         // (duplicated so that normal depth and GI nodes still work)
  80:level_sensor.c ****         
  81:level_sensor.c ****         // Get clock time and save to timeStamp
  82:level_sensor.c ****         long timeStamp = getTimeStamp();
 403              		.loc 1 82 0
 404 002a FFF7FEFF 		bl	getTimeStamp
 405 002e 3865     		str	r0, [r7, #80]
  83:level_sensor.c ****         char c_timeStamp[32];
  84:level_sensor.c ****         snprintf(c_timeStamp,sizeof(c_timeStamp),"%ld",timeStamp);
 406              		.loc 1 84 0
 407 0030 3846     		mov	r0, r7
 408 0032 3B6D     		ldr	r3, [r7, #80]
ARM GAS  C:\Users\kland\AppData\Local\Temp\ccAXjS0j.s 			page 10


 409 0034 284A     		ldr	r2, .L27+12
 410 0036 2021     		movs	r1, #32
 411 0038 FFF7FEFF 		bl	snprintf
  85:level_sensor.c ****         
  86:level_sensor.c ****         // Holds string for value that will be written 
  87:level_sensor.c ****         char value[DATA_MAX_KEY_LENGTH];
  88:level_sensor.c ****         
  89:level_sensor.c ****         // level_sensor_t is a new data type we defined in level_sensor.h. We then use that data ty
  90:level_sensor.c ****         level_sensor_t m_level_sensor;
  91:level_sensor.c ****         
  92:level_sensor.c ****         // Take level sensor readings and save them to m_level_sensor
  93:level_sensor.c ****         m_level_sensor = level_sensor_take_reading();
 412              		.loc 1 93 0
 413 003c 07F12003 		add	r3, r7, #32
 414 0040 1846     		mov	r0, r3
 415 0042 FFF7FEFF 		bl	level_sensor_take_reading
  94:level_sensor.c **** 
  95:level_sensor.c ****         // If the number of valid level sensor readings is greater than 0, then print the level sen
  96:level_sensor.c ****         if(m_level_sensor.num_valid_readings > 0){
 416              		.loc 1 96 0
 417 0046 97F83830 		ldrb	r3, [r7, #56]	@ zero_extendqisi2
 418 004a 002B     		cmp	r3, #0
 419 004c 2DD0     		beq	.L25
  97:level_sensor.c ****             snprintf(value,sizeof(value),"%d",m_level_sensor.level_reading);
 420              		.loc 1 97 0
 421 004e B7F93630 		ldrsh	r3, [r7, #54]
 422 0052 07F13C00 		add	r0, r7, #60
 423 0056 214A     		ldr	r2, .L27+16
 424 0058 1421     		movs	r1, #20
 425 005a FFF7FEFF 		bl	snprintf
  98:level_sensor.c ****             printNotif(NOTIF_TYPE_EVENT,"maxbotix_depth=%s",value);
 426              		.loc 1 98 0
 427 005e 07F13C03 		add	r3, r7, #60
 428 0062 1A46     		mov	r2, r3
 429 0064 1E49     		ldr	r1, .L27+20
 430 0066 0020     		movs	r0, #0
 431 0068 FFF7FEFF 		bl	printNotif
  99:level_sensor.c ****             pushData("maxbotix_depth",value,timeStamp);
 432              		.loc 1 99 0
 433 006c 07F13C03 		add	r3, r7, #60
 434 0070 3A6D     		ldr	r2, [r7, #80]
 435 0072 1946     		mov	r1, r3
 436 0074 1B48     		ldr	r0, .L27+24
 437 0076 FFF7FEFF 		bl	pushData
 100:level_sensor.c ****             
 101:level_sensor.c ****             // Print measurement to SD card to file called data.txt
 102:level_sensor.c ****             SD_write("data.txt", "a+", c_timeStamp);
 438              		.loc 1 102 0
 439 007a 3B46     		mov	r3, r7
 440 007c 1A46     		mov	r2, r3
 441 007e 1A49     		ldr	r1, .L27+28
 442 0080 1A48     		ldr	r0, .L27+32
 443 0082 FFF7FEFF 		bl	SD_write
 103:level_sensor.c ****             SD_write("data.txt", "a+", " maxbotix_depth: ");
 444              		.loc 1 103 0
 445 0086 1A4A     		ldr	r2, .L27+36
 446 0088 1749     		ldr	r1, .L27+28
ARM GAS  C:\Users\kland\AppData\Local\Temp\ccAXjS0j.s 			page 11


 447 008a 1848     		ldr	r0, .L27+32
 448 008c FFF7FEFF 		bl	SD_write
 104:level_sensor.c ****             SD_write("data.txt", "a+", value);
 449              		.loc 1 104 0
 450 0090 07F13C03 		add	r3, r7, #60
 451 0094 1A46     		mov	r2, r3
 452 0096 1449     		ldr	r1, .L27+28
 453 0098 1448     		ldr	r0, .L27+32
 454 009a FFF7FEFF 		bl	SD_write
 105:level_sensor.c ****             SD_write("data.txt", "a+", " ");
 455              		.loc 1 105 0
 456 009e 154A     		ldr	r2, .L27+40
 457 00a0 1149     		ldr	r1, .L27+28
 458 00a2 1248     		ldr	r0, .L27+32
 459 00a4 FFF7FEFF 		bl	SD_write
 460 00a8 08E0     		b	.L26
 461              	.L25:
 106:level_sensor.c ****         }else{
 107:level_sensor.c ****             printNotif(NOTIF_TYPE_ERROR,"Could not get valid readings from Maxbotix.");
 462              		.loc 1 107 0
 463 00aa 1349     		ldr	r1, .L27+44
 464 00ac 0220     		movs	r0, #2
 465 00ae FFF7FEFF 		bl	printNotif
 108:level_sensor.c ****             pushData("maxbotix_depth","-1",timeStamp); // error code, never get this from a sensor
 466              		.loc 1 108 0
 467 00b2 3A6D     		ldr	r2, [r7, #80]
 468 00b4 1149     		ldr	r1, .L27+48
 469 00b6 0B48     		ldr	r0, .L27+24
 470 00b8 FFF7FEFF 		bl	pushData
 471              	.L26:
 109:level_sensor.c ****         }
 110:level_sensor.c ****         
 111:level_sensor.c **** 
 112:level_sensor.c ****         return 0;
 472              		.loc 1 112 0
 473 00bc 0023     		movs	r3, #0
 474 00be 00E0     		b	.L23
 475              	.L24:
 476              	.LBE2:
 113:level_sensor.c ****     }
 114:level_sensor.c ****     
 115:level_sensor.c ****     return 0; // i think this needs to be rewritten to be more like a light switch
 477              		.loc 1 115 0
 478 00c0 0023     		movs	r3, #0
 479              	.L23:
 116:level_sensor.c ****     // i.e. it stays on until you turn it off.
 117:level_sensor.c **** }
 480              		.loc 1 117 0 discriminator 1
 481 00c2 1846     		mov	r0, r3
 482 00c4 5837     		adds	r7, r7, #88
 483              		.cfi_def_cfa_offset 8
 484 00c6 BD46     		mov	sp, r7
 485              		.cfi_def_cfa_register 13
 486              		@ sp needed
 487 00c8 80BD     		pop	{r7, pc}
 488              	.L28:
 489 00ca 00BF     		.align	2
ARM GAS  C:\Users\kland\AppData\Local\Temp\ccAXjS0j.s 			page 12


 490              	.L27:
 491 00cc 00000000 		.word	.LC0
 492 00d0 00000000 		.word	level_sensor_inbox
 493 00d4 04000000 		.word	.LC1
 494 00d8 08000000 		.word	.LC2
 495 00dc 0C000000 		.word	.LC3
 496 00e0 10000000 		.word	.LC4
 497 00e4 24000000 		.word	.LC5
 498 00e8 34000000 		.word	.LC6
 499 00ec 38000000 		.word	.LC7
 500 00f0 44000000 		.word	.LC8
 501 00f4 58000000 		.word	.LC9
 502 00f8 5C000000 		.word	.LC10
 503 00fc 88000000 		.word	.LC11
 504              		.cfi_endproc
 505              	.LFE69:
 506              		.size	level_sensor, .-level_sensor
 507              		.section	.rodata
 508 008b 00       		.align	2
 509              	.LC12:
 510 008c 5200     		.ascii	"R\000"
 511              		.section	.text.level_sensor_take_reading,"ax",%progbits
 512              		.align	2
 513              		.global	level_sensor_take_reading
 514              		.thumb
 515              		.thumb_func
 516              		.type	level_sensor_take_reading, %function
 517              	level_sensor_take_reading:
 518              	.LFB70:
 118:level_sensor.c **** 
 119:level_sensor.c **** // takes level sensor measurements and calculates average level sensor reading
 120:level_sensor.c **** level_sensor_t level_sensor_take_reading(){
 519              		.loc 1 120 0
 520              		.cfi_startproc
 521              		@ args = 0, pretend = 0, frame = 40
 522              		@ frame_needed = 1, uses_anonymous_args = 0
 523 0000 B0B5     		push	{r4, r5, r7, lr}
 524              		.cfi_def_cfa_offset 16
 525              		.cfi_offset 4, -16
 526              		.cfi_offset 5, -12
 527              		.cfi_offset 7, -8
 528              		.cfi_offset 14, -4
 529 0002 8AB0     		sub	sp, sp, #40
 530              		.cfi_def_cfa_offset 56
 531 0004 00AF     		add	r7, sp, #0
 532              		.cfi_def_cfa_register 7
 533 0006 7860     		str	r0, [r7, #4]
 121:level_sensor.c ****     
 122:level_sensor.c ****     // level_sensor_t is a new data type we defined in level_sensor.h. We then use that data type t
 123:level_sensor.c ****     level_sensor_t level_sensor_output;
 124:level_sensor.c ****     level_sensor_output.num_invalid_readings = 0;
 534              		.loc 1 124 0
 535 0008 0023     		movs	r3, #0
 536 000a 87F82130 		strb	r3, [r7, #33]
 125:level_sensor.c ****     level_sensor_output.num_valid_readings = 0;
 537              		.loc 1 125 0
 538 000e 0023     		movs	r3, #0
ARM GAS  C:\Users\kland\AppData\Local\Temp\ccAXjS0j.s 			page 13


 539 0010 87F82030 		strb	r3, [r7, #32]
 126:level_sensor.c ****     
 127:level_sensor.c ****     uart_clear();
 540              		.loc 1 127 0
 541 0014 FFF7FEFF 		bl	uart_clear
 128:level_sensor.c ****     
 129:level_sensor.c ****     // Start sensor power, uart, and isr
 130:level_sensor.c ****     Level_Sensor_Power_Write(ON);   // Pulls Level Sensor power pin high (turns it on).
 542              		.loc 1 130 0
 543 0018 0120     		movs	r0, #1
 544 001a FFF7FEFF 		bl	Level_Sensor_Power_Write
 131:level_sensor.c ****     CyDelay(200u); // Sensor bootup sequence ~200ms -- senosor will spit out ID info, but we don't 
 545              		.loc 1 131 0
 546 001e C820     		movs	r0, #200
 547 0020 FFF7FEFF 		bl	CyDelay
 132:level_sensor.c ****     Level_Sensor_RX_SetDriveMode(PIN_DM_DIG_HIZ); // RX_SetDriveMode(): Sets the drive mode for eac
 548              		.loc 1 132 0
 549 0024 0220     		movs	r0, #2
 550 0026 FFF7FEFF 		bl	Level_Sensor_RX_SetDriveMode
 133:level_sensor.c ****     Level_Sensor_UART_Start(); // Level_Sensor_UART_Start() sets the initVar variable, calls the Le
 551              		.loc 1 133 0
 552 002a FFF7FEFF 		bl	Level_Sensor_UART_Start
 134:level_sensor.c ****     Level_Sensor_ISR_StartEx(Level_Sensor_ISR); // Sets up the interrupt and enables it.
 553              		.loc 1 134 0
 554 002e 3848     		ldr	r0, .L38
 555 0030 FFF7FEFF 		bl	Level_Sensor_ISR_StartEx
 135:level_sensor.c ****     
 136:level_sensor.c ****     // Wait to take  reading
 137:level_sensor.c ****     // Sensor will take ~200ms to send first reading, and 200ms for subsequent readings
 138:level_sensor.c ****     CyDelay(2000u); // Take a few seconds to get readings, 2 secs ~10 readings
 556              		.loc 1 138 0
 557 0034 4FF4FA60 		mov	r0, #2000
 558 0038 FFF7FEFF 		bl	CyDelay
 139:level_sensor.c ****     
 140:level_sensor.c ****     //stop all sensor processes
 141:level_sensor.c ****     Level_Sensor_UART_Stop(); // Disables the UART operation.
 559              		.loc 1 141 0
 560 003c FFF7FEFF 		bl	Level_Sensor_UART_Stop
 142:level_sensor.c ****     Level_Sensor_ISR_Stop(); // Disables and removes the interrupt.
 561              		.loc 1 142 0
 562 0040 FFF7FEFF 		bl	Level_Sensor_ISR_Stop
 143:level_sensor.c ****     Level_Sensor_Power_Write(OFF); // Pulls Level Sensor Power pin low (turns it off).
 563              		.loc 1 143 0
 564 0044 0020     		movs	r0, #0
 565 0046 FFF7FEFF 		bl	Level_Sensor_Power_Write
 144:level_sensor.c ****     // RX_SetDriveMode(): Sets the drive mode for each of the Pins component's pins.
 145:level_sensor.c ****     // String Drive Mode means it will only be outputting a voltage (don't send any data) when pull
 146:level_sensor.c ****     // UART in PSOC starts high. Then pulls low to get data. When turn sensor off, still using powe
 147:level_sensor.c ****     // So turning it to Strong Drive has it stay low.
 148:level_sensor.c ****     Level_Sensor_RX_SetDriveMode(PIN_DM_STRONG);
 566              		.loc 1 148 0
 567 004a 0C20     		movs	r0, #12
 568 004c FFF7FEFF 		bl	Level_Sensor_RX_SetDriveMode
 149:level_sensor.c ****     // Stops writing the value to the physical port.
 150:level_sensor.c ****     // Just because turn power of sensor off, pin could still be high and getting power. This ensur
 151:level_sensor.c ****     Level_Sensor_RX_Write(OFF);
 569              		.loc 1 151 0
ARM GAS  C:\Users\kland\AppData\Local\Temp\ccAXjS0j.s 			page 14


 570 0050 0020     		movs	r0, #0
 571 0052 FFF7FEFF 		bl	Level_Sensor_RX_Write
 152:level_sensor.c **** 
 153:level_sensor.c ****     /* Return parsed reading */
 154:level_sensor.c ****     // Parse string and put all values into array
 155:level_sensor.c ****     // The sensor will power on and do a few things, after which the readigs will follow with the s
 156:level_sensor.c ****     // Readings are stashed between "R" and "\000"
 157:level_sensor.c ****     char *token;
 158:level_sensor.c ****     // strtok(): breaks uart_chars into smaller string when sees "R".
 159:level_sensor.c ****     token = strtok(uart_chars, "R");
 572              		.loc 1 159 0
 573 0056 2F49     		ldr	r1, .L38+4
 574 0058 2F48     		ldr	r0, .L38+8
 575 005a FFF7FEFF 		bl	strtok
 576 005e 7862     		str	r0, [r7, #36]
 160:level_sensor.c ****     /* walk through other tokens */
 161:level_sensor.c ****    while( token != NULL ) 
 577              		.loc 1 161 0
 578 0060 33E0     		b	.L30
 579              	.L35:
 162:level_sensor.c ****    {
 163:level_sensor.c ****       if(strstr(token, "\r") != NULL){ // Full reading is delimieted by "R" + reading + "\r"
 580              		.loc 1 163 0
 581 0062 0D21     		movs	r1, #13
 582 0064 786A     		ldr	r0, [r7, #36]
 583 0066 FFF7FEFF 		bl	strchr
 584 006a 0346     		mov	r3, r0
 585 006c 002B     		cmp	r3, #0
 586 006e 27D0     		beq	.L31
 587              	.LBB3:
 164:level_sensor.c ****         // int atoi(const char *str) converts the string argument str to an integer (type int).
 165:level_sensor.c ****         uint16 reading = atoi(token);
 588              		.loc 1 165 0
 589 0070 786A     		ldr	r0, [r7, #36]
 590 0072 FFF7FEFF 		bl	atoi
 591 0076 0346     		mov	r3, r0
 592 0078 7B84     		strh	r3, [r7, #34]	@ movhi
 166:level_sensor.c ****         if(reading != 0){
 593              		.loc 1 166 0
 594 007a 7B8C     		ldrh	r3, [r7, #34]
 595 007c 002B     		cmp	r3, #0
 596 007e 1FD0     		beq	.L31
 167:level_sensor.c ****             if(reading != READING_INVALID){ // Invald readings by maxbotix
 597              		.loc 1 167 0
 598 0080 7B8C     		ldrh	r3, [r7, #34]
 599 0082 42F20F72 		movw	r2, #9999
 600 0086 9342     		cmp	r3, r2
 601 0088 14D0     		beq	.L32
 168:level_sensor.c ****                 // Set the level readings array of the length of number of valid readings equal to 
 169:level_sensor.c ****                 level_sensor_output.all_level_readings[level_sensor_output.num_valid_readings] = re
 602              		.loc 1 169 0
 603 008a 97F82030 		ldrb	r3, [r7, #32]	@ zero_extendqisi2
 604 008e B7F92220 		ldrsh	r2, [r7, #34]
 605 0092 5B00     		lsls	r3, r3, #1
 606 0094 07F12801 		add	r1, r7, #40
 607 0098 0B44     		add	r3, r3, r1
 608 009a 23F8202C 		strh	r2, [r3, #-32]	@ movhi
ARM GAS  C:\Users\kland\AppData\Local\Temp\ccAXjS0j.s 			page 15


 170:level_sensor.c ****                 // If number of valid readings less than 11 total readings, increase the count of v
 171:level_sensor.c ****                 if(level_sensor_output.num_valid_readings < N_READINGS){
 609              		.loc 1 171 0
 610 009e 97F82030 		ldrb	r3, [r7, #32]	@ zero_extendqisi2
 611 00a2 0A2B     		cmp	r3, #10
 612 00a4 15D8     		bhi	.L37
 172:level_sensor.c ****                     level_sensor_output.num_valid_readings++;
 613              		.loc 1 172 0
 614 00a6 97F82030 		ldrb	r3, [r7, #32]	@ zero_extendqisi2
 615 00aa 0133     		adds	r3, r3, #1
 616 00ac DBB2     		uxtb	r3, r3
 617 00ae 87F82030 		strb	r3, [r7, #32]
 618 00b2 05E0     		b	.L31
 619              	.L32:
 173:level_sensor.c ****                 }else{
 174:level_sensor.c ****                  break;   
 175:level_sensor.c ****                 }
 176:level_sensor.c ****                 
 177:level_sensor.c ****             }else{
 178:level_sensor.c ****                 // Otherwise increase the count of invalid readings
 179:level_sensor.c ****                 level_sensor_output.num_invalid_readings++;
 620              		.loc 1 179 0
 621 00b4 97F82130 		ldrb	r3, [r7, #33]	@ zero_extendqisi2
 622 00b8 0133     		adds	r3, r3, #1
 623 00ba DBB2     		uxtb	r3, r3
 624 00bc 87F82130 		strb	r3, [r7, #33]
 625              	.L31:
 626              	.LBE3:
 180:level_sensor.c ****             }
 181:level_sensor.c ****         }
 182:level_sensor.c ****       }
 183:level_sensor.c ****       token = strtok(NULL, "R"); // This "NULL" says to continue where you left off last time.
 627              		.loc 1 183 0
 628 00c0 1449     		ldr	r1, .L38+4
 629 00c2 0020     		movs	r0, #0
 630 00c4 FFF7FEFF 		bl	strtok
 631 00c8 7862     		str	r0, [r7, #36]
 632              	.L30:
 161:level_sensor.c ****    {
 633              		.loc 1 161 0
 634 00ca 7B6A     		ldr	r3, [r7, #36]
 635 00cc 002B     		cmp	r3, #0
 636 00ce C8D1     		bne	.L35
 637 00d0 00E0     		b	.L34
 638              	.L37:
 639              	.LBB4:
 174:level_sensor.c ****                 }
 640              		.loc 1 174 0
 641 00d2 00BF     		nop
 642              	.L34:
 643              	.LBE4:
 184:level_sensor.c ****    }
 185:level_sensor.c ****     // Calculate median level reading
 186:level_sensor.c ****     level_sensor_output.level_reading = find_median(level_sensor_output.all_level_readings,level_se
 644              		.loc 1 186 0
 645 00d4 97F82020 		ldrb	r2, [r7, #32]	@ zero_extendqisi2
 646 00d8 07F10803 		add	r3, r7, #8
ARM GAS  C:\Users\kland\AppData\Local\Temp\ccAXjS0j.s 			page 16


 647 00dc 1146     		mov	r1, r2
 648 00de 1846     		mov	r0, r3
 649 00e0 FFF7FEFF 		bl	find_median
 650 00e4 0346     		mov	r3, r0
 651 00e6 1BB2     		sxth	r3, r3
 652 00e8 FB83     		strh	r3, [r7, #30]	@ movhi
 187:level_sensor.c ****     
 188:level_sensor.c ****     return level_sensor_output;
 653              		.loc 1 188 0
 654 00ea 7B68     		ldr	r3, [r7, #4]
 655 00ec 1D46     		mov	r5, r3
 656 00ee 07F10804 		add	r4, r7, #8
 657 00f2 0FCC     		ldmia	r4!, {r0, r1, r2, r3}
 658 00f4 2860     		str	r0, [r5]	@ unaligned
 659 00f6 6960     		str	r1, [r5, #4]	@ unaligned
 660 00f8 AA60     		str	r2, [r5, #8]	@ unaligned
 661 00fa EB60     		str	r3, [r5, #12]	@ unaligned
 662 00fc 03CC     		ldmia	r4!, {r0, r1}
 663 00fe 2861     		str	r0, [r5, #16]	@ unaligned
 664 0100 6961     		str	r1, [r5, #20]	@ unaligned
 665 0102 2388     		ldrh	r3, [r4]	@ unaligned
 666 0104 2B83     		strh	r3, [r5, #24]	@ unaligned
 189:level_sensor.c **** }
 667              		.loc 1 189 0
 668 0106 7868     		ldr	r0, [r7, #4]
 669 0108 2837     		adds	r7, r7, #40
 670              		.cfi_def_cfa_offset 16
 671 010a BD46     		mov	sp, r7
 672              		.cfi_def_cfa_register 13
 673              		@ sp needed
 674 010c B0BD     		pop	{r4, r5, r7, pc}
 675              	.L39:
 676 010e 00BF     		.align	2
 677              	.L38:
 678 0110 00000000 		.word	Level_Sensor_ISR
 679 0114 8C000000 		.word	.LC12
 680 0118 00000000 		.word	uart_chars
 681              		.cfi_endproc
 682              	.LFE70:
 683              		.size	level_sensor_take_reading, .-level_sensor_take_reading
 684              		.section	.rodata
 685 008e 0000     		.align	2
 686              	.LC13:
 687 0090 54455354 		.ascii	"TEST_LEVEL_SENSOR\000"
 687      5F4C4556 
 687      454C5F53 
 687      454E534F 
 687      5200
 688 00a2 0000     		.align	2
 689              	.LC14:
 690 00a4 6E57414E 		.ascii	"nWANTED=%d,nRECEIVED=%d,nVALID=%d,nMEDIAN=%d.\000"
 690      5445443D 
 690      25642C6E 
 690      52454345 
 690      49564544 
 691              		.section	.text.level_sensor_test,"ax",%progbits
 692              		.align	2
ARM GAS  C:\Users\kland\AppData\Local\Temp\ccAXjS0j.s 			page 17


 693              		.global	level_sensor_test
 694              		.thumb
 695              		.thumb_func
 696              		.type	level_sensor_test, %function
 697              	level_sensor_test:
 698              	.LFB71:
 190:level_sensor.c **** 
 191:level_sensor.c **** // Level sensor test
 192:level_sensor.c **** test_t level_sensor_test(){
 699              		.loc 1 192 0
 700              		.cfi_startproc
 701              		@ args = 0, pretend = 0, frame = 424
 702              		@ frame_needed = 1, uses_anonymous_args = 0
 703 0000 B0B5     		push	{r4, r5, r7, lr}
 704              		.cfi_def_cfa_offset 16
 705              		.cfi_offset 4, -16
 706              		.cfi_offset 5, -12
 707              		.cfi_offset 7, -8
 708              		.cfi_offset 14, -4
 709 0002 EEB0     		sub	sp, sp, #440
 710              		.cfi_def_cfa_offset 456
 711 0004 04AF     		add	r7, sp, #16
 712              		.cfi_def_cfa 7, 440
 713 0006 3B1D     		adds	r3, r7, #4
 714 0008 1860     		str	r0, [r3]
 193:level_sensor.c ****     
 194:level_sensor.c ****     test_t test; // test_t is a new data type we defined in test.h. We then use that data type to d
 195:level_sensor.c ****     test.status = 0; // set test status to zero
 715              		.loc 1 195 0
 716 000a 07F12403 		add	r3, r7, #36
 717 000e 0022     		movs	r2, #0
 718 0010 83F88020 		strb	r2, [r3, #128]
 196:level_sensor.c ****     snprintf(test.test_name,sizeof(test.test_name),"TEST_LEVEL_SENSOR");
 719              		.loc 1 196 0
 720 0014 07F12403 		add	r3, r7, #36
 721 0018 2A4A     		ldr	r2, .L44
 722 001a 1C46     		mov	r4, r3
 723 001c 1546     		mov	r5, r2
 724 001e 0FCD     		ldmia	r5!, {r0, r1, r2, r3}
 725 0020 0FC4     		stmia	r4!, {r0, r1, r2, r3}
 726 0022 2B68     		ldr	r3, [r5]
 727 0024 2380     		strh	r3, [r4]	@ movhi
 197:level_sensor.c **** 
 198:level_sensor.c ****     // level_sensor_t is a new data type we defined in level_sensor.h. We then use that data type t
 199:level_sensor.c ****     level_sensor_t sensor = level_sensor_take_reading();
 728              		.loc 1 199 0
 729 0026 07F10803 		add	r3, r7, #8
 730 002a 1846     		mov	r0, r3
 731 002c FFF7FEFF 		bl	level_sensor_take_reading
 200:level_sensor.c ****     
 201:level_sensor.c ****     // print the max number of readings (11), the number of actual readings, the number of valid re
 202:level_sensor.c ****     snprintf(test.reason,sizeof(test.reason),"nWANTED=%d,nRECEIVED=%d,nVALID=%d,nMEDIAN=%d.",
 203:level_sensor.c ****         N_READINGS,
 204:level_sensor.c ****         sensor.num_valid_readings+sensor.num_invalid_readings,
 732              		.loc 1 204 0
 733 0030 07F10803 		add	r3, r7, #8
 734 0034 1B7E     		ldrb	r3, [r3, #24]	@ zero_extendqisi2
ARM GAS  C:\Users\kland\AppData\Local\Temp\ccAXjS0j.s 			page 18


 202:level_sensor.c ****         N_READINGS,
 735              		.loc 1 202 0
 736 0036 1A46     		mov	r2, r3
 737              		.loc 1 204 0
 738 0038 07F10803 		add	r3, r7, #8
 739 003c 5B7E     		ldrb	r3, [r3, #25]	@ zero_extendqisi2
 202:level_sensor.c ****         N_READINGS,
 740              		.loc 1 202 0
 741 003e 1344     		add	r3, r3, r2
 205:level_sensor.c ****         sensor.num_valid_readings,
 742              		.loc 1 205 0
 743 0040 07F10802 		add	r2, r7, #8
 744 0044 127E     		ldrb	r2, [r2, #24]	@ zero_extendqisi2
 202:level_sensor.c ****         N_READINGS,
 745              		.loc 1 202 0
 746 0046 1146     		mov	r1, r2
 206:level_sensor.c ****         sensor.level_reading
 747              		.loc 1 206 0
 748 0048 07F10802 		add	r2, r7, #8
 749 004c B2F91620 		ldrsh	r2, [r2, #22]
 202:level_sensor.c ****         N_READINGS,
 750              		.loc 1 202 0
 751 0050 1446     		mov	r4, r2
 752 0052 07F12402 		add	r2, r7, #36
 753 0056 02F18100 		add	r0, r2, #129
 754 005a 0294     		str	r4, [sp, #8]
 755 005c 0191     		str	r1, [sp, #4]
 756 005e 0093     		str	r3, [sp]
 757 0060 0B23     		movs	r3, #11
 758 0062 194A     		ldr	r2, .L44+4
 759 0064 4FF48071 		mov	r1, #256
 760 0068 FFF7FEFF 		bl	snprintf
 207:level_sensor.c ****     );
 208:level_sensor.c ****    
 209:level_sensor.c ****     // if the number valid readings is the max number of readings (11), then the test passes with t
 210:level_sensor.c ****     if(sensor.num_valid_readings == N_READINGS){//pass
 761              		.loc 1 210 0
 762 006c 07F10803 		add	r3, r7, #8
 763 0070 1B7E     		ldrb	r3, [r3, #24]	@ zero_extendqisi2
 764 0072 0B2B     		cmp	r3, #11
 765 0074 05D1     		bne	.L41
 211:level_sensor.c ****         test.status = 1;
 766              		.loc 1 211 0
 767 0076 07F12403 		add	r3, r7, #36
 768 007a 0122     		movs	r2, #1
 769 007c 83F88020 		strb	r2, [r3, #128]
 770 0080 0EE0     		b	.L42
 771              	.L41:
 212:level_sensor.c ****     // if the number of valid readings is greater than zero and less than the max number of reading
 213:level_sensor.c ****     }else if((sensor.num_valid_readings > 0) && (sensor.num_valid_readings < N_READINGS)){//pass
 772              		.loc 1 213 0
 773 0082 07F10803 		add	r3, r7, #8
 774 0086 1B7E     		ldrb	r3, [r3, #24]	@ zero_extendqisi2
 775 0088 002B     		cmp	r3, #0
 776 008a 09D0     		beq	.L42
 777              		.loc 1 213 0 is_stmt 0 discriminator 1
 778 008c 07F10803 		add	r3, r7, #8
ARM GAS  C:\Users\kland\AppData\Local\Temp\ccAXjS0j.s 			page 19


 779 0090 1B7E     		ldrb	r3, [r3, #24]	@ zero_extendqisi2
 780 0092 0A2B     		cmp	r3, #10
 781 0094 04D8     		bhi	.L42
 214:level_sensor.c ****         test.status = 2; //not bad, since we got some OK readings
 782              		.loc 1 214 0 is_stmt 1
 783 0096 07F12403 		add	r3, r7, #36
 784 009a 0222     		movs	r2, #2
 785 009c 83F88020 		strb	r2, [r3, #128]
 786              	.L42:
 215:level_sensor.c ****     }
 216:level_sensor.c ****         
 217:level_sensor.c ****     return test;
 787              		.loc 1 217 0
 788 00a0 3B1D     		adds	r3, r7, #4
 789 00a2 1A68     		ldr	r2, [r3]
 790 00a4 07F12403 		add	r3, r7, #36
 791 00a8 1046     		mov	r0, r2
 792 00aa 1946     		mov	r1, r3
 793 00ac 40F28113 		movw	r3, #385
 794 00b0 1A46     		mov	r2, r3
 795 00b2 FFF7FEFF 		bl	memcpy
 218:level_sensor.c **** }
 796              		.loc 1 218 0
 797 00b6 3B1D     		adds	r3, r7, #4
 798 00b8 1868     		ldr	r0, [r3]
 799 00ba 07F5D477 		add	r7, r7, #424
 800              		.cfi_def_cfa_offset 16
 801 00be BD46     		mov	sp, r7
 802              		.cfi_def_cfa_register 13
 803              		@ sp needed
 804 00c0 B0BD     		pop	{r4, r5, r7, pc}
 805              	.L45:
 806 00c2 00BF     		.align	2
 807              	.L44:
 808 00c4 90000000 		.word	.LC13
 809 00c8 A4000000 		.word	.LC14
 810              		.cfi_endproc
 811              	.LFE71:
 812              		.size	level_sensor_test, .-level_sensor_test
 813              		.global	__aeabi_i2d
 814              		.global	__aeabi_ddiv
 815              		.global	__aeabi_d2iz
 816              		.section	.text.find_median,"ax",%progbits
 817              		.align	2
 818              		.global	find_median
 819              		.thumb
 820              		.thumb_func
 821              		.type	find_median, %function
 822              	find_median:
 823              	.LFB72:
 219:level_sensor.c **** 
 220:level_sensor.c **** 
 221:level_sensor.c **** // function to calculate the median of the array, after array is sorted
 222:level_sensor.c **** uint16 find_median(int16 array[] , uint8 n)
 223:level_sensor.c **** {
 824              		.loc 1 223 0
 825              		.cfi_startproc
ARM GAS  C:\Users\kland\AppData\Local\Temp\ccAXjS0j.s 			page 20


 826              		@ args = 0, pretend = 0, frame = 16
 827              		@ frame_needed = 1, uses_anonymous_args = 0
 828 0000 90B5     		push	{r4, r7, lr}
 829              		.cfi_def_cfa_offset 12
 830              		.cfi_offset 4, -12
 831              		.cfi_offset 7, -8
 832              		.cfi_offset 14, -4
 833 0002 85B0     		sub	sp, sp, #20
 834              		.cfi_def_cfa_offset 32
 835 0004 00AF     		add	r7, sp, #0
 836              		.cfi_def_cfa_register 7
 837 0006 7860     		str	r0, [r7, #4]
 838 0008 0B46     		mov	r3, r1
 839 000a FB70     		strb	r3, [r7, #3]
 224:level_sensor.c ****     int16 median=0;
 840              		.loc 1 224 0
 841 000c 0023     		movs	r3, #0
 842 000e FB81     		strh	r3, [r7, #14]	@ movhi
 225:level_sensor.c ****     sort(array,n);
 843              		.loc 1 225 0
 844 0010 FB78     		ldrb	r3, [r7, #3]	@ zero_extendqisi2
 845 0012 1BB2     		sxth	r3, r3
 846 0014 1946     		mov	r1, r3
 847 0016 7868     		ldr	r0, [r7, #4]
 848 0018 FFF7FEFF 		bl	sort
 226:level_sensor.c ****     
 227:level_sensor.c ****     // if number of elements are even
 228:level_sensor.c ****     if(n%2 == 0)
 849              		.loc 1 228 0
 850 001c FB78     		ldrb	r3, [r7, #3]
 851 001e 03F00103 		and	r3, r3, #1
 852 0022 DBB2     		uxtb	r3, r3
 853 0024 002B     		cmp	r3, #0
 854 0026 25D1     		bne	.L47
 229:level_sensor.c ****         // median is the average of the  two middle sorted numbers
 230:level_sensor.c ****         median = (array[(n-1)/2] + array[n/2])/2.0;
 855              		.loc 1 230 0
 856 0028 FB78     		ldrb	r3, [r7, #3]	@ zero_extendqisi2
 857 002a 013B     		subs	r3, r3, #1
 858 002c DA0F     		lsrs	r2, r3, #31
 859 002e 1344     		add	r3, r3, r2
 860 0030 5B10     		asrs	r3, r3, #1
 861 0032 5B00     		lsls	r3, r3, #1
 862 0034 7A68     		ldr	r2, [r7, #4]
 863 0036 1344     		add	r3, r3, r2
 864 0038 B3F90030 		ldrsh	r3, [r3]
 865 003c 1946     		mov	r1, r3
 866 003e FB78     		ldrb	r3, [r7, #3]	@ zero_extendqisi2
 867 0040 5B08     		lsrs	r3, r3, #1
 868 0042 DBB2     		uxtb	r3, r3
 869 0044 5B00     		lsls	r3, r3, #1
 870 0046 7A68     		ldr	r2, [r7, #4]
 871 0048 1344     		add	r3, r3, r2
 872 004a B3F90030 		ldrsh	r3, [r3]
 873 004e 0B44     		add	r3, r3, r1
 874 0050 1846     		mov	r0, r3
 875 0052 FFF7FEFF 		bl	__aeabi_i2d
ARM GAS  C:\Users\kland\AppData\Local\Temp\ccAXjS0j.s 			page 21


 876 0056 4FF00002 		mov	r2, #0
 877 005a 4FF08043 		mov	r3, #1073741824
 878 005e FFF7FEFF 		bl	__aeabi_ddiv
 879 0062 0346     		mov	r3, r0
 880 0064 0C46     		mov	r4, r1
 881 0066 1846     		mov	r0, r3
 882 0068 2146     		mov	r1, r4
 883 006a FFF7FEFF 		bl	__aeabi_d2iz
 884 006e 0346     		mov	r3, r0
 885 0070 FB81     		strh	r3, [r7, #14]	@ movhi
 886 0072 07E0     		b	.L48
 887              	.L47:
 231:level_sensor.c ****     // if number of elements are odd
 232:level_sensor.c ****     else
 233:level_sensor.c ****         // median is the the middle sorted number 
 234:level_sensor.c ****         median = array[n/2];
 888              		.loc 1 234 0
 889 0074 FB78     		ldrb	r3, [r7, #3]	@ zero_extendqisi2
 890 0076 5B08     		lsrs	r3, r3, #1
 891 0078 DBB2     		uxtb	r3, r3
 892 007a 5B00     		lsls	r3, r3, #1
 893 007c 7A68     		ldr	r2, [r7, #4]
 894 007e 1344     		add	r3, r3, r2
 895 0080 1B88     		ldrh	r3, [r3]	@ movhi
 896 0082 FB81     		strh	r3, [r7, #14]	@ movhi
 897              	.L48:
 235:level_sensor.c ****     
 236:level_sensor.c ****     return median;
 898              		.loc 1 236 0
 899 0084 FB89     		ldrh	r3, [r7, #14]
 237:level_sensor.c **** }
 900              		.loc 1 237 0
 901 0086 1846     		mov	r0, r3
 902 0088 1437     		adds	r7, r7, #20
 903              		.cfi_def_cfa_offset 12
 904 008a BD46     		mov	sp, r7
 905              		.cfi_def_cfa_register 13
 906              		@ sp needed
 907 008c 90BD     		pop	{r4, r7, pc}
 908              		.cfi_endproc
 909              	.LFE72:
 910              		.size	find_median, .-find_median
 911              		.section	.text.sort,"ax",%progbits
 912              		.align	2
 913              		.global	sort
 914              		.thumb
 915              		.thumb_func
 916              		.type	sort, %function
 917              	sort:
 918              	.LFB73:
 238:level_sensor.c **** 
 239:level_sensor.c **** // function to sort the elements in the level readings array
 240:level_sensor.c **** void sort(int16 a[],int16 n) { 
 919              		.loc 1 240 0
 920              		.cfi_startproc
 921              		@ args = 0, pretend = 0, frame = 16
 922              		@ frame_needed = 1, uses_anonymous_args = 0
ARM GAS  C:\Users\kland\AppData\Local\Temp\ccAXjS0j.s 			page 22


 923 0000 80B5     		push	{r7, lr}
 924              		.cfi_def_cfa_offset 8
 925              		.cfi_offset 7, -8
 926              		.cfi_offset 14, -4
 927 0002 84B0     		sub	sp, sp, #16
 928              		.cfi_def_cfa_offset 24
 929 0004 00AF     		add	r7, sp, #0
 930              		.cfi_def_cfa_register 7
 931 0006 7860     		str	r0, [r7, #4]
 932 0008 0B46     		mov	r3, r1
 933 000a 7B80     		strh	r3, [r7, #2]	@ movhi
 241:level_sensor.c ****    int16 i,j;
 242:level_sensor.c **** 
 243:level_sensor.c ****    for(i = 0;i < n-1;i++) {
 934              		.loc 1 243 0
 935 000c 0023     		movs	r3, #0
 936 000e FB81     		strh	r3, [r7, #14]	@ movhi
 937 0010 37E0     		b	.L51
 938              	.L55:
 244:level_sensor.c ****       for(j = 0;j < n-i-1;j++) {
 939              		.loc 1 244 0
 940 0012 0023     		movs	r3, #0
 941 0014 BB81     		strh	r3, [r7, #12]	@ movhi
 942 0016 24E0     		b	.L52
 943              	.L54:
 245:level_sensor.c ****          if(a[j] > a[j+1])
 944              		.loc 1 245 0
 945 0018 B7F90C30 		ldrsh	r3, [r7, #12]
 946 001c 5B00     		lsls	r3, r3, #1
 947 001e 7A68     		ldr	r2, [r7, #4]
 948 0020 1344     		add	r3, r3, r2
 949 0022 B3F90020 		ldrsh	r2, [r3]
 950 0026 B7F90C30 		ldrsh	r3, [r7, #12]
 951 002a 0133     		adds	r3, r3, #1
 952 002c 5B00     		lsls	r3, r3, #1
 953 002e 7968     		ldr	r1, [r7, #4]
 954 0030 0B44     		add	r3, r3, r1
 955 0032 B3F90030 		ldrsh	r3, [r3]
 956 0036 9A42     		cmp	r2, r3
 957 0038 0DDD     		ble	.L53
 246:level_sensor.c ****             swap(&a[j],&a[j+1]); // swap the address of a[j] and a[j+1]
 958              		.loc 1 246 0
 959 003a B7F90C30 		ldrsh	r3, [r7, #12]
 960 003e 5B00     		lsls	r3, r3, #1
 961 0040 7A68     		ldr	r2, [r7, #4]
 962 0042 D018     		adds	r0, r2, r3
 963 0044 B7F90C30 		ldrsh	r3, [r7, #12]
 964 0048 0133     		adds	r3, r3, #1
 965 004a 5B00     		lsls	r3, r3, #1
 966 004c 7A68     		ldr	r2, [r7, #4]
 967 004e 1344     		add	r3, r3, r2
 968 0050 1946     		mov	r1, r3
 969 0052 FFF7FEFF 		bl	swap
 970              	.L53:
 244:level_sensor.c ****       for(j = 0;j < n-i-1;j++) {
 971              		.loc 1 244 0 discriminator 2
 972 0056 B7F90C30 		ldrsh	r3, [r7, #12]
ARM GAS  C:\Users\kland\AppData\Local\Temp\ccAXjS0j.s 			page 23


 973 005a 9BB2     		uxth	r3, r3
 974 005c 0133     		adds	r3, r3, #1
 975 005e 9BB2     		uxth	r3, r3
 976 0060 BB81     		strh	r3, [r7, #12]	@ movhi
 977              	.L52:
 244:level_sensor.c ****       for(j = 0;j < n-i-1;j++) {
 978              		.loc 1 244 0 is_stmt 0 discriminator 1
 979 0062 B7F90C20 		ldrsh	r2, [r7, #12]
 980 0066 B7F90210 		ldrsh	r1, [r7, #2]
 981 006a B7F90E30 		ldrsh	r3, [r7, #14]
 982 006e CB1A     		subs	r3, r1, r3
 983 0070 013B     		subs	r3, r3, #1
 984 0072 9A42     		cmp	r2, r3
 985 0074 D0DB     		blt	.L54
 243:level_sensor.c ****       for(j = 0;j < n-i-1;j++) {
 986              		.loc 1 243 0 is_stmt 1 discriminator 2
 987 0076 B7F90E30 		ldrsh	r3, [r7, #14]
 988 007a 9BB2     		uxth	r3, r3
 989 007c 0133     		adds	r3, r3, #1
 990 007e 9BB2     		uxth	r3, r3
 991 0080 FB81     		strh	r3, [r7, #14]	@ movhi
 992              	.L51:
 243:level_sensor.c ****       for(j = 0;j < n-i-1;j++) {
 993              		.loc 1 243 0 is_stmt 0 discriminator 1
 994 0082 B7F90E20 		ldrsh	r2, [r7, #14]
 995 0086 B7F90230 		ldrsh	r3, [r7, #2]
 996 008a 013B     		subs	r3, r3, #1
 997 008c 9A42     		cmp	r2, r3
 998 008e C0DB     		blt	.L55
 247:level_sensor.c ****       }
 248:level_sensor.c ****    }
 249:level_sensor.c **** }
 999              		.loc 1 249 0 is_stmt 1
 1000 0090 00BF     		nop
 1001 0092 1037     		adds	r7, r7, #16
 1002              		.cfi_def_cfa_offset 8
 1003 0094 BD46     		mov	sp, r7
 1004              		.cfi_def_cfa_register 13
 1005              		@ sp needed
 1006 0096 80BD     		pop	{r7, pc}
 1007              		.cfi_endproc
 1008              	.LFE73:
 1009              		.size	sort, .-sort
 1010              		.section	.text.swap,"ax",%progbits
 1011              		.align	2
 1012              		.global	swap
 1013              		.thumb
 1014              		.thumb_func
 1015              		.type	swap, %function
 1016              	swap:
 1017              	.LFB74:
 250:level_sensor.c **** 
 251:level_sensor.c **** // function to swap elements in the level readings array in order to sort them
 252:level_sensor.c **** void swap(int16 *p,int16 *q) {
 1018              		.loc 1 252 0
 1019              		.cfi_startproc
 1020              		@ args = 0, pretend = 0, frame = 16
ARM GAS  C:\Users\kland\AppData\Local\Temp\ccAXjS0j.s 			page 24


 1021              		@ frame_needed = 1, uses_anonymous_args = 0
 1022              		@ link register save eliminated.
 1023 0000 80B4     		push	{r7}
 1024              		.cfi_def_cfa_offset 4
 1025              		.cfi_offset 7, -4
 1026 0002 85B0     		sub	sp, sp, #20
 1027              		.cfi_def_cfa_offset 24
 1028 0004 00AF     		add	r7, sp, #0
 1029              		.cfi_def_cfa_register 7
 1030 0006 7860     		str	r0, [r7, #4]
 1031 0008 3960     		str	r1, [r7]
 253:level_sensor.c ****    int16 t;
 254:level_sensor.c ****    
 255:level_sensor.c ****    t=*p; 
 1032              		.loc 1 255 0
 1033 000a 7B68     		ldr	r3, [r7, #4]
 1034 000c 1B88     		ldrh	r3, [r3]	@ movhi
 1035 000e FB81     		strh	r3, [r7, #14]	@ movhi
 256:level_sensor.c ****    *p=*q; 
 1036              		.loc 1 256 0
 1037 0010 3B68     		ldr	r3, [r7]
 1038 0012 B3F90020 		ldrsh	r2, [r3]
 1039 0016 7B68     		ldr	r3, [r7, #4]
 1040 0018 1A80     		strh	r2, [r3]	@ movhi
 257:level_sensor.c ****    *q=t;
 1041              		.loc 1 257 0
 1042 001a 3B68     		ldr	r3, [r7]
 1043 001c FA89     		ldrh	r2, [r7, #14]	@ movhi
 1044 001e 1A80     		strh	r2, [r3]	@ movhi
 258:level_sensor.c **** }
 1045              		.loc 1 258 0
 1046 0020 00BF     		nop
 1047 0022 1437     		adds	r7, r7, #20
 1048              		.cfi_def_cfa_offset 4
 1049 0024 BD46     		mov	sp, r7
 1050              		.cfi_def_cfa_register 13
 1051              		@ sp needed
 1052 0026 80BC     		pop	{r7}
 1053              		.cfi_restore 7
 1054              		.cfi_def_cfa_offset 0
 1055 0028 7047     		bx	lr
 1056              		.cfi_endproc
 1057              	.LFE74:
 1058              		.size	swap, .-swap
 1059 002a 00BF     		.text
 1060              	.Letext0:
 1061              		.file 2 "c:\\program files (x86)\\cypress\\psoc creator\\4.4\\psoc creator\\import\\gnu\\arm\\5.4.
 1062              		.file 3 "c:\\program files (x86)\\cypress\\psoc creator\\4.4\\psoc creator\\import\\gnu\\arm\\5.4.
 1063              		.file 4 "Generated_Source\\PSoC5/cytypes.h"
 1064              		.file 5 "testing.h"
 1065              		.file 6 "level_sensor.h"
 1066              		.file 7 "data.h"
 1067              		.file 8 "modem.h"
 1068              		.file 9 "notoriOS.h"
 1069              		.file 10 "Generated_Source\\PSoC5/core_cm3.h"
 1070              		.file 11 "App_LED.h"
 1071              		.file 12 "valve.h"
ARM GAS  C:\Users\kland\AppData\Local\Temp\ccAXjS0j.s 			page 25


 1072              		.file 13 "autosampler.h"
 1073              		.file 14 "sontek.h"
 1074              		.section	.debug_info,"",%progbits
 1075              	.Ldebug_info0:
 1076 0000 F7090000 		.4byte	0x9f7
 1077 0004 0400     		.2byte	0x4
 1078 0006 00000000 		.4byte	.Ldebug_abbrev0
 1079 000a 04       		.byte	0x4
 1080 000b 01       		.uleb128 0x1
 1081 000c 77000000 		.4byte	.LASF140
 1082 0010 0C       		.byte	0xc
 1083 0011 73010000 		.4byte	.LASF141
 1084 0015 21040000 		.4byte	.LASF142
 1085 0019 18000000 		.4byte	.Ldebug_ranges0+0x18
 1086 001d 00000000 		.4byte	0
 1087 0021 00000000 		.4byte	.Ldebug_line0
 1088 0025 02       		.uleb128 0x2
 1089 0026 01       		.byte	0x1
 1090 0027 06       		.byte	0x6
 1091 0028 A3010000 		.4byte	.LASF0
 1092 002c 03       		.uleb128 0x3
 1093 002d 38000000 		.4byte	.LASF4
 1094 0031 02       		.byte	0x2
 1095 0032 1D       		.byte	0x1d
 1096 0033 37000000 		.4byte	0x37
 1097 0037 02       		.uleb128 0x2
 1098 0038 01       		.byte	0x1
 1099 0039 08       		.byte	0x8
 1100 003a 3B050000 		.4byte	.LASF1
 1101 003e 02       		.uleb128 0x2
 1102 003f 02       		.byte	0x2
 1103 0040 05       		.byte	0x5
 1104 0041 A4030000 		.4byte	.LASF2
 1105 0045 02       		.uleb128 0x2
 1106 0046 02       		.byte	0x2
 1107 0047 07       		.byte	0x7
 1108 0048 7F060000 		.4byte	.LASF3
 1109 004c 03       		.uleb128 0x3
 1110 004d 3F060000 		.4byte	.LASF5
 1111 0051 02       		.byte	0x2
 1112 0052 3F       		.byte	0x3f
 1113 0053 57000000 		.4byte	0x57
 1114 0057 02       		.uleb128 0x2
 1115 0058 04       		.byte	0x4
 1116 0059 05       		.byte	0x5
 1117 005a 48020000 		.4byte	.LASF6
 1118 005e 02       		.uleb128 0x2
 1119 005f 04       		.byte	0x4
 1120 0060 07       		.byte	0x7
 1121 0061 40030000 		.4byte	.LASF7
 1122 0065 02       		.uleb128 0x2
 1123 0066 08       		.byte	0x8
 1124 0067 05       		.byte	0x5
 1125 0068 95010000 		.4byte	.LASF8
 1126 006c 02       		.uleb128 0x2
 1127 006d 08       		.byte	0x8
 1128 006e 07       		.byte	0x7
ARM GAS  C:\Users\kland\AppData\Local\Temp\ccAXjS0j.s 			page 26


 1129 006f 1D010000 		.4byte	.LASF9
 1130 0073 04       		.uleb128 0x4
 1131 0074 04       		.byte	0x4
 1132 0075 05       		.byte	0x5
 1133 0076 696E7400 		.ascii	"int\000"
 1134 007a 02       		.uleb128 0x2
 1135 007b 04       		.byte	0x4
 1136 007c 07       		.byte	0x7
 1137 007d 0B060000 		.4byte	.LASF10
 1138 0081 03       		.uleb128 0x3
 1139 0082 7B070000 		.4byte	.LASF11
 1140 0086 03       		.byte	0x3
 1141 0087 18       		.byte	0x18
 1142 0088 2C000000 		.4byte	0x2c
 1143 008c 03       		.uleb128 0x3
 1144 008d 33050000 		.4byte	.LASF12
 1145 0091 03       		.byte	0x3
 1146 0092 2C       		.byte	0x2c
 1147 0093 4C000000 		.4byte	0x4c
 1148 0097 02       		.uleb128 0x2
 1149 0098 08       		.byte	0x8
 1150 0099 04       		.byte	0x4
 1151 009a EE050000 		.4byte	.LASF13
 1152 009e 02       		.uleb128 0x2
 1153 009f 04       		.byte	0x4
 1154 00a0 07       		.byte	0x7
 1155 00a1 7B040000 		.4byte	.LASF14
 1156 00a5 05       		.uleb128 0x5
 1157 00a6 04       		.byte	0x4
 1158 00a7 AB000000 		.4byte	0xab
 1159 00ab 02       		.uleb128 0x2
 1160 00ac 01       		.byte	0x1
 1161 00ad 08       		.byte	0x8
 1162 00ae 06060000 		.4byte	.LASF15
 1163 00b2 05       		.uleb128 0x5
 1164 00b3 04       		.byte	0x4
 1165 00b4 B8000000 		.4byte	0xb8
 1166 00b8 06       		.uleb128 0x6
 1167 00b9 AB000000 		.4byte	0xab
 1168 00bd 07       		.uleb128 0x7
 1169 00be AB000000 		.4byte	0xab
 1170 00c2 CD000000 		.4byte	0xcd
 1171 00c6 08       		.uleb128 0x8
 1172 00c7 9E000000 		.4byte	0x9e
 1173 00cb 17       		.byte	0x17
 1174 00cc 00       		.byte	0
 1175 00cd 02       		.uleb128 0x2
 1176 00ce 08       		.byte	0x8
 1177 00cf 04       		.byte	0x4
 1178 00d0 D7070000 		.4byte	.LASF16
 1179 00d4 02       		.uleb128 0x2
 1180 00d5 04       		.byte	0x4
 1181 00d6 04       		.byte	0x4
 1182 00d7 F6040000 		.4byte	.LASF17
 1183 00db 09       		.uleb128 0x9
 1184 00dc 6D020000 		.4byte	.LASF18
 1185 00e0 04       		.byte	0x4
ARM GAS  C:\Users\kland\AppData\Local\Temp\ccAXjS0j.s 			page 27


 1186 00e1 9201     		.2byte	0x192
 1187 00e3 37000000 		.4byte	0x37
 1188 00e7 09       		.uleb128 0x9
 1189 00e8 0C000000 		.4byte	.LASF19
 1190 00ec 04       		.byte	0x4
 1191 00ed 9301     		.2byte	0x193
 1192 00ef 45000000 		.4byte	0x45
 1193 00f3 09       		.uleb128 0x9
 1194 00f4 94070000 		.4byte	.LASF20
 1195 00f8 04       		.byte	0x4
 1196 00f9 9601     		.2byte	0x196
 1197 00fb 3E000000 		.4byte	0x3e
 1198 00ff 09       		.uleb128 0x9
 1199 0100 94020000 		.4byte	.LASF21
 1200 0104 04       		.byte	0x4
 1201 0105 9701     		.2byte	0x197
 1202 0107 57000000 		.4byte	0x57
 1203 010b 09       		.uleb128 0x9
 1204 010c 62040000 		.4byte	.LASF22
 1205 0110 04       		.byte	0x4
 1206 0111 9801     		.2byte	0x198
 1207 0113 D4000000 		.4byte	0xd4
 1208 0117 0A       		.uleb128 0xa
 1209 0118 8101     		.2byte	0x181
 1210 011a 05       		.byte	0x5
 1211 011b 0A       		.byte	0xa
 1212 011c 45010000 		.4byte	0x145
 1213 0120 0B       		.uleb128 0xb
 1214 0121 23050000 		.4byte	.LASF23
 1215 0125 05       		.byte	0x5
 1216 0126 0C       		.byte	0xc
 1217 0127 45010000 		.4byte	0x145
 1218 012b 00       		.byte	0
 1219 012c 0B       		.uleb128 0xb
 1220 012d E4060000 		.4byte	.LASF24
 1221 0131 05       		.byte	0x5
 1222 0132 0D       		.byte	0xd
 1223 0133 DB000000 		.4byte	0xdb
 1224 0137 80       		.byte	0x80
 1225 0138 0B       		.uleb128 0xb
 1226 0139 9B050000 		.4byte	.LASF25
 1227 013d 05       		.byte	0x5
 1228 013e 0F       		.byte	0xf
 1229 013f 55010000 		.4byte	0x155
 1230 0143 81       		.byte	0x81
 1231 0144 00       		.byte	0
 1232 0145 07       		.uleb128 0x7
 1233 0146 AB000000 		.4byte	0xab
 1234 014a 55010000 		.4byte	0x155
 1235 014e 08       		.uleb128 0x8
 1236 014f 9E000000 		.4byte	0x9e
 1237 0153 7F       		.byte	0x7f
 1238 0154 00       		.byte	0
 1239 0155 07       		.uleb128 0x7
 1240 0156 AB000000 		.4byte	0xab
 1241 015a 65010000 		.4byte	0x165
 1242 015e 08       		.uleb128 0x8
ARM GAS  C:\Users\kland\AppData\Local\Temp\ccAXjS0j.s 			page 28


 1243 015f 9E000000 		.4byte	0x9e
 1244 0163 FF       		.byte	0xff
 1245 0164 00       		.byte	0
 1246 0165 03       		.uleb128 0x3
 1247 0166 59050000 		.4byte	.LASF26
 1248 016a 05       		.byte	0x5
 1249 016b 10       		.byte	0x10
 1250 016c 17010000 		.4byte	0x117
 1251 0170 0C       		.uleb128 0xc
 1252 0171 1A       		.byte	0x1a
 1253 0172 06       		.byte	0x6
 1254 0173 10       		.byte	0x10
 1255 0174 A9010000 		.4byte	0x1a9
 1256 0178 0B       		.uleb128 0xb
 1257 0179 C9020000 		.4byte	.LASF27
 1258 017d 06       		.byte	0x6
 1259 017e 11       		.byte	0x11
 1260 017f A9010000 		.4byte	0x1a9
 1261 0183 00       		.byte	0
 1262 0184 0B       		.uleb128 0xb
 1263 0185 71060000 		.4byte	.LASF28
 1264 0189 06       		.byte	0x6
 1265 018a 12       		.byte	0x12
 1266 018b F3000000 		.4byte	0xf3
 1267 018f 16       		.byte	0x16
 1268 0190 0B       		.uleb128 0xb
 1269 0191 1E030000 		.4byte	.LASF29
 1270 0195 06       		.byte	0x6
 1271 0196 13       		.byte	0x13
 1272 0197 DB000000 		.4byte	0xdb
 1273 019b 18       		.byte	0x18
 1274 019c 0B       		.uleb128 0xb
 1275 019d 13000000 		.4byte	.LASF30
 1276 01a1 06       		.byte	0x6
 1277 01a2 14       		.byte	0x14
 1278 01a3 DB000000 		.4byte	0xdb
 1279 01a7 19       		.byte	0x19
 1280 01a8 00       		.byte	0
 1281 01a9 07       		.uleb128 0x7
 1282 01aa F3000000 		.4byte	0xf3
 1283 01ae B9010000 		.4byte	0x1b9
 1284 01b2 08       		.uleb128 0x8
 1285 01b3 9E000000 		.4byte	0x9e
 1286 01b7 0A       		.byte	0xa
 1287 01b8 00       		.byte	0
 1288 01b9 03       		.uleb128 0x3
 1289 01ba 0E050000 		.4byte	.LASF31
 1290 01be 06       		.byte	0x6
 1291 01bf 15       		.byte	0x15
 1292 01c0 70010000 		.4byte	0x170
 1293 01c4 0C       		.uleb128 0xc
 1294 01c5 2C       		.byte	0x2c
 1295 01c6 07       		.byte	0x7
 1296 01c7 14       		.byte	0x14
 1297 01c8 F1010000 		.4byte	0x1f1
 1298 01cc 0D       		.uleb128 0xd
 1299 01cd 6B657900 		.ascii	"key\000"
ARM GAS  C:\Users\kland\AppData\Local\Temp\ccAXjS0j.s 			page 29


 1300 01d1 07       		.byte	0x7
 1301 01d2 15       		.byte	0x15
 1302 01d3 F1010000 		.4byte	0x1f1
 1303 01d7 00       		.byte	0
 1304 01d8 0B       		.uleb128 0xb
 1305 01d9 F2020000 		.4byte	.LASF32
 1306 01dd 07       		.byte	0x7
 1307 01de 16       		.byte	0x16
 1308 01df F1010000 		.4byte	0x1f1
 1309 01e3 14       		.byte	0x14
 1310 01e4 0B       		.uleb128 0xb
 1311 01e5 AA040000 		.4byte	.LASF33
 1312 01e9 07       		.byte	0x7
 1313 01ea 17       		.byte	0x17
 1314 01eb FF000000 		.4byte	0xff
 1315 01ef 28       		.byte	0x28
 1316 01f0 00       		.byte	0
 1317 01f1 07       		.uleb128 0x7
 1318 01f2 AB000000 		.4byte	0xab
 1319 01f6 01020000 		.4byte	0x201
 1320 01fa 08       		.uleb128 0x8
 1321 01fb 9E000000 		.4byte	0x9e
 1322 01ff 13       		.byte	0x13
 1323 0200 00       		.byte	0
 1324 0201 03       		.uleb128 0x3
 1325 0202 12030000 		.4byte	.LASF34
 1326 0206 07       		.byte	0x7
 1327 0207 19       		.byte	0x19
 1328 0208 C4010000 		.4byte	0x1c4
 1329 020c 0C       		.uleb128 0xc
 1330 020d 3C       		.byte	0x3c
 1331 020e 08       		.byte	0x8
 1332 020f 37       		.byte	0x37
 1333 0210 39020000 		.4byte	0x239
 1334 0214 0B       		.uleb128 0xb
 1335 0215 92060000 		.4byte	.LASF35
 1336 0219 08       		.byte	0x8
 1337 021a 38       		.byte	0x38
 1338 021b F1010000 		.4byte	0x1f1
 1339 021f 00       		.byte	0
 1340 0220 0B       		.uleb128 0xb
 1341 0221 C0020000 		.4byte	.LASF36
 1342 0225 08       		.byte	0x8
 1343 0226 39       		.byte	0x39
 1344 0227 F1010000 		.4byte	0x1f1
 1345 022b 14       		.byte	0x14
 1346 022c 0B       		.uleb128 0xb
 1347 022d 96050000 		.4byte	.LASF37
 1348 0231 08       		.byte	0x8
 1349 0232 3A       		.byte	0x3a
 1350 0233 F1010000 		.4byte	0x1f1
 1351 0237 28       		.byte	0x28
 1352 0238 00       		.byte	0
 1353 0239 03       		.uleb128 0x3
 1354 023a 1A020000 		.4byte	.LASF38
 1355 023e 08       		.byte	0x8
 1356 023f 3C       		.byte	0x3c
ARM GAS  C:\Users\kland\AppData\Local\Temp\ccAXjS0j.s 			page 30


 1357 0240 0C020000 		.4byte	0x20c
 1358 0244 0C       		.uleb128 0xc
 1359 0245 20       		.byte	0x20
 1360 0246 08       		.byte	0x8
 1361 0247 3E       		.byte	0x3e
 1362 0248 AD020000 		.4byte	0x2ad
 1363 024c 0B       		.uleb128 0xb
 1364 024d 42020000 		.4byte	.LASF39
 1365 0251 08       		.byte	0x8
 1366 0252 3F       		.byte	0x3f
 1367 0253 73000000 		.4byte	0x73
 1368 0257 00       		.byte	0
 1369 0258 0D       		.uleb128 0xd
 1370 0259 62657200 		.ascii	"ber\000"
 1371 025d 08       		.byte	0x8
 1372 025e 40       		.byte	0x40
 1373 025f 73000000 		.4byte	0x73
 1374 0263 04       		.byte	0x4
 1375 0264 0B       		.uleb128 0xb
 1376 0265 85050000 		.4byte	.LASF40
 1377 0269 08       		.byte	0x8
 1378 026a 41       		.byte	0x41
 1379 026b 73000000 		.4byte	0x73
 1380 026f 08       		.byte	0x8
 1381 0270 0B       		.uleb128 0xb
 1382 0271 AF010000 		.4byte	.LASF41
 1383 0275 08       		.byte	0x8
 1384 0276 42       		.byte	0x42
 1385 0277 73000000 		.4byte	0x73
 1386 027b 0C       		.byte	0xc
 1387 027c 0B       		.uleb128 0xb
 1388 027d 6B050000 		.4byte	.LASF42
 1389 0281 08       		.byte	0x8
 1390 0282 43       		.byte	0x43
 1391 0283 73000000 		.4byte	0x73
 1392 0287 10       		.byte	0x10
 1393 0288 0B       		.uleb128 0xb
 1394 0289 23060000 		.4byte	.LASF43
 1395 028d 08       		.byte	0x8
 1396 028e 44       		.byte	0x44
 1397 028f 73000000 		.4byte	0x73
 1398 0293 14       		.byte	0x14
 1399 0294 0B       		.uleb128 0xb
 1400 0295 D1010000 		.4byte	.LASF44
 1401 0299 08       		.byte	0x8
 1402 029a 45       		.byte	0x45
 1403 029b 73000000 		.4byte	0x73
 1404 029f 18       		.byte	0x18
 1405 02a0 0B       		.uleb128 0xb
 1406 02a1 91030000 		.4byte	.LASF45
 1407 02a5 08       		.byte	0x8
 1408 02a6 46       		.byte	0x46
 1409 02a7 73000000 		.4byte	0x73
 1410 02ab 1C       		.byte	0x1c
 1411 02ac 00       		.byte	0
 1412 02ad 03       		.uleb128 0x3
 1413 02ae AA050000 		.4byte	.LASF46
ARM GAS  C:\Users\kland\AppData\Local\Temp\ccAXjS0j.s 			page 31


 1414 02b2 08       		.byte	0x8
 1415 02b3 48       		.byte	0x48
 1416 02b4 44020000 		.4byte	0x244
 1417 02b8 0C       		.uleb128 0xc
 1418 02b9 0B       		.byte	0xb
 1419 02ba 08       		.byte	0x8
 1420 02bb 54       		.byte	0x54
 1421 02bc 45030000 		.4byte	0x345
 1422 02c0 0B       		.uleb128 0xb
 1423 02c1 9A020000 		.4byte	.LASF47
 1424 02c5 08       		.byte	0x8
 1425 02c6 56       		.byte	0x56
 1426 02c7 DB000000 		.4byte	0xdb
 1427 02cb 00       		.byte	0
 1428 02cc 0B       		.uleb128 0xb
 1429 02cd B9070000 		.4byte	.LASF48
 1430 02d1 08       		.byte	0x8
 1431 02d2 58       		.byte	0x58
 1432 02d3 45030000 		.4byte	0x345
 1433 02d7 01       		.byte	0x1
 1434 02d8 0B       		.uleb128 0xb
 1435 02d9 49060000 		.4byte	.LASF49
 1436 02dd 08       		.byte	0x8
 1437 02de 5A       		.byte	0x5a
 1438 02df DB000000 		.4byte	0xdb
 1439 02e3 02       		.byte	0x2
 1440 02e4 0B       		.uleb128 0xb
 1441 02e5 70050000 		.4byte	.LASF50
 1442 02e9 08       		.byte	0x8
 1443 02ea 5C       		.byte	0x5c
 1444 02eb DB000000 		.4byte	0xdb
 1445 02ef 03       		.byte	0x3
 1446 02f0 0B       		.uleb128 0xb
 1447 02f1 E6020000 		.4byte	.LASF51
 1448 02f5 08       		.byte	0x8
 1449 02f6 5F       		.byte	0x5f
 1450 02f7 DB000000 		.4byte	0xdb
 1451 02fb 04       		.byte	0x4
 1452 02fc 0B       		.uleb128 0xb
 1453 02fd 2B070000 		.4byte	.LASF52
 1454 0301 08       		.byte	0x8
 1455 0302 64       		.byte	0x64
 1456 0303 DB000000 		.4byte	0xdb
 1457 0307 05       		.byte	0x5
 1458 0308 0B       		.uleb128 0xb
 1459 0309 C9050000 		.4byte	.LASF53
 1460 030d 08       		.byte	0x8
 1461 030e 66       		.byte	0x66
 1462 030f DB000000 		.4byte	0xdb
 1463 0313 06       		.byte	0x6
 1464 0314 0B       		.uleb128 0xb
 1465 0315 AD060000 		.4byte	.LASF54
 1466 0319 08       		.byte	0x8
 1467 031a 67       		.byte	0x67
 1468 031b DB000000 		.4byte	0xdb
 1469 031f 07       		.byte	0x7
 1470 0320 0B       		.uleb128 0xb
ARM GAS  C:\Users\kland\AppData\Local\Temp\ccAXjS0j.s 			page 32


 1471 0321 60050000 		.4byte	.LASF55
 1472 0325 08       		.byte	0x8
 1473 0326 68       		.byte	0x68
 1474 0327 DB000000 		.4byte	0xdb
 1475 032b 08       		.byte	0x8
 1476 032c 0B       		.uleb128 0xb
 1477 032d 9A070000 		.4byte	.LASF56
 1478 0331 08       		.byte	0x8
 1479 0332 69       		.byte	0x69
 1480 0333 DB000000 		.4byte	0xdb
 1481 0337 09       		.byte	0x9
 1482 0338 0B       		.uleb128 0xb
 1483 0339 33060000 		.4byte	.LASF57
 1484 033d 08       		.byte	0x8
 1485 033e 6A       		.byte	0x6a
 1486 033f DB000000 		.4byte	0xdb
 1487 0343 0A       		.byte	0xa
 1488 0344 00       		.byte	0
 1489 0345 02       		.uleb128 0x2
 1490 0346 01       		.byte	0x1
 1491 0347 02       		.byte	0x2
 1492 0348 2D050000 		.4byte	.LASF58
 1493 034c 03       		.uleb128 0x3
 1494 034d DC030000 		.4byte	.LASF59
 1495 0351 08       		.byte	0x8
 1496 0352 71       		.byte	0x71
 1497 0353 B8020000 		.4byte	0x2b8
 1498 0357 0C       		.uleb128 0xc
 1499 0358 06       		.byte	0x6
 1500 0359 09       		.byte	0x9
 1501 035a 37       		.byte	0x37
 1502 035b 90030000 		.4byte	0x390
 1503 035f 0B       		.uleb128 0xb
 1504 0360 B4010000 		.4byte	.LASF60
 1505 0364 09       		.byte	0x9
 1506 0365 39       		.byte	0x39
 1507 0366 E7000000 		.4byte	0xe7
 1508 036a 00       		.byte	0
 1509 036b 0B       		.uleb128 0xb
 1510 036c 51020000 		.4byte	.LASF61
 1511 0370 09       		.byte	0x9
 1512 0371 3A       		.byte	0x3a
 1513 0372 F3000000 		.4byte	0xf3
 1514 0376 02       		.byte	0x2
 1515 0377 0B       		.uleb128 0xb
 1516 0378 AB070000 		.4byte	.LASF62
 1517 037c 09       		.byte	0x9
 1518 037d 3B       		.byte	0x3b
 1519 037e DB000000 		.4byte	0xdb
 1520 0382 04       		.byte	0x4
 1521 0383 0B       		.uleb128 0xb
 1522 0384 42000000 		.4byte	.LASF63
 1523 0388 09       		.byte	0x9
 1524 0389 3C       		.byte	0x3c
 1525 038a DB000000 		.4byte	0xdb
 1526 038e 05       		.byte	0x5
 1527 038f 00       		.byte	0
ARM GAS  C:\Users\kland\AppData\Local\Temp\ccAXjS0j.s 			page 33


 1528 0390 03       		.uleb128 0x3
 1529 0391 67020000 		.4byte	.LASF64
 1530 0395 09       		.byte	0x9
 1531 0396 3F       		.byte	0x3f
 1532 0397 9B030000 		.4byte	0x39b
 1533 039b 0E       		.uleb128 0xe
 1534 039c 57030000 		.4byte	0x357
 1535 03a0 0C       		.uleb128 0xc
 1536 03a1 1C       		.byte	0x1c
 1537 03a2 09       		.byte	0x9
 1538 03a3 42       		.byte	0x42
 1539 03a4 C1030000 		.4byte	0x3c1
 1540 03a8 0B       		.uleb128 0xb
 1541 03a9 6B030000 		.4byte	.LASF65
 1542 03ad 09       		.byte	0x9
 1543 03ae 44       		.byte	0x44
 1544 03af C1030000 		.4byte	0x3c1
 1545 03b3 00       		.byte	0
 1546 03b4 0B       		.uleb128 0xb
 1547 03b5 B2020000 		.4byte	.LASF66
 1548 03b9 09       		.byte	0x9
 1549 03ba 45       		.byte	0x45
 1550 03bb BD000000 		.4byte	0xbd
 1551 03bf 04       		.byte	0x4
 1552 03c0 00       		.byte	0
 1553 03c1 05       		.uleb128 0x5
 1554 03c2 04       		.byte	0x4
 1555 03c3 39020000 		.4byte	0x239
 1556 03c7 03       		.uleb128 0x3
 1557 03c8 D1030000 		.4byte	.LASF67
 1558 03cc 09       		.byte	0x9
 1559 03cd 47       		.byte	0x47
 1560 03ce A0030000 		.4byte	0x3a0
 1561 03d2 0C       		.uleb128 0xc
 1562 03d3 68       		.byte	0x68
 1563 03d4 09       		.byte	0x9
 1564 03d5 4D       		.byte	0x4d
 1565 03d6 F3030000 		.4byte	0x3f3
 1566 03da 0B       		.uleb128 0xb
 1567 03db 76030000 		.4byte	.LASF68
 1568 03df 09       		.byte	0x9
 1569 03e0 52       		.byte	0x52
 1570 03e1 F3030000 		.4byte	0x3f3
 1571 03e5 00       		.byte	0
 1572 03e6 0B       		.uleb128 0xb
 1573 03e7 63030000 		.4byte	.LASF69
 1574 03eb 09       		.byte	0x9
 1575 03ec 53       		.byte	0x53
 1576 03ed 73000000 		.4byte	0x73
 1577 03f1 64       		.byte	0x64
 1578 03f2 00       		.byte	0
 1579 03f3 07       		.uleb128 0x7
 1580 03f4 AB000000 		.4byte	0xab
 1581 03f8 03040000 		.4byte	0x403
 1582 03fc 08       		.uleb128 0x8
 1583 03fd 9E000000 		.4byte	0x9e
 1584 0401 63       		.byte	0x63
ARM GAS  C:\Users\kland\AppData\Local\Temp\ccAXjS0j.s 			page 34


 1585 0402 00       		.byte	0
 1586 0403 03       		.uleb128 0x3
 1587 0404 84040000 		.4byte	.LASF70
 1588 0408 09       		.byte	0x9
 1589 0409 59       		.byte	0x59
 1590 040a D2030000 		.4byte	0x3d2
 1591 040e 0F       		.uleb128 0xf
 1592 040f 52030000 		.4byte	.LASF71
 1593 0413 01       		.byte	0x1
 1594 0414 17       		.byte	0x17
 1595 0415 B2000000 		.4byte	0xb2
 1596 0419 00000000 		.4byte	.LFB64
 1597 041d 14000000 		.4byte	.LFE64-.LFB64
 1598 0421 01       		.uleb128 0x1
 1599 0422 9C       		.byte	0x9c
 1600 0423 0F       		.uleb128 0xf
 1601 0424 CF040000 		.4byte	.LASF72
 1602 0428 01       		.byte	0x1
 1603 0429 1E       		.byte	0x1e
 1604 042a 81000000 		.4byte	0x81
 1605 042e 00000000 		.4byte	.LFB65
 1606 0432 14000000 		.4byte	.LFE65-.LFB65
 1607 0436 01       		.uleb128 0x1
 1608 0437 9C       		.byte	0x9c
 1609 0438 10       		.uleb128 0x10
 1610 0439 7A050000 		.4byte	.LASF143
 1611 043d 01       		.byte	0x1
 1612 043e 23       		.byte	0x23
 1613 043f 00000000 		.4byte	.LFB66
 1614 0443 28000000 		.4byte	.LFE66-.LFB66
 1615 0447 01       		.uleb128 0x1
 1616 0448 9C       		.byte	0x9c
 1617 0449 11       		.uleb128 0x11
 1618 044a 6A040000 		.4byte	.LASF73
 1619 044e 01       		.byte	0x1
 1620 044f 2E       		.byte	0x2e
 1621 0450 00000000 		.4byte	.LFB67
 1622 0454 70000000 		.4byte	.LFE67-.LFB67
 1623 0458 01       		.uleb128 0x1
 1624 0459 9C       		.byte	0x9c
 1625 045a 6D040000 		.4byte	0x46d
 1626 045e 12       		.uleb128 0x12
 1627 045f A2050000 		.4byte	.LASF76
 1628 0463 01       		.byte	0x1
 1629 0464 32       		.byte	0x32
 1630 0465 AB000000 		.4byte	0xab
 1631 0469 02       		.uleb128 0x2
 1632 046a 91       		.byte	0x91
 1633 046b 77       		.sleb128 -9
 1634 046c 00       		.byte	0
 1635 046d 11       		.uleb128 0x11
 1636 046e 99060000 		.4byte	.LASF74
 1637 0472 01       		.byte	0x1
 1638 0473 3E       		.byte	0x3e
 1639 0474 00000000 		.4byte	.LFB68
 1640 0478 1C000000 		.4byte	.LFE68-.LFB68
 1641 047c 01       		.uleb128 0x1
ARM GAS  C:\Users\kland\AppData\Local\Temp\ccAXjS0j.s 			page 35


 1642 047d 9C       		.byte	0x9c
 1643 047e 91040000 		.4byte	0x491
 1644 0482 13       		.uleb128 0x13
 1645 0483 C2070000 		.4byte	.LASF87
 1646 0487 01       		.byte	0x1
 1647 0488 3E       		.byte	0x3e
 1648 0489 A5000000 		.4byte	0xa5
 1649 048d 02       		.uleb128 0x2
 1650 048e 91       		.byte	0x91
 1651 048f 74       		.sleb128 -12
 1652 0490 00       		.byte	0
 1653 0491 14       		.uleb128 0x14
 1654 0492 F4010000 		.4byte	.LASF75
 1655 0496 01       		.byte	0x1
 1656 0497 42       		.byte	0x42
 1657 0498 DB000000 		.4byte	0xdb
 1658 049c 00000000 		.4byte	.LFB69
 1659 04a0 00010000 		.4byte	.LFE69-.LFB69
 1660 04a4 01       		.uleb128 0x1
 1661 04a5 9C       		.byte	0x9c
 1662 04a6 FC040000 		.4byte	0x4fc
 1663 04aa 12       		.uleb128 0x12
 1664 04ab E5040000 		.4byte	.LASF77
 1665 04af 01       		.byte	0x1
 1666 04b0 43       		.byte	0x43
 1667 04b1 A5000000 		.4byte	0xa5
 1668 04b5 02       		.uleb128 0x2
 1669 04b6 91       		.byte	0x91
 1670 04b7 74       		.sleb128 -12
 1671 04b8 15       		.uleb128 0x15
 1672 04b9 2A000000 		.4byte	.LBB2
 1673 04bd 96000000 		.4byte	.LBE2-.LBB2
 1674 04c1 12       		.uleb128 0x12
 1675 04c2 AA040000 		.4byte	.LASF33
 1676 04c6 01       		.byte	0x1
 1677 04c7 52       		.byte	0x52
 1678 04c8 57000000 		.4byte	0x57
 1679 04cc 02       		.uleb128 0x2
 1680 04cd 91       		.byte	0x91
 1681 04ce 70       		.sleb128 -16
 1682 04cf 12       		.uleb128 0x12
 1683 04d0 FA050000 		.4byte	.LASF78
 1684 04d4 01       		.byte	0x1
 1685 04d5 53       		.byte	0x53
 1686 04d6 FC040000 		.4byte	0x4fc
 1687 04da 03       		.uleb128 0x3
 1688 04db 91       		.byte	0x91
 1689 04dc A07F     		.sleb128 -96
 1690 04de 12       		.uleb128 0x12
 1691 04df F2020000 		.4byte	.LASF32
 1692 04e3 01       		.byte	0x1
 1693 04e4 57       		.byte	0x57
 1694 04e5 F1010000 		.4byte	0x1f1
 1695 04e9 02       		.uleb128 0x2
 1696 04ea 91       		.byte	0x91
 1697 04eb 5C       		.sleb128 -36
 1698 04ec 12       		.uleb128 0x12
ARM GAS  C:\Users\kland\AppData\Local\Temp\ccAXjS0j.s 			page 36


 1699 04ed 62060000 		.4byte	.LASF79
 1700 04f1 01       		.byte	0x1
 1701 04f2 5A       		.byte	0x5a
 1702 04f3 B9010000 		.4byte	0x1b9
 1703 04f7 02       		.uleb128 0x2
 1704 04f8 91       		.byte	0x91
 1705 04f9 40       		.sleb128 -64
 1706 04fa 00       		.byte	0
 1707 04fb 00       		.byte	0
 1708 04fc 07       		.uleb128 0x7
 1709 04fd AB000000 		.4byte	0xab
 1710 0501 0C050000 		.4byte	0x50c
 1711 0505 08       		.uleb128 0x8
 1712 0506 9E000000 		.4byte	0x9e
 1713 050a 1F       		.byte	0x1f
 1714 050b 00       		.byte	0
 1715 050c 14       		.uleb128 0x14
 1716 050d 38070000 		.4byte	.LASF80
 1717 0511 01       		.byte	0x1
 1718 0512 78       		.byte	0x78
 1719 0513 B9010000 		.4byte	0x1b9
 1720 0517 00000000 		.4byte	.LFB70
 1721 051b 1C010000 		.4byte	.LFE70-.LFB70
 1722 051f 01       		.uleb128 0x1
 1723 0520 9C       		.byte	0x9c
 1724 0521 56050000 		.4byte	0x556
 1725 0525 12       		.uleb128 0x12
 1726 0526 73020000 		.4byte	.LASF81
 1727 052a 01       		.byte	0x1
 1728 052b 7B       		.byte	0x7b
 1729 052c B9010000 		.4byte	0x1b9
 1730 0530 02       		.uleb128 0x2
 1731 0531 91       		.byte	0x91
 1732 0532 50       		.sleb128 -48
 1733 0533 12       		.uleb128 0x12
 1734 0534 1D050000 		.4byte	.LASF82
 1735 0538 01       		.byte	0x1
 1736 0539 9D       		.byte	0x9d
 1737 053a A5000000 		.4byte	0xa5
 1738 053e 02       		.uleb128 0x2
 1739 053f 91       		.byte	0x91
 1740 0540 6C       		.sleb128 -20
 1741 0541 16       		.uleb128 0x16
 1742 0542 00000000 		.4byte	.Ldebug_ranges0+0
 1743 0546 12       		.uleb128 0x12
 1744 0547 A4020000 		.4byte	.LASF83
 1745 054b 01       		.byte	0x1
 1746 054c A5       		.byte	0xa5
 1747 054d E7000000 		.4byte	0xe7
 1748 0551 02       		.uleb128 0x2
 1749 0552 91       		.byte	0x91
 1750 0553 6A       		.sleb128 -22
 1751 0554 00       		.byte	0
 1752 0555 00       		.byte	0
 1753 0556 14       		.uleb128 0x14
 1754 0557 FC040000 		.4byte	.LASF84
 1755 055b 01       		.byte	0x1
ARM GAS  C:\Users\kland\AppData\Local\Temp\ccAXjS0j.s 			page 37


 1756 055c C0       		.byte	0xc0
 1757 055d 65010000 		.4byte	0x165
 1758 0561 00000000 		.4byte	.LFB71
 1759 0565 CC000000 		.4byte	.LFE71-.LFB71
 1760 0569 01       		.uleb128 0x1
 1761 056a 9C       		.byte	0x9c
 1762 056b 8E050000 		.4byte	0x58e
 1763 056f 12       		.uleb128 0x12
 1764 0570 54010000 		.4byte	.LASF85
 1765 0574 01       		.byte	0x1
 1766 0575 C2       		.byte	0xc2
 1767 0576 65010000 		.4byte	0x165
 1768 057a 03       		.uleb128 0x3
 1769 057b 91       		.byte	0x91
 1770 057c EC7C     		.sleb128 -404
 1771 057e 12       		.uleb128 0x12
 1772 057f 8A030000 		.4byte	.LASF86
 1773 0583 01       		.byte	0x1
 1774 0584 C7       		.byte	0xc7
 1775 0585 B9010000 		.4byte	0x1b9
 1776 0589 03       		.uleb128 0x3
 1777 058a 91       		.byte	0x91
 1778 058b D07C     		.sleb128 -432
 1779 058d 00       		.byte	0
 1780 058e 17       		.uleb128 0x17
 1781 058f D8060000 		.4byte	.LASF144
 1782 0593 01       		.byte	0x1
 1783 0594 DE       		.byte	0xde
 1784 0595 E7000000 		.4byte	0xe7
 1785 0599 00000000 		.4byte	.LFB72
 1786 059d 8E000000 		.4byte	.LFE72-.LFB72
 1787 05a1 01       		.uleb128 0x1
 1788 05a2 9C       		.byte	0x9c
 1789 05a3 D0050000 		.4byte	0x5d0
 1790 05a7 13       		.uleb128 0x13
 1791 05a8 AC020000 		.4byte	.LASF88
 1792 05ac 01       		.byte	0x1
 1793 05ad DE       		.byte	0xde
 1794 05ae D0050000 		.4byte	0x5d0
 1795 05b2 02       		.uleb128 0x2
 1796 05b3 91       		.byte	0x91
 1797 05b4 64       		.sleb128 -28
 1798 05b5 18       		.uleb128 0x18
 1799 05b6 6E00     		.ascii	"n\000"
 1800 05b8 01       		.byte	0x1
 1801 05b9 DE       		.byte	0xde
 1802 05ba DB000000 		.4byte	0xdb
 1803 05be 02       		.uleb128 0x2
 1804 05bf 91       		.byte	0x91
 1805 05c0 63       		.sleb128 -29
 1806 05c1 12       		.uleb128 0x12
 1807 05c2 82010000 		.4byte	.LASF89
 1808 05c6 01       		.byte	0x1
 1809 05c7 E0       		.byte	0xe0
 1810 05c8 F3000000 		.4byte	0xf3
 1811 05cc 02       		.uleb128 0x2
 1812 05cd 91       		.byte	0x91
ARM GAS  C:\Users\kland\AppData\Local\Temp\ccAXjS0j.s 			page 38


 1813 05ce 6E       		.sleb128 -18
 1814 05cf 00       		.byte	0
 1815 05d0 05       		.uleb128 0x5
 1816 05d1 04       		.byte	0x4
 1817 05d2 F3000000 		.4byte	0xf3
 1818 05d6 11       		.uleb128 0x11
 1819 05d7 E1020000 		.4byte	.LASF90
 1820 05db 01       		.byte	0x1
 1821 05dc F0       		.byte	0xf0
 1822 05dd 00000000 		.4byte	.LFB73
 1823 05e1 98000000 		.4byte	.LFE73-.LFB73
 1824 05e5 01       		.uleb128 0x1
 1825 05e6 9C       		.byte	0x9c
 1826 05e7 1C060000 		.4byte	0x61c
 1827 05eb 18       		.uleb128 0x18
 1828 05ec 6100     		.ascii	"a\000"
 1829 05ee 01       		.byte	0x1
 1830 05ef F0       		.byte	0xf0
 1831 05f0 D0050000 		.4byte	0x5d0
 1832 05f4 02       		.uleb128 0x2
 1833 05f5 91       		.byte	0x91
 1834 05f6 6C       		.sleb128 -20
 1835 05f7 18       		.uleb128 0x18
 1836 05f8 6E00     		.ascii	"n\000"
 1837 05fa 01       		.byte	0x1
 1838 05fb F0       		.byte	0xf0
 1839 05fc F3000000 		.4byte	0xf3
 1840 0600 02       		.uleb128 0x2
 1841 0601 91       		.byte	0x91
 1842 0602 6A       		.sleb128 -22
 1843 0603 19       		.uleb128 0x19
 1844 0604 6900     		.ascii	"i\000"
 1845 0606 01       		.byte	0x1
 1846 0607 F1       		.byte	0xf1
 1847 0608 F3000000 		.4byte	0xf3
 1848 060c 02       		.uleb128 0x2
 1849 060d 91       		.byte	0x91
 1850 060e 76       		.sleb128 -10
 1851 060f 19       		.uleb128 0x19
 1852 0610 6A00     		.ascii	"j\000"
 1853 0612 01       		.byte	0x1
 1854 0613 F1       		.byte	0xf1
 1855 0614 F3000000 		.4byte	0xf3
 1856 0618 02       		.uleb128 0x2
 1857 0619 91       		.byte	0x91
 1858 061a 74       		.sleb128 -12
 1859 061b 00       		.byte	0
 1860 061c 1A       		.uleb128 0x1a
 1861 061d E0040000 		.4byte	.LASF91
 1862 0621 01       		.byte	0x1
 1863 0622 FC       		.byte	0xfc
 1864 0623 00000000 		.4byte	.LFB74
 1865 0627 2A000000 		.4byte	.LFE74-.LFB74
 1866 062b 01       		.uleb128 0x1
 1867 062c 9C       		.byte	0x9c
 1868 062d 56060000 		.4byte	0x656
 1869 0631 18       		.uleb128 0x18
ARM GAS  C:\Users\kland\AppData\Local\Temp\ccAXjS0j.s 			page 39


 1870 0632 7000     		.ascii	"p\000"
 1871 0634 01       		.byte	0x1
 1872 0635 FC       		.byte	0xfc
 1873 0636 D0050000 		.4byte	0x5d0
 1874 063a 02       		.uleb128 0x2
 1875 063b 91       		.byte	0x91
 1876 063c 6C       		.sleb128 -20
 1877 063d 18       		.uleb128 0x18
 1878 063e 7100     		.ascii	"q\000"
 1879 0640 01       		.byte	0x1
 1880 0641 FC       		.byte	0xfc
 1881 0642 D0050000 		.4byte	0x5d0
 1882 0646 02       		.uleb128 0x2
 1883 0647 91       		.byte	0x91
 1884 0648 68       		.sleb128 -24
 1885 0649 19       		.uleb128 0x19
 1886 064a 7400     		.ascii	"t\000"
 1887 064c 01       		.byte	0x1
 1888 064d FD       		.byte	0xfd
 1889 064e F3000000 		.4byte	0xf3
 1890 0652 02       		.uleb128 0x2
 1891 0653 91       		.byte	0x91
 1892 0654 76       		.sleb128 -10
 1893 0655 00       		.byte	0
 1894 0656 07       		.uleb128 0x7
 1895 0657 AB000000 		.4byte	0xab
 1896 065b 67060000 		.4byte	0x667
 1897 065f 1B       		.uleb128 0x1b
 1898 0660 9E000000 		.4byte	0x9e
 1899 0664 0001     		.2byte	0x100
 1900 0666 00       		.byte	0
 1901 0667 12       		.uleb128 0x12
 1902 0668 05010000 		.4byte	.LASF92
 1903 066c 01       		.byte	0x1
 1904 066d 0C       		.byte	0xc
 1905 066e 56060000 		.4byte	0x656
 1906 0672 05       		.uleb128 0x5
 1907 0673 03       		.byte	0x3
 1908 0674 00000000 		.4byte	uart_chars
 1909 0678 12       		.uleb128 0x12
 1910 0679 17040000 		.4byte	.LASF93
 1911 067d 01       		.byte	0x1
 1912 067e 0D       		.byte	0xd
 1913 067f 81000000 		.4byte	0x81
 1914 0683 05       		.uleb128 0x5
 1915 0684 03       		.byte	0x3
 1916 0685 01010000 		.4byte	num_chars
 1917 0689 12       		.uleb128 0x12
 1918 068a DC020000 		.4byte	.LASF94
 1919 068e 01       		.byte	0x1
 1920 068f 0F       		.byte	0xf
 1921 0690 B2000000 		.4byte	0xb2
 1922 0694 05       		.uleb128 0x5
 1923 0695 03       		.byte	0x3
 1924 0696 00000000 		.4byte	line
 1925 069a 12       		.uleb128 0x12
 1926 069b B4040000 		.4byte	.LASF95
ARM GAS  C:\Users\kland\AppData\Local\Temp\ccAXjS0j.s 			page 40


 1927 069f 01       		.byte	0x1
 1928 06a0 12       		.byte	0x12
 1929 06a1 B2000000 		.4byte	0xb2
 1930 06a5 05       		.uleb128 0x5
 1931 06a6 03       		.byte	0x3
 1932 06a7 04010000 		.4byte	match
 1933 06ab 12       		.uleb128 0x12
 1934 06ac D8040000 		.4byte	.LASF96
 1935 06b0 01       		.byte	0x1
 1936 06b1 13       		.byte	0x13
 1937 06b2 B2000000 		.4byte	0xb2
 1938 06b6 05       		.uleb128 0x5
 1939 06b7 03       		.byte	0x3
 1940 06b8 08010000 		.4byte	pattern
 1941 06bc 1C       		.uleb128 0x1c
 1942 06bd 66010000 		.4byte	.LASF97
 1943 06c1 0A       		.byte	0xa
 1944 06c2 1207     		.2byte	0x712
 1945 06c4 C8060000 		.4byte	0x6c8
 1946 06c8 0E       		.uleb128 0xe
 1947 06c9 8C000000 		.4byte	0x8c
 1948 06cd 1D       		.uleb128 0x1d
 1949 06ce DB050000 		.4byte	.LASF98
 1950 06d2 06       		.byte	0x6
 1951 06d3 25       		.byte	0x25
 1952 06d4 F3030000 		.4byte	0x3f3
 1953 06d8 05       		.uleb128 0x5
 1954 06d9 03       		.byte	0x3
 1955 06da 00000000 		.4byte	level_sensor_inbox
 1956 06de 1D       		.uleb128 0x1d
 1957 06df FD060000 		.4byte	.LASF99
 1958 06e3 06       		.byte	0x6
 1959 06e4 27       		.byte	0x27
 1960 06e5 45030000 		.4byte	0x345
 1961 06e9 05       		.uleb128 0x5
 1962 06ea 03       		.byte	0x3
 1963 06eb 00000000 		.4byte	level_sensor_enabled
 1964 06ef 1D       		.uleb128 0x1d
 1965 06f0 28000000 		.4byte	.LASF100
 1966 06f4 07       		.byte	0x7
 1967 06f5 11       		.byte	0x11
 1968 06f6 45030000 		.4byte	0x345
 1969 06fa 05       		.uleb128 0x5
 1970 06fb 03       		.byte	0x3
 1971 06fc 00000000 		.4byte	buffer_overflow
 1972 0700 1D       		.uleb128 0x1d
 1973 0701 F3030000 		.4byte	.LASF101
 1974 0705 07       		.byte	0x7
 1975 0706 22       		.byte	0x22
 1976 0707 E7000000 		.4byte	0xe7
 1977 070b 05       		.uleb128 0x5
 1978 070c 03       		.byte	0x3
 1979 070d 00000000 		.4byte	dataPointsInStack
 1980 0711 1D       		.uleb128 0x1d
 1981 0712 12070000 		.4byte	.LASF102
 1982 0716 07       		.byte	0x7
 1983 0717 23       		.byte	0x23
ARM GAS  C:\Users\kland\AppData\Local\Temp\ccAXjS0j.s 			page 41


 1984 0718 E7000000 		.4byte	0xe7
 1985 071c 05       		.uleb128 0x5
 1986 071d 03       		.byte	0x3
 1987 071e 00000000 		.4byte	dataPointsInStackDesired
 1988 0722 07       		.uleb128 0x7
 1989 0723 01020000 		.4byte	0x201
 1990 0727 32070000 		.4byte	0x732
 1991 072b 08       		.uleb128 0x8
 1992 072c 9E000000 		.4byte	0x9e
 1993 0730 95       		.byte	0x95
 1994 0731 00       		.byte	0
 1995 0732 1D       		.uleb128 0x1d
 1996 0733 5E030000 		.4byte	.LASF103
 1997 0737 07       		.byte	0x7
 1998 0738 24       		.byte	0x24
 1999 0739 22070000 		.4byte	0x722
 2000 073d 05       		.uleb128 0x5
 2001 073e 03       		.byte	0x3
 2002 073f 00000000 		.4byte	data
 2003 0743 1D       		.uleb128 0x1d
 2004 0744 48010000 		.4byte	.LASF104
 2005 0748 08       		.byte	0x8
 2006 0749 21       		.byte	0x21
 2007 074a DB000000 		.4byte	0xdb
 2008 074e 05       		.uleb128 0x5
 2009 074f 03       		.byte	0x3
 2010 0750 00000000 		.4byte	modem_state
 2011 0754 1D       		.uleb128 0x1d
 2012 0755 BA030000 		.4byte	.LASF105
 2013 0759 08       		.byte	0x8
 2014 075a 74       		.byte	0x74
 2015 075b FF000000 		.4byte	0xff
 2016 075f 05       		.uleb128 0x5
 2017 0760 03       		.byte	0x3
 2018 0761 00000000 		.4byte	modem_start_time_stamp
 2019 0765 1D       		.uleb128 0x1d
 2020 0766 6B030000 		.4byte	.LASF65
 2021 076a 08       		.byte	0x8
 2022 076b 75       		.byte	0x75
 2023 076c 39020000 		.4byte	0x239
 2024 0770 05       		.uleb128 0x5
 2025 0771 03       		.byte	0x3
 2026 0772 00000000 		.4byte	modem_info
 2027 0776 1D       		.uleb128 0x1d
 2028 0777 89010000 		.4byte	.LASF106
 2029 077b 08       		.byte	0x8
 2030 077c 76       		.byte	0x76
 2031 077d AD020000 		.4byte	0x2ad
 2032 0781 05       		.uleb128 0x5
 2033 0782 03       		.byte	0x3
 2034 0783 00000000 		.4byte	modem_stats
 2035 0787 1D       		.uleb128 0x1d
 2036 0788 BA040000 		.4byte	.LASF107
 2037 078c 08       		.byte	0x8
 2038 078d 77       		.byte	0x77
 2039 078e 4C030000 		.4byte	0x34c
 2040 0792 05       		.uleb128 0x5
ARM GAS  C:\Users\kland\AppData\Local\Temp\ccAXjS0j.s 			page 42


 2041 0793 03       		.byte	0x3
 2042 0794 00000000 		.4byte	updatable_parameters
 2043 0798 1D       		.uleb128 0x1d
 2044 0799 02030000 		.4byte	.LASF108
 2045 079d 0B       		.byte	0xb
 2046 079e 07       		.byte	0x7
 2047 079f DB000000 		.4byte	0xdb
 2048 07a3 05       		.uleb128 0x5
 2049 07a4 03       		.byte	0x3
 2050 07a5 00000000 		.4byte	App_LED_enabled
 2051 07a9 1D       		.uleb128 0x1d
 2052 07aa DE070000 		.4byte	.LASF109
 2053 07ae 0B       		.byte	0xb
 2054 07af 08       		.byte	0x8
 2055 07b0 F3030000 		.4byte	0x3f3
 2056 07b4 05       		.uleb128 0x5
 2057 07b5 03       		.byte	0x3
 2058 07b6 00000000 		.4byte	app_led_inbox
 2059 07ba 1D       		.uleb128 0x1d
 2060 07bb 0B020000 		.4byte	.LASF110
 2061 07bf 0C       		.byte	0xc
 2062 07c0 2A       		.byte	0x2a
 2063 07c1 0B010000 		.4byte	0x10b
 2064 07c5 05       		.uleb128 0x5
 2065 07c6 03       		.byte	0x3
 2066 07c7 00000000 		.4byte	valve_diameter
 2067 07cb 07       		.uleb128 0x7
 2068 07cc AB000000 		.4byte	0xab
 2069 07d0 DB070000 		.4byte	0x7db
 2070 07d4 08       		.uleb128 0x8
 2071 07d5 9E000000 		.4byte	0x9e
 2072 07d9 09       		.byte	0x9
 2073 07da 00       		.byte	0
 2074 07db 1D       		.uleb128 0x1d
 2075 07dc 6C000000 		.4byte	.LASF111
 2076 07e0 0C       		.byte	0xc
 2077 07e1 2B       		.byte	0x2b
 2078 07e2 CB070000 		.4byte	0x7cb
 2079 07e6 05       		.uleb128 0x5
 2080 07e7 03       		.byte	0x3
 2081 07e8 00000000 		.4byte	valve_type
 2082 07ec 1D       		.uleb128 0x1d
 2083 07ed CA060000 		.4byte	.LASF112
 2084 07f1 0C       		.byte	0xc
 2085 07f2 30       		.byte	0x30
 2086 07f3 DB000000 		.4byte	0xdb
 2087 07f7 05       		.uleb128 0x5
 2088 07f8 03       		.byte	0x3
 2089 07f9 00000000 		.4byte	valve_enabled
 2090 07fd 1D       		.uleb128 0x1d
 2091 07fe 7E030000 		.4byte	.LASF113
 2092 0802 0C       		.byte	0xc
 2093 0803 31       		.byte	0x31
 2094 0804 F3030000 		.4byte	0x3f3
 2095 0808 05       		.uleb128 0x5
 2096 0809 03       		.byte	0x3
 2097 080a 00000000 		.4byte	valve_inbox
ARM GAS  C:\Users\kland\AppData\Local\Temp\ccAXjS0j.s 			page 43


 2098 080e 1D       		.uleb128 0x1d
 2099 080f 34010000 		.4byte	.LASF114
 2100 0813 0D       		.byte	0xd
 2101 0814 69       		.byte	0x69
 2102 0815 DB000000 		.4byte	0xdb
 2103 0819 05       		.uleb128 0x5
 2104 081a 03       		.byte	0x3
 2105 081b 00000000 		.4byte	autosampler_enabled
 2106 081f 1D       		.uleb128 0x1d
 2107 0820 05040000 		.4byte	.LASF115
 2108 0824 0D       		.byte	0xd
 2109 0825 6B       		.byte	0x6b
 2110 0826 F3030000 		.4byte	0x3f3
 2111 082a 05       		.uleb128 0x5
 2112 082b 03       		.byte	0x3
 2113 082c 00000000 		.4byte	autosampler_inbox
 2114 0830 1D       		.uleb128 0x1d
 2115 0831 31030000 		.4byte	.LASF116
 2116 0835 0E       		.byte	0xe
 2117 0836 12       		.byte	0x12
 2118 0837 DB000000 		.4byte	0xdb
 2119 083b 05       		.uleb128 0x5
 2120 083c 03       		.byte	0x3
 2121 083d 00000000 		.4byte	sontek_enabled
 2122 0841 1D       		.uleb128 0x1d
 2123 0842 10010000 		.4byte	.LASF117
 2124 0846 0E       		.byte	0xe
 2125 0847 13       		.byte	0x13
 2126 0848 F3030000 		.4byte	0x3f3
 2127 084c 05       		.uleb128 0x5
 2128 084d 03       		.byte	0x3
 2129 084e 00000000 		.4byte	Sontek_inbox
 2130 0852 07       		.uleb128 0x7
 2131 0853 AB000000 		.4byte	0xab
 2132 0857 63080000 		.4byte	0x863
 2133 085b 1B       		.uleb128 0x1b
 2134 085c 9E000000 		.4byte	0x9e
 2135 0860 0F27     		.2byte	0x270f
 2136 0862 00       		.byte	0
 2137 0863 1D       		.uleb128 0x1d
 2138 0864 CA070000 		.4byte	.LASF118
 2139 0868 09       		.byte	0x9
 2140 0869 21       		.byte	0x21
 2141 086a 52080000 		.4byte	0x852
 2142 086e 05       		.uleb128 0x5
 2143 086f 03       		.byte	0x3
 2144 0870 00000000 		.4byte	http_request
 2145 0874 1D       		.uleb128 0x1d
 2146 0875 01020000 		.4byte	.LASF119
 2147 0879 09       		.byte	0x9
 2148 087a 22       		.byte	0x22
 2149 087b 52080000 		.4byte	0x852
 2150 087f 05       		.uleb128 0x5
 2151 0880 03       		.byte	0x3
 2152 0881 00000000 		.4byte	http_body
 2153 0885 07       		.uleb128 0x7
 2154 0886 AB000000 		.4byte	0xab
ARM GAS  C:\Users\kland\AppData\Local\Temp\ccAXjS0j.s 			page 44


 2155 088a 95080000 		.4byte	0x895
 2156 088e 08       		.uleb128 0x8
 2157 088f 9E000000 		.4byte	0x9e
 2158 0893 C7       		.byte	0xc7
 2159 0894 00       		.byte	0
 2160 0895 1D       		.uleb128 0x1d
 2161 0896 28060000 		.4byte	.LASF120
 2162 089a 09       		.byte	0x9
 2163 089b 23       		.byte	0x23
 2164 089c 85080000 		.4byte	0x885
 2165 08a0 05       		.uleb128 0x5
 2166 08a1 03       		.byte	0x3
 2167 08a2 00000000 		.4byte	http_route
 2168 08a6 1D       		.uleb128 0x1d
 2169 08a7 8A050000 		.4byte	.LASF121
 2170 08ab 09       		.byte	0x9
 2171 08ac 4A       		.byte	0x4a
 2172 08ad C7030000 		.4byte	0x3c7
 2173 08b1 05       		.uleb128 0x5
 2174 08b2 03       		.byte	0x3
 2175 08b3 00000000 		.4byte	system_info
 2176 08b7 1D       		.uleb128 0x1d
 2177 08b8 49050000 		.4byte	.LASF122
 2178 08bc 09       		.byte	0x9
 2179 08bd 5C       		.byte	0x5c
 2180 08be 03040000 		.4byte	0x403
 2181 08c2 05       		.uleb128 0x5
 2182 08c3 03       		.byte	0x3
 2183 08c4 00000000 		.4byte	system_settings
 2184 08c8 1D       		.uleb128 0x1d
 2185 08c9 59010000 		.4byte	.LASF123
 2186 08cd 09       		.byte	0x9
 2187 08ce 78       		.byte	0x78
 2188 08cf 90030000 		.4byte	0x390
 2189 08d3 05       		.uleb128 0x5
 2190 08d4 03       		.byte	0x3
 2191 08d5 00000000 		.4byte	alarmMeasure
 2192 08d9 1D       		.uleb128 0x1d
 2193 08da C3010000 		.4byte	.LASF124
 2194 08de 09       		.byte	0x9
 2195 08df 79       		.byte	0x79
 2196 08e0 DB000000 		.4byte	0xdb
 2197 08e4 05       		.uleb128 0x5
 2198 08e5 03       		.byte	0x3
 2199 08e6 00000000 		.4byte	timeToMeasure
 2200 08ea 1D       		.uleb128 0x1d
 2201 08eb F8020000 		.4byte	.LASF125
 2202 08ef 09       		.byte	0x9
 2203 08f0 7A       		.byte	0x7a
 2204 08f1 90030000 		.4byte	0x390
 2205 08f5 05       		.uleb128 0x5
 2206 08f6 03       		.byte	0x3
 2207 08f7 00000000 		.4byte	alarmSync
 2208 08fb 1D       		.uleb128 0x1d
 2209 08fc E9010000 		.4byte	.LASF126
 2210 0900 09       		.byte	0x9
 2211 0901 7B       		.byte	0x7b
ARM GAS  C:\Users\kland\AppData\Local\Temp\ccAXjS0j.s 			page 45


 2212 0902 DB000000 		.4byte	0xdb
 2213 0906 05       		.uleb128 0x5
 2214 0907 03       		.byte	0x3
 2215 0908 00000000 		.4byte	timeToSync
 2216 090c 1D       		.uleb128 0x1d
 2217 090d 93040000 		.4byte	.LASF127
 2218 0911 09       		.byte	0x9
 2219 0912 7C       		.byte	0x7c
 2220 0913 DB000000 		.4byte	0xdb
 2221 0917 05       		.uleb128 0x5
 2222 0918 03       		.byte	0x3
 2223 0919 00000000 		.4byte	timeToSycnRemoteParams
 2224 091d 1E       		.uleb128 0x1e
 2225 091e 68657900 		.ascii	"hey\000"
 2226 0922 09       		.byte	0x9
 2227 0923 7D       		.byte	0x7d
 2228 0924 DB000000 		.4byte	0xdb
 2229 0928 05       		.uleb128 0x5
 2230 0929 03       		.byte	0x3
 2231 092a 00000000 		.4byte	hey
 2232 092e 1D       		.uleb128 0x1d
 2233 092f AE030000 		.4byte	.LASF128
 2234 0933 09       		.byte	0x9
 2235 0934 81       		.byte	0x81
 2236 0935 90030000 		.4byte	0x390
 2237 0939 05       		.uleb128 0x5
 2238 093a 03       		.byte	0x3
 2239 093b 00000000 		.4byte	alarmAppLED
 2240 093f 1D       		.uleb128 0x1d
 2241 0940 87020000 		.4byte	.LASF129
 2242 0944 09       		.byte	0x9
 2243 0945 82       		.byte	0x82
 2244 0946 DB000000 		.4byte	0xdb
 2245 094a 05       		.uleb128 0x5
 2246 094b 03       		.byte	0x3
 2247 094c 00000000 		.4byte	timeToAppLED
 2248 0950 1D       		.uleb128 0x1d
 2249 0951 B8050000 		.4byte	.LASF130
 2250 0955 09       		.byte	0x9
 2251 0956 84       		.byte	0x84
 2252 0957 90030000 		.4byte	0x390
 2253 095b 05       		.uleb128 0x5
 2254 095c 03       		.byte	0x3
 2255 095d 00000000 		.4byte	alarmLevelSensor
 2256 0961 1D       		.uleb128 0x1d
 2257 0962 EB060000 		.4byte	.LASF131
 2258 0966 09       		.byte	0x9
 2259 0967 85       		.byte	0x85
 2260 0968 DB000000 		.4byte	0xdb
 2261 096c 05       		.uleb128 0x5
 2262 096d 03       		.byte	0x3
 2263 096e 00000000 		.4byte	timeToLevelSensor
 2264 0972 1D       		.uleb128 0x1d
 2265 0973 27020000 		.4byte	.LASF132
 2266 0977 09       		.byte	0x9
 2267 0978 87       		.byte	0x87
 2268 0979 90030000 		.4byte	0x390
ARM GAS  C:\Users\kland\AppData\Local\Temp\ccAXjS0j.s 			page 46


 2269 097d 05       		.uleb128 0x5
 2270 097e 03       		.byte	0x3
 2271 097f 00000000 		.4byte	alarmDownstreamLevelSensor
 2272 0983 1D       		.uleb128 0x1d
 2273 0984 5F070000 		.4byte	.LASF133
 2274 0988 09       		.byte	0x9
 2275 0989 88       		.byte	0x88
 2276 098a DB000000 		.4byte	0xdb
 2277 098e 05       		.uleb128 0x5
 2278 098f 03       		.byte	0x3
 2279 0990 00000000 		.4byte	timeToDownstreamLevelSensor
 2280 0994 1D       		.uleb128 0x1d
 2281 0995 18060000 		.4byte	.LASF134
 2282 0999 09       		.byte	0x9
 2283 099a 8A       		.byte	0x8a
 2284 099b 90030000 		.4byte	0x390
 2285 099f 05       		.uleb128 0x5
 2286 09a0 03       		.byte	0x3
 2287 09a1 00000000 		.4byte	alarmValve
 2288 09a5 1D       		.uleb128 0x1d
 2289 09a6 00000000 		.4byte	.LASF135
 2290 09aa 09       		.byte	0x9
 2291 09ab 8B       		.byte	0x8b
 2292 09ac DB000000 		.4byte	0xdb
 2293 09b0 05       		.uleb128 0x5
 2294 09b1 03       		.byte	0x3
 2295 09b2 00000000 		.4byte	timeToValve
 2296 09b6 1D       		.uleb128 0x1d
 2297 09b7 83070000 		.4byte	.LASF136
 2298 09bb 09       		.byte	0x9
 2299 09bc 8D       		.byte	0x8d
 2300 09bd 90030000 		.4byte	0x390
 2301 09c1 05       		.uleb128 0x5
 2302 09c2 03       		.byte	0x3
 2303 09c3 00000000 		.4byte	alarmAutosampler
 2304 09c7 1D       		.uleb128 0x1d
 2305 09c8 5A000000 		.4byte	.LASF137
 2306 09cc 09       		.byte	0x9
 2307 09cd 8E       		.byte	0x8e
 2308 09ce DB000000 		.4byte	0xdb
 2309 09d2 05       		.uleb128 0x5
 2310 09d3 03       		.byte	0x3
 2311 09d4 00000000 		.4byte	timeToAutosampler
 2312 09d8 1D       		.uleb128 0x1d
 2313 09d9 56060000 		.4byte	.LASF138
 2314 09dd 09       		.byte	0x9
 2315 09de 90       		.byte	0x90
 2316 09df 90030000 		.4byte	0x390
 2317 09e3 05       		.uleb128 0x5
 2318 09e4 03       		.byte	0x3
 2319 09e5 00000000 		.4byte	alarmSontek
 2320 09e9 1D       		.uleb128 0x1d
 2321 09ea 52070000 		.4byte	.LASF139
 2322 09ee 09       		.byte	0x9
 2323 09ef 91       		.byte	0x91
 2324 09f0 DB000000 		.4byte	0xdb
 2325 09f4 05       		.uleb128 0x5
ARM GAS  C:\Users\kland\AppData\Local\Temp\ccAXjS0j.s 			page 47


 2326 09f5 03       		.byte	0x3
 2327 09f6 00000000 		.4byte	timeToSontek
 2328 09fa 00       		.byte	0
 2329              		.section	.debug_abbrev,"",%progbits
 2330              	.Ldebug_abbrev0:
 2331 0000 01       		.uleb128 0x1
 2332 0001 11       		.uleb128 0x11
 2333 0002 01       		.byte	0x1
 2334 0003 25       		.uleb128 0x25
 2335 0004 0E       		.uleb128 0xe
 2336 0005 13       		.uleb128 0x13
 2337 0006 0B       		.uleb128 0xb
 2338 0007 03       		.uleb128 0x3
 2339 0008 0E       		.uleb128 0xe
 2340 0009 1B       		.uleb128 0x1b
 2341 000a 0E       		.uleb128 0xe
 2342 000b 55       		.uleb128 0x55
 2343 000c 17       		.uleb128 0x17
 2344 000d 11       		.uleb128 0x11
 2345 000e 01       		.uleb128 0x1
 2346 000f 10       		.uleb128 0x10
 2347 0010 17       		.uleb128 0x17
 2348 0011 00       		.byte	0
 2349 0012 00       		.byte	0
 2350 0013 02       		.uleb128 0x2
 2351 0014 24       		.uleb128 0x24
 2352 0015 00       		.byte	0
 2353 0016 0B       		.uleb128 0xb
 2354 0017 0B       		.uleb128 0xb
 2355 0018 3E       		.uleb128 0x3e
 2356 0019 0B       		.uleb128 0xb
 2357 001a 03       		.uleb128 0x3
 2358 001b 0E       		.uleb128 0xe
 2359 001c 00       		.byte	0
 2360 001d 00       		.byte	0
 2361 001e 03       		.uleb128 0x3
 2362 001f 16       		.uleb128 0x16
 2363 0020 00       		.byte	0
 2364 0021 03       		.uleb128 0x3
 2365 0022 0E       		.uleb128 0xe
 2366 0023 3A       		.uleb128 0x3a
 2367 0024 0B       		.uleb128 0xb
 2368 0025 3B       		.uleb128 0x3b
 2369 0026 0B       		.uleb128 0xb
 2370 0027 49       		.uleb128 0x49
 2371 0028 13       		.uleb128 0x13
 2372 0029 00       		.byte	0
 2373 002a 00       		.byte	0
 2374 002b 04       		.uleb128 0x4
 2375 002c 24       		.uleb128 0x24
 2376 002d 00       		.byte	0
 2377 002e 0B       		.uleb128 0xb
 2378 002f 0B       		.uleb128 0xb
 2379 0030 3E       		.uleb128 0x3e
 2380 0031 0B       		.uleb128 0xb
 2381 0032 03       		.uleb128 0x3
 2382 0033 08       		.uleb128 0x8
ARM GAS  C:\Users\kland\AppData\Local\Temp\ccAXjS0j.s 			page 48


 2383 0034 00       		.byte	0
 2384 0035 00       		.byte	0
 2385 0036 05       		.uleb128 0x5
 2386 0037 0F       		.uleb128 0xf
 2387 0038 00       		.byte	0
 2388 0039 0B       		.uleb128 0xb
 2389 003a 0B       		.uleb128 0xb
 2390 003b 49       		.uleb128 0x49
 2391 003c 13       		.uleb128 0x13
 2392 003d 00       		.byte	0
 2393 003e 00       		.byte	0
 2394 003f 06       		.uleb128 0x6
 2395 0040 26       		.uleb128 0x26
 2396 0041 00       		.byte	0
 2397 0042 49       		.uleb128 0x49
 2398 0043 13       		.uleb128 0x13
 2399 0044 00       		.byte	0
 2400 0045 00       		.byte	0
 2401 0046 07       		.uleb128 0x7
 2402 0047 01       		.uleb128 0x1
 2403 0048 01       		.byte	0x1
 2404 0049 49       		.uleb128 0x49
 2405 004a 13       		.uleb128 0x13
 2406 004b 01       		.uleb128 0x1
 2407 004c 13       		.uleb128 0x13
 2408 004d 00       		.byte	0
 2409 004e 00       		.byte	0
 2410 004f 08       		.uleb128 0x8
 2411 0050 21       		.uleb128 0x21
 2412 0051 00       		.byte	0
 2413 0052 49       		.uleb128 0x49
 2414 0053 13       		.uleb128 0x13
 2415 0054 2F       		.uleb128 0x2f
 2416 0055 0B       		.uleb128 0xb
 2417 0056 00       		.byte	0
 2418 0057 00       		.byte	0
 2419 0058 09       		.uleb128 0x9
 2420 0059 16       		.uleb128 0x16
 2421 005a 00       		.byte	0
 2422 005b 03       		.uleb128 0x3
 2423 005c 0E       		.uleb128 0xe
 2424 005d 3A       		.uleb128 0x3a
 2425 005e 0B       		.uleb128 0xb
 2426 005f 3B       		.uleb128 0x3b
 2427 0060 05       		.uleb128 0x5
 2428 0061 49       		.uleb128 0x49
 2429 0062 13       		.uleb128 0x13
 2430 0063 00       		.byte	0
 2431 0064 00       		.byte	0
 2432 0065 0A       		.uleb128 0xa
 2433 0066 13       		.uleb128 0x13
 2434 0067 01       		.byte	0x1
 2435 0068 0B       		.uleb128 0xb
 2436 0069 05       		.uleb128 0x5
 2437 006a 3A       		.uleb128 0x3a
 2438 006b 0B       		.uleb128 0xb
 2439 006c 3B       		.uleb128 0x3b
ARM GAS  C:\Users\kland\AppData\Local\Temp\ccAXjS0j.s 			page 49


 2440 006d 0B       		.uleb128 0xb
 2441 006e 01       		.uleb128 0x1
 2442 006f 13       		.uleb128 0x13
 2443 0070 00       		.byte	0
 2444 0071 00       		.byte	0
 2445 0072 0B       		.uleb128 0xb
 2446 0073 0D       		.uleb128 0xd
 2447 0074 00       		.byte	0
 2448 0075 03       		.uleb128 0x3
 2449 0076 0E       		.uleb128 0xe
 2450 0077 3A       		.uleb128 0x3a
 2451 0078 0B       		.uleb128 0xb
 2452 0079 3B       		.uleb128 0x3b
 2453 007a 0B       		.uleb128 0xb
 2454 007b 49       		.uleb128 0x49
 2455 007c 13       		.uleb128 0x13
 2456 007d 38       		.uleb128 0x38
 2457 007e 0B       		.uleb128 0xb
 2458 007f 00       		.byte	0
 2459 0080 00       		.byte	0
 2460 0081 0C       		.uleb128 0xc
 2461 0082 13       		.uleb128 0x13
 2462 0083 01       		.byte	0x1
 2463 0084 0B       		.uleb128 0xb
 2464 0085 0B       		.uleb128 0xb
 2465 0086 3A       		.uleb128 0x3a
 2466 0087 0B       		.uleb128 0xb
 2467 0088 3B       		.uleb128 0x3b
 2468 0089 0B       		.uleb128 0xb
 2469 008a 01       		.uleb128 0x1
 2470 008b 13       		.uleb128 0x13
 2471 008c 00       		.byte	0
 2472 008d 00       		.byte	0
 2473 008e 0D       		.uleb128 0xd
 2474 008f 0D       		.uleb128 0xd
 2475 0090 00       		.byte	0
 2476 0091 03       		.uleb128 0x3
 2477 0092 08       		.uleb128 0x8
 2478 0093 3A       		.uleb128 0x3a
 2479 0094 0B       		.uleb128 0xb
 2480 0095 3B       		.uleb128 0x3b
 2481 0096 0B       		.uleb128 0xb
 2482 0097 49       		.uleb128 0x49
 2483 0098 13       		.uleb128 0x13
 2484 0099 38       		.uleb128 0x38
 2485 009a 0B       		.uleb128 0xb
 2486 009b 00       		.byte	0
 2487 009c 00       		.byte	0
 2488 009d 0E       		.uleb128 0xe
 2489 009e 35       		.uleb128 0x35
 2490 009f 00       		.byte	0
 2491 00a0 49       		.uleb128 0x49
 2492 00a1 13       		.uleb128 0x13
 2493 00a2 00       		.byte	0
 2494 00a3 00       		.byte	0
 2495 00a4 0F       		.uleb128 0xf
 2496 00a5 2E       		.uleb128 0x2e
ARM GAS  C:\Users\kland\AppData\Local\Temp\ccAXjS0j.s 			page 50


 2497 00a6 00       		.byte	0
 2498 00a7 3F       		.uleb128 0x3f
 2499 00a8 19       		.uleb128 0x19
 2500 00a9 03       		.uleb128 0x3
 2501 00aa 0E       		.uleb128 0xe
 2502 00ab 3A       		.uleb128 0x3a
 2503 00ac 0B       		.uleb128 0xb
 2504 00ad 3B       		.uleb128 0x3b
 2505 00ae 0B       		.uleb128 0xb
 2506 00af 27       		.uleb128 0x27
 2507 00b0 19       		.uleb128 0x19
 2508 00b1 49       		.uleb128 0x49
 2509 00b2 13       		.uleb128 0x13
 2510 00b3 11       		.uleb128 0x11
 2511 00b4 01       		.uleb128 0x1
 2512 00b5 12       		.uleb128 0x12
 2513 00b6 06       		.uleb128 0x6
 2514 00b7 40       		.uleb128 0x40
 2515 00b8 18       		.uleb128 0x18
 2516 00b9 9742     		.uleb128 0x2117
 2517 00bb 19       		.uleb128 0x19
 2518 00bc 00       		.byte	0
 2519 00bd 00       		.byte	0
 2520 00be 10       		.uleb128 0x10
 2521 00bf 2E       		.uleb128 0x2e
 2522 00c0 00       		.byte	0
 2523 00c1 3F       		.uleb128 0x3f
 2524 00c2 19       		.uleb128 0x19
 2525 00c3 03       		.uleb128 0x3
 2526 00c4 0E       		.uleb128 0xe
 2527 00c5 3A       		.uleb128 0x3a
 2528 00c6 0B       		.uleb128 0xb
 2529 00c7 3B       		.uleb128 0x3b
 2530 00c8 0B       		.uleb128 0xb
 2531 00c9 27       		.uleb128 0x27
 2532 00ca 19       		.uleb128 0x19
 2533 00cb 11       		.uleb128 0x11
 2534 00cc 01       		.uleb128 0x1
 2535 00cd 12       		.uleb128 0x12
 2536 00ce 06       		.uleb128 0x6
 2537 00cf 40       		.uleb128 0x40
 2538 00d0 18       		.uleb128 0x18
 2539 00d1 9642     		.uleb128 0x2116
 2540 00d3 19       		.uleb128 0x19
 2541 00d4 00       		.byte	0
 2542 00d5 00       		.byte	0
 2543 00d6 11       		.uleb128 0x11
 2544 00d7 2E       		.uleb128 0x2e
 2545 00d8 01       		.byte	0x1
 2546 00d9 3F       		.uleb128 0x3f
 2547 00da 19       		.uleb128 0x19
 2548 00db 03       		.uleb128 0x3
 2549 00dc 0E       		.uleb128 0xe
 2550 00dd 3A       		.uleb128 0x3a
 2551 00de 0B       		.uleb128 0xb
 2552 00df 3B       		.uleb128 0x3b
 2553 00e0 0B       		.uleb128 0xb
ARM GAS  C:\Users\kland\AppData\Local\Temp\ccAXjS0j.s 			page 51


 2554 00e1 27       		.uleb128 0x27
 2555 00e2 19       		.uleb128 0x19
 2556 00e3 11       		.uleb128 0x11
 2557 00e4 01       		.uleb128 0x1
 2558 00e5 12       		.uleb128 0x12
 2559 00e6 06       		.uleb128 0x6
 2560 00e7 40       		.uleb128 0x40
 2561 00e8 18       		.uleb128 0x18
 2562 00e9 9642     		.uleb128 0x2116
 2563 00eb 19       		.uleb128 0x19
 2564 00ec 01       		.uleb128 0x1
 2565 00ed 13       		.uleb128 0x13
 2566 00ee 00       		.byte	0
 2567 00ef 00       		.byte	0
 2568 00f0 12       		.uleb128 0x12
 2569 00f1 34       		.uleb128 0x34
 2570 00f2 00       		.byte	0
 2571 00f3 03       		.uleb128 0x3
 2572 00f4 0E       		.uleb128 0xe
 2573 00f5 3A       		.uleb128 0x3a
 2574 00f6 0B       		.uleb128 0xb
 2575 00f7 3B       		.uleb128 0x3b
 2576 00f8 0B       		.uleb128 0xb
 2577 00f9 49       		.uleb128 0x49
 2578 00fa 13       		.uleb128 0x13
 2579 00fb 02       		.uleb128 0x2
 2580 00fc 18       		.uleb128 0x18
 2581 00fd 00       		.byte	0
 2582 00fe 00       		.byte	0
 2583 00ff 13       		.uleb128 0x13
 2584 0100 05       		.uleb128 0x5
 2585 0101 00       		.byte	0
 2586 0102 03       		.uleb128 0x3
 2587 0103 0E       		.uleb128 0xe
 2588 0104 3A       		.uleb128 0x3a
 2589 0105 0B       		.uleb128 0xb
 2590 0106 3B       		.uleb128 0x3b
 2591 0107 0B       		.uleb128 0xb
 2592 0108 49       		.uleb128 0x49
 2593 0109 13       		.uleb128 0x13
 2594 010a 02       		.uleb128 0x2
 2595 010b 18       		.uleb128 0x18
 2596 010c 00       		.byte	0
 2597 010d 00       		.byte	0
 2598 010e 14       		.uleb128 0x14
 2599 010f 2E       		.uleb128 0x2e
 2600 0110 01       		.byte	0x1
 2601 0111 3F       		.uleb128 0x3f
 2602 0112 19       		.uleb128 0x19
 2603 0113 03       		.uleb128 0x3
 2604 0114 0E       		.uleb128 0xe
 2605 0115 3A       		.uleb128 0x3a
 2606 0116 0B       		.uleb128 0xb
 2607 0117 3B       		.uleb128 0x3b
 2608 0118 0B       		.uleb128 0xb
 2609 0119 49       		.uleb128 0x49
 2610 011a 13       		.uleb128 0x13
ARM GAS  C:\Users\kland\AppData\Local\Temp\ccAXjS0j.s 			page 52


 2611 011b 11       		.uleb128 0x11
 2612 011c 01       		.uleb128 0x1
 2613 011d 12       		.uleb128 0x12
 2614 011e 06       		.uleb128 0x6
 2615 011f 40       		.uleb128 0x40
 2616 0120 18       		.uleb128 0x18
 2617 0121 9642     		.uleb128 0x2116
 2618 0123 19       		.uleb128 0x19
 2619 0124 01       		.uleb128 0x1
 2620 0125 13       		.uleb128 0x13
 2621 0126 00       		.byte	0
 2622 0127 00       		.byte	0
 2623 0128 15       		.uleb128 0x15
 2624 0129 0B       		.uleb128 0xb
 2625 012a 01       		.byte	0x1
 2626 012b 11       		.uleb128 0x11
 2627 012c 01       		.uleb128 0x1
 2628 012d 12       		.uleb128 0x12
 2629 012e 06       		.uleb128 0x6
 2630 012f 00       		.byte	0
 2631 0130 00       		.byte	0
 2632 0131 16       		.uleb128 0x16
 2633 0132 0B       		.uleb128 0xb
 2634 0133 01       		.byte	0x1
 2635 0134 55       		.uleb128 0x55
 2636 0135 17       		.uleb128 0x17
 2637 0136 00       		.byte	0
 2638 0137 00       		.byte	0
 2639 0138 17       		.uleb128 0x17
 2640 0139 2E       		.uleb128 0x2e
 2641 013a 01       		.byte	0x1
 2642 013b 3F       		.uleb128 0x3f
 2643 013c 19       		.uleb128 0x19
 2644 013d 03       		.uleb128 0x3
 2645 013e 0E       		.uleb128 0xe
 2646 013f 3A       		.uleb128 0x3a
 2647 0140 0B       		.uleb128 0xb
 2648 0141 3B       		.uleb128 0x3b
 2649 0142 0B       		.uleb128 0xb
 2650 0143 27       		.uleb128 0x27
 2651 0144 19       		.uleb128 0x19
 2652 0145 49       		.uleb128 0x49
 2653 0146 13       		.uleb128 0x13
 2654 0147 11       		.uleb128 0x11
 2655 0148 01       		.uleb128 0x1
 2656 0149 12       		.uleb128 0x12
 2657 014a 06       		.uleb128 0x6
 2658 014b 40       		.uleb128 0x40
 2659 014c 18       		.uleb128 0x18
 2660 014d 9642     		.uleb128 0x2116
 2661 014f 19       		.uleb128 0x19
 2662 0150 01       		.uleb128 0x1
 2663 0151 13       		.uleb128 0x13
 2664 0152 00       		.byte	0
 2665 0153 00       		.byte	0
 2666 0154 18       		.uleb128 0x18
 2667 0155 05       		.uleb128 0x5
ARM GAS  C:\Users\kland\AppData\Local\Temp\ccAXjS0j.s 			page 53


 2668 0156 00       		.byte	0
 2669 0157 03       		.uleb128 0x3
 2670 0158 08       		.uleb128 0x8
 2671 0159 3A       		.uleb128 0x3a
 2672 015a 0B       		.uleb128 0xb
 2673 015b 3B       		.uleb128 0x3b
 2674 015c 0B       		.uleb128 0xb
 2675 015d 49       		.uleb128 0x49
 2676 015e 13       		.uleb128 0x13
 2677 015f 02       		.uleb128 0x2
 2678 0160 18       		.uleb128 0x18
 2679 0161 00       		.byte	0
 2680 0162 00       		.byte	0
 2681 0163 19       		.uleb128 0x19
 2682 0164 34       		.uleb128 0x34
 2683 0165 00       		.byte	0
 2684 0166 03       		.uleb128 0x3
 2685 0167 08       		.uleb128 0x8
 2686 0168 3A       		.uleb128 0x3a
 2687 0169 0B       		.uleb128 0xb
 2688 016a 3B       		.uleb128 0x3b
 2689 016b 0B       		.uleb128 0xb
 2690 016c 49       		.uleb128 0x49
 2691 016d 13       		.uleb128 0x13
 2692 016e 02       		.uleb128 0x2
 2693 016f 18       		.uleb128 0x18
 2694 0170 00       		.byte	0
 2695 0171 00       		.byte	0
 2696 0172 1A       		.uleb128 0x1a
 2697 0173 2E       		.uleb128 0x2e
 2698 0174 01       		.byte	0x1
 2699 0175 3F       		.uleb128 0x3f
 2700 0176 19       		.uleb128 0x19
 2701 0177 03       		.uleb128 0x3
 2702 0178 0E       		.uleb128 0xe
 2703 0179 3A       		.uleb128 0x3a
 2704 017a 0B       		.uleb128 0xb
 2705 017b 3B       		.uleb128 0x3b
 2706 017c 0B       		.uleb128 0xb
 2707 017d 27       		.uleb128 0x27
 2708 017e 19       		.uleb128 0x19
 2709 017f 11       		.uleb128 0x11
 2710 0180 01       		.uleb128 0x1
 2711 0181 12       		.uleb128 0x12
 2712 0182 06       		.uleb128 0x6
 2713 0183 40       		.uleb128 0x40
 2714 0184 18       		.uleb128 0x18
 2715 0185 9742     		.uleb128 0x2117
 2716 0187 19       		.uleb128 0x19
 2717 0188 01       		.uleb128 0x1
 2718 0189 13       		.uleb128 0x13
 2719 018a 00       		.byte	0
 2720 018b 00       		.byte	0
 2721 018c 1B       		.uleb128 0x1b
 2722 018d 21       		.uleb128 0x21
 2723 018e 00       		.byte	0
 2724 018f 49       		.uleb128 0x49
ARM GAS  C:\Users\kland\AppData\Local\Temp\ccAXjS0j.s 			page 54


 2725 0190 13       		.uleb128 0x13
 2726 0191 2F       		.uleb128 0x2f
 2727 0192 05       		.uleb128 0x5
 2728 0193 00       		.byte	0
 2729 0194 00       		.byte	0
 2730 0195 1C       		.uleb128 0x1c
 2731 0196 34       		.uleb128 0x34
 2732 0197 00       		.byte	0
 2733 0198 03       		.uleb128 0x3
 2734 0199 0E       		.uleb128 0xe
 2735 019a 3A       		.uleb128 0x3a
 2736 019b 0B       		.uleb128 0xb
 2737 019c 3B       		.uleb128 0x3b
 2738 019d 05       		.uleb128 0x5
 2739 019e 49       		.uleb128 0x49
 2740 019f 13       		.uleb128 0x13
 2741 01a0 3F       		.uleb128 0x3f
 2742 01a1 19       		.uleb128 0x19
 2743 01a2 3C       		.uleb128 0x3c
 2744 01a3 19       		.uleb128 0x19
 2745 01a4 00       		.byte	0
 2746 01a5 00       		.byte	0
 2747 01a6 1D       		.uleb128 0x1d
 2748 01a7 34       		.uleb128 0x34
 2749 01a8 00       		.byte	0
 2750 01a9 03       		.uleb128 0x3
 2751 01aa 0E       		.uleb128 0xe
 2752 01ab 3A       		.uleb128 0x3a
 2753 01ac 0B       		.uleb128 0xb
 2754 01ad 3B       		.uleb128 0x3b
 2755 01ae 0B       		.uleb128 0xb
 2756 01af 49       		.uleb128 0x49
 2757 01b0 13       		.uleb128 0x13
 2758 01b1 3F       		.uleb128 0x3f
 2759 01b2 19       		.uleb128 0x19
 2760 01b3 02       		.uleb128 0x2
 2761 01b4 18       		.uleb128 0x18
 2762 01b5 00       		.byte	0
 2763 01b6 00       		.byte	0
 2764 01b7 1E       		.uleb128 0x1e
 2765 01b8 34       		.uleb128 0x34
 2766 01b9 00       		.byte	0
 2767 01ba 03       		.uleb128 0x3
 2768 01bb 08       		.uleb128 0x8
 2769 01bc 3A       		.uleb128 0x3a
 2770 01bd 0B       		.uleb128 0xb
 2771 01be 3B       		.uleb128 0x3b
 2772 01bf 0B       		.uleb128 0xb
 2773 01c0 49       		.uleb128 0x49
 2774 01c1 13       		.uleb128 0x13
 2775 01c2 3F       		.uleb128 0x3f
 2776 01c3 19       		.uleb128 0x19
 2777 01c4 02       		.uleb128 0x2
 2778 01c5 18       		.uleb128 0x18
 2779 01c6 00       		.byte	0
 2780 01c7 00       		.byte	0
 2781 01c8 00       		.byte	0
ARM GAS  C:\Users\kland\AppData\Local\Temp\ccAXjS0j.s 			page 55


 2782              		.section	.debug_aranges,"",%progbits
 2783 0000 6C000000 		.4byte	0x6c
 2784 0004 0200     		.2byte	0x2
 2785 0006 00000000 		.4byte	.Ldebug_info0
 2786 000a 04       		.byte	0x4
 2787 000b 00       		.byte	0
 2788 000c 0000     		.2byte	0
 2789 000e 0000     		.2byte	0
 2790 0010 00000000 		.4byte	.LFB64
 2791 0014 14000000 		.4byte	.LFE64-.LFB64
 2792 0018 00000000 		.4byte	.LFB65
 2793 001c 14000000 		.4byte	.LFE65-.LFB65
 2794 0020 00000000 		.4byte	.LFB66
 2795 0024 28000000 		.4byte	.LFE66-.LFB66
 2796 0028 00000000 		.4byte	.LFB67
 2797 002c 70000000 		.4byte	.LFE67-.LFB67
 2798 0030 00000000 		.4byte	.LFB68
 2799 0034 1C000000 		.4byte	.LFE68-.LFB68
 2800 0038 00000000 		.4byte	.LFB69
 2801 003c 00010000 		.4byte	.LFE69-.LFB69
 2802 0040 00000000 		.4byte	.LFB70
 2803 0044 1C010000 		.4byte	.LFE70-.LFB70
 2804 0048 00000000 		.4byte	.LFB71
 2805 004c CC000000 		.4byte	.LFE71-.LFB71
 2806 0050 00000000 		.4byte	.LFB72
 2807 0054 8E000000 		.4byte	.LFE72-.LFB72
 2808 0058 00000000 		.4byte	.LFB73
 2809 005c 98000000 		.4byte	.LFE73-.LFB73
 2810 0060 00000000 		.4byte	.LFB74
 2811 0064 2A000000 		.4byte	.LFE74-.LFB74
 2812 0068 00000000 		.4byte	0
 2813 006c 00000000 		.4byte	0
 2814              		.section	.debug_ranges,"",%progbits
 2815              	.Ldebug_ranges0:
 2816 0000 70000000 		.4byte	.LBB3
 2817 0004 C0000000 		.4byte	.LBE3
 2818 0008 D2000000 		.4byte	.LBB4
 2819 000c D4000000 		.4byte	.LBE4
 2820 0010 00000000 		.4byte	0
 2821 0014 00000000 		.4byte	0
 2822 0018 00000000 		.4byte	.LFB64
 2823 001c 14000000 		.4byte	.LFE64
 2824 0020 00000000 		.4byte	.LFB65
 2825 0024 14000000 		.4byte	.LFE65
 2826 0028 00000000 		.4byte	.LFB66
 2827 002c 28000000 		.4byte	.LFE66
 2828 0030 00000000 		.4byte	.LFB67
 2829 0034 70000000 		.4byte	.LFE67
 2830 0038 00000000 		.4byte	.LFB68
 2831 003c 1C000000 		.4byte	.LFE68
 2832 0040 00000000 		.4byte	.LFB69
 2833 0044 00010000 		.4byte	.LFE69
 2834 0048 00000000 		.4byte	.LFB70
 2835 004c 1C010000 		.4byte	.LFE70
 2836 0050 00000000 		.4byte	.LFB71
 2837 0054 CC000000 		.4byte	.LFE71
 2838 0058 00000000 		.4byte	.LFB72
ARM GAS  C:\Users\kland\AppData\Local\Temp\ccAXjS0j.s 			page 56


 2839 005c 8E000000 		.4byte	.LFE72
 2840 0060 00000000 		.4byte	.LFB73
 2841 0064 98000000 		.4byte	.LFE73
 2842 0068 00000000 		.4byte	.LFB74
 2843 006c 2A000000 		.4byte	.LFE74
 2844 0070 00000000 		.4byte	0
 2845 0074 00000000 		.4byte	0
 2846              		.section	.debug_line,"",%progbits
 2847              	.Ldebug_line0:
 2848 0000 15030000 		.section	.debug_str,"MS",%progbits,1
 2848      0200CB01 
 2848      00000201 
 2848      FB0E0D00 
 2848      01010101 
 2849              	.LASF135:
 2850 0000 74696D65 		.ascii	"timeToValve\000"
 2850      546F5661 
 2850      6C766500 
 2851              	.LASF19:
 2852 000c 75696E74 		.ascii	"uint16\000"
 2852      313600
 2853              	.LASF30:
 2854 0013 6E756D5F 		.ascii	"num_invalid_readings\000"
 2854      696E7661 
 2854      6C69645F 
 2854      72656164 
 2854      696E6773 
 2855              	.LASF100:
 2856 0028 62756666 		.ascii	"buffer_overflow\000"
 2856      65725F6F 
 2856      76657266 
 2856      6C6F7700 
 2857              	.LASF4:
 2858 0038 5F5F7569 		.ascii	"__uint8_t\000"
 2858      6E74385F 
 2858      7400
 2859              	.LASF63:
 2860 0042 636F756E 		.ascii	"countDownResetCondition\000"
 2860      74446F77 
 2860      6E526573 
 2860      6574436F 
 2860      6E646974 
 2861              	.LASF137:
 2862 005a 74696D65 		.ascii	"timeToAutosampler\000"
 2862      546F4175 
 2862      746F7361 
 2862      6D706C65 
 2862      7200
 2863              	.LASF111:
 2864 006c 76616C76 		.ascii	"valve_type\000"
 2864      655F7479 
 2864      706500
 2865              	.LASF140:
 2866 0077 474E5520 		.ascii	"GNU C11 5.4.1 20160609 (release) [ARM/embedded-5-br"
 2866      43313120 
 2866      352E342E 
 2866      31203230 
ARM GAS  C:\Users\kland\AppData\Local\Temp\ccAXjS0j.s 			page 57


 2866      31363036 
 2867 00aa 616E6368 		.ascii	"anch revision 237715] -mcpu=cortex-m3 -mthumb -g -O"
 2867      20726576 
 2867      6973696F 
 2867      6E203233 
 2867      37373135 
 2868 00dd 30202D66 		.ascii	"0 -ffunction-sections -ffat-lto-objects\000"
 2868      66756E63 
 2868      74696F6E 
 2868      2D736563 
 2868      74696F6E 
 2869              	.LASF92:
 2870 0105 75617274 		.ascii	"uart_chars\000"
 2870      5F636861 
 2870      727300
 2871              	.LASF117:
 2872 0110 536F6E74 		.ascii	"Sontek_inbox\000"
 2872      656B5F69 
 2872      6E626F78 
 2872      00
 2873              	.LASF9:
 2874 011d 6C6F6E67 		.ascii	"long long unsigned int\000"
 2874      206C6F6E 
 2874      6720756E 
 2874      7369676E 
 2874      65642069 
 2875              	.LASF114:
 2876 0134 6175746F 		.ascii	"autosampler_enabled\000"
 2876      73616D70 
 2876      6C65725F 
 2876      656E6162 
 2876      6C656400 
 2877              	.LASF104:
 2878 0148 6D6F6465 		.ascii	"modem_state\000"
 2878      6D5F7374 
 2878      61746500 
 2879              	.LASF85:
 2880 0154 74657374 		.ascii	"test\000"
 2880      00
 2881              	.LASF123:
 2882 0159 616C6172 		.ascii	"alarmMeasure\000"
 2882      6D4D6561 
 2882      73757265 
 2882      00
 2883              	.LASF97:
 2884 0166 49544D5F 		.ascii	"ITM_RxBuffer\000"
 2884      52784275 
 2884      66666572 
 2884      00
 2885              	.LASF141:
 2886 0173 6C657665 		.ascii	"level_sensor.c\000"
 2886      6C5F7365 
 2886      6E736F72 
 2886      2E6300
 2887              	.LASF89:
 2888 0182 6D656469 		.ascii	"median\000"
 2888      616E00
ARM GAS  C:\Users\kland\AppData\Local\Temp\ccAXjS0j.s 			page 58


 2889              	.LASF106:
 2890 0189 6D6F6465 		.ascii	"modem_stats\000"
 2890      6D5F7374 
 2890      61747300 
 2891              	.LASF8:
 2892 0195 6C6F6E67 		.ascii	"long long int\000"
 2892      206C6F6E 
 2892      6720696E 
 2892      7400
 2893              	.LASF0:
 2894 01a3 7369676E 		.ascii	"signed char\000"
 2894      65642063 
 2894      68617200 
 2895              	.LASF41:
 2896 01af 65636E6F 		.ascii	"ecno\000"
 2896      00
 2897              	.LASF60:
 2898 01b4 636F756E 		.ascii	"countDownValue\000"
 2898      74446F77 
 2898      6E56616C 
 2898      756500
 2899              	.LASF124:
 2900 01c3 74696D65 		.ascii	"timeToMeasure\000"
 2900      546F4D65 
 2900      61737572 
 2900      6500
 2901              	.LASF44:
 2902 01d1 74696D65 		.ascii	"time_to_network_connect\000"
 2902      5F746F5F 
 2902      6E657477 
 2902      6F726B5F 
 2902      636F6E6E 
 2903              	.LASF126:
 2904 01e9 74696D65 		.ascii	"timeToSync\000"
 2904      546F5379 
 2904      6E6300
 2905              	.LASF75:
 2906 01f4 6C657665 		.ascii	"level_sensor\000"
 2906      6C5F7365 
 2906      6E736F72 
 2906      00
 2907              	.LASF119:
 2908 0201 68747470 		.ascii	"http_body\000"
 2908      5F626F64 
 2908      7900
 2909              	.LASF110:
 2910 020b 76616C76 		.ascii	"valve_diameter\000"
 2910      655F6469 
 2910      616D6574 
 2910      657200
 2911              	.LASF38:
 2912 021a 6D6F6465 		.ascii	"modem_info_t\000"
 2912      6D5F696E 
 2912      666F5F74 
 2912      00
 2913              	.LASF132:
 2914 0227 616C6172 		.ascii	"alarmDownstreamLevelSensor\000"
ARM GAS  C:\Users\kland\AppData\Local\Temp\ccAXjS0j.s 			page 59


 2914      6D446F77 
 2914      6E737472 
 2914      65616D4C 
 2914      6576656C 
 2915              	.LASF39:
 2916 0242 72786C65 		.ascii	"rxlev\000"
 2916      7600
 2917              	.LASF6:
 2918 0248 6C6F6E67 		.ascii	"long int\000"
 2918      20696E74 
 2918      00
 2919              	.LASF61:
 2920 0251 63757272 		.ascii	"currentCountDownValue\000"
 2920      656E7443 
 2920      6F756E74 
 2920      446F776E 
 2920      56616C75 
 2921              	.LASF64:
 2922 0267 616C6172 		.ascii	"alarm\000"
 2922      6D00
 2923              	.LASF18:
 2924 026d 75696E74 		.ascii	"uint8\000"
 2924      3800
 2925              	.LASF81:
 2926 0273 6C657665 		.ascii	"level_sensor_output\000"
 2926      6C5F7365 
 2926      6E736F72 
 2926      5F6F7574 
 2926      70757400 
 2927              	.LASF129:
 2928 0287 74696D65 		.ascii	"timeToAppLED\000"
 2928      546F4170 
 2928      704C4544 
 2928      00
 2929              	.LASF21:
 2930 0294 696E7433 		.ascii	"int32\000"
 2930      3200
 2931              	.LASF47:
 2932 029a 6E6F6465 		.ascii	"node_type\000"
 2932      5F747970 
 2932      6500
 2933              	.LASF83:
 2934 02a4 72656164 		.ascii	"reading\000"
 2934      696E6700 
 2935              	.LASF88:
 2936 02ac 61727261 		.ascii	"array\000"
 2936      7900
 2937              	.LASF66:
 2938 02b2 63686970 		.ascii	"chip_uniqueId\000"
 2938      5F756E69 
 2938      71756549 
 2938      6400
 2939              	.LASF36:
 2940 02c0 6D6F6465 		.ascii	"model_id\000"
 2940      6C5F6964 
 2940      00
 2941              	.LASF27:
ARM GAS  C:\Users\kland\AppData\Local\Temp\ccAXjS0j.s 			page 60


 2942 02c9 616C6C5F 		.ascii	"all_level_readings\000"
 2942      6C657665 
 2942      6C5F7265 
 2942      6164696E 
 2942      677300
 2943              	.LASF94:
 2944 02dc 6C696E65 		.ascii	"line\000"
 2944      00
 2945              	.LASF90:
 2946 02e1 736F7274 		.ascii	"sort\000"
 2946      00
 2947              	.LASF51:
 2948 02e6 64656275 		.ascii	"debug_level\000"
 2948      675F6C65 
 2948      76656C00 
 2949              	.LASF32:
 2950 02f2 76616C75 		.ascii	"value\000"
 2950      6500
 2951              	.LASF125:
 2952 02f8 616C6172 		.ascii	"alarmSync\000"
 2952      6D53796E 
 2952      6300
 2953              	.LASF108:
 2954 0302 4170705F 		.ascii	"App_LED_enabled\000"
 2954      4C45445F 
 2954      656E6162 
 2954      6C656400 
 2955              	.LASF34:
 2956 0312 6B65795F 		.ascii	"key_value_t\000"
 2956      76616C75 
 2956      655F7400 
 2957              	.LASF29:
 2958 031e 6E756D5F 		.ascii	"num_valid_readings\000"
 2958      76616C69 
 2958      645F7265 
 2958      6164696E 
 2958      677300
 2959              	.LASF116:
 2960 0331 736F6E74 		.ascii	"sontek_enabled\000"
 2960      656B5F65 
 2960      6E61626C 
 2960      656400
 2961              	.LASF7:
 2962 0340 6C6F6E67 		.ascii	"long unsigned int\000"
 2962      20756E73 
 2962      69676E65 
 2962      6420696E 
 2962      7400
 2963              	.LASF71:
 2964 0352 75617274 		.ascii	"uart_string\000"
 2964      5F737472 
 2964      696E6700 
 2965              	.LASF103:
 2966 035e 64617461 		.ascii	"data\000"
 2966      00
 2967              	.LASF69:
 2968 0363 65705F70 		.ascii	"ep_port\000"
ARM GAS  C:\Users\kland\AppData\Local\Temp\ccAXjS0j.s 			page 61


 2968      6F727400 
 2969              	.LASF65:
 2970 036b 6D6F6465 		.ascii	"modem_info\000"
 2970      6D5F696E 
 2970      666F00
 2971              	.LASF68:
 2972 0376 65705F68 		.ascii	"ep_host\000"
 2972      6F737400 
 2973              	.LASF113:
 2974 037e 76616C76 		.ascii	"valve_inbox\000"
 2974      655F696E 
 2974      626F7800 
 2975              	.LASF86:
 2976 038a 73656E73 		.ascii	"sensor\000"
 2976      6F7200
 2977              	.LASF45:
 2978 0391 74696D65 		.ascii	"time_to_acquire_ip\000"
 2978      5F746F5F 
 2978      61637175 
 2978      6972655F 
 2978      697000
 2979              	.LASF2:
 2980 03a4 73686F72 		.ascii	"short int\000"
 2980      7420696E 
 2980      7400
 2981              	.LASF128:
 2982 03ae 616C6172 		.ascii	"alarmAppLED\000"
 2982      6D417070 
 2982      4C454400 
 2983              	.LASF105:
 2984 03ba 6D6F6465 		.ascii	"modem_start_time_stamp\000"
 2984      6D5F7374 
 2984      6172745F 
 2984      74696D65 
 2984      5F737461 
 2985              	.LASF67:
 2986 03d1 7379735F 		.ascii	"sys_info_t\000"
 2986      696E666F 
 2986      5F7400
 2987              	.LASF59:
 2988 03dc 75706461 		.ascii	"updatable_parameters_t\000"
 2988      7461626C 
 2988      655F7061 
 2988      72616D65 
 2988      74657273 
 2989              	.LASF101:
 2990 03f3 64617461 		.ascii	"dataPointsInStack\000"
 2990      506F696E 
 2990      7473496E 
 2990      53746163 
 2990      6B00
 2991              	.LASF115:
 2992 0405 6175746F 		.ascii	"autosampler_inbox\000"
 2992      73616D70 
 2992      6C65725F 
 2992      696E626F 
 2992      7800
ARM GAS  C:\Users\kland\AppData\Local\Temp\ccAXjS0j.s 			page 62


 2993              	.LASF93:
 2994 0417 6E756D5F 		.ascii	"num_chars\000"
 2994      63686172 
 2994      7300
 2995              	.LASF142:
 2996 0421 433A5C55 		.ascii	"C:\\Users\\kland\\OneDrive\\Documents\\GitHub\\noto"
 2996      73657273 
 2996      5C6B6C61 
 2996      6E645C4F 
 2996      6E654472 
 2997 044e 72694F53 		.ascii	"riOS\\notoriOS.cydsn\000"
 2997      5C6E6F74 
 2997      6F72694F 
 2997      532E6379 
 2997      64736E00 
 2998              	.LASF22:
 2999 0462 666C6F61 		.ascii	"float32\000"
 2999      74333200 
 3000              	.LASF73:
 3001 046a 4C657665 		.ascii	"Level_Sensor_ISR\000"
 3001      6C5F5365 
 3001      6E736F72 
 3001      5F495352 
 3001      00
 3002              	.LASF14:
 3003 047b 73697A65 		.ascii	"sizetype\000"
 3003      74797065 
 3003      00
 3004              	.LASF70:
 3005 0484 7379735F 		.ascii	"sys_settings_t\000"
 3005      73657474 
 3005      696E6773 
 3005      5F7400
 3006              	.LASF127:
 3007 0493 74696D65 		.ascii	"timeToSycnRemoteParams\000"
 3007      546F5379 
 3007      636E5265 
 3007      6D6F7465 
 3007      50617261 
 3008              	.LASF33:
 3009 04aa 74696D65 		.ascii	"timeStamp\000"
 3009      5374616D 
 3009      7000
 3010              	.LASF95:
 3011 04b4 6D617463 		.ascii	"match\000"
 3011      6800
 3012              	.LASF107:
 3013 04ba 75706461 		.ascii	"updatable_parameters\000"
 3013      7461626C 
 3013      655F7061 
 3013      72616D65 
 3013      74657273 
 3014              	.LASF72:
 3015 04cf 75617274 		.ascii	"uart_len\000"
 3015      5F6C656E 
 3015      00
 3016              	.LASF96:
ARM GAS  C:\Users\kland\AppData\Local\Temp\ccAXjS0j.s 			page 63


 3017 04d8 70617474 		.ascii	"pattern\000"
 3017      65726E00 
 3018              	.LASF91:
 3019 04e0 73776170 		.ascii	"swap\000"
 3019      00
 3020              	.LASF77:
 3021 04e5 636F6D70 		.ascii	"compare_location\000"
 3021      6172655F 
 3021      6C6F6361 
 3021      74696F6E 
 3021      00
 3022              	.LASF17:
 3023 04f6 666C6F61 		.ascii	"float\000"
 3023      7400
 3024              	.LASF84:
 3025 04fc 6C657665 		.ascii	"level_sensor_test\000"
 3025      6C5F7365 
 3025      6E736F72 
 3025      5F746573 
 3025      7400
 3026              	.LASF31:
 3027 050e 6C657665 		.ascii	"level_sensor_t\000"
 3027      6C5F7365 
 3027      6E736F72 
 3027      5F7400
 3028              	.LASF82:
 3029 051d 746F6B65 		.ascii	"token\000"
 3029      6E00
 3030              	.LASF23:
 3031 0523 74657374 		.ascii	"test_name\000"
 3031      5F6E616D 
 3031      6500
 3032              	.LASF58:
 3033 052d 5F426F6F 		.ascii	"_Bool\000"
 3033      6C00
 3034              	.LASF12:
 3035 0533 696E7433 		.ascii	"int32_t\000"
 3035      325F7400 
 3036              	.LASF1:
 3037 053b 756E7369 		.ascii	"unsigned char\000"
 3037      676E6564 
 3037      20636861 
 3037      7200
 3038              	.LASF122:
 3039 0549 73797374 		.ascii	"system_settings\000"
 3039      656D5F73 
 3039      65747469 
 3039      6E677300 
 3040              	.LASF26:
 3041 0559 74657374 		.ascii	"test_t\000"
 3041      5F7400
 3042              	.LASF55:
 3043 0560 56616C76 		.ascii	"Valve_freq\000"
 3043      655F6672 
 3043      657100
 3044              	.LASF42:
 3045 056b 72737271 		.ascii	"rsrq\000"
ARM GAS  C:\Users\kland\AppData\Local\Temp\ccAXjS0j.s 			page 64


 3045      00
 3046              	.LASF50:
 3047 0570 73796E63 		.ascii	"sync_time\000"
 3047      5F74696D 
 3047      6500
 3048              	.LASF143:
 3049 057a 75617274 		.ascii	"uart_clear\000"
 3049      5F636C65 
 3049      617200
 3050              	.LASF40:
 3051 0585 72736370 		.ascii	"rscp\000"
 3051      00
 3052              	.LASF121:
 3053 058a 73797374 		.ascii	"system_info\000"
 3053      656D5F69 
 3053      6E666F00 
 3054              	.LASF37:
 3055 0596 696D6569 		.ascii	"imei\000"
 3055      00
 3056              	.LASF25:
 3057 059b 72656173 		.ascii	"reason\000"
 3057      6F6E00
 3058              	.LASF76:
 3059 05a2 72785F63 		.ascii	"rx_char\000"
 3059      68617200 
 3060              	.LASF46:
 3061 05aa 6D6F6465 		.ascii	"modem_stats_t\000"
 3061      6D5F7374 
 3061      6174735F 
 3061      7400
 3062              	.LASF130:
 3063 05b8 616C6172 		.ascii	"alarmLevelSensor\000"
 3063      6D4C6576 
 3063      656C5365 
 3063      6E736F72 
 3063      00
 3064              	.LASF53:
 3065 05c9 4C657665 		.ascii	"Level_Sensor_freq\000"
 3065      6C5F5365 
 3065      6E736F72 
 3065      5F667265 
 3065      7100
 3066              	.LASF98:
 3067 05db 6C657665 		.ascii	"level_sensor_inbox\000"
 3067      6C5F7365 
 3067      6E736F72 
 3067      5F696E62 
 3067      6F7800
 3068              	.LASF13:
 3069 05ee 6C6F6E67 		.ascii	"long double\000"
 3069      20646F75 
 3069      626C6500 
 3070              	.LASF78:
 3071 05fa 635F7469 		.ascii	"c_timeStamp\000"
 3071      6D655374 
 3071      616D7000 
 3072              	.LASF15:
ARM GAS  C:\Users\kland\AppData\Local\Temp\ccAXjS0j.s 			page 65


 3073 0606 63686172 		.ascii	"char\000"
 3073      00
 3074              	.LASF10:
 3075 060b 756E7369 		.ascii	"unsigned int\000"
 3075      676E6564 
 3075      20696E74 
 3075      00
 3076              	.LASF134:
 3077 0618 616C6172 		.ascii	"alarmValve\000"
 3077      6D56616C 
 3077      766500
 3078              	.LASF43:
 3079 0623 72737270 		.ascii	"rsrp\000"
 3079      00
 3080              	.LASF120:
 3081 0628 68747470 		.ascii	"http_route\000"
 3081      5F726F75 
 3081      746500
 3082              	.LASF57:
 3083 0633 536F6E74 		.ascii	"Sontek_freq\000"
 3083      656B5F66 
 3083      72657100 
 3084              	.LASF5:
 3085 063f 5F5F696E 		.ascii	"__int32_t\000"
 3085      7433325F 
 3085      7400
 3086              	.LASF49:
 3087 0649 6D656173 		.ascii	"measure_time\000"
 3087      7572655F 
 3087      74696D65 
 3087      00
 3088              	.LASF138:
 3089 0656 616C6172 		.ascii	"alarmSontek\000"
 3089      6D536F6E 
 3089      74656B00 
 3090              	.LASF79:
 3091 0662 6D5F6C65 		.ascii	"m_level_sensor\000"
 3091      76656C5F 
 3091      73656E73 
 3091      6F7200
 3092              	.LASF28:
 3093 0671 6C657665 		.ascii	"level_reading\000"
 3093      6C5F7265 
 3093      6164696E 
 3093      6700
 3094              	.LASF3:
 3095 067f 73686F72 		.ascii	"short unsigned int\000"
 3095      7420756E 
 3095      7369676E 
 3095      65642069 
 3095      6E7400
 3096              	.LASF35:
 3097 0692 73696D5F 		.ascii	"sim_id\000"
 3097      696400
 3098              	.LASF74:
 3099 0699 4C657665 		.ascii	"Level_Sensor_Update\000"
 3099      6C5F5365 
ARM GAS  C:\Users\kland\AppData\Local\Temp\ccAXjS0j.s 			page 66


 3099      6E736F72 
 3099      5F557064 
 3099      61746500 
 3100              	.LASF54:
 3101 06ad 446F776E 		.ascii	"Downstream_Level_Sensor_freq\000"
 3101      73747265 
 3101      616D5F4C 
 3101      6576656C 
 3101      5F53656E 
 3102              	.LASF112:
 3103 06ca 76616C76 		.ascii	"valve_enabled\000"
 3103      655F656E 
 3103      61626C65 
 3103      6400
 3104              	.LASF144:
 3105 06d8 66696E64 		.ascii	"find_median\000"
 3105      5F6D6564 
 3105      69616E00 
 3106              	.LASF24:
 3107 06e4 73746174 		.ascii	"status\000"
 3107      757300
 3108              	.LASF131:
 3109 06eb 74696D65 		.ascii	"timeToLevelSensor\000"
 3109      546F4C65 
 3109      76656C53 
 3109      656E736F 
 3109      7200
 3110              	.LASF99:
 3111 06fd 6C657665 		.ascii	"level_sensor_enabled\000"
 3111      6C5F7365 
 3111      6E736F72 
 3111      5F656E61 
 3111      626C6564 
 3112              	.LASF102:
 3113 0712 64617461 		.ascii	"dataPointsInStackDesired\000"
 3113      506F696E 
 3113      7473496E 
 3113      53746163 
 3113      6B446573 
 3114              	.LASF52:
 3115 072b 4170705F 		.ascii	"App_LED_freq\000"
 3115      4C45445F 
 3115      66726571 
 3115      00
 3116              	.LASF80:
 3117 0738 6C657665 		.ascii	"level_sensor_take_reading\000"
 3117      6C5F7365 
 3117      6E736F72 
 3117      5F74616B 
 3117      655F7265 
 3118              	.LASF139:
 3119 0752 74696D65 		.ascii	"timeToSontek\000"
 3119      546F536F 
 3119      6E74656B 
 3119      00
 3120              	.LASF133:
 3121 075f 74696D65 		.ascii	"timeToDownstreamLevelSensor\000"
ARM GAS  C:\Users\kland\AppData\Local\Temp\ccAXjS0j.s 			page 67


 3121      546F446F 
 3121      776E7374 
 3121      7265616D 
 3121      4C657665 
 3122              	.LASF11:
 3123 077b 75696E74 		.ascii	"uint8_t\000"
 3123      385F7400 
 3124              	.LASF136:
 3125 0783 616C6172 		.ascii	"alarmAutosampler\000"
 3125      6D417574 
 3125      6F73616D 
 3125      706C6572 
 3125      00
 3126              	.LASF20:
 3127 0794 696E7431 		.ascii	"int16\000"
 3127      3600
 3128              	.LASF56:
 3129 079a 4175746F 		.ascii	"Autosampler_freq\000"
 3129      73616D70 
 3129      6C65725F 
 3129      66726571 
 3129      00
 3130              	.LASF62:
 3131 07ab 636F756E 		.ascii	"countDownType\000"
 3131      74446F77 
 3131      6E547970 
 3131      6500
 3132              	.LASF48:
 3133 07b9 73696D5F 		.ascii	"sim_type\000"
 3133      74797065 
 3133      00
 3134              	.LASF87:
 3135 07c2 6D657373 		.ascii	"message\000"
 3135      61676500 
 3136              	.LASF118:
 3137 07ca 68747470 		.ascii	"http_request\000"
 3137      5F726571 
 3137      75657374 
 3137      00
 3138              	.LASF16:
 3139 07d7 646F7562 		.ascii	"double\000"
 3139      6C6500
 3140              	.LASF109:
 3141 07de 6170705F 		.ascii	"app_led_inbox\000"
 3141      6C65645F 
 3141      696E626F 
 3141      7800
 3142              		.ident	"GCC: (GNU Tools for ARM Embedded Processors) 5.4.1 20160609 (release) [ARM/embedded-5-bran
