ARM GAS  C:\Users\kland\AppData\Local\Temp\ccxBiICe.s 			page 1


   1              		.syntax unified
   2              		.cpu cortex-m3
   3              		.fpu softvfp
   4              		.eabi_attribute 20, 1
   5              		.eabi_attribute 21, 1
   6              		.eabi_attribute 23, 3
   7              		.eabi_attribute 24, 1
   8              		.eabi_attribute 25, 1
   9              		.eabi_attribute 26, 1
  10              		.eabi_attribute 30, 6
  11              		.eabi_attribute 34, 1
  12              		.eabi_attribute 18, 4
  13              		.thumb
  14              		.syntax unified
  15              		.file	"modem.c"
  16              		.text
  17              	.Ltext0:
  18              		.cfi_sections	.debug_frame
  19              		.comm	buffer_overflow,1,1
  20              		.comm	dataPointsInStack,2,2
  21              		.comm	dataPointsInStackDesired,2,2
  22              		.comm	data,6600,4
  23              		.syntax unified
  24              		.global _printf_float
  25              		.thumb
  26              		.syntax unified
  27              		.comm	modem_state,1,1
  28              		.comm	modem_start_time_stamp,4,4
  29              		.comm	modem_info,60,4
  30              		.comm	modem_stats,32,4
  31              		.comm	updatable_parameters,11,4
  32              		.comm	App_LED_enabled,1,1
  33              		.comm	app_led_inbox,100,4
  34              		.comm	level_sensor_inbox,100,4
  35              		.comm	level_sensor_enabled,1,1
  36              		.comm	valve_diameter,4,4
  37              		.comm	valve_type,10,4
  38              		.comm	valve_enabled,1,1
  39              		.comm	valve_inbox,100,4
  40              		.comm	autosampler_enabled,1,1
  41              		.comm	autosampler_inbox,100,4
  42              		.comm	sontek_enabled,1,1
  43              		.comm	Sontek_inbox,100,4
  44              		.comm	http_request,10000,4
  45              		.comm	http_body,10000,4
  46              		.comm	http_route,200,4
  47              		.comm	system_info,28,4
  48              		.comm	system_settings,104,4
  49              		.comm	alarmMeasure,6,4
  50              		.comm	timeToMeasure,1,1
  51              		.comm	alarmSync,6,4
  52              		.comm	timeToSync,1,1
  53              		.comm	timeToSycnRemoteParams,1,1
  54              		.comm	hey,1,1
  55              		.comm	alarmAppLED,6,4
  56              		.comm	timeToAppLED,1,1
  57              		.comm	alarmLevelSensor,6,4
ARM GAS  C:\Users\kland\AppData\Local\Temp\ccxBiICe.s 			page 2


  58              		.comm	timeToLevelSensor,1,1
  59              		.comm	alarmDownstreamLevelSensor,6,4
  60              		.comm	timeToDownstreamLevelSensor,1,1
  61              		.comm	alarmValve,6,4
  62              		.comm	timeToValve,1,1
  63              		.comm	alarmAutosampler,6,4
  64              		.comm	timeToAutosampler,1,1
  65              		.comm	alarmSontek,6,4
  66              		.comm	timeToSontek,1,1
  67              		.comm	uart_received_string,1024,4
  68              		.global	uart_string_index
  69              		.bss
  70              		.align	1
  71              		.type	uart_string_index, %object
  72              		.size	uart_string_index, 2
  73              	uart_string_index:
  74 0000 0000     		.space	2
  75              		.section	.text.isr_telit_rx,"ax",%progbits
  76              		.align	2
  77              		.global	isr_telit_rx
  78              		.thumb
  79              		.thumb_func
  80              		.type	isr_telit_rx, %function
  81              	isr_telit_rx:
  82              	.LFB64:
  83              		.file 1 "modem.c"
   1:modem.c       **** //Methods for Telit modem 
   2:modem.c       **** #include "modem.h"
   3:modem.c       **** #include "notoriOS.h"
   4:modem.c       **** 
   5:modem.c       **** char uart_received_string[1024];
   6:modem.c       **** int16 uart_string_index=0;
   7:modem.c       **** 
   8:modem.c       **** #define DEFAULT_AT_TIMEOUT 2000u // Send command and wait 2000 ms
   9:modem.c       **** #define NO_AT_TIMEOUT 0u // Send command, no timeout/ don't wait 
  10:modem.c       **** 
  11:modem.c       **** #define TIMEOUT_NETWORK_CONNECT 180 //seconds
  12:modem.c       **** #define TIMEOUT_IP_ACQUIRE 230 //seconds (cummulatinve) add to TIMEOUT_NETWORK_CONNECT
  13:modem.c       **** 
  14:modem.c       **** CY_ISR_PROTO(isr_telit_rx); // Declares a custom ISR function "isr_telit_rx" using the CY_ISR_PROTO
  15:modem.c       **** 
  16:modem.c       **** // Define the custom ISR function "isr_telit_rx" using the CY_ISR macro
  17:modem.c       **** // Get each character from Telit and saves it to uart_received_string
  18:modem.c       **** CY_ISR(isr_telit_rx){      
  84              		.loc 1 18 0
  85              		.cfi_startproc
  86              		@ args = 0, pretend = 0, frame = 0
  87              		@ frame_needed = 1, uses_anonymous_args = 0
  88 0000 98B5     		push	{r3, r4, r7, lr}
  89              		.cfi_def_cfa_offset 16
  90              		.cfi_offset 3, -16
  91              		.cfi_offset 4, -12
  92              		.cfi_offset 7, -8
  93              		.cfi_offset 14, -4
  94 0002 00AF     		add	r7, sp, #0
  95              		.cfi_def_cfa_register 7
  19:modem.c       ****     // UART_Telit_GetRxBufferSize() returns the number of received bytes available in the RX buffer
ARM GAS  C:\Users\kland\AppData\Local\Temp\ccxBiICe.s 			page 3


  20:modem.c       ****     while(UART_Telit_GetRxBufferSize()==1){
  96              		.loc 1 20 0
  97 0004 12E0     		b	.L2
  98              	.L3:
  21:modem.c       ****         uart_received_string[uart_string_index]=UART_Telit_GetChar();
  99              		.loc 1 21 0
 100 0006 0D4B     		ldr	r3, .L4
 101 0008 B3F90030 		ldrsh	r3, [r3]
 102 000c 1C46     		mov	r4, r3
 103 000e FFF7FEFF 		bl	UART_Telit_GetChar
 104 0012 0346     		mov	r3, r0
 105 0014 1A46     		mov	r2, r3
 106 0016 0A4B     		ldr	r3, .L4+4
 107 0018 1A55     		strb	r2, [r3, r4]
  22:modem.c       ****         uart_string_index++;
 108              		.loc 1 22 0
 109 001a 084B     		ldr	r3, .L4
 110 001c B3F90030 		ldrsh	r3, [r3]
 111 0020 9BB2     		uxth	r3, r3
 112 0022 0133     		adds	r3, r3, #1
 113 0024 9BB2     		uxth	r3, r3
 114 0026 1AB2     		sxth	r2, r3
 115 0028 044B     		ldr	r3, .L4
 116 002a 1A80     		strh	r2, [r3]	@ movhi
 117              	.L2:
  20:modem.c       ****         uart_received_string[uart_string_index]=UART_Telit_GetChar();
 118              		.loc 1 20 0
 119 002c FFF7FEFF 		bl	UART_Telit_GetRxBufferSize
 120 0030 0346     		mov	r3, r0
 121 0032 012B     		cmp	r3, #1
 122 0034 E7D0     		beq	.L3
  23:modem.c       ****     }
  24:modem.c       **** 
  25:modem.c       **** }
 123              		.loc 1 25 0
 124 0036 00BF     		nop
 125 0038 98BD     		pop	{r3, r4, r7, pc}
 126              	.L5:
 127 003a 00BF     		.align	2
 128              	.L4:
 129 003c 00000000 		.word	uart_string_index
 130 0040 00000000 		.word	uart_received_string
 131              		.cfi_endproc
 132              	.LFE64:
 133              		.size	isr_telit_rx, .-isr_telit_rx
 134              		.section	.text.modem_initialize,"ax",%progbits
 135              		.align	2
 136              		.global	modem_initialize
 137              		.thumb
 138              		.thumb_func
 139              		.type	modem_initialize, %function
 140              	modem_initialize:
 141              	.LFB65:
  26:modem.c       **** 
  27:modem.c       **** // Initialize the modem
  28:modem.c       **** void modem_initialize(){
 142              		.loc 1 28 0
ARM GAS  C:\Users\kland\AppData\Local\Temp\ccxBiICe.s 			page 4


 143              		.cfi_startproc
 144              		@ args = 0, pretend = 0, frame = 0
 145              		@ frame_needed = 1, uses_anonymous_args = 0
 146 0000 80B5     		push	{r7, lr}
 147              		.cfi_def_cfa_offset 8
 148              		.cfi_offset 7, -8
 149              		.cfi_offset 14, -4
 150 0002 00AF     		add	r7, sp, #0
 151              		.cfi_def_cfa_register 7
  29:modem.c       ****     // Don't do much except make sure that all the modem pins are pulled low
  30:modem.c       ****     // Also make sure that the TX PIN is fully disabled
  31:modem.c       ****     pins_configure_inactive();
 152              		.loc 1 31 0
 153 0004 FFF7FEFF 		bl	pins_configure_inactive
  32:modem.c       ****     modem_state = 0;
 154              		.loc 1 32 0
 155 0008 154B     		ldr	r3, .L7
 156 000a 0022     		movs	r2, #0
 157 000c 1A70     		strb	r2, [r3]
  33:modem.c       ****     //initialize states
  34:modem.c       ****     modem_info.imei[0] = '\0';
 158              		.loc 1 34 0
 159 000e 154B     		ldr	r3, .L7+4
 160 0010 0022     		movs	r2, #0
 161 0012 83F82820 		strb	r2, [r3, #40]
  35:modem.c       ****     modem_info.model_id[0] = '\0';
 162              		.loc 1 35 0
 163 0016 134B     		ldr	r3, .L7+4
 164 0018 0022     		movs	r2, #0
 165 001a 1A75     		strb	r2, [r3, #20]
  36:modem.c       ****     modem_info.sim_id[0] = '\0';
 166              		.loc 1 36 0
 167 001c 114B     		ldr	r3, .L7+4
 168 001e 0022     		movs	r2, #0
 169 0020 1A70     		strb	r2, [r3]
  37:modem.c       ****     modem_stats.rxlev = 0;
 170              		.loc 1 37 0
 171 0022 114B     		ldr	r3, .L7+8
 172 0024 0022     		movs	r2, #0
 173 0026 1A60     		str	r2, [r3]
  38:modem.c       ****     modem_stats.ber = 0;
 174              		.loc 1 38 0
 175 0028 0F4B     		ldr	r3, .L7+8
 176 002a 0022     		movs	r2, #0
 177 002c 5A60     		str	r2, [r3, #4]
  39:modem.c       ****     modem_stats.rscp = 0;
 178              		.loc 1 39 0
 179 002e 0E4B     		ldr	r3, .L7+8
 180 0030 0022     		movs	r2, #0
 181 0032 9A60     		str	r2, [r3, #8]
  40:modem.c       ****     modem_stats.ecno = 0;
 182              		.loc 1 40 0
 183 0034 0C4B     		ldr	r3, .L7+8
 184 0036 0022     		movs	r2, #0
 185 0038 DA60     		str	r2, [r3, #12]
  41:modem.c       ****     modem_stats.rsrq = 0;
 186              		.loc 1 41 0
ARM GAS  C:\Users\kland\AppData\Local\Temp\ccxBiICe.s 			page 5


 187 003a 0B4B     		ldr	r3, .L7+8
 188 003c 0022     		movs	r2, #0
 189 003e 1A61     		str	r2, [r3, #16]
  42:modem.c       ****     modem_stats.rsrp = 0;
 190              		.loc 1 42 0
 191 0040 094B     		ldr	r3, .L7+8
 192 0042 0022     		movs	r2, #0
 193 0044 5A61     		str	r2, [r3, #20]
  43:modem.c       ****     modem_stats.time_to_acquire_ip = 0;
 194              		.loc 1 43 0
 195 0046 084B     		ldr	r3, .L7+8
 196 0048 0022     		movs	r2, #0
 197 004a DA61     		str	r2, [r3, #28]
  44:modem.c       ****     modem_stats.time_to_network_connect = 0;
 198              		.loc 1 44 0
 199 004c 064B     		ldr	r3, .L7+8
 200 004e 0022     		movs	r2, #0
 201 0050 9A61     		str	r2, [r3, #24]
  45:modem.c       ****     // Disable the RX Pin interrupt, and only enable it during long timeouts
  46:modem.c       ****     // Rx_Telit_SetInterruptMode(): Configures the interrupt mode for each of the Pins component's 
  47:modem.c       ****     // Rx_Telit_0_INTR selects the first pin in the list, and Rx_Telit_INTR_NONE disables the Rx pi
  48:modem.c       ****     Rx_Telit_SetInterruptMode(Rx_Telit_0_INTR,Rx_Telit_INTR_NONE);
 202              		.loc 1 48 0
 203 0052 0021     		movs	r1, #0
 204 0054 4020     		movs	r0, #64
 205 0056 FFF7FEFF 		bl	Rx_Telit_SetInterruptMode
  49:modem.c       ****     
  50:modem.c       **** }
 206              		.loc 1 50 0
 207 005a 00BF     		nop
 208 005c 80BD     		pop	{r7, pc}
 209              	.L8:
 210 005e 00BF     		.align	2
 211              	.L7:
 212 0060 00000000 		.word	modem_state
 213 0064 00000000 		.word	modem_info
 214 0068 00000000 		.word	modem_stats
 215              		.cfi_endproc
 216              	.LFE65:
 217              		.size	modem_initialize, .-modem_initialize
 218              		.section	.text.pins_configure_inactive,"ax",%progbits
 219              		.align	2
 220              		.global	pins_configure_inactive
 221              		.thumb
 222              		.thumb_func
 223              		.type	pins_configure_inactive, %function
 224              	pins_configure_inactive:
 225              	.LFB66:
  51:modem.c       **** 
  52:modem.c       **** 
  53:modem.c       **** // To be used when the modem power is to be "killed" conpletely to conserve power
  54:modem.c       **** void pins_configure_inactive(){
 226              		.loc 1 54 0
 227              		.cfi_startproc
 228              		@ args = 0, pretend = 0, frame = 0
 229              		@ frame_needed = 1, uses_anonymous_args = 0
 230 0000 80B5     		push	{r7, lr}
ARM GAS  C:\Users\kland\AppData\Local\Temp\ccxBiICe.s 			page 6


 231              		.cfi_def_cfa_offset 8
 232              		.cfi_offset 7, -8
 233              		.cfi_offset 14, -4
 234 0002 00AF     		add	r7, sp, #0
 235              		.cfi_def_cfa_register 7
  55:modem.c       ****    
  56:modem.c       ****    Telit_ControlReg_Write(0u); // Physically disconect UART pin
 236              		.loc 1 56 0
 237 0004 0020     		movs	r0, #0
 238 0006 FFF7FEFF 		bl	Telit_ControlReg_Write
  57:modem.c       ****    Rx_Telit_SetDriveMode(PIN_DM_STRONG); // Set drive mode
 239              		.loc 1 57 0
 240 000a 0C20     		movs	r0, #12
 241 000c FFF7FEFF 		bl	Rx_Telit_SetDriveMode
  58:modem.c       **** 
  59:modem.c       ****    Pin_Telit_pwr_Write(OFF); // Kill power to modem (pulls pin low).
 242              		.loc 1 59 0
 243 0010 0020     		movs	r0, #0
 244 0012 FFF7FEFF 		bl	Pin_Telit_pwr_Write
  60:modem.c       **** 
  61:modem.c       ****    // Pull down all of these, just in case (turns the off).
  62:modem.c       ****    Rx_Telit_Write(OFF); 
 245              		.loc 1 62 0
 246 0016 0020     		movs	r0, #0
 247 0018 FFF7FEFF 		bl	Rx_Telit_Write
  63:modem.c       ****    Tx_Telit_Write(OFF);
 248              		.loc 1 63 0
 249 001c 0020     		movs	r0, #0
 250 001e FFF7FEFF 		bl	Tx_Telit_Write
  64:modem.c       ****    Pin_Telit_ONOFF_Write(OFF);
 251              		.loc 1 64 0
 252 0022 0020     		movs	r0, #0
 253 0024 FFF7FEFF 		bl	Pin_Telit_ONOFF_Write
  65:modem.c       ****    Pin_Telit_SWRDY_Write(OFF);
 254              		.loc 1 65 0
 255 0028 0020     		movs	r0, #0
 256 002a FFF7FEFF 		bl	Pin_Telit_SWRDY_Write
  66:modem.c       ****     
  67:modem.c       **** }
 257              		.loc 1 67 0
 258 002e 00BF     		nop
 259 0030 80BD     		pop	{r7, pc}
 260              		.cfi_endproc
 261              	.LFE66:
 262              		.size	pins_configure_inactive, .-pins_configure_inactive
 263 0032 00BF     		.section	.text.pins_configure_active,"ax",%progbits
 264              		.align	2
 265              		.global	pins_configure_active
 266              		.thumb
 267              		.thumb_func
 268              		.type	pins_configure_active, %function
 269              	pins_configure_active:
 270              	.LFB67:
  68:modem.c       **** 
  69:modem.c       **** // Turns on power and configures all UART pin modes
  70:modem.c       **** void pins_configure_active(){
 271              		.loc 1 70 0
ARM GAS  C:\Users\kland\AppData\Local\Temp\ccxBiICe.s 			page 7


 272              		.cfi_startproc
 273              		@ args = 0, pretend = 0, frame = 0
 274              		@ frame_needed = 1, uses_anonymous_args = 0
 275 0000 80B5     		push	{r7, lr}
 276              		.cfi_def_cfa_offset 8
 277              		.cfi_offset 7, -8
 278              		.cfi_offset 14, -4
 279 0002 00AF     		add	r7, sp, #0
 280              		.cfi_def_cfa_register 7
  71:modem.c       ****     
  72:modem.c       ****     Rx_Telit_SetDriveMode(PIN_DM_DIG_HIZ); // Power up. Set RX pin to High Impedance Digital mode.
 281              		.loc 1 72 0
 282 0004 0220     		movs	r0, #2
 283 0006 FFF7FEFF 		bl	Rx_Telit_SetDriveMode
  73:modem.c       ****     Telit_ControlReg_Write(1u); // Pull Telit_ControlReg pin high (turns it on).
 284              		.loc 1 73 0
 285 000a 0120     		movs	r0, #1
 286 000c FFF7FEFF 		bl	Telit_ControlReg_Write
  74:modem.c       ****     Pin_Telit_pwr_Write(ON); // Pulls Telit_pwr pin high (turns it on).
 287              		.loc 1 74 0
 288 0010 0120     		movs	r0, #1
 289 0012 FFF7FEFF 		bl	Pin_Telit_pwr_Write
  75:modem.c       ****     CyDelay(100u); // Give the MOSFET a few ms to stalbilise power 
 290              		.loc 1 75 0
 291 0016 6420     		movs	r0, #100
 292 0018 FFF7FEFF 		bl	CyDelay
  76:modem.c       **** }
 293              		.loc 1 76 0
 294 001c 00BF     		nop
 295 001e 80BD     		pop	{r7, pc}
 296              		.cfi_endproc
 297              	.LFE67:
 298              		.size	pins_configure_active, .-pins_configure_active
 299              		.section	.rodata
 300              		.align	2
 301              	.LC0:
 302 0000 4F4B00   		.ascii	"OK\000"
 303 0003 00       		.align	2
 304              	.LC1:
 305 0004 41542353 		.ascii	"AT#SHDN\015\000"
 305      48444E0D 
 305      00
 306              		.section	.text.modem_power_down,"ax",%progbits
 307              		.align	2
 308              		.global	modem_power_down
 309              		.thumb
 310              		.thumb_func
 311              		.type	modem_power_down, %function
 312              	modem_power_down:
 313              	.LFB68:
  77:modem.c       **** 
  78:modem.c       **** // Power down the modem -- completely "kill" modem to conserve power.
  79:modem.c       **** void modem_power_down(){
 314              		.loc 1 79 0
 315              		.cfi_startproc
 316              		@ args = 0, pretend = 0, frame = 0
 317              		@ frame_needed = 1, uses_anonymous_args = 0
ARM GAS  C:\Users\kland\AppData\Local\Temp\ccxBiICe.s 			page 8


 318 0000 80B5     		push	{r7, lr}
 319              		.cfi_def_cfa_offset 8
 320              		.cfi_offset 7, -8
 321              		.cfi_offset 14, -4
 322 0002 00AF     		add	r7, sp, #0
 323              		.cfi_def_cfa_register 7
  80:modem.c       ****     // AT Command to modem for Software Shut Down - #SHDN
  81:modem.c       ****     // \r is carriage return, it is necessary for the modem to know it got a command
  82:modem.c       ****     at_write_command("AT#SHDN\r","OK",5000u); 
 324              		.loc 1 82 0
 325 0004 41F28832 		movw	r2, #5000
 326 0008 0A49     		ldr	r1, .L12
 327 000a 0B48     		ldr	r0, .L12+4
 328 000c FFF7FEFF 		bl	at_write_command
  83:modem.c       ****    
  84:modem.c       ****     // Soft power cycle makes sure that the modem is all the way on (like holding on button on for 
  85:modem.c       ****     modem_soft_power_cycle();
 329              		.loc 1 85 0
 330 0010 FFF7FEFF 		bl	modem_soft_power_cycle
  86:modem.c       ****     CyDelay(1000u);
 331              		.loc 1 86 0
 332 0014 4FF47A70 		mov	r0, #1000
 333 0018 FFF7FEFF 		bl	CyDelay
  87:modem.c       ****     
  88:modem.c       ****     UART_Telit_Stop(); // Disables the UART operation.
 334              		.loc 1 88 0
 335 001c FFF7FEFF 		bl	UART_Telit_Stop
  89:modem.c       ****     isr_telit_rx_Stop(); // Disables and removes the interrupt.
 336              		.loc 1 89 0
 337 0020 FFF7FEFF 		bl	isr_telit_rx_Stop
  90:modem.c       ****     pins_configure_inactive(); // We want the modem power to be "killed" completely to conserve pow
 338              		.loc 1 90 0
 339 0024 FFF7FEFF 		bl	pins_configure_inactive
  91:modem.c       ****     modem_state = MODEM_STATE_OFF;
 340              		.loc 1 91 0
 341 0028 044B     		ldr	r3, .L12+8
 342 002a 0022     		movs	r2, #0
 343 002c 1A70     		strb	r2, [r3]
  92:modem.c       ****     
  93:modem.c       **** }
 344              		.loc 1 93 0
 345 002e 00BF     		nop
 346 0030 80BD     		pop	{r7, pc}
 347              	.L13:
 348 0032 00BF     		.align	2
 349              	.L12:
 350 0034 00000000 		.word	.LC0
 351 0038 04000000 		.word	.LC1
 352 003c 00000000 		.word	modem_state
 353              		.cfi_endproc
 354              	.LFE68:
 355              		.size	modem_power_down, .-modem_power_down
 356              		.section	.rodata
 357 000d 000000   		.align	2
 358              	.LC2:
 359 0010 41544530 		.ascii	"ATE0\015\000"
 359      0D00
ARM GAS  C:\Users\kland\AppData\Local\Temp\ccxBiICe.s 			page 9


 360 0016 0000     		.align	2
 361              	.LC3:
 362 0018 4D6F6465 		.ascii	"Modem boot time: %d\000"
 362      6D20626F 
 362      6F742074 
 362      696D653A 
 362      20256400 
 363              		.align	2
 364              	.LC4:
 365 002c 4D6F6465 		.ascii	"Modem ready for AT commands after %d attempt(s).\000"
 365      6D207265 
 365      61647920 
 365      666F7220 
 365      41542063 
 366 005d 000000   		.align	2
 367              	.LC5:
 368 0060 4E6F2072 		.ascii	"No response from modem.\000"
 368      6573706F 
 368      6E736520 
 368      66726F6D 
 368      206D6F64 
 369              		.section	.text.modem_power_up,"ax",%progbits
 370              		.align	2
 371              		.global	modem_power_up
 372              		.thumb
 373              		.thumb_func
 374              		.type	modem_power_up, %function
 375              	modem_power_up:
 376              	.LFB69:
  94:modem.c       **** 
  95:modem.c       **** // This puts all the modem pins into a state that won't leak power
  96:modem.c       **** // Please call restore_pins() to bring them abck to function when they are needed for UART
  97:modem.c       **** uint8 modem_power_up(){
 377              		.loc 1 97 0
 378              		.cfi_startproc
 379              		@ args = 0, pretend = 0, frame = 8
 380              		@ frame_needed = 1, uses_anonymous_args = 0
 381 0000 80B5     		push	{r7, lr}
 382              		.cfi_def_cfa_offset 8
 383              		.cfi_offset 7, -8
 384              		.cfi_offset 14, -4
 385 0002 82B0     		sub	sp, sp, #8
 386              		.cfi_def_cfa_offset 16
 387 0004 00AF     		add	r7, sp, #0
 388              		.cfi_def_cfa_register 7
  98:modem.c       **** 
  99:modem.c       ****     pins_configure_active(); // Turns on power and configures all UART pin modes
 389              		.loc 1 99 0
 390 0006 FFF7FEFF 		bl	pins_configure_active
 100:modem.c       ****     UART_Telit_Start(); // Sets the initVar variable, calls the UART_Telit_Init() function, and the
 391              		.loc 1 100 0
 392 000a FFF7FEFF 		bl	UART_Telit_Start
 101:modem.c       ****     isr_telit_rx_StartEx(isr_telit_rx); // Sets up the interrupt and enables it. 
 393              		.loc 1 101 0
 394 000e 2C48     		ldr	r0, .L27
 395 0010 FFF7FEFF 		bl	isr_telit_rx_StartEx
 102:modem.c       **** 
ARM GAS  C:\Users\kland\AppData\Local\Temp\ccxBiICe.s 			page 10


 103:modem.c       ****     modem_soft_power_cycle(); // Soft power cycle makes sure that the modem is all the way on (like
 396              		.loc 1 103 0
 397 0014 FFF7FEFF 		bl	modem_soft_power_cycle
 104:modem.c       ****     
 105:modem.c       ****     // Turn off ECHO command (doesn't repeat your command back to you).
 106:modem.c       ****     uint8 at_ready = 0;
 398              		.loc 1 106 0
 399 0018 0023     		movs	r3, #0
 400 001a FB71     		strb	r3, [r7, #7]
 107:modem.c       ****     uint8 attempts = 0;
 401              		.loc 1 107 0
 402 001c 0023     		movs	r3, #0
 403 001e 3B71     		strb	r3, [r7, #4]
 108:modem.c       ****     // Create variable boot_time of the current time stamp.
 109:modem.c       ****     long boot_time = getTimeStamp();
 404              		.loc 1 109 0
 405 0020 FFF7FEFF 		bl	getTimeStamp
 406 0024 3860     		str	r0, [r7]
 407              	.LBB2:
 110:modem.c       ****     
 111:modem.c       ****     //it takes the 4G modem 10+secs (max 20) to boot up, so keep hitting it with AT commands until 
 112:modem.c       ****     for(uint8 attempts = 0; attempts<3; attempts++){
 408              		.loc 1 112 0
 409 0026 0023     		movs	r3, #0
 410 0028 BB71     		strb	r3, [r7, #6]
 411 002a 1CE0     		b	.L15
 412              	.L22:
 413              	.LBB3:
 113:modem.c       ****         
 114:modem.c       ****         for(uint8 pwr_check = 0; pwr_check<20; pwr_check++){
 414              		.loc 1 114 0
 415 002c 0023     		movs	r3, #0
 416 002e 7B71     		strb	r3, [r7, #5]
 417 0030 0EE0     		b	.L16
 418              	.L19:
 115:modem.c       ****             // AT command ATE0 disables the command echo (doesn't repeat your command back to you).
 116:modem.c       ****             if(at_write_command("ATE0\r","OK",1000u)){
 419              		.loc 1 116 0
 420 0032 4FF47A72 		mov	r2, #1000
 421 0036 2349     		ldr	r1, .L27+4
 422 0038 2348     		ldr	r0, .L27+8
 423 003a FFF7FEFF 		bl	at_write_command
 424 003e 0346     		mov	r3, r0
 425 0040 002B     		cmp	r3, #0
 426 0042 02D0     		beq	.L17
 117:modem.c       ****                 at_ready = 1;
 427              		.loc 1 117 0
 428 0044 0123     		movs	r3, #1
 429 0046 FB71     		strb	r3, [r7, #7]
 118:modem.c       ****                 break;
 430              		.loc 1 118 0
 431 0048 05E0     		b	.L18
 432              	.L17:
 114:modem.c       ****             // AT command ATE0 disables the command echo (doesn't repeat your command back to you).
 433              		.loc 1 114 0 discriminator 2
 434 004a 7B79     		ldrb	r3, [r7, #5]	@ zero_extendqisi2
 435 004c 0133     		adds	r3, r3, #1
ARM GAS  C:\Users\kland\AppData\Local\Temp\ccxBiICe.s 			page 11


 436 004e 7B71     		strb	r3, [r7, #5]
 437              	.L16:
 114:modem.c       ****             // AT command ATE0 disables the command echo (doesn't repeat your command back to you).
 438              		.loc 1 114 0 is_stmt 0 discriminator 1
 439 0050 7B79     		ldrb	r3, [r7, #5]	@ zero_extendqisi2
 440 0052 132B     		cmp	r3, #19
 441 0054 EDD9     		bls	.L19
 442              	.L18:
 443              	.LBE3:
 119:modem.c       ****             }
 120:modem.c       ****         }
 121:modem.c       ****             
 122:modem.c       ****         if(at_ready == 1){
 444              		.loc 1 122 0 is_stmt 1
 445 0056 FB79     		ldrb	r3, [r7, #7]	@ zero_extendqisi2
 446 0058 012B     		cmp	r3, #1
 447 005a 08D0     		beq	.L26
 123:modem.c       ****             break;
 124:modem.c       ****         }else{
 125:modem.c       ****             // Soft power cycle makes sure that the modem is all the way on (like holding on button
 126:modem.c       ****             modem_soft_power_cycle();
 448              		.loc 1 126 0 discriminator 2
 449 005c FFF7FEFF 		bl	modem_soft_power_cycle
 112:modem.c       ****         
 450              		.loc 1 112 0 discriminator 2
 451 0060 BB79     		ldrb	r3, [r7, #6]	@ zero_extendqisi2
 452 0062 0133     		adds	r3, r3, #1
 453 0064 BB71     		strb	r3, [r7, #6]
 454              	.L15:
 112:modem.c       ****         
 455              		.loc 1 112 0 is_stmt 0 discriminator 1
 456 0066 BB79     		ldrb	r3, [r7, #6]	@ zero_extendqisi2
 457 0068 022B     		cmp	r3, #2
 458 006a DFD9     		bls	.L22
 459 006c 00E0     		b	.L21
 460              	.L26:
 123:modem.c       ****             break;
 461              		.loc 1 123 0 is_stmt 1
 462 006e 00BF     		nop
 463              	.L21:
 464              	.LBE2:
 127:modem.c       ****         }
 128:modem.c       ****     }
 129:modem.c       ****     // Calculate boot up time and save to variable boot_time.
 130:modem.c       ****     boot_time = getTimeStamp() - boot_time;
 465              		.loc 1 130 0
 466 0070 FFF7FEFF 		bl	getTimeStamp
 467 0074 0246     		mov	r2, r0
 468 0076 3B68     		ldr	r3, [r7]
 469 0078 D31A     		subs	r3, r2, r3
 470 007a 3B60     		str	r3, [r7]
 131:modem.c       ****     printNotif(NOTIF_TYPE_EVENT,"Modem boot time: %d",boot_time);
 471              		.loc 1 131 0
 472 007c 3A68     		ldr	r2, [r7]
 473 007e 1349     		ldr	r1, .L27+12
 474 0080 0020     		movs	r0, #0
 475 0082 FFF7FEFF 		bl	printNotif
ARM GAS  C:\Users\kland\AppData\Local\Temp\ccxBiICe.s 			page 12


 132:modem.c       ****    
 133:modem.c       ****     if(at_ready == 1){
 476              		.loc 1 133 0
 477 0086 FB79     		ldrb	r3, [r7, #7]	@ zero_extendqisi2
 478 0088 012B     		cmp	r3, #1
 479 008a 0AD1     		bne	.L23
 134:modem.c       ****         printNotif(NOTIF_TYPE_EVENT,"Modem ready for AT commands after %d attempt(s).",attempts);
 480              		.loc 1 134 0
 481 008c 3B79     		ldrb	r3, [r7, #4]	@ zero_extendqisi2
 482 008e 1A46     		mov	r2, r3
 483 0090 0F49     		ldr	r1, .L27+16
 484 0092 0020     		movs	r0, #0
 485 0094 FFF7FEFF 		bl	printNotif
 135:modem.c       ****         modem_state = MODEM_STATE_STARTUP;
 486              		.loc 1 135 0
 487 0098 0E4B     		ldr	r3, .L27+20
 488 009a 0122     		movs	r2, #1
 489 009c 1A70     		strb	r2, [r3]
 136:modem.c       ****     }else{
 137:modem.c       ****         printNotif(NOTIF_TYPE_ERROR,"No response from modem.");
 138:modem.c       ****         modem_state = MODEM_STATE_OFF;
 139:modem.c       ****         // Power down the modem -- completely "kill" modem to conserve power.
 140:modem.c       ****         modem_power_down();
 141:modem.c       ****         return 0u;
 142:modem.c       ****     }
 143:modem.c       ****     return 1u;
 490              		.loc 1 143 0
 491 009e 0123     		movs	r3, #1
 492 00a0 09E0     		b	.L25
 493              	.L23:
 137:modem.c       ****         modem_state = MODEM_STATE_OFF;
 494              		.loc 1 137 0
 495 00a2 0D49     		ldr	r1, .L27+24
 496 00a4 0220     		movs	r0, #2
 497 00a6 FFF7FEFF 		bl	printNotif
 138:modem.c       ****         // Power down the modem -- completely "kill" modem to conserve power.
 498              		.loc 1 138 0
 499 00aa 0A4B     		ldr	r3, .L27+20
 500 00ac 0022     		movs	r2, #0
 501 00ae 1A70     		strb	r2, [r3]
 140:modem.c       ****         return 0u;
 502              		.loc 1 140 0
 503 00b0 FFF7FEFF 		bl	modem_power_down
 141:modem.c       ****     }
 504              		.loc 1 141 0
 505 00b4 0023     		movs	r3, #0
 506              	.L25:
 144:modem.c       **** }
 507              		.loc 1 144 0
 508 00b6 1846     		mov	r0, r3
 509 00b8 0837     		adds	r7, r7, #8
 510              		.cfi_def_cfa_offset 8
 511 00ba BD46     		mov	sp, r7
 512              		.cfi_def_cfa_register 13
 513              		@ sp needed
 514 00bc 80BD     		pop	{r7, pc}
 515              	.L28:
ARM GAS  C:\Users\kland\AppData\Local\Temp\ccxBiICe.s 			page 13


 516 00be 00BF     		.align	2
 517              	.L27:
 518 00c0 00000000 		.word	isr_telit_rx
 519 00c4 00000000 		.word	.LC0
 520 00c8 10000000 		.word	.LC2
 521 00cc 18000000 		.word	.LC3
 522 00d0 2C000000 		.word	.LC4
 523 00d4 00000000 		.word	modem_state
 524 00d8 60000000 		.word	.LC5
 525              		.cfi_endproc
 526              	.LFE69:
 527              		.size	modem_power_up, .-modem_power_up
 528              		.section	.text.modem_soft_power_cycle,"ax",%progbits
 529              		.align	2
 530              		.global	modem_soft_power_cycle
 531              		.thumb
 532              		.thumb_func
 533              		.type	modem_soft_power_cycle, %function
 534              	modem_soft_power_cycle:
 535              	.LFB70:
 145:modem.c       **** 
 146:modem.c       **** // Puts modem in soft power cycle -- modem has power but isn't all the way on, so soft power cycle 
 147:modem.c       **** void modem_soft_power_cycle(){
 536              		.loc 1 147 0
 537              		.cfi_startproc
 538              		@ args = 0, pretend = 0, frame = 0
 539              		@ frame_needed = 1, uses_anonymous_args = 0
 540 0000 80B5     		push	{r7, lr}
 541              		.cfi_def_cfa_offset 8
 542              		.cfi_offset 7, -8
 543              		.cfi_offset 14, -4
 544 0002 00AF     		add	r7, sp, #0
 545              		.cfi_def_cfa_register 7
 148:modem.c       ****     Pin_Telit_ONOFF_Write(1u); // Pulls Telit_ONOFF pin high
 546              		.loc 1 148 0
 547 0004 0120     		movs	r0, #1
 548 0006 FFF7FEFF 		bl	Pin_Telit_ONOFF_Write
 149:modem.c       ****     CyDelay(2000u); // Give modem a sec to boot
 549              		.loc 1 149 0
 550 000a 4FF4FA60 		mov	r0, #2000
 551 000e FFF7FEFF 		bl	CyDelay
 150:modem.c       ****     Pin_Telit_ONOFF_Write(0u); // Pulls Telit_ONOFF pin low
 552              		.loc 1 150 0
 553 0012 0020     		movs	r0, #0
 554 0014 FFF7FEFF 		bl	Pin_Telit_ONOFF_Write
 151:modem.c       ****     
 152:modem.c       **** }
 555              		.loc 1 152 0
 556 0018 00BF     		nop
 557 001a 80BD     		pop	{r7, pc}
 558              		.cfi_endproc
 559              	.LFE70:
 560              		.size	modem_soft_power_cycle, .-modem_soft_power_cycle
 561              		.section	.text.uart_string_reset,"ax",%progbits
 562              		.align	2
 563              		.global	uart_string_reset
 564              		.thumb
ARM GAS  C:\Users\kland\AppData\Local\Temp\ccxBiICe.s 			page 14


 565              		.thumb_func
 566              		.type	uart_string_reset, %function
 567              	uart_string_reset:
 568              	.LFB71:
 153:modem.c       **** 
 154:modem.c       **** // Clear and reset the uart_received_string variable and uart_string_index for the next transmissio
 155:modem.c       **** void uart_string_reset(){
 569              		.loc 1 155 0
 570              		.cfi_startproc
 571              		@ args = 0, pretend = 0, frame = 0
 572              		@ frame_needed = 1, uses_anonymous_args = 0
 573 0000 80B5     		push	{r7, lr}
 574              		.cfi_def_cfa_offset 8
 575              		.cfi_offset 7, -8
 576              		.cfi_offset 14, -4
 577 0002 00AF     		add	r7, sp, #0
 578              		.cfi_def_cfa_register 7
 156:modem.c       ****     uart_string_index=0;
 579              		.loc 1 156 0
 580 0004 064B     		ldr	r3, .L31
 581 0006 0022     		movs	r2, #0
 582 0008 1A80     		strh	r2, [r3]	@ movhi
 157:modem.c       ****     // memset(void *str, int c, size_t n) copies the character c (an unsigned char) to the first n 
 158:modem.c       ****     memset(uart_received_string,'\0',sizeof(uart_received_string));
 583              		.loc 1 158 0
 584 000a 4FF48062 		mov	r2, #1024
 585 000e 0021     		movs	r1, #0
 586 0010 0448     		ldr	r0, .L31+4
 587 0012 FFF7FEFF 		bl	memset
 159:modem.c       ****     // Clears the receiver memory buffer and hardware RX FIFO of all received data.
 160:modem.c       ****     UART_Telit_ClearRxBuffer();
 588              		.loc 1 160 0
 589 0016 FFF7FEFF 		bl	UART_Telit_ClearRxBuffer
 161:modem.c       **** }
 590              		.loc 1 161 0
 591 001a 00BF     		nop
 592 001c 80BD     		pop	{r7, pc}
 593              	.L32:
 594 001e 00BF     		.align	2
 595              	.L31:
 596 0020 00000000 		.word	uart_string_index
 597 0024 00000000 		.word	uart_received_string
 598              		.cfi_endproc
 599              	.LFE71:
 600              		.size	uart_string_reset, .-uart_string_reset
 601              		.section	.rodata
 602              		.align	2
 603              	.LC6:
 604 0078 4D6F6465 		.ascii	"Modem sent AT command without timeout: %s\015\012\000"
 604      6D207365 
 604      6E742041 
 604      5420636F 
 604      6D6D616E 
 605              		.align	2
 606              	.LC7:
 607 00a4 4D6F6465 		.ascii	"Modem Received expected AT Response on first Try:\012"
 607      6D205265 
ARM GAS  C:\Users\kland\AppData\Local\Temp\ccxBiICe.s 			page 15


 607      63656976 
 607      65642065 
 607      78706563 
 608 00d6 436F6D6D 		.ascii	"Command: %s\012Received: %s\015\012\000"
 608      616E643A 
 608      2025730A 
 608      52656365 
 608      69766564 
 609 00f1 000000   		.align	2
 610              	.LC8:
 611 00f4 4D6F6465 		.ascii	"Modem required %d tries to receive AT Response: %s\015"
 611      6D207265 
 611      71756972 
 611      65642025 
 611      64207472 
 612 0127 0A00     		.ascii	"\012\000"
 613 0129 000000   		.align	2
 614              	.LC9:
 615 012c 436F756C 		.ascii	"Could not write AT command: %s\012 Received: %s\012"
 615      64206E6F 
 615      74207772 
 615      69746520 
 615      41542063 
 616 0159 00       		.ascii	"\000"
 617              		.section	.text.at_write_command,"ax",%progbits
 618              		.align	2
 619              		.global	at_write_command
 620              		.thumb
 621              		.thumb_func
 622              		.type	at_write_command, %function
 623              	at_write_command:
 624              	.LFB72:
 162:modem.c       **** 
 163:modem.c       **** // Modem controlled  via  the  serial  interface  using  the  standard  AT commands.
 164:modem.c       **** // AT is an ATTENTION command and is used as a prefix to other parameters in a string. 
 165:modem.c       **** // Sends commands to the modem
 166:modem.c       **** uint8_t at_write_command(char* commands, char* expected_response,uint32_t timeout){
 625              		.loc 1 166 0
 626              		.cfi_startproc
 627              		@ args = 0, pretend = 0, frame = 40
 628              		@ frame_needed = 1, uses_anonymous_args = 0
 629 0000 80B5     		push	{r7, lr}
 630              		.cfi_def_cfa_offset 8
 631              		.cfi_offset 7, -8
 632              		.cfi_offset 14, -4
 633 0002 8AB0     		sub	sp, sp, #40
 634              		.cfi_def_cfa_offset 48
 635 0004 00AF     		add	r7, sp, #0
 636              		.cfi_def_cfa_register 7
 637 0006 F860     		str	r0, [r7, #12]
 638 0008 B960     		str	r1, [r7, #8]
 639 000a 7A60     		str	r2, [r7, #4]
 167:modem.c       **** 
 168:modem.c       ****     uint32 at_attempt = 0;
 640              		.loc 1 168 0
 641 000c 0023     		movs	r3, #0
 642 000e 7B62     		str	r3, [r7, #36]
ARM GAS  C:\Users\kland\AppData\Local\Temp\ccxBiICe.s 			page 16


 169:modem.c       ****     
 170:modem.c       ****     for(at_attempt = 0; at_attempt < 3; at_attempt++) {
 643              		.loc 1 170 0
 644 0010 0023     		movs	r3, #0
 645 0012 7B62     		str	r3, [r7, #36]
 646 0014 46E0     		b	.L34
 647              	.L42:
 648              	.LBB4:
 171:modem.c       ****         
 172:modem.c       ****         char* compare_location;
 173:modem.c       ****         uint32_t delay=10;
 649              		.loc 1 173 0
 650 0016 0A23     		movs	r3, #10
 651 0018 FB61     		str	r3, [r7, #28]
 174:modem.c       ****         uint32_t i, interval=timeout/delay;        
 652              		.loc 1 174 0
 653 001a 7A68     		ldr	r2, [r7, #4]
 654 001c FB69     		ldr	r3, [r7, #28]
 655 001e B2FBF3F3 		udiv	r3, r2, r3
 656 0022 BB61     		str	r3, [r7, #24]
 175:modem.c       ****         
 176:modem.c       ****         // Clear and reset the uart_received_string variable and uart_string_index for the next tra
 177:modem.c       ****         uart_string_reset();
 657              		.loc 1 177 0
 658 0024 FFF7FEFF 		bl	uart_string_reset
 178:modem.c       ****         
 179:modem.c       ****         // Sends a NULL terminated string to the TX buffer for transmission.
 180:modem.c       ****         UART_Telit_PutString(commands);
 659              		.loc 1 180 0
 660 0028 F868     		ldr	r0, [r7, #12]
 661 002a FFF7FEFF 		bl	UART_Telit_PutString
 181:modem.c       ****         
 182:modem.c       ****         
 183:modem.c       ****         // If no timeout, no need to wait for response
 184:modem.c       ****         if(timeout == NO_AT_TIMEOUT){
 662              		.loc 1 184 0
 663 002e 7B68     		ldr	r3, [r7, #4]
 664 0030 002B     		cmp	r3, #0
 665 0032 06D1     		bne	.L35
 185:modem.c       ****             printNotif(NOTIF_TYPE_EVENT,"Modem sent AT command without timeout: %s\r\n", commands);
 666              		.loc 1 185 0
 667 0034 FA68     		ldr	r2, [r7, #12]
 668 0036 1F49     		ldr	r1, .L43
 669 0038 0020     		movs	r0, #0
 670 003a FFF7FEFF 		bl	printNotif
 186:modem.c       ****             return 1u;
 671              		.loc 1 186 0
 672 003e 0123     		movs	r3, #1
 673 0040 34E0     		b	.L36
 674              	.L35:
 187:modem.c       ****         }
 188:modem.c       ****       
 189:modem.c       ****      
 190:modem.c       ****         for(i=0;i<interval;i++){ 
 675              		.loc 1 190 0
 676 0042 0023     		movs	r3, #0
 677 0044 3B62     		str	r3, [r7, #32]
ARM GAS  C:\Users\kland\AppData\Local\Temp\ccxBiICe.s 			page 17


 678 0046 20E0     		b	.L37
 679              	.L41:
 191:modem.c       ****             CyDelay((uint32) delay);
 680              		.loc 1 191 0
 681 0048 F869     		ldr	r0, [r7, #28]
 682 004a FFF7FEFF 		bl	CyDelay
 192:modem.c       ****             // strstr(const char *haystack, const char *needle) function finds the first occurrence
 193:modem.c       ****             // Returns a pointer to the first occurrence in haystack of any of the entire sequence 
 194:modem.c       ****             compare_location=strstr(uart_received_string,expected_response);        
 683              		.loc 1 194 0
 684 004e B968     		ldr	r1, [r7, #8]
 685 0050 1948     		ldr	r0, .L43+4
 686 0052 FFF7FEFF 		bl	strstr
 687 0056 7861     		str	r0, [r7, #20]
 195:modem.c       ****             if(compare_location!=NULL) {
 688              		.loc 1 195 0
 689 0058 7B69     		ldr	r3, [r7, #20]
 690 005a 002B     		cmp	r3, #0
 691 005c 12D0     		beq	.L38
 196:modem.c       ****                 if (at_attempt == 0){
 692              		.loc 1 196 0
 693 005e 7B6A     		ldr	r3, [r7, #36]
 694 0060 002B     		cmp	r3, #0
 695 0062 06D1     		bne	.L39
 197:modem.c       ****                     // we add \n for new line to make it easier to decipher
 198:modem.c       ****                     printNotif(NOTIF_TYPE_EVENT,"Modem Received expected AT Response on first Try:\
 696              		.loc 1 198 0
 697 0064 144B     		ldr	r3, .L43+4
 698 0066 FA68     		ldr	r2, [r7, #12]
 699 0068 1449     		ldr	r1, .L43+8
 700 006a 0020     		movs	r0, #0
 701 006c FFF7FEFF 		bl	printNotif
 702 0070 06E0     		b	.L40
 703              	.L39:
 199:modem.c       ****                 }else{
 200:modem.c       ****                     printNotif(NOTIF_TYPE_WARNING,"Modem required %d tries to receive AT Response: 
 704              		.loc 1 200 0
 705 0072 7B6A     		ldr	r3, [r7, #36]
 706 0074 5A1C     		adds	r2, r3, #1
 707 0076 104B     		ldr	r3, .L43+4
 708 0078 1149     		ldr	r1, .L43+12
 709 007a 0120     		movs	r0, #1
 710 007c FFF7FEFF 		bl	printNotif
 711              	.L40:
 201:modem.c       ****                  
 202:modem.c       ****                 }
 203:modem.c       ****                 return(1);
 712              		.loc 1 203 0
 713 0080 0123     		movs	r3, #1
 714 0082 13E0     		b	.L36
 715              	.L38:
 190:modem.c       ****             CyDelay((uint32) delay);
 716              		.loc 1 190 0 discriminator 2
 717 0084 3B6A     		ldr	r3, [r7, #32]
 718 0086 0133     		adds	r3, r3, #1
 719 0088 3B62     		str	r3, [r7, #32]
 720              	.L37:
ARM GAS  C:\Users\kland\AppData\Local\Temp\ccxBiICe.s 			page 18


 190:modem.c       ****             CyDelay((uint32) delay);
 721              		.loc 1 190 0 is_stmt 0 discriminator 1
 722 008a 3A6A     		ldr	r2, [r7, #32]
 723 008c BB69     		ldr	r3, [r7, #24]
 724 008e 9A42     		cmp	r2, r3
 725 0090 DAD3     		bcc	.L41
 204:modem.c       ****             }
 205:modem.c       ****             
 206:modem.c       ****         }  
 207:modem.c       ****         
 208:modem.c       ****         // Something went wrong, restart UART
 209:modem.c       ****         printNotif(NOTIF_TYPE_ERROR,"Could not write AT command: %s\n Received: %s\n", commands,uar
 726              		.loc 1 209 0 is_stmt 1 discriminator 2
 727 0092 094B     		ldr	r3, .L43+4
 728 0094 FA68     		ldr	r2, [r7, #12]
 729 0096 0B49     		ldr	r1, .L43+16
 730 0098 0220     		movs	r0, #2
 731 009a FFF7FEFF 		bl	printNotif
 732              	.LBE4:
 170:modem.c       ****         
 733              		.loc 1 170 0 discriminator 2
 734 009e 7B6A     		ldr	r3, [r7, #36]
 735 00a0 0133     		adds	r3, r3, #1
 736 00a2 7B62     		str	r3, [r7, #36]
 737              	.L34:
 170:modem.c       ****         
 738              		.loc 1 170 0 is_stmt 0 discriminator 1
 739 00a4 7B6A     		ldr	r3, [r7, #36]
 740 00a6 022B     		cmp	r3, #2
 741 00a8 B5D9     		bls	.L42
 210:modem.c       ****       
 211:modem.c       ****     }
 212:modem.c       ****    // printNotif(NOTIF_TYPE_ERROR,"Modem AT response timeout: %s\r\n", commands);
 213:modem.c       ****           
 214:modem.c       ****     return(0);    
 742              		.loc 1 214 0 is_stmt 1
 743 00aa 0023     		movs	r3, #0
 744              	.L36:
 215:modem.c       **** }
 745              		.loc 1 215 0
 746 00ac 1846     		mov	r0, r3
 747 00ae 2837     		adds	r7, r7, #40
 748              		.cfi_def_cfa_offset 8
 749 00b0 BD46     		mov	sp, r7
 750              		.cfi_def_cfa_register 13
 751              		@ sp needed
 752 00b2 80BD     		pop	{r7, pc}
 753              	.L44:
 754              		.align	2
 755              	.L43:
 756 00b4 78000000 		.word	.LC6
 757 00b8 00000000 		.word	uart_received_string
 758 00bc A4000000 		.word	.LC7
 759 00c0 F4000000 		.word	.LC8
 760 00c4 2C010000 		.word	.LC9
 761              		.cfi_endproc
 762              	.LFE72:
ARM GAS  C:\Users\kland\AppData\Local\Temp\ccxBiICe.s 			page 19


 763              		.size	at_write_command, .-at_write_command
 764              		.section	.rodata
 765 015a 0000     		.align	2
 766              	.LC10:
 767 015c 54455354 		.ascii	"TEST_MODEM\000"
 767      5F4D4F44 
 767      454D00
 768 0167 00       		.align	2
 769              	.LC11:
 770 0168 4E6F2072 		.ascii	"No reponse from modem.\000"
 770      65706F6E 
 770      73652066 
 770      726F6D20 
 770      6D6F6465 
 771 017f 00       		.align	2
 772              	.LC12:
 773 0180 4D6F6465 		.ascii	"Modem connected to network.\000"
 773      6D20636F 
 773      6E6E6563 
 773      74656420 
 773      746F206E 
 774              		.section	.text.modem_test,"ax",%progbits
 775              		.align	2
 776              		.global	modem_test
 777              		.thumb
 778              		.thumb_func
 779              		.type	modem_test, %function
 780              	modem_test:
 781              	.LFB73:
 216:modem.c       **** 
 217:modem.c       **** // Test modem -- needs fleshed out
 218:modem.c       **** test_t modem_test(){
 782              		.loc 1 218 0
 783              		.cfi_startproc
 784              		@ args = 0, pretend = 0, frame = 408
 785              		@ frame_needed = 1, uses_anonymous_args = 0
 786 0000 B0B5     		push	{r4, r5, r7, lr}
 787              		.cfi_def_cfa_offset 16
 788              		.cfi_offset 4, -16
 789              		.cfi_offset 5, -12
 790              		.cfi_offset 7, -8
 791              		.cfi_offset 14, -4
 792 0002 E6B0     		sub	sp, sp, #408
 793              		.cfi_def_cfa_offset 424
 794 0004 00AF     		add	r7, sp, #0
 795              		.cfi_def_cfa_register 7
 796 0006 3B1D     		adds	r3, r7, #4
 797 0008 1860     		str	r0, [r3]
 219:modem.c       ****     
 220:modem.c       ****     test_t test; // test_t is a new data type we defined in test.h. We then use that data type to d
 221:modem.c       ****     test.status = 0;
 798              		.loc 1 221 0
 799 000a 07F10C03 		add	r3, r7, #12
 800 000e 0022     		movs	r2, #0
 801 0010 83F88020 		strb	r2, [r3, #128]
 222:modem.c       ****     // Print test name and test reason
 223:modem.c       ****     snprintf(test.test_name,sizeof(test.test_name),"TEST_MODEM");
ARM GAS  C:\Users\kland\AppData\Local\Temp\ccxBiICe.s 			page 20


 802              		.loc 1 223 0
 803 0014 07F10C03 		add	r3, r7, #12
 804 0018 364A     		ldr	r2, .L53
 805 001a 07CA     		ldmia	r2, {r0, r1, r2}
 806 001c 03C3     		stmia	r3!, {r0, r1}
 807 001e 1A80     		strh	r2, [r3]	@ movhi
 808 0020 0233     		adds	r3, r3, #2
 809 0022 120C     		lsrs	r2, r2, #16
 810 0024 1A70     		strb	r2, [r3]
 224:modem.c       ****     snprintf(test.reason,sizeof(test.reason),"No reponse from modem.");
 811              		.loc 1 224 0
 812 0026 07F10C03 		add	r3, r7, #12
 813 002a 8133     		adds	r3, r3, #129
 814 002c 324A     		ldr	r2, .L53+4
 815 002e 1C46     		mov	r4, r3
 816 0030 1546     		mov	r5, r2
 817 0032 0FCD     		ldmia	r5!, {r0, r1, r2, r3}
 818 0034 2060     		str	r0, [r4]	@ unaligned
 819 0036 6160     		str	r1, [r4, #4]	@ unaligned
 820 0038 A260     		str	r2, [r4, #8]	@ unaligned
 821 003a E360     		str	r3, [r4, #12]	@ unaligned
 822 003c 2868     		ldr	r0, [r5]	@ unaligned
 823 003e 2061     		str	r0, [r4, #16]	@ unaligned
 824 0040 AB88     		ldrh	r3, [r5, #4]	@ unaligned
 825 0042 AA79     		ldrb	r2, [r5, #6]
 826 0044 A382     		strh	r3, [r4, #20]	@ unaligned
 827 0046 1346     		mov	r3, r2
 828 0048 A375     		strb	r3, [r4, #22]
 829              	.LBB5:
 225:modem.c       ****    
 226:modem.c       ****     //try the modem 60*1000ms (60 secs)
 227:modem.c       ****     for(int i = 0; i< 60; i++){
 830              		.loc 1 227 0
 831 004a 0023     		movs	r3, #0
 832 004c C7F89431 		str	r3, [r7, #404]
 833 0050 3AE0     		b	.L46
 834              	.L51:
 228:modem.c       ****         // Function to startup the modem, connect to the network, and then hand it off to sleep.
 229:modem.c       ****         modem_process_tasks();
 835              		.loc 1 229 0
 836 0052 FFF7FEFF 		bl	modem_process_tasks
 230:modem.c       ****          
 231:modem.c       ****         if(modem_get_state() == MODEM_STATE_OFF){
 837              		.loc 1 231 0
 838 0056 FFF7FEFF 		bl	modem_get_state
 839 005a 0346     		mov	r3, r0
 840 005c 002B     		cmp	r3, #0
 841 005e 02D1     		bne	.L47
 232:modem.c       ****             // This puts all the modem points into a state that won't leak power
 233:modem.c       ****             modem_power_up();
 842              		.loc 1 233 0
 843 0060 FFF7FEFF 		bl	modem_power_up
 844 0064 27E0     		b	.L48
 845              	.L47:
 234:modem.c       ****             // Should put this on a max_try counter, so we don't just keep trying to connect over a
 235:modem.c       ****             
 236:modem.c       ****         }else if(modem_get_state() == MODEM_STATE_READY){
ARM GAS  C:\Users\kland\AppData\Local\Temp\ccxBiICe.s 			page 21


 846              		.loc 1 236 0
 847 0066 FFF7FEFF 		bl	modem_get_state
 848 006a 0346     		mov	r3, r0
 849 006c 042B     		cmp	r3, #4
 850 006e 22D1     		bne	.L48
 851              	.LBB6:
 237:modem.c       ****         
 238:modem.c       ****         
 239:modem.c       ****         // Get time, and if it looks good, set the RTC with it
 240:modem.c       ****         long network_time = modem_get_network_time();
 852              		.loc 1 240 0
 853 0070 FFF7FEFF 		bl	modem_get_network_time
 854 0074 C7F89001 		str	r0, [r7, #400]
 241:modem.c       ****         if(network_time != 0){
 855              		.loc 1 241 0
 856 0078 D7F89031 		ldr	r3, [r7, #400]
 857 007c 002B     		cmp	r3, #0
 858 007e 03D0     		beq	.L49
 242:modem.c       ****             setTime(network_time); // Set the system time 
 859              		.loc 1 242 0
 860 0080 D7F89001 		ldr	r0, [r7, #400]
 861 0084 FFF7FEFF 		bl	setTime
 862              	.L49:
 243:modem.c       ****         }
 244:modem.c       ****             
 245:modem.c       ****         snprintf(test.reason,sizeof(test.reason),"Modem connected to network.");
 863              		.loc 1 245 0
 864 0088 07F10C03 		add	r3, r7, #12
 865 008c 8133     		adds	r3, r3, #129
 866 008e 1B4A     		ldr	r2, .L53+8
 867 0090 1D46     		mov	r5, r3
 868 0092 1446     		mov	r4, r2
 869 0094 0FCC     		ldmia	r4!, {r0, r1, r2, r3}
 870 0096 2860     		str	r0, [r5]	@ unaligned
 871 0098 6960     		str	r1, [r5, #4]	@ unaligned
 872 009a AA60     		str	r2, [r5, #8]	@ unaligned
 873 009c EB60     		str	r3, [r5, #12]	@ unaligned
 874 009e 07CC     		ldmia	r4!, {r0, r1, r2}
 875 00a0 2861     		str	r0, [r5, #16]	@ unaligned
 876 00a2 6961     		str	r1, [r5, #20]	@ unaligned
 877 00a4 AA61     		str	r2, [r5, #24]	@ unaligned
 246:modem.c       ****         test.status = 1;
 878              		.loc 1 246 0
 879 00a6 07F10C03 		add	r3, r7, #12
 880 00aa 0122     		movs	r2, #1
 881 00ac 83F88020 		strb	r2, [r3, #128]
 247:modem.c       ****         // Power down the modem -- completely "kill" modem to conserve power.
 248:modem.c       ****         modem_power_down();
 882              		.loc 1 248 0
 883 00b0 FFF7FEFF 		bl	modem_power_down
 249:modem.c       ****         break;
 884              		.loc 1 249 0
 885 00b4 0CE0     		b	.L50
 886              	.L48:
 887              	.LBE6:
 250:modem.c       ****         
 251:modem.c       ****       }
ARM GAS  C:\Users\kland\AppData\Local\Temp\ccxBiICe.s 			page 22


 252:modem.c       ****         CyDelay(1000u);
 888              		.loc 1 252 0 discriminator 2
 889 00b6 4FF47A70 		mov	r0, #1000
 890 00ba FFF7FEFF 		bl	CyDelay
 227:modem.c       ****         // Function to startup the modem, connect to the network, and then hand it off to sleep.
 891              		.loc 1 227 0 discriminator 2
 892 00be D7F89431 		ldr	r3, [r7, #404]
 893 00c2 0133     		adds	r3, r3, #1
 894 00c4 C7F89431 		str	r3, [r7, #404]
 895              	.L46:
 227:modem.c       ****         // Function to startup the modem, connect to the network, and then hand it off to sleep.
 896              		.loc 1 227 0 is_stmt 0 discriminator 1
 897 00c8 D7F89431 		ldr	r3, [r7, #404]
 898 00cc 3B2B     		cmp	r3, #59
 899 00ce C0DD     		ble	.L51
 900              	.L50:
 901              	.LBE5:
 253:modem.c       ****         
 254:modem.c       ****     }
 255:modem.c       ****     
 256:modem.c       ****     return test;
 902              		.loc 1 256 0 is_stmt 1
 903 00d0 3B1D     		adds	r3, r7, #4
 904 00d2 1A68     		ldr	r2, [r3]
 905 00d4 07F10C03 		add	r3, r7, #12
 906 00d8 1046     		mov	r0, r2
 907 00da 1946     		mov	r1, r3
 908 00dc 40F28113 		movw	r3, #385
 909 00e0 1A46     		mov	r2, r3
 910 00e2 FFF7FEFF 		bl	memcpy
 257:modem.c       **** }
 911              		.loc 1 257 0
 912 00e6 3B1D     		adds	r3, r7, #4
 913 00e8 1868     		ldr	r0, [r3]
 914 00ea 07F5CC77 		add	r7, r7, #408
 915              		.cfi_def_cfa_offset 16
 916 00ee BD46     		mov	sp, r7
 917              		.cfi_def_cfa_register 13
 918              		@ sp needed
 919 00f0 B0BD     		pop	{r4, r5, r7, pc}
 920              	.L54:
 921 00f2 00BF     		.align	2
 922              	.L53:
 923 00f4 5C010000 		.word	.LC10
 924 00f8 68010000 		.word	.LC11
 925 00fc 80010000 		.word	.LC12
 926              		.cfi_endproc
 927              	.LFE73:
 928              		.size	modem_test, .-modem_test
 929              		.section	.text.extract_string,"ax",%progbits
 930              		.align	2
 931              		.global	extract_string
 932              		.thumb
 933              		.thumb_func
 934              		.type	extract_string, %function
 935              	extract_string:
 936              	.LFB74:
ARM GAS  C:\Users\kland\AppData\Local\Temp\ccxBiICe.s 			page 23


 258:modem.c       **** 
 259:modem.c       **** // Extract string from the UART
 260:modem.c       **** uint8 extract_string(char* from, const char* beginMarker, const char* endMarker,  char* target){
 937              		.loc 1 260 0
 938              		.cfi_startproc
 939              		@ args = 0, pretend = 0, frame = 24
 940              		@ frame_needed = 1, uses_anonymous_args = 0
 941 0000 80B5     		push	{r7, lr}
 942              		.cfi_def_cfa_offset 8
 943              		.cfi_offset 7, -8
 944              		.cfi_offset 14, -4
 945 0002 86B0     		sub	sp, sp, #24
 946              		.cfi_def_cfa_offset 32
 947 0004 00AF     		add	r7, sp, #0
 948              		.cfi_def_cfa_register 7
 949 0006 F860     		str	r0, [r7, #12]
 950 0008 B960     		str	r1, [r7, #8]
 951 000a 7A60     		str	r2, [r7, #4]
 952 000c 3B60     		str	r3, [r7]
 261:modem.c       ****     
 262:modem.c       ****         char *a, *b;
 263:modem.c       ****   
 264:modem.c       ****         // Expect the UART to contain something like "+CESQ: ##,##,##,##,##,##\r\n\r\nOK"
 265:modem.c       ****         // - Search for "+CESQ: ".  Place the starting pointer, a, at the resulting index
 266:modem.c       ****         a = strstr(from,beginMarker);
 953              		.loc 1 266 0
 954 000e B968     		ldr	r1, [r7, #8]
 955 0010 F868     		ldr	r0, [r7, #12]
 956 0012 FFF7FEFF 		bl	strstr
 957 0016 7861     		str	r0, [r7, #20]
 267:modem.c       ****         if (a == NULL) {
 958              		.loc 1 267 0
 959 0018 7B69     		ldr	r3, [r7, #20]
 960 001a 002B     		cmp	r3, #0
 961 001c 01D1     		bne	.L56
 268:modem.c       ****             //puts("+CESQ: not found in uart_received_string");
 269:modem.c       ****             a = from;
 962              		.loc 1 269 0
 963 001e FB68     		ldr	r3, [r7, #12]
 964 0020 7B61     		str	r3, [r7, #20]
 965              	.L56:
 270:modem.c       ****         }
 271:modem.c       ****         // The strlen() function calculates the length of a given string.
 272:modem.c       ****         a += strlen(beginMarker);
 966              		.loc 1 272 0
 967 0022 B868     		ldr	r0, [r7, #8]
 968 0024 FFF7FEFF 		bl	strlen
 969 0028 0246     		mov	r2, r0
 970 002a 7B69     		ldr	r3, [r7, #20]
 971 002c 1344     		add	r3, r3, r2
 972 002e 7B61     		str	r3, [r7, #20]
 273:modem.c       ****         
 274:modem.c       ****         // - Find the end marking and offset by 1
 275:modem.c       ****         // strstr(const char *haystack, const char *needle) function finds the first occurrence of 
 276:modem.c       ****         // Returns a pointer to the first occurrence in haystack of any of the entire sequence of c
 277:modem.c       ****         b = strstr(a,endMarker);
 973              		.loc 1 277 0
ARM GAS  C:\Users\kland\AppData\Local\Temp\ccxBiICe.s 			page 24


 974 0030 7968     		ldr	r1, [r7, #4]
 975 0032 7869     		ldr	r0, [r7, #20]
 976 0034 FFF7FEFF 		bl	strstr
 977 0038 3861     		str	r0, [r7, #16]
 278:modem.c       ****         if (b == NULL) {
 978              		.loc 1 278 0
 979 003a 3B69     		ldr	r3, [r7, #16]
 980 003c 002B     		cmp	r3, #0
 981 003e 06D1     		bne	.L57
 279:modem.c       ****             // Puts("Comma not found in uart_received_string");
 280:modem.c       ****             b=from+strlen(from);
 982              		.loc 1 280 0
 983 0040 F868     		ldr	r0, [r7, #12]
 984 0042 FFF7FEFF 		bl	strlen
 985 0046 0246     		mov	r2, r0
 986 0048 FB68     		ldr	r3, [r7, #12]
 987 004a 1344     		add	r3, r3, r2
 988 004c 3B61     		str	r3, [r7, #16]
 989              	.L57:
 281:modem.c       ****         }        
 282:modem.c       ****         
 283:modem.c       ****         // Parse the strings and store the respective rssi and fer values
 284:modem.c       ****         strncpy(target,a,b-a);
 990              		.loc 1 284 0
 991 004e 3A69     		ldr	r2, [r7, #16]
 992 0050 7B69     		ldr	r3, [r7, #20]
 993 0052 D31A     		subs	r3, r2, r3
 994 0054 1A46     		mov	r2, r3
 995 0056 7969     		ldr	r1, [r7, #20]
 996 0058 3868     		ldr	r0, [r7]
 997 005a FFF7FEFF 		bl	strncpy
 285:modem.c       ****         target[b-a] = '\0';
 998              		.loc 1 285 0
 999 005e 3A69     		ldr	r2, [r7, #16]
 1000 0060 7B69     		ldr	r3, [r7, #20]
 1001 0062 D31A     		subs	r3, r2, r3
 1002 0064 1A46     		mov	r2, r3
 1003 0066 3B68     		ldr	r3, [r7]
 1004 0068 1344     		add	r3, r3, r2
 1005 006a 0022     		movs	r2, #0
 1006 006c 1A70     		strb	r2, [r3]
 286:modem.c       ****         return 1u;
 1007              		.loc 1 286 0
 1008 006e 0123     		movs	r3, #1
 287:modem.c       ****         
 288:modem.c       **** }
 1009              		.loc 1 288 0
 1010 0070 1846     		mov	r0, r3
 1011 0072 1837     		adds	r7, r7, #24
 1012              		.cfi_def_cfa_offset 8
 1013 0074 BD46     		mov	sp, r7
 1014              		.cfi_def_cfa_register 13
 1015              		@ sp needed
 1016 0076 80BD     		pop	{r7, pc}
 1017              		.cfi_endproc
 1018              	.LFE74:
 1019              		.size	extract_string, .-extract_string
ARM GAS  C:\Users\kland\AppData\Local\Temp\ccxBiICe.s 			page 25


 1020              		.section	.rodata
 1021              		.align	2
 1022              	.LC13:
 1023 019c 54696D65 		.ascii	"Time to connect to network: %d seconds\000"
 1023      20746F20 
 1023      636F6E6E 
 1023      65637420 
 1023      746F206E 
 1024 01c3 00       		.align	2
 1025              	.LC14:
 1026 01c4 4D6F6465 		.ascii	"Modem timed out on network connect\000"
 1026      6D207469 
 1026      6D656420 
 1026      6F757420 
 1026      6F6E206E 
 1027 01e7 00       		.align	2
 1028              	.LC15:
 1029 01e8 41637175 		.ascii	"Acquired IP address: %d seconds\000"
 1029      69726564 
 1029      20495020 
 1029      61646472 
 1029      6573733A 
 1030              		.align	2
 1031              	.LC16:
 1032 0208 4D6F6465 		.ascii	"Modem timed out on IP address acquire.\000"
 1032      6D207469 
 1032      6D656420 
 1032      6F757420 
 1032      6F6E2049 
 1033              		.section	.text.modem_process_tasks,"ax",%progbits
 1034              		.align	2
 1035              		.global	modem_process_tasks
 1036              		.thumb
 1037              		.thumb_func
 1038              		.type	modem_process_tasks, %function
 1039              	modem_process_tasks:
 1040              	.LFB75:
 289:modem.c       **** 
 290:modem.c       **** // Function to startup the modem, connect to the network, and then hand it off to sleep
 291:modem.c       **** uint8 modem_process_tasks(){
 1041              		.loc 1 291 0
 1042              		.cfi_startproc
 1043              		@ args = 0, pretend = 0, frame = 8
 1044              		@ frame_needed = 1, uses_anonymous_args = 0
 1045 0000 80B5     		push	{r7, lr}
 1046              		.cfi_def_cfa_offset 8
 1047              		.cfi_offset 7, -8
 1048              		.cfi_offset 14, -4
 1049 0002 82B0     		sub	sp, sp, #8
 1050              		.cfi_def_cfa_offset 16
 1051 0004 00AF     		add	r7, sp, #0
 1052              		.cfi_def_cfa_register 7
 292:modem.c       ****     // If modem state is "startup" then get the modem start time, configure modem settings, and cha
 293:modem.c       ****     if(modem_state == MODEM_STATE_STARTUP){
 1053              		.loc 1 293 0
 1054 0006 534B     		ldr	r3, .L75
 1055 0008 1B78     		ldrb	r3, [r3]	@ zero_extendqisi2
ARM GAS  C:\Users\kland\AppData\Local\Temp\ccxBiICe.s 			page 26


 1056 000a 012B     		cmp	r3, #1
 1057 000c 0BD1     		bne	.L60
 294:modem.c       ****         
 295:modem.c       ****         modem_start_time_stamp = getTimeStamp(); // Get timestamp for modem start time
 1058              		.loc 1 295 0
 1059 000e FFF7FEFF 		bl	getTimeStamp
 1060 0012 0246     		mov	r2, r0
 1061 0014 504B     		ldr	r3, .L75+4
 1062 0016 1A60     		str	r2, [r3]
 296:modem.c       ****         modem_configure_settings(); // Configure modem settings
 1063              		.loc 1 296 0
 1064 0018 FFF7FEFF 		bl	modem_configure_settings
 297:modem.c       ****         modem_state = MODEM_STATE_WAITING_FOR_NETWORK; // Change modem state 
 1065              		.loc 1 297 0
 1066 001c 4D4B     		ldr	r3, .L75
 1067 001e 0222     		movs	r2, #2
 1068 0020 1A70     		strb	r2, [r3]
 298:modem.c       ****         return 1u; // Keep going, don't hand off to sleep yet
 1069              		.loc 1 298 0
 1070 0022 0123     		movs	r3, #1
 1071 0024 92E0     		b	.L61
 1072              	.L60:
 299:modem.c       ****         
 300:modem.c       ****     }
 301:modem.c       ****     // Else if modem state is "waiting for network" 
 302:modem.c       ****     else if(modem_state == MODEM_STATE_WAITING_FOR_NETWORK){
 1073              		.loc 1 302 0
 1074 0026 4B4B     		ldr	r3, .L75
 1075 0028 1B78     		ldrb	r3, [r3]	@ zero_extendqisi2
 1076 002a 022B     		cmp	r3, #2
 1077 002c 5FD1     		bne	.L62
 1078              	.LBB7:
 303:modem.c       ****         
 304:modem.c       ****         // Check if modem has a good cell signal each second for up to 30 seconds
 305:modem.c       ****         for(uint8 i=0;i<30;i++){
 1079              		.loc 1 305 0
 1080 002e 0023     		movs	r3, #0
 1081 0030 FB71     		strb	r3, [r7, #7]
 1082 0032 2BE0     		b	.L63
 1083              	.L68:
 306:modem.c       ****             // Get cell network stats
 307:modem.c       ****             get_cell_network_stats();
 1084              		.loc 1 307 0
 1085 0034 FFF7FEFF 		bl	get_cell_network_stats
 308:modem.c       ****             // If SIM is standard, check rsrp
 309:modem.c       ****             if(updatable_parameters.sim_type == SIM_TYPE_STANDARD){
 1086              		.loc 1 309 0
 1087 0038 484B     		ldr	r3, .L75+8
 1088 003a 5B78     		ldrb	r3, [r3, #1]	@ zero_extendqisi2
 1089 003c 83F00103 		eor	r3, r3, #1
 1090 0040 DBB2     		uxtb	r3, r3
 1091 0042 002B     		cmp	r3, #0
 1092 0044 07D0     		beq	.L64
 310:modem.c       ****                 // If cell signal (rsrp) is strong enough, break and connect to the network
 311:modem.c       ****                 // Otherwise, keep checking rsrp
 312:modem.c       ****                 if(modem_stats.rsrp > 26 && modem_stats.rsrp != 255){
 1093              		.loc 1 312 0
ARM GAS  C:\Users\kland\AppData\Local\Temp\ccxBiICe.s 			page 27


 1094 0046 464B     		ldr	r3, .L75+12
 1095 0048 5B69     		ldr	r3, [r3, #20]
 1096 004a 1A2B     		cmp	r3, #26
 1097 004c 03DD     		ble	.L64
 1098              		.loc 1 312 0 is_stmt 0 discriminator 1
 1099 004e 444B     		ldr	r3, .L75+12
 1100 0050 5B69     		ldr	r3, [r3, #20]
 1101 0052 FF2B     		cmp	r3, #255
 1102 0054 1ED1     		bne	.L74
 1103              	.L64:
 313:modem.c       ****                     break;
 314:modem.c       ****                 }
 315:modem.c       ****             }
 316:modem.c       ****             // If SIM is super, check if rsrp or rscp are strong enough
 317:modem.c       ****             if(updatable_parameters.sim_type == SIM_TYPE_SUPER){
 1104              		.loc 1 317 0 is_stmt 1
 1105 0056 414B     		ldr	r3, .L75+8
 1106 0058 5B78     		ldrb	r3, [r3, #1]	@ zero_extendqisi2
 1107 005a 002B     		cmp	r3, #0
 1108 005c 0FD0     		beq	.L66
 318:modem.c       ****                 // If cell signal is strong enough, break and connect to the network
 319:modem.c       ****                 // Otherwise, keep checking rsrp or rscp
 320:modem.c       ****                 if((modem_stats.rscp > 36 && modem_stats.rscp != 255)||(modem_stats.rsrp > 26 && mo
 1109              		.loc 1 320 0
 1110 005e 404B     		ldr	r3, .L75+12
 1111 0060 9B68     		ldr	r3, [r3, #8]
 1112 0062 242B     		cmp	r3, #36
 1113 0064 03DD     		ble	.L67
 1114              		.loc 1 320 0 is_stmt 0 discriminator 1
 1115 0066 3E4B     		ldr	r3, .L75+12
 1116 0068 9B68     		ldr	r3, [r3, #8]
 1117 006a FF2B     		cmp	r3, #255
 1118 006c 13D1     		bne	.L65
 1119              	.L67:
 1120              		.loc 1 320 0 discriminator 3
 1121 006e 3C4B     		ldr	r3, .L75+12
 1122 0070 5B69     		ldr	r3, [r3, #20]
 1123 0072 1A2B     		cmp	r3, #26
 1124 0074 03DD     		ble	.L66
 1125              		.loc 1 320 0 discriminator 4
 1126 0076 3A4B     		ldr	r3, .L75+12
 1127 0078 5B69     		ldr	r3, [r3, #20]
 1128 007a FF2B     		cmp	r3, #255
 1129 007c 0BD1     		bne	.L65
 1130              	.L66:
 321:modem.c       ****                     break;
 322:modem.c       ****                 }
 323:modem.c       ****             }
 324:modem.c       ****             // Delay for 1 second
 325:modem.c       ****             CyDelay(1000u);
 1131              		.loc 1 325 0 is_stmt 1 discriminator 2
 1132 007e 4FF47A70 		mov	r0, #1000
 1133 0082 FFF7FEFF 		bl	CyDelay
 305:modem.c       ****             // Get cell network stats
 1134              		.loc 1 305 0 discriminator 2
 1135 0086 FB79     		ldrb	r3, [r7, #7]	@ zero_extendqisi2
 1136 0088 0133     		adds	r3, r3, #1
ARM GAS  C:\Users\kland\AppData\Local\Temp\ccxBiICe.s 			page 28


 1137 008a FB71     		strb	r3, [r7, #7]
 1138              	.L63:
 305:modem.c       ****             // Get cell network stats
 1139              		.loc 1 305 0 is_stmt 0 discriminator 1
 1140 008c FB79     		ldrb	r3, [r7, #7]	@ zero_extendqisi2
 1141 008e 1D2B     		cmp	r3, #29
 1142 0090 D0D9     		bls	.L68
 1143 0092 00E0     		b	.L65
 1144              	.L74:
 313:modem.c       ****                 }
 1145              		.loc 1 313 0 is_stmt 1
 1146 0094 00BF     		nop
 1147              	.L65:
 1148              	.LBE7:
 326:modem.c       ****         }
 327:modem.c       ****         
 328:modem.c       ****         // If modem connected to the cell network, save/print the time to connect to the network
 329:modem.c       ****         if(is_connected_to_cell_network()){
 1149              		.loc 1 329 0
 1150 0096 FFF7FEFF 		bl	is_connected_to_cell_network
 1151 009a 0346     		mov	r3, r0
 1152 009c 002B     		cmp	r3, #0
 1153 009e 13D0     		beq	.L69
 330:modem.c       ****       
 331:modem.c       ****              modem_stats.time_to_network_connect = (int)(getTimeStamp() - (int32)modem_start_time_s
 1154              		.loc 1 331 0
 1155 00a0 FFF7FEFF 		bl	getTimeStamp
 1156 00a4 0246     		mov	r2, r0
 1157 00a6 2C4B     		ldr	r3, .L75+4
 1158 00a8 1B68     		ldr	r3, [r3]
 1159 00aa D31A     		subs	r3, r2, r3
 1160 00ac 2C4A     		ldr	r2, .L75+12
 1161 00ae 9361     		str	r3, [r2, #24]
 332:modem.c       ****              printNotif(NOTIF_TYPE_EVENT,"Time to connect to network: %d seconds",
 1162              		.loc 1 332 0
 1163 00b0 2B4B     		ldr	r3, .L75+12
 1164 00b2 9B69     		ldr	r3, [r3, #24]
 1165 00b4 1A46     		mov	r2, r3
 1166 00b6 2B49     		ldr	r1, .L75+16
 1167 00b8 0020     		movs	r0, #0
 1168 00ba FFF7FEFF 		bl	printNotif
 333:modem.c       ****                                             modem_stats.time_to_network_connect);
 334:modem.c       ****             set_up_internet_connection(); // Setup the internet connection
 1169              		.loc 1 334 0
 1170 00be FFF7FEFF 		bl	set_up_internet_connection
 335:modem.c       ****             modem_state = MODEM_STATE_WAITING_FOR_IP; // Change modem state 
 1171              		.loc 1 335 0
 1172 00c2 244B     		ldr	r3, .L75
 1173 00c4 0322     		movs	r2, #3
 1174 00c6 1A70     		strb	r2, [r3]
 1175              	.L69:
 336:modem.c       ****         }
 337:modem.c       ****         
 338:modem.c       ****         //power off if we time out should only take ~30 secs to connect to network
 339:modem.c       ****         if((int)(getTimeStamp()-(int32)modem_start_time_stamp) > TIMEOUT_NETWORK_CONNECT){
 1176              		.loc 1 339 0
 1177 00c8 FFF7FEFF 		bl	getTimeStamp
ARM GAS  C:\Users\kland\AppData\Local\Temp\ccxBiICe.s 			page 29


 1178 00cc 0246     		mov	r2, r0
 1179 00ce 224B     		ldr	r3, .L75+4
 1180 00d0 1B68     		ldr	r3, [r3]
 1181 00d2 D31A     		subs	r3, r2, r3
 1182 00d4 B42B     		cmp	r3, #180
 1183 00d6 08DD     		ble	.L70
 340:modem.c       ****             modem_state = MODEM_STATE_OFF; // Change modem state
 1184              		.loc 1 340 0
 1185 00d8 1E4B     		ldr	r3, .L75
 1186 00da 0022     		movs	r2, #0
 1187 00dc 1A70     		strb	r2, [r3]
 341:modem.c       ****             modem_power_down(); // Power down the modem -- completely "kill" modem to conserve powe
 1188              		.loc 1 341 0
 1189 00de FFF7FEFF 		bl	modem_power_down
 342:modem.c       ****             printNotif(NOTIF_TYPE_ERROR,"Modem timed out on network connect");
 1190              		.loc 1 342 0
 1191 00e2 2149     		ldr	r1, .L75+20
 1192 00e4 0220     		movs	r0, #2
 1193 00e6 FFF7FEFF 		bl	printNotif
 1194              	.L70:
 343:modem.c       ****             
 344:modem.c       ****         }
 345:modem.c       ****         return 0u;//ok to hand off to sleep
 1195              		.loc 1 345 0
 1196 00ea 0023     		movs	r3, #0
 1197 00ec 2EE0     		b	.L61
 1198              	.L62:
 346:modem.c       ****         
 347:modem.c       ****     // Else if modem state is "waiting for IP"
 348:modem.c       ****     }else if(modem_state == MODEM_STATE_WAITING_FOR_IP){
 1199              		.loc 1 348 0
 1200 00ee 194B     		ldr	r3, .L75
 1201 00f0 1B78     		ldrb	r3, [r3]	@ zero_extendqisi2
 1202 00f2 032B     		cmp	r3, #3
 1203 00f4 29D1     		bne	.L71
 349:modem.c       ****         // If the modem is connected to the internet, change modem state to "ready", save/print tim
 350:modem.c       ****         if(is_connected_to_internet()){
 1204              		.loc 1 350 0
 1205 00f6 FFF7FEFF 		bl	is_connected_to_internet
 1206 00fa 0346     		mov	r3, r0
 1207 00fc 002B     		cmp	r3, #0
 1208 00fe 11D0     		beq	.L72
 351:modem.c       ****             modem_state = MODEM_STATE_READY; // Change modem state
 1209              		.loc 1 351 0
 1210 0100 144B     		ldr	r3, .L75
 1211 0102 0422     		movs	r2, #4
 1212 0104 1A70     		strb	r2, [r3]
 352:modem.c       ****             // Save/print time to acquire IP address
 353:modem.c       ****             modem_stats.time_to_acquire_ip = (int)(getTimeStamp() - (int32)modem_start_time_stamp);
 1213              		.loc 1 353 0
 1214 0106 FFF7FEFF 		bl	getTimeStamp
 1215 010a 0246     		mov	r2, r0
 1216 010c 124B     		ldr	r3, .L75+4
 1217 010e 1B68     		ldr	r3, [r3]
 1218 0110 D31A     		subs	r3, r2, r3
 1219 0112 134A     		ldr	r2, .L75+12
 1220 0114 D361     		str	r3, [r2, #28]
ARM GAS  C:\Users\kland\AppData\Local\Temp\ccxBiICe.s 			page 30


 354:modem.c       ****              printNotif(NOTIF_TYPE_EVENT,"Acquired IP address: %d seconds",
 1221              		.loc 1 354 0
 1222 0116 124B     		ldr	r3, .L75+12
 1223 0118 DB69     		ldr	r3, [r3, #28]
 1224 011a 1A46     		mov	r2, r3
 1225 011c 1349     		ldr	r1, .L75+24
 1226 011e 0020     		movs	r0, #0
 1227 0120 FFF7FEFF 		bl	printNotif
 1228              	.L72:
 355:modem.c       ****                                             modem_stats.time_to_acquire_ip);
 356:modem.c       ****         }
 357:modem.c       ****         
 358:modem.c       ****         // Power off if we times out should only take ~30 secs to connect to network
 359:modem.c       ****         if((int)(getTimeStamp()-(int32)modem_start_time_stamp) > TIMEOUT_IP_ACQUIRE){
 1229              		.loc 1 359 0
 1230 0124 FFF7FEFF 		bl	getTimeStamp
 1231 0128 0246     		mov	r2, r0
 1232 012a 0B4B     		ldr	r3, .L75+4
 1233 012c 1B68     		ldr	r3, [r3]
 1234 012e D31A     		subs	r3, r2, r3
 1235 0130 E62B     		cmp	r3, #230
 1236 0132 08DD     		ble	.L73
 360:modem.c       ****             modem_state = MODEM_STATE_OFF;
 1237              		.loc 1 360 0
 1238 0134 074B     		ldr	r3, .L75
 1239 0136 0022     		movs	r2, #0
 1240 0138 1A70     		strb	r2, [r3]
 361:modem.c       ****             modem_power_down(); // Power down the modem -- completely "kill" modem to conserve powe
 1241              		.loc 1 361 0
 1242 013a FFF7FEFF 		bl	modem_power_down
 362:modem.c       ****             printNotif(NOTIF_TYPE_ERROR,"Modem timed out on IP address acquire.");
 1243              		.loc 1 362 0
 1244 013e 0C49     		ldr	r1, .L75+28
 1245 0140 0220     		movs	r0, #2
 1246 0142 FFF7FEFF 		bl	printNotif
 1247              	.L73:
 363:modem.c       ****       
 364:modem.c       ****         }
 365:modem.c       ****         return 0u;//ok to hand off to sleep
 1248              		.loc 1 365 0
 1249 0146 0023     		movs	r3, #0
 1250 0148 00E0     		b	.L61
 1251              	.L71:
 366:modem.c       ****     }
 367:modem.c       ****     
 368:modem.c       ****     return 0u;
 1252              		.loc 1 368 0
 1253 014a 0023     		movs	r3, #0
 1254              	.L61:
 369:modem.c       ****     
 370:modem.c       **** }
 1255              		.loc 1 370 0
 1256 014c 1846     		mov	r0, r3
 1257 014e 0837     		adds	r7, r7, #8
 1258              		.cfi_def_cfa_offset 8
 1259 0150 BD46     		mov	sp, r7
 1260              		.cfi_def_cfa_register 13
ARM GAS  C:\Users\kland\AppData\Local\Temp\ccxBiICe.s 			page 31


 1261              		@ sp needed
 1262 0152 80BD     		pop	{r7, pc}
 1263              	.L76:
 1264              		.align	2
 1265              	.L75:
 1266 0154 00000000 		.word	modem_state
 1267 0158 00000000 		.word	modem_start_time_stamp
 1268 015c 00000000 		.word	updatable_parameters
 1269 0160 00000000 		.word	modem_stats
 1270 0164 9C010000 		.word	.LC13
 1271 0168 C4010000 		.word	.LC14
 1272 016c E8010000 		.word	.LC15
 1273 0170 08020000 		.word	.LC16
 1274              		.cfi_endproc
 1275              	.LFE75:
 1276              		.size	modem_process_tasks, .-modem_process_tasks
 1277              		.section	.rodata
 1278 022f 00       		.align	2
 1279              	.LC17:
 1280 0230 43686563 		.ascii	"Checking AT+CREG?\000"
 1280      6B696E67 
 1280      2041542B 
 1280      43524547 
 1280      3F00
 1281 0242 0000     		.align	2
 1282              	.LC18:
 1283 0244 41542B43 		.ascii	"AT+CREG?\015\000"
 1283      5245473F 
 1283      0D00
 1284 024e 0000     		.align	2
 1285              	.LC19:
 1286 0250 45787472 		.ascii	"Extracting string AT+CREG?\000"
 1286      61637469 
 1286      6E672073 
 1286      7472696E 
 1286      67204154 
 1287 026b 00       		.align	2
 1288              	.LC20:
 1289 026c 75617274 		.ascii	"uart_received_string: %s\000"
 1289      5F726563 
 1289      65697665 
 1289      645F7374 
 1289      72696E67 
 1290 0285 000000   		.align	2
 1291              	.LC21:
 1292 0288 0D00     		.ascii	"\015\000"
 1293 028a 0000     		.align	2
 1294              	.LC22:
 1295 028c 3A2000   		.ascii	": \000"
 1296 028f 00       		.align	2
 1297              	.LC23:
 1298 0290 52656769 		.ascii	"Registered to network, CREG: %s\000"
 1298      73746572 
 1298      65642074 
 1298      6F206E65 
 1298      74776F72 
 1299              		.align	2
ARM GAS  C:\Users\kland\AppData\Local\Temp\ccxBiICe.s 			page 32


 1300              	.LC24:
 1301 02b0 446F6E65 		.ascii	"Done extracing string AT+CREG?\000"
 1301      20657874 
 1301      72616369 
 1301      6E672073 
 1301      7472696E 
 1302 02cf 00       		.align	2
 1303              	.LC25:
 1304 02d0 302C3100 		.ascii	"0,1\000"
 1305              		.align	2
 1306              	.LC26:
 1307 02d4 302C3500 		.ascii	"0,5\000"
 1308              		.section	.text.is_connected_to_cell_network,"ax",%progbits
 1309              		.align	2
 1310              		.global	is_connected_to_cell_network
 1311              		.thumb
 1312              		.thumb_func
 1313              		.type	is_connected_to_cell_network, %function
 1314              	is_connected_to_cell_network:
 1315              	.LFB76:
 371:modem.c       **** 
 372:modem.c       **** // Checks network status, writes commands to the modem, then extracts string from UART
 373:modem.c       **** uint8 is_connected_to_cell_network(){
 1316              		.loc 1 373 0
 1317              		.cfi_startproc
 1318              		@ args = 0, pretend = 0, frame = 16
 1319              		@ frame_needed = 1, uses_anonymous_args = 0
 1320 0000 80B5     		push	{r7, lr}
 1321              		.cfi_def_cfa_offset 8
 1322              		.cfi_offset 7, -8
 1323              		.cfi_offset 14, -4
 1324 0002 84B0     		sub	sp, sp, #16
 1325              		.cfi_def_cfa_offset 24
 1326 0004 00AF     		add	r7, sp, #0
 1327              		.cfi_def_cfa_register 7
 374:modem.c       ****     // AT command AT+CREG? is the Network Registration Report to check network status -- need '0,0'
 375:modem.c       ****     printNotif(NOTIF_TYPE_EVENT,"Checking AT+CREG?");
 1328              		.loc 1 375 0
 1329 0006 2049     		ldr	r1, .L82
 1330 0008 0020     		movs	r0, #0
 1331 000a FFF7FEFF 		bl	printNotif
 376:modem.c       ****     // create new uint8 variable stust and set to equal the output of the function at_write_command
 377:modem.c       ****     uint8 status = at_write_command("AT+CREG?\r", "OK",DEFAULT_AT_TIMEOUT);
 1332              		.loc 1 377 0
 1333 000e 4FF4FA62 		mov	r2, #2000
 1334 0012 1E49     		ldr	r1, .L82+4
 1335 0014 1E48     		ldr	r0, .L82+8
 1336 0016 FFF7FEFF 		bl	at_write_command
 1337 001a 0346     		mov	r3, r0
 1338 001c FB73     		strb	r3, [r7, #15]
 378:modem.c       ****     
 379:modem.c       ****     printNotif(NOTIF_TYPE_EVENT,"Extracting string AT+CREG?");
 1339              		.loc 1 379 0
 1340 001e 1D49     		ldr	r1, .L82+12
 1341 0020 0020     		movs	r0, #0
 1342 0022 FFF7FEFF 		bl	printNotif
 380:modem.c       ****     printNotif(NOTIF_TYPE_EVENT,"uart_received_string: %s",uart_received_string);
ARM GAS  C:\Users\kland\AppData\Local\Temp\ccxBiICe.s 			page 33


 1343              		.loc 1 380 0
 1344 0026 1C4A     		ldr	r2, .L82+16
 1345 0028 1C49     		ldr	r1, .L82+20
 1346 002a 0020     		movs	r0, #0
 1347 002c FFF7FEFF 		bl	printNotif
 381:modem.c       ****     
 382:modem.c       ****     // If the modem has a status
 383:modem.c       ****     if(status){
 1348              		.loc 1 383 0
 1349 0030 FB7B     		ldrb	r3, [r7, #15]	@ zero_extendqisi2
 1350 0032 002B     		cmp	r3, #0
 1351 0034 23D0     		beq	.L78
 1352              	.LBB8:
 384:modem.c       ****         // Create a character array of length 10 called creg
 385:modem.c       ****         char creg[10];
 386:modem.c       ****         creg[0] = '\0';
 1353              		.loc 1 386 0
 1354 0036 0023     		movs	r3, #0
 1355 0038 3B71     		strb	r3, [r7, #4]
 387:modem.c       ****         // Extract string from the UART
 388:modem.c       ****         extract_string(uart_received_string,": ","\r",creg);
 1356              		.loc 1 388 0
 1357 003a 3B1D     		adds	r3, r7, #4
 1358 003c 184A     		ldr	r2, .L82+24
 1359 003e 1949     		ldr	r1, .L82+28
 1360 0040 1548     		ldr	r0, .L82+16
 1361 0042 FFF7FEFF 		bl	extract_string
 389:modem.c       ****         printNotif(NOTIF_TYPE_EVENT,"Registered to network, CREG: %s",creg);
 1362              		.loc 1 389 0
 1363 0046 3B1D     		adds	r3, r7, #4
 1364 0048 1A46     		mov	r2, r3
 1365 004a 1749     		ldr	r1, .L82+32
 1366 004c 0020     		movs	r0, #0
 1367 004e FFF7FEFF 		bl	printNotif
 390:modem.c       ****         printNotif(NOTIF_TYPE_EVENT,"Done extracing string AT+CREG?");
 1368              		.loc 1 390 0
 1369 0052 1649     		ldr	r1, .L82+36
 1370 0054 0020     		movs	r0, #0
 1371 0056 FFF7FEFF 		bl	printNotif
 391:modem.c       ****     
 392:modem.c       ****         // Search creg for "0,1" or "0,5", if either exists and either is not equal to NULL, return
 393:modem.c       ****         if((strstr(creg,"0,1")!=NULL)||(strstr(creg,"0,5")!=NULL)){
 1372              		.loc 1 393 0
 1373 005a 3B1D     		adds	r3, r7, #4
 1374 005c 1449     		ldr	r1, .L82+40
 1375 005e 1846     		mov	r0, r3
 1376 0060 FFF7FEFF 		bl	strstr
 1377 0064 0346     		mov	r3, r0
 1378 0066 002B     		cmp	r3, #0
 1379 0068 07D1     		bne	.L79
 1380              		.loc 1 393 0 is_stmt 0 discriminator 1
 1381 006a 3B1D     		adds	r3, r7, #4
 1382 006c 1149     		ldr	r1, .L82+44
 1383 006e 1846     		mov	r0, r3
 1384 0070 FFF7FEFF 		bl	strstr
 1385 0074 0346     		mov	r3, r0
 1386 0076 002B     		cmp	r3, #0
ARM GAS  C:\Users\kland\AppData\Local\Temp\ccxBiICe.s 			page 34


 1387 0078 01D0     		beq	.L78
 1388              	.L79:
 394:modem.c       ****             return 1u;
 1389              		.loc 1 394 0 is_stmt 1
 1390 007a 0123     		movs	r3, #1
 1391 007c 00E0     		b	.L81
 1392              	.L78:
 1393              	.LBE8:
 395:modem.c       ****         }
 396:modem.c       ****     }
 397:modem.c       ****     // If the modem doesn't have a status, return 0u
 398:modem.c       ****     return 0u;
 1394              		.loc 1 398 0
 1395 007e 0023     		movs	r3, #0
 1396              	.L81:
 399:modem.c       ****         
 400:modem.c       **** }
 1397              		.loc 1 400 0
 1398 0080 1846     		mov	r0, r3
 1399 0082 1037     		adds	r7, r7, #16
 1400              		.cfi_def_cfa_offset 8
 1401 0084 BD46     		mov	sp, r7
 1402              		.cfi_def_cfa_register 13
 1403              		@ sp needed
 1404 0086 80BD     		pop	{r7, pc}
 1405              	.L83:
 1406              		.align	2
 1407              	.L82:
 1408 0088 30020000 		.word	.LC17
 1409 008c 00000000 		.word	.LC0
 1410 0090 44020000 		.word	.LC18
 1411 0094 50020000 		.word	.LC19
 1412 0098 00000000 		.word	uart_received_string
 1413 009c 6C020000 		.word	.LC20
 1414 00a0 88020000 		.word	.LC21
 1415 00a4 8C020000 		.word	.LC22
 1416 00a8 90020000 		.word	.LC23
 1417 00ac B0020000 		.word	.LC24
 1418 00b0 D0020000 		.word	.LC25
 1419 00b4 D4020000 		.word	.LC26
 1420              		.cfi_endproc
 1421              	.LFE76:
 1422              		.size	is_connected_to_cell_network, .-is_connected_to_cell_network
 1423              		.section	.rodata
 1424              		.align	2
 1425              	.LC27:
 1426 02d8 41542353 		.ascii	"AT#SGACT=1,1\015\012\000"
 1426      47414354 
 1426      3D312C31 
 1426      0D0A00
 1427              		.section	.text.set_up_internet_connection,"ax",%progbits
 1428              		.align	2
 1429              		.global	set_up_internet_connection
 1430              		.thumb
 1431              		.thumb_func
 1432              		.type	set_up_internet_connection, %function
 1433              	set_up_internet_connection:
ARM GAS  C:\Users\kland\AppData\Local\Temp\ccxBiICe.s 			page 35


 1434              	.LFB77:
 401:modem.c       **** 
 402:modem.c       **** // Connect the modem to the internet
 403:modem.c       **** void set_up_internet_connection(){
 1435              		.loc 1 403 0
 1436              		.cfi_startproc
 1437              		@ args = 0, pretend = 0, frame = 0
 1438              		@ frame_needed = 1, uses_anonymous_args = 0
 1439 0000 80B5     		push	{r7, lr}
 1440              		.cfi_def_cfa_offset 8
 1441              		.cfi_offset 7, -8
 1442              		.cfi_offset 14, -4
 1443 0002 00AF     		add	r7, sp, #0
 1444              		.cfi_def_cfa_register 7
 404:modem.c       ****     
 405:modem.c       ****     //port 3
 406:modem.c       ****    //<connId>,<srMode>,<dataMode>, 
 407:modem.c       ****     //at_write_command("AT#SCFGEXT=1,1,0,0,0,0\r", "OK",DEFAULT_AT_TIMEOUT);////LTE modem relevant
 408:modem.c       ****     
 409:modem.c       ****     //<connId>,<cid>,<pktSz>,<maxTo>,<connTo>,<txTo>
 410:modem.c       ****     //at_write_command("AT#SCFG=1,3,300,90,600,50\r", "OK",DEFAULT_AT_TIMEOUT); //LTE modem relevan
 411:modem.c       ****     // <cid>,<stat>
 412:modem.c       ****    
 413:modem.c       ****     // AT command SGACT is Context Activation command is used to activate the specified PDP context
 414:modem.c       ****     at_write_command("AT#SGACT=1,1\r\n", "OK",1000u);
 1445              		.loc 1 414 0
 1446 0004 4FF47A72 		mov	r2, #1000
 1447 0008 0249     		ldr	r1, .L85
 1448 000a 0348     		ldr	r0, .L85+4
 1449 000c FFF7FEFF 		bl	at_write_command
 415:modem.c       ****     
 416:modem.c       **** }
 1450              		.loc 1 416 0
 1451 0010 00BF     		nop
 1452 0012 80BD     		pop	{r7, pc}
 1453              	.L86:
 1454              		.align	2
 1455              	.L85:
 1456 0014 00000000 		.word	.LC0
 1457 0018 D8020000 		.word	.LC27
 1458              		.cfi_endproc
 1459              	.LFE77:
 1460              		.size	set_up_internet_connection, .-set_up_internet_connection
 1461              		.section	.rodata
 1462 02e7 00       		.align	2
 1463              	.LC28:
 1464 02e8 312C3100 		.ascii	"1,1\000"
 1465              		.align	2
 1466              	.LC29:
 1467 02ec 41542353 		.ascii	"AT#SGACT?\015\000"
 1467      47414354 
 1467      3F0D00
 1468              		.section	.text.is_connected_to_internet,"ax",%progbits
 1469              		.align	2
 1470              		.global	is_connected_to_internet
 1471              		.thumb
 1472              		.thumb_func
ARM GAS  C:\Users\kland\AppData\Local\Temp\ccxBiICe.s 			page 36


 1473              		.type	is_connected_to_internet, %function
 1474              	is_connected_to_internet:
 1475              	.LFB78:
 417:modem.c       **** 
 418:modem.c       **** // Checks if the modem is connected to the internet
 419:modem.c       **** uint8 is_connected_to_internet(){
 1476              		.loc 1 419 0
 1477              		.cfi_startproc
 1478              		@ args = 0, pretend = 0, frame = 0
 1479              		@ frame_needed = 1, uses_anonymous_args = 0
 1480 0000 80B5     		push	{r7, lr}
 1481              		.cfi_def_cfa_offset 8
 1482              		.cfi_offset 7, -8
 1483              		.cfi_offset 14, -4
 1484 0002 00AF     		add	r7, sp, #0
 1485              		.cfi_def_cfa_register 7
 420:modem.c       ****     // AT command SGACT? reports the range for the parameters <cid> and <stat>
 421:modem.c       ****     // cid: is the Packet Data Protocol (PDP) Context Identifier which specifies the particular PDP
 422:modem.c       ****     // stat: gives the context staus (0 deactivated and 1 activated)
 423:modem.c       ****     // Check for 3,1 if Verizon 
 424:modem.c       ****     if(at_write_command("AT#SGACT?\r", "1,1",DEFAULT_AT_TIMEOUT)){
 1486              		.loc 1 424 0
 1487 0004 4FF4FA62 		mov	r2, #2000
 1488 0008 0549     		ldr	r1, .L90
 1489 000a 0648     		ldr	r0, .L90+4
 1490 000c FFF7FEFF 		bl	at_write_command
 1491 0010 0346     		mov	r3, r0
 1492 0012 002B     		cmp	r3, #0
 1493 0014 01D0     		beq	.L88
 425:modem.c       ****         return 1u;
 1494              		.loc 1 425 0
 1495 0016 0123     		movs	r3, #1
 1496 0018 00E0     		b	.L89
 1497              	.L88:
 426:modem.c       ****     }
 427:modem.c       ****     return 0u;  
 1498              		.loc 1 427 0
 1499 001a 0023     		movs	r3, #0
 1500              	.L89:
 428:modem.c       **** }
 1501              		.loc 1 428 0
 1502 001c 1846     		mov	r0, r3
 1503 001e 80BD     		pop	{r7, pc}
 1504              	.L91:
 1505              		.align	2
 1506              	.L90:
 1507 0020 E8020000 		.word	.LC28
 1508 0024 EC020000 		.word	.LC29
 1509              		.cfi_endproc
 1510              	.LFE78:
 1511              		.size	is_connected_to_internet, .-is_connected_to_internet
 1512              		.section	.rodata
 1513 02f7 00       		.align	2
 1514              	.LC30:
 1515 02f8 41542B43 		.ascii	"AT+CESQ\015\000"
 1515      4553510D 
 1515      00
ARM GAS  C:\Users\kland\AppData\Local\Temp\ccxBiICe.s 			page 37


 1516 0301 000000   		.align	2
 1517              	.LC31:
 1518 0304 0D0A2B43 		.ascii	"\015\012+CESQ: %d,%d,%d,%d,%d,%d%*s\000"
 1518      4553513A 
 1518      2025642C 
 1518      25642C25 
 1518      642C2564 
 1519              		.section	.text.get_cell_network_stats,"ax",%progbits
 1520              		.align	2
 1521              		.global	get_cell_network_stats
 1522              		.thumb
 1523              		.thumb_func
 1524              		.type	get_cell_network_stats, %function
 1525              	get_cell_network_stats:
 1526              	.LFB79:
 429:modem.c       **** 
 430:modem.c       **** void get_cell_network_stats(){
 1527              		.loc 1 430 0
 1528              		.cfi_startproc
 1529              		@ args = 0, pretend = 0, frame = 8
 1530              		@ frame_needed = 1, uses_anonymous_args = 0
 1531 0000 80B5     		push	{r7, lr}
 1532              		.cfi_def_cfa_offset 8
 1533              		.cfi_offset 7, -8
 1534              		.cfi_offset 14, -4
 1535 0002 86B0     		sub	sp, sp, #24
 1536              		.cfi_def_cfa_offset 32
 1537 0004 04AF     		add	r7, sp, #16
 1538              		.cfi_def_cfa 7, 16
 431:modem.c       ****     // Initialize values
 432:modem.c       ****     modem_stats.ber = 255;
 1539              		.loc 1 432 0
 1540 0006 154B     		ldr	r3, .L93
 1541 0008 FF22     		movs	r2, #255
 1542 000a 5A60     		str	r2, [r3, #4]
 433:modem.c       ****     modem_stats.ecno = 255;
 1543              		.loc 1 433 0
 1544 000c 134B     		ldr	r3, .L93
 1545 000e FF22     		movs	r2, #255
 1546 0010 DA60     		str	r2, [r3, #12]
 434:modem.c       ****     modem_stats.rscp = 255;
 1547              		.loc 1 434 0
 1548 0012 124B     		ldr	r3, .L93
 1549 0014 FF22     		movs	r2, #255
 1550 0016 9A60     		str	r2, [r3, #8]
 435:modem.c       ****     modem_stats.rsrp = 255;
 1551              		.loc 1 435 0
 1552 0018 104B     		ldr	r3, .L93
 1553 001a FF22     		movs	r2, #255
 1554 001c 5A61     		str	r2, [r3, #20]
 436:modem.c       ****     modem_stats.rsrq = 255;
 1555              		.loc 1 436 0
 1556 001e 0F4B     		ldr	r3, .L93
 1557 0020 FF22     		movs	r2, #255
 1558 0022 1A61     		str	r2, [r3, #16]
 437:modem.c       ****     modem_stats.rxlev = 255;
 1559              		.loc 1 437 0
ARM GAS  C:\Users\kland\AppData\Local\Temp\ccxBiICe.s 			page 38


 1560 0024 0D4B     		ldr	r3, .L93
 1561 0026 FF22     		movs	r2, #255
 1562 0028 1A60     		str	r2, [r3]
 438:modem.c       **** 
 439:modem.c       ****     //for(uint8 attempts =0; attempts <10; attempts++){
 440:modem.c       ****     at_write_command("AT+CESQ\r", "OK", DEFAULT_AT_TIMEOUT);
 1563              		.loc 1 440 0
 1564 002a 4FF4FA62 		mov	r2, #2000
 1565 002e 0C49     		ldr	r1, .L93+4
 1566 0030 0C48     		ldr	r0, .L93+8
 1567 0032 FFF7FEFF 		bl	at_write_command
 441:modem.c       ****     //CESQ: <rxlev>,<ber>,<rscp>,<ecno>,<rsrq>,<rsrp>
 442:modem.c       **** 
 443:modem.c       ****     int match = sscanf(uart_received_string,"\r\n+CESQ: %d,%d,%d,%d,%d,%d%*s",
 1568              		.loc 1 443 0
 1569 0036 0C4B     		ldr	r3, .L93+12
 1570 0038 0393     		str	r3, [sp, #12]
 1571 003a 0C4B     		ldr	r3, .L93+16
 1572 003c 0293     		str	r3, [sp, #8]
 1573 003e 0C4B     		ldr	r3, .L93+20
 1574 0040 0193     		str	r3, [sp, #4]
 1575 0042 0C4B     		ldr	r3, .L93+24
 1576 0044 0093     		str	r3, [sp]
 1577 0046 0C4B     		ldr	r3, .L93+28
 1578 0048 044A     		ldr	r2, .L93
 1579 004a 0C49     		ldr	r1, .L93+32
 1580 004c 0C48     		ldr	r0, .L93+36
 1581 004e FFF7FEFF 		bl	sscanf
 1582 0052 7860     		str	r0, [r7, #4]
 444:modem.c       ****         &modem_stats.rxlev,
 445:modem.c       ****         &modem_stats.ber,
 446:modem.c       ****         &modem_stats.rscp,
 447:modem.c       ****         &modem_stats.ecno,
 448:modem.c       ****         &modem_stats.rsrq,
 449:modem.c       ****         &modem_stats.rsrp);
 450:modem.c       **** 
 451:modem.c       ****         //check to see if we’re getting a good received signal strength
 452:modem.c       ****         //if(modem_stats.rsrp != 255 && modem_stats.rsrp > 26){// || modem_stats.rxlev !=0){
 453:modem.c       ****         //    break;
 454:modem.c       ****         //}
 455:modem.c       ****         // Delay one second
 456:modem.c       ****         //CyDelay(1000u);
 457:modem.c       ****     //}
 458:modem.c       **** }
 1583              		.loc 1 458 0
 1584 0054 00BF     		nop
 1585 0056 0837     		adds	r7, r7, #8
 1586              		.cfi_def_cfa_offset 8
 1587 0058 BD46     		mov	sp, r7
 1588              		.cfi_def_cfa_register 13
 1589              		@ sp needed
 1590 005a 80BD     		pop	{r7, pc}
 1591              	.L94:
 1592              		.align	2
 1593              	.L93:
 1594 005c 00000000 		.word	modem_stats
 1595 0060 00000000 		.word	.LC0
ARM GAS  C:\Users\kland\AppData\Local\Temp\ccxBiICe.s 			page 39


 1596 0064 F8020000 		.word	.LC30
 1597 0068 14000000 		.word	modem_stats+20
 1598 006c 10000000 		.word	modem_stats+16
 1599 0070 0C000000 		.word	modem_stats+12
 1600 0074 08000000 		.word	modem_stats+8
 1601 0078 04000000 		.word	modem_stats+4
 1602 007c 04030000 		.word	.LC31
 1603 0080 00000000 		.word	uart_received_string
 1604              		.cfi_endproc
 1605              	.LFE79:
 1606              		.size	get_cell_network_stats, .-get_cell_network_stats
 1607              		.section	.text.updatable_parameters_initialize,"ax",%progbits
 1608              		.align	2
 1609              		.global	updatable_parameters_initialize
 1610              		.thumb
 1611              		.thumb_func
 1612              		.type	updatable_parameters_initialize, %function
 1613              	updatable_parameters_initialize:
 1614              	.LFB80:
 459:modem.c       **** 
 460:modem.c       **** // Initialize updatable parameters (sampling, reporting, and debug frequencies)
 461:modem.c       **** void updatable_parameters_initialize(){
 1615              		.loc 1 461 0
 1616              		.cfi_startproc
 1617              		@ args = 0, pretend = 0, frame = 0
 1618              		@ frame_needed = 1, uses_anonymous_args = 0
 1619              		@ link register save eliminated.
 1620 0000 80B4     		push	{r7}
 1621              		.cfi_def_cfa_offset 4
 1622              		.cfi_offset 7, -4
 1623 0002 00AF     		add	r7, sp, #0
 1624              		.cfi_def_cfa_register 7
 462:modem.c       ****     updatable_parameters.node_type = NODE_TYPE_DEPTH;
 1625              		.loc 1 462 0
 1626 0004 124B     		ldr	r3, .L96
 1627 0006 0022     		movs	r2, #0
 1628 0008 1A70     		strb	r2, [r3]
 463:modem.c       ****     updatable_parameters.sim_type = SIM_TYPE_SUPER;
 1629              		.loc 1 463 0
 1630 000a 114B     		ldr	r3, .L96
 1631 000c 0122     		movs	r2, #1
 1632 000e 5A70     		strb	r2, [r3, #1]
 464:modem.c       ****     updatable_parameters.measure_time = 1u;
 1633              		.loc 1 464 0
 1634 0010 0F4B     		ldr	r3, .L96
 1635 0012 0122     		movs	r2, #1
 1636 0014 9A70     		strb	r2, [r3, #2]
 465:modem.c       ****     updatable_parameters.sync_time = 1u;
 1637              		.loc 1 465 0
 1638 0016 0E4B     		ldr	r3, .L96
 1639 0018 0122     		movs	r2, #1
 1640 001a DA70     		strb	r2, [r3, #3]
 466:modem.c       ****     updatable_parameters.debug_level = 1u;
 1641              		.loc 1 466 0
 1642 001c 0C4B     		ldr	r3, .L96
 1643 001e 0122     		movs	r2, #1
 1644 0020 1A71     		strb	r2, [r3, #4]
ARM GAS  C:\Users\kland\AppData\Local\Temp\ccxBiICe.s 			page 40


 467:modem.c       ****     
 468:modem.c       ****     // App timers
 469:modem.c       ****     // APP_INTERFACE-------------------------------------------------------------------------------
 470:modem.c       ****     updatable_parameters.App_LED_freq = 120u; 
 1645              		.loc 1 470 0
 1646 0022 0B4B     		ldr	r3, .L96
 1647 0024 7822     		movs	r2, #120
 1648 0026 5A71     		strb	r2, [r3, #5]
 471:modem.c       ****     updatable_parameters.Level_Sensor_freq = 120u; 
 1649              		.loc 1 471 0
 1650 0028 094B     		ldr	r3, .L96
 1651 002a 7822     		movs	r2, #120
 1652 002c 9A71     		strb	r2, [r3, #6]
 472:modem.c       ****     updatable_parameters.Downstream_Level_Sensor_freq = 120u;
 1653              		.loc 1 472 0
 1654 002e 084B     		ldr	r3, .L96
 1655 0030 7822     		movs	r2, #120
 1656 0032 DA71     		strb	r2, [r3, #7]
 473:modem.c       ****     updatable_parameters.Valve_freq = 120u;
 1657              		.loc 1 473 0
 1658 0034 064B     		ldr	r3, .L96
 1659 0036 7822     		movs	r2, #120
 1660 0038 1A72     		strb	r2, [r3, #8]
 474:modem.c       ****     updatable_parameters.Autosampler_freq = 120u;
 1661              		.loc 1 474 0
 1662 003a 054B     		ldr	r3, .L96
 1663 003c 7822     		movs	r2, #120
 1664 003e 5A72     		strb	r2, [r3, #9]
 475:modem.c       ****     updatable_parameters.Sontek_freq = 120u; //Kayla
 1665              		.loc 1 475 0
 1666 0040 034B     		ldr	r3, .L96
 1667 0042 7822     		movs	r2, #120
 1668 0044 9A72     		strb	r2, [r3, #10]
 476:modem.c       ****     /* app add on
 477:modem.c       ****     updatable_parameters.<Name>_freq = 120u;
 478:modem.c       ****     */
 479:modem.c       ****      //--------------------------------------------------------------------------------------------
 480:modem.c       **** }
 1669              		.loc 1 480 0
 1670 0046 00BF     		nop
 1671 0048 BD46     		mov	sp, r7
 1672              		.cfi_def_cfa_register 13
 1673              		@ sp needed
 1674 004a 80BC     		pop	{r7}
 1675              		.cfi_restore 7
 1676              		.cfi_def_cfa_offset 0
 1677 004c 7047     		bx	lr
 1678              	.L97:
 1679 004e 00BF     		.align	2
 1680              	.L96:
 1681 0050 00000000 		.word	updatable_parameters
 1682              		.cfi_endproc
 1683              	.LFE80:
 1684              		.size	updatable_parameters_initialize, .-updatable_parameters_initialize
 1685              		.section	.rodata
 1686 0322 0000     		.align	2
 1687              	.LC32:
ARM GAS  C:\Users\kland\AppData\Local\Temp\ccxBiICe.s 			page 41


 1688 0324 4E6F6465 		.ascii	"Node_Type: \000"
 1688      5F547970 
 1688      653A2000 
 1689              		.align	2
 1690              	.LC33:
 1691 0330 53494D5F 		.ascii	"SIM_Type: \000"
 1691      54797065 
 1691      3A2000
 1692 033b 00       		.align	2
 1693              	.LC34:
 1694 033c 53616D70 		.ascii	"Sample_Freq: \000"
 1694      6C655F46 
 1694      7265713A 
 1694      2000
 1695 034a 0000     		.align	2
 1696              	.LC35:
 1697 034c 5265706F 		.ascii	"Report_Freq: \000"
 1697      72745F46 
 1697      7265713A 
 1697      2000
 1698 035a 0000     		.align	2
 1699              	.LC36:
 1700 035c 44656275 		.ascii	"Debug_Freq: \000"
 1700      675F4672 
 1700      65713A20 
 1700      00
 1701 0369 000000   		.align	2
 1702              	.LC37:
 1703 036c 41707073 		.ascii	"Apps_Enabled: \000"
 1703      5F456E61 
 1703      626C6564 
 1703      3A2000
 1704 037b 00       		.align	2
 1705              	.LC38:
 1706 037c 4170705F 		.ascii	"App_LED\000"
 1706      4C454400 
 1707              		.align	2
 1708              	.LC39:
 1709 0384 4C657665 		.ascii	"Level_Sensor\000"
 1709      6C5F5365 
 1709      6E736F72 
 1709      00
 1710 0391 000000   		.align	2
 1711              	.LC40:
 1712 0394 56616C76 		.ascii	"Valve\000"
 1712      6500
 1713 039a 0000     		.align	2
 1714              	.LC41:
 1715 039c 4175746F 		.ascii	"Autosampler\000"
 1715      73616D70 
 1715      6C657200 
 1716              		.align	2
 1717              	.LC42:
 1718 03a8 536F6E74 		.ascii	"Sontek\000"
 1718      656B00
 1719 03af 00       		.align	2
 1720              	.LC43:
ARM GAS  C:\Users\kland\AppData\Local\Temp\ccxBiICe.s 			page 42


 1721 03b0 4170705F 		.ascii	"App_LED: \000"
 1721      4C45443A 
 1721      2000
 1722 03ba 0000     		.align	2
 1723              	.LC44:
 1724 03bc 4C657665 		.ascii	"Level_Sensor: \000"
 1724      6C5F5365 
 1724      6E736F72 
 1724      3A2000
 1725 03cb 00       		.align	2
 1726              	.LC45:
 1727 03cc 56616C76 		.ascii	"Valve:\000"
 1727      653A00
 1728 03d3 00       		.align	2
 1729              	.LC46:
 1730 03d4 4175746F 		.ascii	"Autosampler:\000"
 1730      73616D70 
 1730      6C65723A 
 1730      00
 1731 03e1 000000   		.align	2
 1732              	.LC47:
 1733 03e4 536F6E74 		.ascii	"Sontek:\000"
 1733      656B3A00 
 1734              		.align	2
 1735              	.LC48:
 1736 03ec 256400   		.ascii	"%d\000"
 1737 03ef 00       		.align	2
 1738              	.LC49:
 1739 03f0 4E6F6465 		.ascii	"Node type changed to: %d\015\012\000"
 1739      20747970 
 1739      65206368 
 1739      616E6765 
 1739      6420746F 
 1740 040b 00       		.align	2
 1741              	.LC50:
 1742 040c 436F756C 		.ascii	"Could not change node type.\000"
 1742      64206E6F 
 1742      74206368 
 1742      616E6765 
 1742      206E6F64 
 1743              		.align	2
 1744              	.LC51:
 1745 0428 53494D20 		.ascii	"SIM type changed to: %d\015\012\000"
 1745      74797065 
 1745      20636861 
 1745      6E676564 
 1745      20746F3A 
 1746 0442 0000     		.align	2
 1747              	.LC52:
 1748 0444 436F756C 		.ascii	"Could not change SIM type.\000"
 1748      64206E6F 
 1748      74206368 
 1748      616E6765 
 1748      2053494D 
 1749 045f 00       		.align	2
 1750              	.LC53:
 1751 0460 53616D70 		.ascii	"Sampling frequency changed to: %d\015\012\000"
ARM GAS  C:\Users\kland\AppData\Local\Temp\ccxBiICe.s 			page 43


 1751      6C696E67 
 1751      20667265 
 1751      7175656E 
 1751      63792063 
 1752              		.align	2
 1753              	.LC54:
 1754 0484 436F756C 		.ascii	"Could not parse new sampling frequency value.\000"
 1754      64206E6F 
 1754      74207061 
 1754      72736520 
 1754      6E657720 
 1755 04b2 0000     		.align	2
 1756              	.LC55:
 1757 04b4 5265706F 		.ascii	"Reporting frequency changed to: %d\015\012\000"
 1757      7274696E 
 1757      67206672 
 1757      65717565 
 1757      6E637920 
 1758 04d9 000000   		.align	2
 1759              	.LC56:
 1760 04dc 436F756C 		.ascii	"Could not parse new reporting frequency value.\000"
 1760      64206E6F 
 1760      74207061 
 1760      72736520 
 1760      6E657720 
 1761 050b 00       		.align	2
 1762              	.LC57:
 1763 050c 44656275 		.ascii	"Debug printing frequency changed to: %d\015\012\000"
 1763      67207072 
 1763      696E7469 
 1763      6E672066 
 1763      72657175 
 1764 0536 0000     		.align	2
 1765              	.LC58:
 1766 0538 436F756C 		.ascii	"Could not parse new debugging frequency value.\000"
 1766      64206E6F 
 1766      74207061 
 1766      72736520 
 1766      6E657720 
 1767 0567 00       		.align	2
 1768              	.LC59:
 1769 0568 46726571 		.ascii	"Freq=\000"
 1769      3D00
 1770 056e 0000     		.align	2
 1771              	.LC60:
 1772 0570 4170705F 		.ascii	"App_LED frequency changed to: %d\015\012\000"
 1772      4C454420 
 1772      66726571 
 1772      75656E63 
 1772      79206368 
 1773 0593 00       		.align	2
 1774              	.LC61:
 1775 0594 436F756C 		.ascii	"Could not parse new App_LED frequency value.\000"
 1775      64206E6F 
 1775      74207061 
 1775      72736520 
 1775      6E657720 
ARM GAS  C:\Users\kland\AppData\Local\Temp\ccxBiICe.s 			page 44


 1776 05c1 000000   		.align	2
 1777              	.LC62:
 1778 05c4 4E6F2041 		.ascii	"No App_LED frequency value indicated.\000"
 1778      70705F4C 
 1778      45442066 
 1778      72657175 
 1778      656E6379 
 1779 05ea 0000     		.align	2
 1780              	.LC63:
 1781 05ec 4C657665 		.ascii	"Level_Sensor frequency changed to: %d\015\012\000"
 1781      6C5F5365 
 1781      6E736F72 
 1781      20667265 
 1781      7175656E 
 1782              		.align	2
 1783              	.LC64:
 1784 0614 436F756C 		.ascii	"Could not parse new Level_Sensor frequency value.\000"
 1784      64206E6F 
 1784      74207061 
 1784      72736520 
 1784      6E657720 
 1785 0646 0000     		.align	2
 1786              	.LC65:
 1787 0648 4E6F204C 		.ascii	"No Level_Sensor frequency value indicated.\000"
 1787      6576656C 
 1787      5F53656E 
 1787      736F7220 
 1787      66726571 
 1788 0673 00       		.align	2
 1789              	.LC66:
 1790 0674 4175746F 		.ascii	"Autosampler frequency changed to: %d\015\012\000"
 1790      73616D70 
 1790      6C657220 
 1790      66726571 
 1790      75656E63 
 1791 069b 00       		.align	2
 1792              	.LC67:
 1793 069c 436F756C 		.ascii	"Could not parse new Autosampler frequency value.\000"
 1793      64206E6F 
 1793      74207061 
 1793      72736520 
 1793      6E657720 
 1794 06cd 000000   		.align	2
 1795              	.LC68:
 1796 06d0 4E6F2041 		.ascii	"No Autosampler frequency value indicated.\000"
 1796      75746F73 
 1796      616D706C 
 1796      65722066 
 1796      72657175 
 1797              		.section	.text.get_updated_parameters_from_malcom,"ax",%progbits
 1798              		.align	2
 1799              		.global	get_updated_parameters_from_malcom
 1800              		.thumb
 1801              		.thumb_func
 1802              		.type	get_updated_parameters_from_malcom, %function
 1803              	get_updated_parameters_from_malcom:
 1804              	.LFB81:
ARM GAS  C:\Users\kland\AppData\Local\Temp\ccxBiICe.s 			page 45


 481:modem.c       **** 
 482:modem.c       **** // Get the update values for sampling frequency, reporting frequency, and the debug level from the 
 483:modem.c       **** void get_updated_parameters_from_malcom(){
 1805              		.loc 1 483 0
 1806              		.cfi_startproc
 1807              		@ args = 0, pretend = 0, frame = 1000
 1808              		@ frame_needed = 1, uses_anonymous_args = 0
 1809 0000 90B5     		push	{r4, r7, lr}
 1810              		.cfi_def_cfa_offset 12
 1811              		.cfi_offset 4, -12
 1812              		.cfi_offset 7, -8
 1813              		.cfi_offset 14, -4
 1814 0002 ADF57B7D 		sub	sp, sp, #1004
 1815              		.cfi_def_cfa_offset 1016
 1816 0006 00AF     		add	r7, sp, #0
 1817              		.cfi_def_cfa_register 7
 484:modem.c       ****     
 485:modem.c       ****     // Create character array of size 1024 characters to hold the uart received string
 486:modem.c       ****     char s_node_type[10];
 487:modem.c       ****     char s_sim_type[10];
 488:modem.c       ****     char s_sample_freq[10];
 489:modem.c       ****     char s_report_freq[10];
 490:modem.c       ****     char s_debug_freq[10];
 491:modem.c       ****     
 492:modem.c       ****     //apps
 493:modem.c       ****     // APP_INTERFACE-------------------------------------------------------------------------------
 494:modem.c       ****     char s_app_led[100];
 495:modem.c       ****     s_app_led[0] = '\0';
 1818              		.loc 1 495 0
 1819 0008 0023     		movs	r3, #0
 1820 000a 87F84833 		strb	r3, [r7, #840]
 496:modem.c       ****     
 497:modem.c       ****     char s_level_sensor[100];
 498:modem.c       ****     s_level_sensor[0] = '\0';
 1821              		.loc 1 498 0
 1822 000e 07F53973 		add	r3, r7, #740
 1823 0012 0022     		movs	r2, #0
 1824 0014 1A70     		strb	r2, [r3]
 499:modem.c       ****     
 500:modem.c       ****     char s_down_level_sensor[100];
 501:modem.c       ****     s_down_level_sensor[0] = '\0';
 1825              		.loc 1 501 0
 1826 0016 07F52073 		add	r3, r7, #640
 1827 001a 0022     		movs	r2, #0
 1828 001c 1A70     		strb	r2, [r3]
 502:modem.c       ****     
 503:modem.c       ****     char s_valve[100];
 504:modem.c       ****     s_valve[0] = '\0';
 1829              		.loc 1 504 0
 1830 001e 07F50773 		add	r3, r7, #540
 1831 0022 0022     		movs	r2, #0
 1832 0024 1A70     		strb	r2, [r3]
 505:modem.c       **** 
 506:modem.c       ****     char s_autosampler[100];
 507:modem.c       ****     s_autosampler[0] = '\0';
 1833              		.loc 1 507 0
 1834 0026 07F5DC73 		add	r3, r7, #440
ARM GAS  C:\Users\kland\AppData\Local\Temp\ccxBiICe.s 			page 46


 1835 002a 0022     		movs	r2, #0
 1836 002c 1A70     		strb	r2, [r3]
 508:modem.c       ****     
 509:modem.c       ****     char s_sontek[100]; //Kayla: this makes an inbox connection with Malcom for future communicatio
 510:modem.c       ****     s_sontek[0] = '\0';
 1837              		.loc 1 510 0
 1838 002e 07F5AA73 		add	r3, r7, #340
 1839 0032 0022     		movs	r2, #0
 1840 0034 1A70     		strb	r2, [r3]
 511:modem.c       **** 
 512:modem.c       ****     /* app add template
 513:modem.c       ****     char s_<name>[100];
 514:modem.c       ****     s_<name>[0] = '\0';
 515:modem.c       ****     */
 516:modem.c       ****     
 517:modem.c       ****     char s_apps_enabled[200];
 518:modem.c       ****     s_apps_enabled[0]='\0';
 1841              		.loc 1 518 0
 1842 0036 07F18C03 		add	r3, r7, #140
 1843 003a 0022     		movs	r2, #0
 1844 003c 1A70     		strb	r2, [r3]
 519:modem.c       ****     //---------------------------------------------------------------------------------------------
 520:modem.c       ****     
 521:modem.c       ****     s_node_type[0] = '\0';
 1845              		.loc 1 521 0
 1846 003e 0023     		movs	r3, #0
 1847 0040 87F8DC33 		strb	r3, [r7, #988]
 522:modem.c       ****     s_sim_type[0] = '\0';
 1848              		.loc 1 522 0
 1849 0044 0023     		movs	r3, #0
 1850 0046 87F8D033 		strb	r3, [r7, #976]
 523:modem.c       ****     s_sample_freq[0] = '\0';
 1851              		.loc 1 523 0
 1852 004a 0023     		movs	r3, #0
 1853 004c 87F8C433 		strb	r3, [r7, #964]
 524:modem.c       ****     s_report_freq[0] = '\0';
 1854              		.loc 1 524 0
 1855 0050 0023     		movs	r3, #0
 1856 0052 87F8B833 		strb	r3, [r7, #952]
 525:modem.c       ****     s_debug_freq[0] = '\0';
 1857              		.loc 1 525 0
 1858 0056 0023     		movs	r3, #0
 1859 0058 87F8AC33 		strb	r3, [r7, #940]
 526:modem.c       ****     
 527:modem.c       ****     // Extract UART string recieved from the modem and save to variables
 528:modem.c       ****     extract_string(uart_received_string,"Node_Type: ","\r",s_node_type);
 1860              		.loc 1 528 0
 1861 005c 07F57773 		add	r3, r7, #988
 1862 0060 B44A     		ldr	r2, .L124
 1863 0062 B549     		ldr	r1, .L124+4
 1864 0064 B548     		ldr	r0, .L124+8
 1865 0066 FFF7FEFF 		bl	extract_string
 529:modem.c       ****     extract_string(uart_received_string,"SIM_Type: ","\r",s_sim_type);
 1866              		.loc 1 529 0
 1867 006a 07F57473 		add	r3, r7, #976
 1868 006e B14A     		ldr	r2, .L124
 1869 0070 B349     		ldr	r1, .L124+12
ARM GAS  C:\Users\kland\AppData\Local\Temp\ccxBiICe.s 			page 47


 1870 0072 B248     		ldr	r0, .L124+8
 1871 0074 FFF7FEFF 		bl	extract_string
 530:modem.c       ****     extract_string(uart_received_string,"Sample_Freq: ","\r",s_sample_freq);
 1872              		.loc 1 530 0
 1873 0078 07F57173 		add	r3, r7, #964
 1874 007c AD4A     		ldr	r2, .L124
 1875 007e B149     		ldr	r1, .L124+16
 1876 0080 AE48     		ldr	r0, .L124+8
 1877 0082 FFF7FEFF 		bl	extract_string
 531:modem.c       ****     extract_string(uart_received_string,"Report_Freq: ","\r",s_report_freq);
 1878              		.loc 1 531 0
 1879 0086 07F56E73 		add	r3, r7, #952
 1880 008a AA4A     		ldr	r2, .L124
 1881 008c AE49     		ldr	r1, .L124+20
 1882 008e AB48     		ldr	r0, .L124+8
 1883 0090 FFF7FEFF 		bl	extract_string
 532:modem.c       ****     extract_string(uart_received_string,"Debug_Freq: ","\r",s_debug_freq);
 1884              		.loc 1 532 0
 1885 0094 07F56B73 		add	r3, r7, #940
 1886 0098 A64A     		ldr	r2, .L124
 1887 009a AC49     		ldr	r1, .L124+24
 1888 009c A748     		ldr	r0, .L124+8
 1889 009e FFF7FEFF 		bl	extract_string
 533:modem.c       ****     
 534:modem.c       ****     // which apps are enabled?
 535:modem.c       ****  // APP_INTERFACE----------------------------------------------------------------------------------
 536:modem.c       ****     if (strstr(uart_received_string,"Apps_Enabled: ")){
 1890              		.loc 1 536 0
 1891 00a2 AB49     		ldr	r1, .L124+28
 1892 00a4 A548     		ldr	r0, .L124+8
 1893 00a6 FFF7FEFF 		bl	strstr
 1894 00aa 0346     		mov	r3, r0
 1895 00ac 002B     		cmp	r3, #0
 1896 00ae 50D0     		beq	.L99
 537:modem.c       ****         extract_string(uart_received_string,"Apps_Enabled: ","\r",s_apps_enabled);
 1897              		.loc 1 537 0
 1898 00b0 07F18C03 		add	r3, r7, #140
 1899 00b4 9F4A     		ldr	r2, .L124
 1900 00b6 A649     		ldr	r1, .L124+28
 1901 00b8 A048     		ldr	r0, .L124+8
 1902 00ba FFF7FEFF 		bl	extract_string
 538:modem.c       ****         // if an app is in this string, turn it on
 539:modem.c       ****         // if we call this app in the enabled list, turn it on, else we ensure it is disabled
 540:modem.c       ****         /*************Testing new form of truncated code*********/
 541:modem.c       ****         App_LED_enabled = (strstr(s_apps_enabled,"App_LED")!=NULL) ? 1 : 0;
 1903              		.loc 1 541 0
 1904 00be 07F18C03 		add	r3, r7, #140
 1905 00c2 A449     		ldr	r1, .L124+32
 1906 00c4 1846     		mov	r0, r3
 1907 00c6 FFF7FEFF 		bl	strstr
 1908 00ca 0346     		mov	r3, r0
 1909 00cc 002B     		cmp	r3, #0
 1910 00ce 14BF     		ite	ne
 1911 00d0 0123     		movne	r3, #1
 1912 00d2 0023     		moveq	r3, #0
 1913 00d4 DBB2     		uxtb	r3, r3
 1914 00d6 1A46     		mov	r2, r3
ARM GAS  C:\Users\kland\AppData\Local\Temp\ccxBiICe.s 			page 48


 1915 00d8 9F4B     		ldr	r3, .L124+36
 1916 00da 1A70     		strb	r2, [r3]
 542:modem.c       ****         level_sensor_enabled = (strstr(s_apps_enabled,"Level_Sensor")!=NULL) ? 1 : 0;
 1917              		.loc 1 542 0
 1918 00dc 07F18C03 		add	r3, r7, #140
 1919 00e0 9E49     		ldr	r1, .L124+40
 1920 00e2 1846     		mov	r0, r3
 1921 00e4 FFF7FEFF 		bl	strstr
 1922 00e8 0346     		mov	r3, r0
 1923 00ea 002B     		cmp	r3, #0
 1924 00ec 14BF     		ite	ne
 1925 00ee 0123     		movne	r3, #1
 1926 00f0 0023     		moveq	r3, #0
 1927 00f2 DAB2     		uxtb	r2, r3
 1928 00f4 9A4B     		ldr	r3, .L124+44
 1929 00f6 1A70     		strb	r2, [r3]
 543:modem.c       ****         //downstream_level_sensor_enabled = (strstr(s_apps_enabled,"Downstream_Level") != NULL) ? 1
 544:modem.c       ****         valve_enabled = (strstr(s_apps_enabled, "Valve") != NULL) ? 1 : 0;
 1930              		.loc 1 544 0
 1931 00f8 07F18C03 		add	r3, r7, #140
 1932 00fc 9949     		ldr	r1, .L124+48
 1933 00fe 1846     		mov	r0, r3
 1934 0100 FFF7FEFF 		bl	strstr
 1935 0104 0346     		mov	r3, r0
 1936 0106 002B     		cmp	r3, #0
 1937 0108 14BF     		ite	ne
 1938 010a 0123     		movne	r3, #1
 1939 010c 0023     		moveq	r3, #0
 1940 010e DBB2     		uxtb	r3, r3
 1941 0110 1A46     		mov	r2, r3
 1942 0112 954B     		ldr	r3, .L124+52
 1943 0114 1A70     		strb	r2, [r3]
 545:modem.c       ****         autosampler_enabled = (strstr(s_apps_enabled, "Autosampler") != NULL) ? 1 : 0;
 1944              		.loc 1 545 0
 1945 0116 07F18C03 		add	r3, r7, #140
 1946 011a 9449     		ldr	r1, .L124+56
 1947 011c 1846     		mov	r0, r3
 1948 011e FFF7FEFF 		bl	strstr
 1949 0122 0346     		mov	r3, r0
 1950 0124 002B     		cmp	r3, #0
 1951 0126 14BF     		ite	ne
 1952 0128 0123     		movne	r3, #1
 1953 012a 0023     		moveq	r3, #0
 1954 012c DBB2     		uxtb	r3, r3
 1955 012e 1A46     		mov	r2, r3
 1956 0130 8F4B     		ldr	r3, .L124+60
 1957 0132 1A70     		strb	r2, [r3]
 546:modem.c       ****         sontek_enabled = (strstr(s_apps_enabled, "Sontek") != NULL) ? 1 : 0; //Kayla: this is where
 1958              		.loc 1 546 0
 1959 0134 07F18C03 		add	r3, r7, #140
 1960 0138 8E49     		ldr	r1, .L124+64
 1961 013a 1846     		mov	r0, r3
 1962 013c FFF7FEFF 		bl	strstr
 1963 0140 0346     		mov	r3, r0
 1964 0142 002B     		cmp	r3, #0
 1965 0144 14BF     		ite	ne
 1966 0146 0123     		movne	r3, #1
ARM GAS  C:\Users\kland\AppData\Local\Temp\ccxBiICe.s 			page 49


 1967 0148 0023     		moveq	r3, #0
 1968 014a DBB2     		uxtb	r3, r3
 1969 014c 1A46     		mov	r2, r3
 1970 014e 8A4B     		ldr	r3, .L124+68
 1971 0150 1A70     		strb	r2, [r3]
 1972              	.L99:
 547:modem.c       ****         
 548:modem.c       ****         /* app add template 
 549:modem.c       ****         <name>_enabled = (strstr(s_apps_enabled, "<Name>") != NULL) ? 1 : 0;
 550:modem.c       ****         */
 551:modem.c       ****         
 552:modem.c       ****     }
 553:modem.c       ****     //---------------------------------------------------------------------------------------------
 554:modem.c       **** 
 555:modem.c       **** 
 556:modem.c       ****         
 557:modem.c       ****     
 558:modem.c       ****     // update app parameters (valve open %, measuring freq, etc)
 559:modem.c       ****     // APP_INTERFACE ------------------------------------------------------------------------------
 560:modem.c       ****     extract_string(uart_received_string,"App_LED: ","\r",s_app_led);
 1973              		.loc 1 560 0
 1974 0152 07F55273 		add	r3, r7, #840
 1975 0156 774A     		ldr	r2, .L124
 1976 0158 8849     		ldr	r1, .L124+72
 1977 015a 7848     		ldr	r0, .L124+8
 1978 015c FFF7FEFF 		bl	extract_string
 561:modem.c       ****     App_LED_Update(s_app_led);
 1979              		.loc 1 561 0
 1980 0160 07F55273 		add	r3, r7, #840
 1981 0164 1846     		mov	r0, r3
 1982 0166 FFF7FEFF 		bl	App_LED_Update
 562:modem.c       ****     
 563:modem.c       ****     extract_string(uart_received_string,"Level_Sensor: ","\r",s_level_sensor);
 1983              		.loc 1 563 0
 1984 016a 07F53973 		add	r3, r7, #740
 1985 016e 714A     		ldr	r2, .L124
 1986 0170 8349     		ldr	r1, .L124+76
 1987 0172 7248     		ldr	r0, .L124+8
 1988 0174 FFF7FEFF 		bl	extract_string
 564:modem.c       ****     Level_Sensor_Update(s_level_sensor);
 1989              		.loc 1 564 0
 1990 0178 07F53973 		add	r3, r7, #740
 1991 017c 1846     		mov	r0, r3
 1992 017e FFF7FEFF 		bl	Level_Sensor_Update
 565:modem.c       ****     
 566:modem.c       ****     //extract_string(uart_received_string,"Downstream_Level: ","\r",s_down_level_sensor);
 567:modem.c       ****     //Downstream_Level_Sensor_Update(s_down_level_sensor);
 568:modem.c       ****     
 569:modem.c       ****     extract_string(uart_received_string,"Valve:","\r", s_valve);
 1993              		.loc 1 569 0
 1994 0182 07F50773 		add	r3, r7, #540
 1995 0186 6B4A     		ldr	r2, .L124
 1996 0188 7E49     		ldr	r1, .L124+80
 1997 018a 6C48     		ldr	r0, .L124+8
 1998 018c FFF7FEFF 		bl	extract_string
 570:modem.c       ****     Valve_Update(s_valve);
 1999              		.loc 1 570 0
ARM GAS  C:\Users\kland\AppData\Local\Temp\ccxBiICe.s 			page 50


 2000 0190 07F50773 		add	r3, r7, #540
 2001 0194 1846     		mov	r0, r3
 2002 0196 FFF7FEFF 		bl	Valve_Update
 571:modem.c       **** 
 572:modem.c       ****     extract_string(uart_received_string,"Autosampler:","\r", s_autosampler);
 2003              		.loc 1 572 0
 2004 019a 07F5DC73 		add	r3, r7, #440
 2005 019e 654A     		ldr	r2, .L124
 2006 01a0 7949     		ldr	r1, .L124+84
 2007 01a2 6648     		ldr	r0, .L124+8
 2008 01a4 FFF7FEFF 		bl	extract_string
 573:modem.c       ****     Autosampler_Update(s_autosampler);
 2009              		.loc 1 573 0
 2010 01a8 07F5DC73 		add	r3, r7, #440
 2011 01ac 1846     		mov	r0, r3
 2012 01ae FFF7FEFF 		bl	Autosampler_Update
 574:modem.c       ****     
 575:modem.c       ****     extract_string(uart_received_string, "Sontek:","\r", s_sontek); //Kayla: extract UART string fo
 2013              		.loc 1 575 0
 2014 01b2 07F5AA73 		add	r3, r7, #340
 2015 01b6 5F4A     		ldr	r2, .L124
 2016 01b8 7449     		ldr	r1, .L124+88
 2017 01ba 6048     		ldr	r0, .L124+8
 2018 01bc FFF7FEFF 		bl	extract_string
 576:modem.c       ****     Sontek_Update(s_sontek); // send it to Sontek inbox
 2019              		.loc 1 576 0
 2020 01c0 07F5AA73 		add	r3, r7, #340
 2021 01c4 1846     		mov	r0, r3
 2022 01c6 FFF7FEFF 		bl	Sontek_Update
 577:modem.c       ****     
 578:modem.c       ****     /* app add template
 579:modem.c       ****     extract_string(uart_received_string,"<Name>:","\r", s_<name>);
 580:modem.c       ****     <Name>_Update(s_<name>);
 581:modem.c       ****     */
 582:modem.c       **** 
 583:modem.c       ****     // Create variables for what is sent back from the server
 584:modem.c       ****     int node_type, sim_type, sample_freq, report_freq, debug_freq, \
 585:modem.c       ****     app_led_freq, level_sensor_freq, down_level_freq, valve_freq, autosampler_freq, sontek_freq; //
 586:modem.c       ****     
 587:modem.c       ****     // Scan character arrays and save values 
 588:modem.c       ****     
 589:modem.c       ****     if(sscanf(s_node_type, "%d", &node_type)==1){
 2023              		.loc 1 589 0
 2024 01ca 07F18802 		add	r2, r7, #136
 2025 01ce 07F57773 		add	r3, r7, #988
 2026 01d2 6F49     		ldr	r1, .L124+92
 2027 01d4 1846     		mov	r0, r3
 2028 01d6 FFF7FEFF 		bl	sscanf
 2029 01da 0346     		mov	r3, r0
 2030 01dc 012B     		cmp	r3, #1
 2031 01de 0ED1     		bne	.L100
 590:modem.c       ****         updatable_parameters.node_type = node_type;
 2032              		.loc 1 590 0
 2033 01e0 07F18803 		add	r3, r7, #136
 2034 01e4 1B68     		ldr	r3, [r3]
 2035 01e6 DAB2     		uxtb	r2, r3
 2036 01e8 6A4B     		ldr	r3, .L124+96
ARM GAS  C:\Users\kland\AppData\Local\Temp\ccxBiICe.s 			page 51


 2037 01ea 1A70     		strb	r2, [r3]
 591:modem.c       ****         printNotif(NOTIF_TYPE_EVENT, "Node type changed to: %d\r\n", node_type);
 2038              		.loc 1 591 0
 2039 01ec 07F18803 		add	r3, r7, #136
 2040 01f0 1B68     		ldr	r3, [r3]
 2041 01f2 1A46     		mov	r2, r3
 2042 01f4 6849     		ldr	r1, .L124+100
 2043 01f6 0020     		movs	r0, #0
 2044 01f8 FFF7FEFF 		bl	printNotif
 2045 01fc 03E0     		b	.L101
 2046              	.L100:
 592:modem.c       ****     }else{
 593:modem.c       ****         printNotif(NOTIF_TYPE_ERROR,"Could not change node type.");
 2047              		.loc 1 593 0
 2048 01fe 6749     		ldr	r1, .L124+104
 2049 0200 0220     		movs	r0, #2
 2050 0202 FFF7FEFF 		bl	printNotif
 2051              	.L101:
 594:modem.c       ****     }
 595:modem.c       ****     
 596:modem.c       ****     if(sscanf(s_sim_type, "%d", &sim_type)==1){
 2052              		.loc 1 596 0
 2053 0206 07F18402 		add	r2, r7, #132
 2054 020a 07F57473 		add	r3, r7, #976
 2055 020e 6049     		ldr	r1, .L124+92
 2056 0210 1846     		mov	r0, r3
 2057 0212 FFF7FEFF 		bl	sscanf
 2058 0216 0346     		mov	r3, r0
 2059 0218 012B     		cmp	r3, #1
 2060 021a 12D1     		bne	.L102
 597:modem.c       ****         updatable_parameters.sim_type = sim_type;
 2061              		.loc 1 597 0
 2062 021c 07F18403 		add	r3, r7, #132
 2063 0220 1B68     		ldr	r3, [r3]
 2064 0222 002B     		cmp	r3, #0
 2065 0224 14BF     		ite	ne
 2066 0226 0123     		movne	r3, #1
 2067 0228 0023     		moveq	r3, #0
 2068 022a DAB2     		uxtb	r2, r3
 2069 022c 594B     		ldr	r3, .L124+96
 2070 022e 5A70     		strb	r2, [r3, #1]
 598:modem.c       ****         printNotif(NOTIF_TYPE_EVENT, "SIM type changed to: %d\r\n", sim_type);
 2071              		.loc 1 598 0
 2072 0230 07F18403 		add	r3, r7, #132
 2073 0234 1B68     		ldr	r3, [r3]
 2074 0236 1A46     		mov	r2, r3
 2075 0238 5949     		ldr	r1, .L124+108
 2076 023a 0020     		movs	r0, #0
 2077 023c FFF7FEFF 		bl	printNotif
 2078 0240 03E0     		b	.L103
 2079              	.L102:
 599:modem.c       ****     }else{
 600:modem.c       ****         printNotif(NOTIF_TYPE_ERROR,"Could not change SIM type.");
 2080              		.loc 1 600 0
 2081 0242 5849     		ldr	r1, .L124+112
 2082 0244 0220     		movs	r0, #2
 2083 0246 FFF7FEFF 		bl	printNotif
ARM GAS  C:\Users\kland\AppData\Local\Temp\ccxBiICe.s 			page 52


 2084              	.L103:
 601:modem.c       ****     }
 602:modem.c       ****     if(sscanf(s_sample_freq, "%d", &sample_freq)==1){
 2085              		.loc 1 602 0
 2086 024a 07F18002 		add	r2, r7, #128
 2087 024e 07F57173 		add	r3, r7, #964
 2088 0252 4F49     		ldr	r1, .L124+92
 2089 0254 1846     		mov	r0, r3
 2090 0256 FFF7FEFF 		bl	sscanf
 2091 025a 0346     		mov	r3, r0
 2092 025c 012B     		cmp	r3, #1
 2093 025e 1DD1     		bne	.L104
 603:modem.c       ****         updatable_parameters.measure_time = sample_freq;
 2094              		.loc 1 603 0
 2095 0260 07F18003 		add	r3, r7, #128
 2096 0264 1B68     		ldr	r3, [r3]
 2097 0266 DAB2     		uxtb	r2, r3
 2098 0268 4A4B     		ldr	r3, .L124+96
 2099 026a 9A70     		strb	r2, [r3, #2]
 604:modem.c       ****         // Create a continuous alarm called alarmMeasure that triggers at the required time to take
 605:modem.c       ****         alarmMeasure = CreateAlarm(updatable_parameters.measure_time,ALARM_TYPE_MINUTE,ALARM_TYPE_C
 2100              		.loc 1 605 0
 2101 026c 494B     		ldr	r3, .L124+96
 2102 026e 9B78     		ldrb	r3, [r3, #2]	@ zero_extendqisi2
 2103 0270 99B2     		uxth	r1, r3
 2104 0272 4D4C     		ldr	r4, .L124+116
 2105 0274 3846     		mov	r0, r7
 2106 0276 0723     		movs	r3, #7
 2107 0278 0122     		movs	r2, #1
 2108 027a FFF7FEFF 		bl	CreateAlarm
 2109 027e 3A46     		mov	r2, r7
 2110 0280 2346     		mov	r3, r4
 2111 0282 1168     		ldr	r1, [r2]	@ unaligned
 2112 0284 1960     		str	r1, [r3]	@ unaligned
 2113 0286 9288     		ldrh	r2, [r2, #4]	@ unaligned
 2114 0288 9A80     		strh	r2, [r3, #4]	@ unaligned
 606:modem.c       ****         printNotif(NOTIF_TYPE_EVENT, "Sampling frequency changed to: %d\r\n", sample_freq);
 2115              		.loc 1 606 0
 2116 028a 07F18003 		add	r3, r7, #128
 2117 028e 1B68     		ldr	r3, [r3]
 2118 0290 1A46     		mov	r2, r3
 2119 0292 4649     		ldr	r1, .L124+120
 2120 0294 0020     		movs	r0, #0
 2121 0296 FFF7FEFF 		bl	printNotif
 2122 029a 03E0     		b	.L105
 2123              	.L104:
 607:modem.c       ****     }else{
 608:modem.c       ****         printNotif(NOTIF_TYPE_ERROR,"Could not parse new sampling frequency value.");
 2124              		.loc 1 608 0
 2125 029c 4449     		ldr	r1, .L124+124
 2126 029e 0220     		movs	r0, #2
 2127 02a0 FFF7FEFF 		bl	printNotif
 2128              	.L105:
 609:modem.c       ****     }
 610:modem.c       ****     if(sscanf(s_report_freq, "%d", &report_freq)==1){
 2129              		.loc 1 610 0
 2130 02a4 07F17C02 		add	r2, r7, #124
ARM GAS  C:\Users\kland\AppData\Local\Temp\ccxBiICe.s 			page 53


 2131 02a8 07F56E73 		add	r3, r7, #952
 2132 02ac 3849     		ldr	r1, .L124+92
 2133 02ae 1846     		mov	r0, r3
 2134 02b0 FFF7FEFF 		bl	sscanf
 2135 02b4 0346     		mov	r3, r0
 2136 02b6 012B     		cmp	r3, #1
 2137 02b8 1DD1     		bne	.L106
 611:modem.c       ****         updatable_parameters.sync_time = report_freq;
 2138              		.loc 1 611 0
 2139 02ba 07F17C03 		add	r3, r7, #124
 2140 02be 1B68     		ldr	r3, [r3]
 2141 02c0 DAB2     		uxtb	r2, r3
 2142 02c2 344B     		ldr	r3, .L124+96
 2143 02c4 DA70     		strb	r2, [r3, #3]
 612:modem.c       ****         // Create a continuous alarm called alarmSync that triggers at the required time to sync th
 613:modem.c       ****         alarmSync = CreateAlarm(updatable_parameters.sync_time,ALARM_TYPE_MINUTE,ALARM_TYPE_CONTINU
 2144              		.loc 1 613 0
 2145 02c6 334B     		ldr	r3, .L124+96
 2146 02c8 DB78     		ldrb	r3, [r3, #3]	@ zero_extendqisi2
 2147 02ca 99B2     		uxth	r1, r3
 2148 02cc 394C     		ldr	r4, .L124+128
 2149 02ce 3846     		mov	r0, r7
 2150 02d0 0723     		movs	r3, #7
 2151 02d2 0122     		movs	r2, #1
 2152 02d4 FFF7FEFF 		bl	CreateAlarm
 2153 02d8 3A46     		mov	r2, r7
 2154 02da 2346     		mov	r3, r4
 2155 02dc 1168     		ldr	r1, [r2]	@ unaligned
 2156 02de 1960     		str	r1, [r3]	@ unaligned
 2157 02e0 9288     		ldrh	r2, [r2, #4]	@ unaligned
 2158 02e2 9A80     		strh	r2, [r3, #4]	@ unaligned
 614:modem.c       ****         printNotif(NOTIF_TYPE_EVENT, "Reporting frequency changed to: %d\r\n", report_freq);
 2159              		.loc 1 614 0
 2160 02e4 07F17C03 		add	r3, r7, #124
 2161 02e8 1B68     		ldr	r3, [r3]
 2162 02ea 1A46     		mov	r2, r3
 2163 02ec 3249     		ldr	r1, .L124+132
 2164 02ee 0020     		movs	r0, #0
 2165 02f0 FFF7FEFF 		bl	printNotif
 2166 02f4 03E0     		b	.L107
 2167              	.L106:
 615:modem.c       ****         }else{
 616:modem.c       ****         printNotif(NOTIF_TYPE_ERROR,"Could not parse new reporting frequency value.");
 2168              		.loc 1 616 0
 2169 02f6 3149     		ldr	r1, .L124+136
 2170 02f8 0220     		movs	r0, #2
 2171 02fa FFF7FEFF 		bl	printNotif
 2172              	.L107:
 617:modem.c       ****     }
 618:modem.c       ****     if(sscanf(s_debug_freq, "%d", &debug_freq)==1){
 2173              		.loc 1 618 0
 2174 02fe 07F17802 		add	r2, r7, #120
 2175 0302 07F56B73 		add	r3, r7, #940
 2176 0306 2249     		ldr	r1, .L124+92
 2177 0308 1846     		mov	r0, r3
 2178 030a FFF7FEFF 		bl	sscanf
 2179 030e 0346     		mov	r3, r0
ARM GAS  C:\Users\kland\AppData\Local\Temp\ccxBiICe.s 			page 54


 2180 0310 012B     		cmp	r3, #1
 2181 0312 57D1     		bne	.L108
 619:modem.c       ****         updatable_parameters.debug_level = debug_freq;
 2182              		.loc 1 619 0
 2183 0314 07F17803 		add	r3, r7, #120
 2184 0318 1B68     		ldr	r3, [r3]
 2185 031a DAB2     		uxtb	r2, r3
 2186 031c 1D4B     		ldr	r3, .L124+96
 2187 031e 1A71     		strb	r2, [r3, #4]
 620:modem.c       ****         printNotif(NOTIF_TYPE_EVENT, "Debug printing frequency changed to: %d\r\n", debug_freq);
 2188              		.loc 1 620 0
 2189 0320 07F17803 		add	r3, r7, #120
 2190 0324 1B68     		ldr	r3, [r3]
 2191 0326 1A46     		mov	r2, r3
 2192 0328 2549     		ldr	r1, .L124+140
 2193 032a 0020     		movs	r0, #0
 2194 032c FFF7FEFF 		bl	printNotif
 2195 0330 4CE0     		b	.L109
 2196              	.L125:
 2197 0332 00BF     		.align	2
 2198              	.L124:
 2199 0334 88020000 		.word	.LC21
 2200 0338 24030000 		.word	.LC32
 2201 033c 00000000 		.word	uart_received_string
 2202 0340 30030000 		.word	.LC33
 2203 0344 3C030000 		.word	.LC34
 2204 0348 4C030000 		.word	.LC35
 2205 034c 5C030000 		.word	.LC36
 2206 0350 6C030000 		.word	.LC37
 2207 0354 7C030000 		.word	.LC38
 2208 0358 00000000 		.word	App_LED_enabled
 2209 035c 84030000 		.word	.LC39
 2210 0360 00000000 		.word	level_sensor_enabled
 2211 0364 94030000 		.word	.LC40
 2212 0368 00000000 		.word	valve_enabled
 2213 036c 9C030000 		.word	.LC41
 2214 0370 00000000 		.word	autosampler_enabled
 2215 0374 A8030000 		.word	.LC42
 2216 0378 00000000 		.word	sontek_enabled
 2217 037c B0030000 		.word	.LC43
 2218 0380 BC030000 		.word	.LC44
 2219 0384 CC030000 		.word	.LC45
 2220 0388 D4030000 		.word	.LC46
 2221 038c E4030000 		.word	.LC47
 2222 0390 EC030000 		.word	.LC48
 2223 0394 00000000 		.word	updatable_parameters
 2224 0398 F0030000 		.word	.LC49
 2225 039c 0C040000 		.word	.LC50
 2226 03a0 28040000 		.word	.LC51
 2227 03a4 44040000 		.word	.LC52
 2228 03a8 00000000 		.word	alarmMeasure
 2229 03ac 60040000 		.word	.LC53
 2230 03b0 84040000 		.word	.LC54
 2231 03b4 00000000 		.word	alarmSync
 2232 03b8 B4040000 		.word	.LC55
 2233 03bc DC040000 		.word	.LC56
 2234 03c0 0C050000 		.word	.LC57
ARM GAS  C:\Users\kland\AppData\Local\Temp\ccxBiICe.s 			page 55


 2235              	.L108:
 621:modem.c       ****     }else{
 622:modem.c       ****         printNotif(NOTIF_TYPE_ERROR,"Could not parse new debugging frequency value.");
 2236              		.loc 1 622 0
 2237 03c4 8549     		ldr	r1, .L126
 2238 03c6 0220     		movs	r0, #2
 2239 03c8 FFF7FEFF 		bl	printNotif
 2240              	.L109:
 623:modem.c       ****     }
 624:modem.c       ****     
 625:modem.c       ****     // app alarm frequency updates
 626:modem.c       ****     // APP_INTERFACE-------------------------------------------------------------------------------
 627:modem.c       ****     if (updatable_parameters.node_type == NODE_TYPE_CUSTOM){
 2241              		.loc 1 627 0
 2242 03cc 844B     		ldr	r3, .L126+4
 2243 03ce 1B78     		ldrb	r3, [r3]	@ zero_extendqisi2
 2244 03d0 042B     		cmp	r3, #4
 2245 03d2 40F0FD80 		bne	.L123
 2246              	.LBB9:
 628:modem.c       ****         char temp[100];
 629:modem.c       ****         temp[0] = '\0'; 
 2247              		.loc 1 629 0
 2248 03d6 07F10803 		add	r3, r7, #8
 2249 03da 0022     		movs	r2, #0
 2250 03dc 1A70     		strb	r2, [r3]
 630:modem.c       ****         
 631:modem.c       ****         if(App_LED_enabled){ //if you're not enabled, don't talk
 2251              		.loc 1 631 0
 2252 03de 814B     		ldr	r3, .L126+8
 2253 03e0 1B78     		ldrb	r3, [r3]	@ zero_extendqisi2
 2254 03e2 002B     		cmp	r3, #0
 2255 03e4 4ED0     		beq	.L111
 632:modem.c       ****             if (strstr(s_app_led,"Freq=")!=NULL){
 2256              		.loc 1 632 0
 2257 03e6 07F55273 		add	r3, r7, #840
 2258 03ea 7F49     		ldr	r1, .L126+12
 2259 03ec 1846     		mov	r0, r3
 2260 03ee FFF7FEFF 		bl	strstr
 2261 03f2 0346     		mov	r3, r0
 2262 03f4 002B     		cmp	r3, #0
 2263 03f6 41D0     		beq	.L112
 633:modem.c       ****                 temp[0] = '\0';
 2264              		.loc 1 633 0
 2265 03f8 07F10803 		add	r3, r7, #8
 2266 03fc 0022     		movs	r2, #0
 2267 03fe 1A70     		strb	r2, [r3]
 634:modem.c       ****                 strcpy(temp,s_app_led);
 2268              		.loc 1 634 0
 2269 0400 07F55272 		add	r2, r7, #840
 2270 0404 07F10803 		add	r3, r7, #8
 2271 0408 1146     		mov	r1, r2
 2272 040a 1846     		mov	r0, r3
 2273 040c FFF7FEFF 		bl	strcpy
 635:modem.c       ****                 extract_string(temp,"Freq=","\r",s_app_led); // grab level app frequency
 2274              		.loc 1 635 0
 2275 0410 07F55273 		add	r3, r7, #840
 2276 0414 07F10800 		add	r0, r7, #8
ARM GAS  C:\Users\kland\AppData\Local\Temp\ccxBiICe.s 			page 56


 2277 0418 744A     		ldr	r2, .L126+16
 2278 041a 7349     		ldr	r1, .L126+12
 2279 041c FFF7FEFF 		bl	extract_string
 636:modem.c       ****                 if(sscanf(s_app_led, "%d", &app_led_freq)==1){
 2280              		.loc 1 636 0
 2281 0420 07F17402 		add	r2, r7, #116
 2282 0424 07F55273 		add	r3, r7, #840
 2283 0428 7149     		ldr	r1, .L126+20
 2284 042a 1846     		mov	r0, r3
 2285 042c FFF7FEFF 		bl	sscanf
 2286 0430 0346     		mov	r3, r0
 2287 0432 012B     		cmp	r3, #1
 2288 0434 1DD1     		bne	.L113
 637:modem.c       ****                     updatable_parameters.App_LED_freq = app_led_freq;
 2289              		.loc 1 637 0
 2290 0436 07F17403 		add	r3, r7, #116
 2291 043a 1B68     		ldr	r3, [r3]
 2292 043c DAB2     		uxtb	r2, r3
 2293 043e 684B     		ldr	r3, .L126+4
 2294 0440 5A71     		strb	r2, [r3, #5]
 638:modem.c       ****                     // update the alarm to the new frequency
 639:modem.c       ****                     alarmAppLED = CreateAlarm(updatable_parameters.App_LED_freq,ALARM_TYPE_MINUTE,A
 2295              		.loc 1 639 0
 2296 0442 674B     		ldr	r3, .L126+4
 2297 0444 5B79     		ldrb	r3, [r3, #5]	@ zero_extendqisi2
 2298 0446 99B2     		uxth	r1, r3
 2299 0448 6A4C     		ldr	r4, .L126+24
 2300 044a 3846     		mov	r0, r7
 2301 044c 0723     		movs	r3, #7
 2302 044e 0122     		movs	r2, #1
 2303 0450 FFF7FEFF 		bl	CreateAlarm
 2304 0454 3A46     		mov	r2, r7
 2305 0456 2346     		mov	r3, r4
 2306 0458 1168     		ldr	r1, [r2]	@ unaligned
 2307 045a 1960     		str	r1, [r3]	@ unaligned
 2308 045c 9288     		ldrh	r2, [r2, #4]	@ unaligned
 2309 045e 9A80     		strh	r2, [r3, #4]	@ unaligned
 640:modem.c       ****                     printNotif(NOTIF_TYPE_EVENT, "App_LED frequency changed to: %d\r\n", app_led_fr
 2310              		.loc 1 640 0
 2311 0460 07F17403 		add	r3, r7, #116
 2312 0464 1B68     		ldr	r3, [r3]
 2313 0466 1A46     		mov	r2, r3
 2314 0468 6349     		ldr	r1, .L126+28
 2315 046a 0020     		movs	r0, #0
 2316 046c FFF7FEFF 		bl	printNotif
 2317 0470 08E0     		b	.L111
 2318              	.L113:
 641:modem.c       ****                 } 
 642:modem.c       ****                 else{
 643:modem.c       ****                     printNotif(NOTIF_TYPE_ERROR,"Could not parse new App_LED frequency value.");
 2319              		.loc 1 643 0
 2320 0472 6249     		ldr	r1, .L126+32
 2321 0474 0220     		movs	r0, #2
 2322 0476 FFF7FEFF 		bl	printNotif
 2323 047a 03E0     		b	.L111
 2324              	.L112:
 644:modem.c       ****                 }
ARM GAS  C:\Users\kland\AppData\Local\Temp\ccxBiICe.s 			page 57


 645:modem.c       ****             }
 646:modem.c       ****             else{
 647:modem.c       ****                 printNotif(NOTIF_TYPE_ERROR,"No App_LED frequency value indicated.");
 2325              		.loc 1 647 0
 2326 047c 6049     		ldr	r1, .L126+36
 2327 047e 0220     		movs	r0, #2
 2328 0480 FFF7FEFF 		bl	printNotif
 2329              	.L111:
 648:modem.c       ****             }
 649:modem.c       ****         }
 650:modem.c       ****         if(level_sensor_enabled){
 2330              		.loc 1 650 0
 2331 0484 5F4B     		ldr	r3, .L126+40
 2332 0486 1B78     		ldrb	r3, [r3]	@ zero_extendqisi2
 2333 0488 002B     		cmp	r3, #0
 2334 048a 4ED0     		beq	.L115
 651:modem.c       ****             if (strstr(s_level_sensor,"Freq=")!=NULL){
 2335              		.loc 1 651 0
 2336 048c 07F53973 		add	r3, r7, #740
 2337 0490 5549     		ldr	r1, .L126+12
 2338 0492 1846     		mov	r0, r3
 2339 0494 FFF7FEFF 		bl	strstr
 2340 0498 0346     		mov	r3, r0
 2341 049a 002B     		cmp	r3, #0
 2342 049c 41D0     		beq	.L116
 652:modem.c       ****                 temp[0] = '\0';
 2343              		.loc 1 652 0
 2344 049e 07F10803 		add	r3, r7, #8
 2345 04a2 0022     		movs	r2, #0
 2346 04a4 1A70     		strb	r2, [r3]
 653:modem.c       ****                 strcpy(temp,s_level_sensor);
 2347              		.loc 1 653 0
 2348 04a6 07F53972 		add	r2, r7, #740
 2349 04aa 07F10803 		add	r3, r7, #8
 2350 04ae 1146     		mov	r1, r2
 2351 04b0 1846     		mov	r0, r3
 2352 04b2 FFF7FEFF 		bl	strcpy
 654:modem.c       ****                 extract_string(temp,"Freq=","\r",s_level_sensor); // grab level app frequency
 2353              		.loc 1 654 0
 2354 04b6 07F53973 		add	r3, r7, #740
 2355 04ba 07F10800 		add	r0, r7, #8
 2356 04be 4B4A     		ldr	r2, .L126+16
 2357 04c0 4949     		ldr	r1, .L126+12
 2358 04c2 FFF7FEFF 		bl	extract_string
 655:modem.c       ****                 if(sscanf(s_level_sensor, "%d", &level_sensor_freq)==1){
 2359              		.loc 1 655 0
 2360 04c6 07F17002 		add	r2, r7, #112
 2361 04ca 07F53973 		add	r3, r7, #740
 2362 04ce 4849     		ldr	r1, .L126+20
 2363 04d0 1846     		mov	r0, r3
 2364 04d2 FFF7FEFF 		bl	sscanf
 2365 04d6 0346     		mov	r3, r0
 2366 04d8 012B     		cmp	r3, #1
 2367 04da 1DD1     		bne	.L117
 656:modem.c       ****                     updatable_parameters.Level_Sensor_freq = level_sensor_freq;
 2368              		.loc 1 656 0
 2369 04dc 07F17003 		add	r3, r7, #112
ARM GAS  C:\Users\kland\AppData\Local\Temp\ccxBiICe.s 			page 58


 2370 04e0 1B68     		ldr	r3, [r3]
 2371 04e2 DAB2     		uxtb	r2, r3
 2372 04e4 3E4B     		ldr	r3, .L126+4
 2373 04e6 9A71     		strb	r2, [r3, #6]
 657:modem.c       ****                     alarmLevelSensor = CreateAlarm(updatable_parameters.Level_Sensor_freq,ALARM_TYP
 2374              		.loc 1 657 0
 2375 04e8 3D4B     		ldr	r3, .L126+4
 2376 04ea 9B79     		ldrb	r3, [r3, #6]	@ zero_extendqisi2
 2377 04ec 99B2     		uxth	r1, r3
 2378 04ee 464C     		ldr	r4, .L126+44
 2379 04f0 3846     		mov	r0, r7
 2380 04f2 0723     		movs	r3, #7
 2381 04f4 0122     		movs	r2, #1
 2382 04f6 FFF7FEFF 		bl	CreateAlarm
 2383 04fa 3A46     		mov	r2, r7
 2384 04fc 2346     		mov	r3, r4
 2385 04fe 1168     		ldr	r1, [r2]	@ unaligned
 2386 0500 1960     		str	r1, [r3]	@ unaligned
 2387 0502 9288     		ldrh	r2, [r2, #4]	@ unaligned
 2388 0504 9A80     		strh	r2, [r3, #4]	@ unaligned
 658:modem.c       **** 
 659:modem.c       ****                     printNotif(NOTIF_TYPE_EVENT, "Level_Sensor frequency changed to: %d\r\n", level
 2389              		.loc 1 659 0
 2390 0506 07F17003 		add	r3, r7, #112
 2391 050a 1B68     		ldr	r3, [r3]
 2392 050c 1A46     		mov	r2, r3
 2393 050e 3F49     		ldr	r1, .L126+48
 2394 0510 0020     		movs	r0, #0
 2395 0512 FFF7FEFF 		bl	printNotif
 2396 0516 08E0     		b	.L115
 2397              	.L117:
 660:modem.c       ****                 } 
 661:modem.c       ****                 else{
 662:modem.c       ****                     printNotif(NOTIF_TYPE_ERROR,"Could not parse new Level_Sensor frequency value."
 2398              		.loc 1 662 0
 2399 0518 3D49     		ldr	r1, .L126+52
 2400 051a 0220     		movs	r0, #2
 2401 051c FFF7FEFF 		bl	printNotif
 2402 0520 03E0     		b	.L115
 2403              	.L116:
 663:modem.c       ****                 }
 664:modem.c       ****             }
 665:modem.c       ****             else{
 666:modem.c       ****                 printNotif(NOTIF_TYPE_ERROR,"No Level_Sensor frequency value indicated.");
 2404              		.loc 1 666 0
 2405 0522 3C49     		ldr	r1, .L126+56
 2406 0524 0220     		movs	r0, #2
 2407 0526 FFF7FEFF 		bl	printNotif
 2408              	.L115:
 667:modem.c       ****             }
 668:modem.c       ****         }
 669:modem.c       ****         
 670:modem.c       ****         /* Comment this out for debugging
 671:modem.c       ****         // I put it inside the NODE_TYPE_CUSTOM loop bc it is but I need to check if having NODE_TY
 672:modem.c       ****         if(sontek_enabled){ //Kayla: when I want to change my sampling freq; happens once on progra
 673:modem.c       ****             if (strstr(s_sontek,"Freq=") !=NULL){
 674:modem.c       ****                 temp[0] = '\0';
ARM GAS  C:\Users\kland\AppData\Local\Temp\ccxBiICe.s 			page 59


 675:modem.c       ****                 strcpy(temp,s_sontek); // maybe not used but we keep it in case
 676:modem.c       ****                 extract_string(temp,"Freq=","\r",s_sontek); // grab sontek app frequency
 677:modem.c       ****                 if(sscanf(s_sontek, "%d", &sontek_freq)==1){ // lowercase sontek_freq here bc that'
 678:modem.c       ****                     updatable_parameters.Sontek_freq = sontek_freq;
 679:modem.c       ****                     alarmSontek = CreateAlarm(updatable_parameters.Sontek_freq,ALARM_TYPE_MINUTE,AL
 680:modem.c       ****                     printNotif(NOTIF_TYPE_EVENT, "Sontek frequency changed to: %d\r\n", sontek_freq
 681:modem.c       ****                 }
 682:modem.c       ****                 else{
 683:modem.c       ****                     printNotif(NOTIF_TYPE_ERROR, "Could not parse new Sontek frequency value.");
 684:modem.c       ****                 }
 685:modem.c       ****             }
 686:modem.c       ****             else{
 687:modem.c       ****                 printNotif(NOTIF_TYPE_ERROR, "No Sontek frequency value indicated.");
 688:modem.c       ****             }
 689:modem.c       ****         }       
 690:modem.c       ****         */
 691:modem.c       ****         
 692:modem.c       ****         /*
 693:modem.c       ****         if(downstream_level_sensor_enabled){ 
 694:modem.c       ****             if (strstr(s_down_level_sensor,"Freq=") !=NULL){
 695:modem.c       ****                 temp[0] = '\0';
 696:modem.c       ****                 strcpy(temp,s_down_level_sensor); // this temp may not actually be used
 697:modem.c       ****                 extract_string(temp,"Freq=","\r",s_down_level_sensor); // grab level app frequency
 698:modem.c       ****                 if(sscanf(s_down_level_sensor, "%d", &down_level_freq)==1){
 699:modem.c       ****                     updatable_parameters.Downstream_Level_Sensor_freq = down_level_freq;
 700:modem.c       ****                     alarmDownstreamLevelSensor = CreateAlarm(updatable_parameters.Downstream_Level_
 701:modem.c       ****                     printNotif(NOTIF_TYPE_EVENT, "Downstream_Level_Sensor frequency changed to: %d\
 702:modem.c       ****                 } 
 703:modem.c       ****                 else{
 704:modem.c       ****                     printNotif(NOTIF_TYPE_ERROR,"Could not parse new Downstream_Level_Sensor freque
 705:modem.c       ****                 }
 706:modem.c       ****             }
 707:modem.c       ****             else{
 708:modem.c       ****                 printNotif(NOTIF_TYPE_ERROR,"No Downstream_Level_Sensor frequency value indicated."
 709:modem.c       ****             }
 710:modem.c       ****         }
 711:modem.c       ****         */
 712:modem.c       ****         /*
 713:modem.c       ****         if(valve_enabled){ 
 714:modem.c       ****             if (strstr(s_valve,"Freq=") !=NULL){
 715:modem.c       ****                 temp[0] = '\0';
 716:modem.c       ****                 strcpy(temp,s_valve);
 717:modem.c       ****                 extract_string(temp,"Freq=","\r",s_valve); // grab valve frequency
 718:modem.c       ****                 if(sscanf(s_valve, "%d", &valve_freq)==1){
 719:modem.c       ****                     updatable_parameters.Valve_freq = valve_freq;
 720:modem.c       ****                     alarmDownstreamLevelSensor = CreateAlarm(updatable_parameters.Valve_freq,ALARM_
 721:modem.c       ****                     printNotif(NOTIF_TYPE_EVENT, "Valve frequency changed to: %d\r\n", valve_freq);
 722:modem.c       ****                 } 
 723:modem.c       ****                 else{
 724:modem.c       ****                     printNotif(NOTIF_TYPE_ERROR,"Could not parse new Valve frequency value.");
 725:modem.c       ****                 }
 726:modem.c       ****             }
 727:modem.c       ****             else{
 728:modem.c       ****                 printNotif(NOTIF_TYPE_ERROR,"No Valve frequency value indicated.");
 729:modem.c       ****             }
 730:modem.c       ****         }
 731:modem.c       ****         */
ARM GAS  C:\Users\kland\AppData\Local\Temp\ccxBiICe.s 			page 60


 732:modem.c       ****         if(autosampler_enabled){ 
 2409              		.loc 1 732 0
 2410 052a 3B4B     		ldr	r3, .L126+60
 2411 052c 1B78     		ldrb	r3, [r3]	@ zero_extendqisi2
 2412 052e 002B     		cmp	r3, #0
 2413 0530 4ED0     		beq	.L123
 733:modem.c       ****             if (strstr(s_autosampler,"Freq=") !=NULL){
 2414              		.loc 1 733 0
 2415 0532 07F5DC73 		add	r3, r7, #440
 2416 0536 2C49     		ldr	r1, .L126+12
 2417 0538 1846     		mov	r0, r3
 2418 053a FFF7FEFF 		bl	strstr
 2419 053e 0346     		mov	r3, r0
 2420 0540 002B     		cmp	r3, #0
 2421 0542 41D0     		beq	.L120
 734:modem.c       ****                 temp[0] = '\0';
 2422              		.loc 1 734 0
 2423 0544 07F10803 		add	r3, r7, #8
 2424 0548 0022     		movs	r2, #0
 2425 054a 1A70     		strb	r2, [r3]
 735:modem.c       ****                 strcpy(temp,s_autosampler); // this temp may not actually be used
 2426              		.loc 1 735 0
 2427 054c 07F5DC72 		add	r2, r7, #440
 2428 0550 07F10803 		add	r3, r7, #8
 2429 0554 1146     		mov	r1, r2
 2430 0556 1846     		mov	r0, r3
 2431 0558 FFF7FEFF 		bl	strcpy
 736:modem.c       ****                 extract_string(temp,"Freq=","\r",s_autosampler); // grab autosampler app frequency
 2432              		.loc 1 736 0
 2433 055c 07F5DC73 		add	r3, r7, #440
 2434 0560 07F10800 		add	r0, r7, #8
 2435 0564 214A     		ldr	r2, .L126+16
 2436 0566 2049     		ldr	r1, .L126+12
 2437 0568 FFF7FEFF 		bl	extract_string
 737:modem.c       ****                 if(sscanf(s_autosampler, "%d", &autosampler_freq)==1){
 2438              		.loc 1 737 0
 2439 056c 07F16C02 		add	r2, r7, #108
 2440 0570 07F5DC73 		add	r3, r7, #440
 2441 0574 1E49     		ldr	r1, .L126+20
 2442 0576 1846     		mov	r0, r3
 2443 0578 FFF7FEFF 		bl	sscanf
 2444 057c 0346     		mov	r3, r0
 2445 057e 012B     		cmp	r3, #1
 2446 0580 1DD1     		bne	.L121
 738:modem.c       ****                     updatable_parameters.Autosampler_freq = autosampler_freq;
 2447              		.loc 1 738 0
 2448 0582 07F16C03 		add	r3, r7, #108
 2449 0586 1B68     		ldr	r3, [r3]
 2450 0588 DAB2     		uxtb	r2, r3
 2451 058a 154B     		ldr	r3, .L126+4
 2452 058c 5A72     		strb	r2, [r3, #9]
 739:modem.c       ****                     alarmAutosampler = CreateAlarm(updatable_parameters.Autosampler_freq,ALARM_TYPE
 2453              		.loc 1 739 0
 2454 058e 144B     		ldr	r3, .L126+4
 2455 0590 5B7A     		ldrb	r3, [r3, #9]	@ zero_extendqisi2
 2456 0592 99B2     		uxth	r1, r3
 2457 0594 214C     		ldr	r4, .L126+64
ARM GAS  C:\Users\kland\AppData\Local\Temp\ccxBiICe.s 			page 61


 2458 0596 3846     		mov	r0, r7
 2459 0598 0723     		movs	r3, #7
 2460 059a 0122     		movs	r2, #1
 2461 059c FFF7FEFF 		bl	CreateAlarm
 2462 05a0 3A46     		mov	r2, r7
 2463 05a2 2346     		mov	r3, r4
 2464 05a4 1168     		ldr	r1, [r2]	@ unaligned
 2465 05a6 1960     		str	r1, [r3]	@ unaligned
 2466 05a8 9288     		ldrh	r2, [r2, #4]	@ unaligned
 2467 05aa 9A80     		strh	r2, [r3, #4]	@ unaligned
 740:modem.c       ****                     printNotif(NOTIF_TYPE_EVENT, "Autosampler frequency changed to: %d\r\n", autosa
 2468              		.loc 1 740 0
 2469 05ac 07F16C03 		add	r3, r7, #108
 2470 05b0 1B68     		ldr	r3, [r3]
 2471 05b2 1A46     		mov	r2, r3
 2472 05b4 1A49     		ldr	r1, .L126+68
 2473 05b6 0020     		movs	r0, #0
 2474 05b8 FFF7FEFF 		bl	printNotif
 2475              	.LBE9:
 741:modem.c       ****                 } 
 742:modem.c       ****                 else{
 743:modem.c       ****                     printNotif(NOTIF_TYPE_ERROR,"Could not parse new Autosampler frequency value.")
 744:modem.c       ****                 }
 745:modem.c       ****             }
 746:modem.c       ****             else{
 747:modem.c       ****                 printNotif(NOTIF_TYPE_ERROR,"No Autosampler frequency value indicated.");
 748:modem.c       ****             }
 749:modem.c       ****         }
 750:modem.c       ****        
 751:modem.c       ****         
 752:modem.c       ****         /* app add template
 753:modem.c       ****         if(<name>_enabled){ 
 754:modem.c       ****             if (strstr(s_<name>,"Freq=") !=NULL){
 755:modem.c       ****                 temp[0] = '\0';
 756:modem.c       ****                 strcpy(temp,s_<name>); // this temp may not actually be used
 757:modem.c       ****                 extract_string(temp,"Freq=","\r",s_<name>); // grab <name> app frequency
 758:modem.c       ****                 if(sscanf(s_<name>, "%d", &<name>_freq)==1){
 759:modem.c       ****                     updatable_parameters.<name>_freq = <name>_freq;
 760:modem.c       ****                     alarm<Name> = CreateAlarm(updatable_parameters.<Name>_freq,ALARM_TYPE_MINUTE,AL
 761:modem.c       ****                     printNotif(NOTIF_TYPE_EVENT, "<Name> frequency changed to: %d\r\n", <name>_freq
 762:modem.c       ****                 } 
 763:modem.c       ****                 else{
 764:modem.c       ****                     printNotif(NOTIF_TYPE_ERROR,"Could not parse new <Name>frequency value.");
 765:modem.c       ****                 }
 766:modem.c       ****             }
 767:modem.c       ****             else{
 768:modem.c       ****                 printNotif(NOTIF_TYPE_ERROR,"No <Name> frequency value indicated.");
 769:modem.c       ****             }
 770:modem.c       ****         }
 771:modem.c       ****         */
 772:modem.c       ****     
 773:modem.c       ****     }   
 774:modem.c       ****     //---------------------------------------------------------------------------------------------
 775:modem.c       **** }
 2476              		.loc 1 775 0
 2477 05bc 08E0     		b	.L123
 2478              	.L121:
ARM GAS  C:\Users\kland\AppData\Local\Temp\ccxBiICe.s 			page 62


 2479              	.LBB10:
 743:modem.c       ****                 }
 2480              		.loc 1 743 0
 2481 05be 1949     		ldr	r1, .L126+72
 2482 05c0 0220     		movs	r0, #2
 2483 05c2 FFF7FEFF 		bl	printNotif
 2484              	.LBE10:
 2485              		.loc 1 775 0
 2486 05c6 03E0     		b	.L123
 2487              	.L120:
 2488              	.LBB11:
 747:modem.c       ****             }
 2489              		.loc 1 747 0
 2490 05c8 1749     		ldr	r1, .L126+76
 2491 05ca 0220     		movs	r0, #2
 2492 05cc FFF7FEFF 		bl	printNotif
 2493              	.L123:
 2494              	.LBE11:
 2495              		.loc 1 775 0
 2496 05d0 00BF     		nop
 2497 05d2 07F57B77 		add	r7, r7, #1004
 2498              		.cfi_def_cfa_offset 12
 2499 05d6 BD46     		mov	sp, r7
 2500              		.cfi_def_cfa_register 13
 2501              		@ sp needed
 2502 05d8 90BD     		pop	{r4, r7, pc}
 2503              	.L127:
 2504 05da 00BF     		.align	2
 2505              	.L126:
 2506 05dc 38050000 		.word	.LC58
 2507 05e0 00000000 		.word	updatable_parameters
 2508 05e4 00000000 		.word	App_LED_enabled
 2509 05e8 68050000 		.word	.LC59
 2510 05ec 88020000 		.word	.LC21
 2511 05f0 EC030000 		.word	.LC48
 2512 05f4 00000000 		.word	alarmAppLED
 2513 05f8 70050000 		.word	.LC60
 2514 05fc 94050000 		.word	.LC61
 2515 0600 C4050000 		.word	.LC62
 2516 0604 00000000 		.word	level_sensor_enabled
 2517 0608 00000000 		.word	alarmLevelSensor
 2518 060c EC050000 		.word	.LC63
 2519 0610 14060000 		.word	.LC64
 2520 0614 48060000 		.word	.LC65
 2521 0618 00000000 		.word	autosampler_enabled
 2522 061c 00000000 		.word	alarmAutosampler
 2523 0620 74060000 		.word	.LC66
 2524 0624 9C060000 		.word	.LC67
 2525 0628 D0060000 		.word	.LC68
 2526              		.cfi_endproc
 2527              	.LFE81:
 2528              		.size	get_updated_parameters_from_malcom, .-get_updated_parameters_from_malcom
 2529              		.section	.rodata
 2530 06fa 0000     		.align	2
 2531              	.LC69:
 2532 06fc 41542343 		.ascii	"AT#CGMM\015\000"
 2532      474D4D0D 
ARM GAS  C:\Users\kland\AppData\Local\Temp\ccxBiICe.s 			page 63


 2532      00
 2533 0705 000000   		.align	2
 2534              	.LC70:
 2535 0708 4D6F6465 		.ascii	"Modem Model: %s\000"
 2535      6D204D6F 
 2535      64656C3A 
 2535      20257300 
 2536              		.align	2
 2537              	.LC71:
 2538 0718 41542343 		.ascii	"AT#CCID\015\000"
 2538      4349440D 
 2538      00
 2539 0721 000000   		.align	2
 2540              	.LC72:
 2541 0724 53494D20 		.ascii	"SIM ID: %s\000"
 2541      49443A20 
 2541      257300
 2542 072f 00       		.align	2
 2543              	.LC73:
 2544 0730 41542B43 		.ascii	"AT+CGSN\015\000"
 2544      47534E0D 
 2544      00
 2545 0739 000000   		.align	2
 2546              	.LC74:
 2547 073c 494D4549 		.ascii	"IMEI: %s\000"
 2547      3A202573 
 2547      00
 2548 0745 000000   		.align	2
 2549              	.LC75:
 2550 0748 41542B43 		.ascii	"AT+CGDCONT=1,\"IP\",\"wireless.twilio.com\"\015\012"
 2550      4744434F 
 2550      4E543D31 
 2550      2C224950 
 2550      222C2277 
 2551 0771 00       		.ascii	"\000"
 2552 0772 0000     		.align	2
 2553              	.LC76:
 2554 0774 41542B43 		.ascii	"AT+CGDCONT=1,\"IP\",\"super\"\015\012\000"
 2554      4744434F 
 2554      4E543D31 
 2554      2C224950 
 2554      222C2273 
 2555              		.align	2
 2556              	.LC77:
 2557 0790 41542B43 		.ascii	"AT+CFUN?\015\000"
 2557      46554E3F 
 2557      0D00
 2558 079a 0000     		.align	2
 2559              	.LC78:
 2560 079c 4346554E 		.ascii	"CFUN: %s\000"
 2560      3A202573 
 2560      00
 2561 07a5 000000   		.align	2
 2562              	.LC79:
 2563 07a8 41542B43 		.ascii	"AT+CFUN=1\015\000"
 2563      46554E3D 
 2563      310D00
ARM GAS  C:\Users\kland\AppData\Local\Temp\ccxBiICe.s 			page 64


 2564              		.section	.text.modem_configure_settings,"ax",%progbits
 2565              		.align	2
 2566              		.global	modem_configure_settings
 2567              		.thumb
 2568              		.thumb_func
 2569              		.type	modem_configure_settings, %function
 2570              	modem_configure_settings:
 2571              	.LFB82:
 776:modem.c       ****     
 777:modem.c       **** // Configure the modem settings
 778:modem.c       **** void modem_configure_settings(){
 2572              		.loc 1 778 0
 2573              		.cfi_startproc
 2574              		@ args = 0, pretend = 0, frame = 16
 2575              		@ frame_needed = 1, uses_anonymous_args = 0
 2576 0000 80B5     		push	{r7, lr}
 2577              		.cfi_def_cfa_offset 8
 2578              		.cfi_offset 7, -8
 2579              		.cfi_offset 14, -4
 2580 0002 84B0     		sub	sp, sp, #16
 2581              		.cfi_def_cfa_offset 24
 2582 0004 00AF     		add	r7, sp, #0
 2583              		.cfi_def_cfa_register 7
 779:modem.c       ****     
 780:modem.c       ****     // Save/print modem model ID number
 781:modem.c       ****     if(modem_info.model_id[0] == '\0'){
 2584              		.loc 1 781 0
 2585 0006 454B     		ldr	r3, .L137
 2586 0008 1B7D     		ldrb	r3, [r3, #20]	@ zero_extendqisi2
 2587 000a 002B     		cmp	r3, #0
 2588 000c 13D1     		bne	.L129
 782:modem.c       ****         // AT command #CGMM returns the "device model identification" code with the command echo.
 783:modem.c       ****         if(at_write_command("AT#CGMM\r","OK",DEFAULT_AT_TIMEOUT)){
 2589              		.loc 1 783 0
 2590 000e 4FF4FA62 		mov	r2, #2000
 2591 0012 4349     		ldr	r1, .L137+4
 2592 0014 4348     		ldr	r0, .L137+8
 2593 0016 FFF7FEFF 		bl	at_write_command
 2594 001a 0346     		mov	r3, r0
 2595 001c 002B     		cmp	r3, #0
 2596 001e 0AD0     		beq	.L129
 784:modem.c       ****             // Extract modem model ID number string from the UART
 785:modem.c       ****             extract_string(uart_received_string,": ","\r",modem_info.model_id);
 2597              		.loc 1 785 0
 2598 0020 414B     		ldr	r3, .L137+12
 2599 0022 424A     		ldr	r2, .L137+16
 2600 0024 4249     		ldr	r1, .L137+20
 2601 0026 4348     		ldr	r0, .L137+24
 2602 0028 FFF7FEFF 		bl	extract_string
 786:modem.c       ****             // Print modem model ID number
 787:modem.c       ****             printNotif(NOTIF_TYPE_EVENT,"Modem Model: %s",modem_info.model_id);
 2603              		.loc 1 787 0
 2604 002c 3E4A     		ldr	r2, .L137+12
 2605 002e 4249     		ldr	r1, .L137+28
 2606 0030 0020     		movs	r0, #0
 2607 0032 FFF7FEFF 		bl	printNotif
 2608              	.L129:
ARM GAS  C:\Users\kland\AppData\Local\Temp\ccxBiICe.s 			page 65


 788:modem.c       ****         }
 789:modem.c       ****     }
 790:modem.c       ****     
 791:modem.c       ****    // Save/print SIM-card ID
 792:modem.c       ****    if(modem_info.sim_id[0] == '\0'){
 2609              		.loc 1 792 0
 2610 0036 394B     		ldr	r3, .L137
 2611 0038 1B78     		ldrb	r3, [r3]	@ zero_extendqisi2
 2612 003a 002B     		cmp	r3, #0
 2613 003c 13D1     		bne	.L130
 793:modem.c       ****         // AT command #CCID is an execution command that reads the SIM number 
 794:modem.c       ****         if(at_write_command("AT#CCID\r", "OK", DEFAULT_AT_TIMEOUT)){
 2614              		.loc 1 794 0
 2615 003e 4FF4FA62 		mov	r2, #2000
 2616 0042 3749     		ldr	r1, .L137+4
 2617 0044 3D48     		ldr	r0, .L137+32
 2618 0046 FFF7FEFF 		bl	at_write_command
 2619 004a 0346     		mov	r3, r0
 2620 004c 002B     		cmp	r3, #0
 2621 004e 0AD0     		beq	.L130
 795:modem.c       ****             // Extract SIM-card ID string from the UART
 796:modem.c       ****             extract_string(uart_received_string,": ","\r",modem_info.sim_id);
 2622              		.loc 1 796 0
 2623 0050 324B     		ldr	r3, .L137
 2624 0052 364A     		ldr	r2, .L137+16
 2625 0054 3649     		ldr	r1, .L137+20
 2626 0056 3748     		ldr	r0, .L137+24
 2627 0058 FFF7FEFF 		bl	extract_string
 797:modem.c       ****             printNotif(NOTIF_TYPE_EVENT,"SIM ID: %s",modem_info.sim_id);
 2628              		.loc 1 797 0
 2629 005c 2F4A     		ldr	r2, .L137
 2630 005e 3849     		ldr	r1, .L137+36
 2631 0060 0020     		movs	r0, #0
 2632 0062 FFF7FEFF 		bl	printNotif
 2633              	.L130:
 798:modem.c       ****         }
 799:modem.c       ****    }
 800:modem.c       **** 
 801:modem.c       ****     // Save/print modem IMEI
 802:modem.c       ****     if(modem_info.imei[0] == '\0'){
 2634              		.loc 1 802 0
 2635 0066 2D4B     		ldr	r3, .L137
 2636 0068 93F82830 		ldrb	r3, [r3, #40]	@ zero_extendqisi2
 2637 006c 002B     		cmp	r3, #0
 2638 006e 13D1     		bne	.L131
 803:modem.c       ****         // AT command #CGSN returns the product serial number, identified as the IMEI of the mobile
 804:modem.c       ****         if(at_write_command("AT+CGSN\r","OK",DEFAULT_AT_TIMEOUT)){
 2639              		.loc 1 804 0
 2640 0070 4FF4FA62 		mov	r2, #2000
 2641 0074 2A49     		ldr	r1, .L137+4
 2642 0076 3348     		ldr	r0, .L137+40
 2643 0078 FFF7FEFF 		bl	at_write_command
 2644 007c 0346     		mov	r3, r0
 2645 007e 002B     		cmp	r3, #0
 2646 0080 0AD0     		beq	.L131
 805:modem.c       ****             // Extract modem IMEI number string from the UART
 806:modem.c       ****             extract_string(uart_received_string,": ","\r",modem_info.imei);
ARM GAS  C:\Users\kland\AppData\Local\Temp\ccxBiICe.s 			page 66


 2647              		.loc 1 806 0
 2648 0082 314B     		ldr	r3, .L137+44
 2649 0084 294A     		ldr	r2, .L137+16
 2650 0086 2A49     		ldr	r1, .L137+20
 2651 0088 2A48     		ldr	r0, .L137+24
 2652 008a FFF7FEFF 		bl	extract_string
 807:modem.c       ****             // Print modem IMEI number
 808:modem.c       ****             printNotif(NOTIF_TYPE_EVENT,"IMEI: %s",modem_info.imei);
 2653              		.loc 1 808 0
 2654 008e 2E4A     		ldr	r2, .L137+44
 2655 0090 2E49     		ldr	r1, .L137+48
 2656 0092 0020     		movs	r0, #0
 2657 0094 FFF7FEFF 		bl	printNotif
 2658              	.L131:
 809:modem.c       ****         } 
 810:modem.c       ****     }
 811:modem.c       ****     
 812:modem.c       ****     // Configure protocol and cellular end point
 813:modem.c       ****     // AT command +CGDCONT defines the PDP context parameter values for a PDP context identified by
 814:modem.c       ****     if(updatable_parameters.sim_type == SIM_TYPE_STANDARD){
 2659              		.loc 1 814 0
 2660 0098 2D4B     		ldr	r3, .L137+52
 2661 009a 5B78     		ldrb	r3, [r3, #1]	@ zero_extendqisi2
 2662 009c 83F00103 		eor	r3, r3, #1
 2663 00a0 DBB2     		uxtb	r3, r3
 2664 00a2 002B     		cmp	r3, #0
 2665 00a4 06D0     		beq	.L132
 815:modem.c       ****         at_write_command("AT+CGDCONT=1,\"IP\",\"wireless.twilio.com\"\r\n", "OK", DEFAULT_AT_TIMEOU
 2666              		.loc 1 815 0
 2667 00a6 4FF4FA62 		mov	r2, #2000
 2668 00aa 1D49     		ldr	r1, .L137+4
 2669 00ac 2948     		ldr	r0, .L137+56
 2670 00ae FFF7FEFF 		bl	at_write_command
 2671 00b2 09E0     		b	.L133
 2672              	.L132:
 816:modem.c       ****     
 817:modem.c       ****     }else if(updatable_parameters.sim_type == SIM_TYPE_SUPER){
 2673              		.loc 1 817 0
 2674 00b4 264B     		ldr	r3, .L137+52
 2675 00b6 5B78     		ldrb	r3, [r3, #1]	@ zero_extendqisi2
 2676 00b8 002B     		cmp	r3, #0
 2677 00ba 05D0     		beq	.L133
 818:modem.c       ****         at_write_command("AT+CGDCONT=1,\"IP\",\"super\"\r\n", "OK", DEFAULT_AT_TIMEOUT);
 2678              		.loc 1 818 0
 2679 00bc 4FF4FA62 		mov	r2, #2000
 2680 00c0 1749     		ldr	r1, .L137+4
 2681 00c2 2548     		ldr	r0, .L137+60
 2682 00c4 FFF7FEFF 		bl	at_write_command
 2683              	.L133:
 819:modem.c       ****     }
 820:modem.c       ****     
 821:modem.c       ****     // Check if modem power savings is enabled. If so, disable it so we can send data.
 822:modem.c       ****     // AT command +CFUN? is a read command that reports the current setting of <fun> which is the p
 823:modem.c       ****     if(at_write_command("AT+CFUN?\r", "OK",DEFAULT_AT_TIMEOUT)){
 2684              		.loc 1 823 0
 2685 00c8 4FF4FA62 		mov	r2, #2000
 2686 00cc 1449     		ldr	r1, .L137+4
ARM GAS  C:\Users\kland\AppData\Local\Temp\ccxBiICe.s 			page 67


 2687 00ce 2348     		ldr	r0, .L137+64
 2688 00d0 FFF7FEFF 		bl	at_write_command
 2689 00d4 0346     		mov	r3, r0
 2690 00d6 002B     		cmp	r3, #0
 2691 00d8 1BD0     		beq	.L136
 2692              	.LBB12:
 824:modem.c       ****         char CFUN[10]; // Create a character array of length 10 called CFUN 
 825:modem.c       ****         CFUN[0] = '\0';
 2693              		.loc 1 825 0
 2694 00da 0023     		movs	r3, #0
 2695 00dc 3B71     		strb	r3, [r7, #4]
 826:modem.c       ****         // Extract UART string recieved from the modem
 827:modem.c       ****         extract_string(uart_received_string,": ","\r",CFUN);
 2696              		.loc 1 827 0
 2697 00de 3B1D     		adds	r3, r7, #4
 2698 00e0 124A     		ldr	r2, .L137+16
 2699 00e2 1349     		ldr	r1, .L137+20
 2700 00e4 1348     		ldr	r0, .L137+24
 2701 00e6 FFF7FEFF 		bl	extract_string
 828:modem.c       ****         // Print UART string recieved from the modem
 829:modem.c       ****         printNotif(NOTIF_TYPE_EVENT,"CFUN: %s",CFUN);
 2702              		.loc 1 829 0
 2703 00ea 3B1D     		adds	r3, r7, #4
 2704 00ec 1A46     		mov	r2, r3
 2705 00ee 1C49     		ldr	r1, .L137+68
 2706 00f0 0020     		movs	r0, #0
 2707 00f2 FFF7FEFF 		bl	printNotif
 830:modem.c       ****         // Search CRUN for "1", if "1" exists, it will return 1u otherwise it will return NULL
 831:modem.c       ****         // If it returns NULL, then write another command to the modem
 832:modem.c       ****         if(strstr(CFUN,"1") == NULL){
 2708              		.loc 1 832 0
 2709 00f6 3B1D     		adds	r3, r7, #4
 2710 00f8 3121     		movs	r1, #49
 2711 00fa 1846     		mov	r0, r3
 2712 00fc FFF7FEFF 		bl	strchr
 2713 0100 0346     		mov	r3, r0
 2714 0102 002B     		cmp	r3, #0
 2715 0104 05D1     		bne	.L136
 833:modem.c       ****             // AT command +CFUN= is a set command which selects the level of functionality in the m
 834:modem.c       ****             // = 1 means mobile full functionality with power saving disabled 
 835:modem.c       ****             at_write_command("AT+CFUN=1\r", "OK",DEFAULT_AT_TIMEOUT);
 2716              		.loc 1 835 0
 2717 0106 4FF4FA62 		mov	r2, #2000
 2718 010a 0549     		ldr	r1, .L137+4
 2719 010c 1548     		ldr	r0, .L137+72
 2720 010e FFF7FEFF 		bl	at_write_command
 2721              	.L136:
 2722              	.LBE12:
 836:modem.c       ****         }
 837:modem.c       ****     }
 838:modem.c       **** 
 839:modem.c       ****     
 840:modem.c       **** }
 2723              		.loc 1 840 0
 2724 0112 00BF     		nop
 2725 0114 1037     		adds	r7, r7, #16
 2726              		.cfi_def_cfa_offset 8
ARM GAS  C:\Users\kland\AppData\Local\Temp\ccxBiICe.s 			page 68


 2727 0116 BD46     		mov	sp, r7
 2728              		.cfi_def_cfa_register 13
 2729              		@ sp needed
 2730 0118 80BD     		pop	{r7, pc}
 2731              	.L138:
 2732 011a 00BF     		.align	2
 2733              	.L137:
 2734 011c 00000000 		.word	modem_info
 2735 0120 00000000 		.word	.LC0
 2736 0124 FC060000 		.word	.LC69
 2737 0128 14000000 		.word	modem_info+20
 2738 012c 88020000 		.word	.LC21
 2739 0130 8C020000 		.word	.LC22
 2740 0134 00000000 		.word	uart_received_string
 2741 0138 08070000 		.word	.LC70
 2742 013c 18070000 		.word	.LC71
 2743 0140 24070000 		.word	.LC72
 2744 0144 30070000 		.word	.LC73
 2745 0148 28000000 		.word	modem_info+40
 2746 014c 3C070000 		.word	.LC74
 2747 0150 00000000 		.word	updatable_parameters
 2748 0154 48070000 		.word	.LC75
 2749 0158 74070000 		.word	.LC76
 2750 015c 90070000 		.word	.LC77
 2751 0160 9C070000 		.word	.LC78
 2752 0164 A8070000 		.word	.LC79
 2753              		.cfi_endproc
 2754              	.LFE82:
 2755              		.size	modem_configure_settings, .-modem_configure_settings
 2756              		.section	.rodata
 2757 07b3 00       		.align	2
 2758              	.LC80:
 2759 07b4 4D6F6465 		.ascii	"Modem not ready to get time. Not conncted to networ"
 2759      6D206E6F 
 2759      74207265 
 2759      61647920 
 2759      746F2067 
 2760 07e7 6B2E00   		.ascii	"k.\000"
 2761 07ea 0000     		.align	2
 2762              	.LC81:
 2763 07ec 41542B43 		.ascii	"AT+CCLK?\015\000"
 2763      434C4B3F 
 2763      0D00
 2764 07f6 0000     		.align	2
 2765              	.LC82:
 2766 07f8 220D00   		.ascii	"\"\015\000"
 2767 07fb 00       		.align	2
 2768              	.LC83:
 2769 07fc 3A202200 		.ascii	": \"\000"
 2770              		.align	2
 2771              	.LC84:
 2772 0800 25642F25 		.ascii	"%d/%d/%d,%d:%d:%d-%d\000"
 2772      642F2564 
 2772      2C25643A 
 2772      25643A25 
 2772      642D2564 
 2773 0815 000000   		.align	2
ARM GAS  C:\Users\kland\AppData\Local\Temp\ccxBiICe.s 			page 69


 2774              	.LC85:
 2775 0818 25642F25 		.ascii	"%d/%d/%d,%d:%d:%d+%d\000"
 2775      642F2564 
 2775      2C25643A 
 2775      25643A25 
 2775      642B2564 
 2776 082d 000000   		.align	2
 2777              	.LC86:
 2778 0830 436F756C 		.ascii	"Could not parse modem time.\000"
 2778      64206E6F 
 2778      74207061 
 2778      72736520 
 2778      6D6F6465 
 2779              		.section	.text.modem_get_network_time,"ax",%progbits
 2780              		.align	2
 2781              		.global	modem_get_network_time
 2782              		.thumb
 2783              		.thumb_func
 2784              		.type	modem_get_network_time, %function
 2785              	modem_get_network_time:
 2786              	.LFB83:
 841:modem.c       **** 
 842:modem.c       **** //returns 0 if modem can't get time
 843:modem.c       **** long modem_get_network_time(){
 2787              		.loc 1 843 0
 2788              		.cfi_startproc
 2789              		@ args = 0, pretend = 0, frame = 104
 2790              		@ frame_needed = 1, uses_anonymous_args = 0
 2791 0000 80B5     		push	{r7, lr}
 2792              		.cfi_def_cfa_offset 8
 2793              		.cfi_offset 7, -8
 2794              		.cfi_offset 14, -4
 2795 0002 A0B0     		sub	sp, sp, #128
 2796              		.cfi_def_cfa_offset 136
 2797 0004 06AF     		add	r7, sp, #24
 2798              		.cfi_def_cfa 7, 112
 844:modem.c       ****     
 845:modem.c       ****     //modem reposen format (careful to include the quotes "")
 846:modem.c       ****     //+CCLK: "20/05/01,10:48:33-16" the "-16" is the number of quarter hourts (15 mins) from GMT ti
 847:modem.c       ****     //ex: 14:48 GMT
 848:modem.c       **** 
 849:modem.c       ****     // If modem_state is not "ready", then print error and return 0
 850:modem.c       ****     if(modem_state != MODEM_STATE_READY){
 2799              		.loc 1 850 0
 2800 0006 444B     		ldr	r3, .L146
 2801 0008 1B78     		ldrb	r3, [r3]	@ zero_extendqisi2
 2802 000a 042B     		cmp	r3, #4
 2803 000c 05D0     		beq	.L140
 851:modem.c       ****         printNotif(NOTIF_TYPE_ERROR,"Modem not ready to get time. Not conncted to network.");
 2804              		.loc 1 851 0
 2805 000e 4349     		ldr	r1, .L146+4
 2806 0010 0220     		movs	r0, #2
 2807 0012 FFF7FEFF 		bl	printNotif
 852:modem.c       ****         return 0;   
 2808              		.loc 1 852 0
 2809 0016 0023     		movs	r3, #0
 2810 0018 7AE0     		b	.L141
ARM GAS  C:\Users\kland\AppData\Local\Temp\ccxBiICe.s 			page 70


 2811              	.L140:
 853:modem.c       ****     }
 854:modem.c       ****     long epoch_time = 0; // Create variable of long time and set equal to 0
 2812              		.loc 1 854 0
 2813 001a 0023     		movs	r3, #0
 2814 001c 7B66     		str	r3, [r7, #100]
 855:modem.c       ****     
 856:modem.c       ****     // AT command +CCLK? is a read command that returns the current setting of the real-time clock 
 857:modem.c       ****     if(at_write_command("AT+CCLK?\r","OK",DEFAULT_AT_TIMEOUT)){
 2815              		.loc 1 857 0
 2816 001e 4FF4FA62 		mov	r2, #2000
 2817 0022 3F49     		ldr	r1, .L146+8
 2818 0024 3F48     		ldr	r0, .L146+12
 2819 0026 FFF7FEFF 		bl	at_write_command
 2820 002a 0346     		mov	r3, r0
 2821 002c 002B     		cmp	r3, #0
 2822 002e 6ED0     		beq	.L142
 2823              	.LBB13:
 858:modem.c       ****         // need to set this to /0
 859:modem.c       ****         char network_time[30]; // Create a character array of length 30 called network_time 
 860:modem.c       ****         network_time[0] = '\0';
 2824              		.loc 1 860 0
 2825 0030 0023     		movs	r3, #0
 2826 0032 87F84430 		strb	r3, [r7, #68]
 861:modem.c       ****         // Extract UART string recieved from the modem and save to variable network_time
 862:modem.c       ****         extract_string(uart_received_string,": \"","\"\r",network_time);
 2827              		.loc 1 862 0
 2828 0036 07F14403 		add	r3, r7, #68
 2829 003a 3B4A     		ldr	r2, .L146+16
 2830 003c 3B49     		ldr	r1, .L146+20
 2831 003e 3C48     		ldr	r0, .L146+24
 2832 0040 FFF7FEFF 		bl	extract_string
 863:modem.c       ****         
 864:modem.c       ****         ///////////////////  
 865:modem.c       ****         struct tm t; // Creates variable t of struct tm
 866:modem.c       ****         
 867:modem.c       ****         // Creates a bunch of variables of type int and sets them to 0
 868:modem.c       ****         int year, month, day, hour, minute, second, gmt_offset = 0;
 2833              		.loc 1 868 0
 2834 0044 0023     		movs	r3, #0
 2835 0046 BB62     		str	r3, [r7, #40]
 869:modem.c       ****       
 870:modem.c       ****         // Determines the GMT offset 
 871:modem.c       ****         // int sscanf(const char *str, const char *format, ...) reads formatted input from a string
 872:modem.c       ****         // On success, the function returns the number of variables filled. In the case of an input
 873:modem.c       ****         if(sscanf(network_time,"%d/%d/%d,%d:%d:%d-%d",&year,&month,&day,&hour,&minute,&second,&gmt_
 2836              		.loc 1 873 0
 2837 0048 07F13C01 		add	r1, r7, #60
 2838 004c 07F14002 		add	r2, r7, #64
 2839 0050 07F14400 		add	r0, r7, #68
 2840 0054 07F12803 		add	r3, r7, #40
 2841 0058 0493     		str	r3, [sp, #16]
 2842 005a 07F12C03 		add	r3, r7, #44
 2843 005e 0393     		str	r3, [sp, #12]
 2844 0060 07F13003 		add	r3, r7, #48
 2845 0064 0293     		str	r3, [sp, #8]
 2846 0066 07F13403 		add	r3, r7, #52
ARM GAS  C:\Users\kland\AppData\Local\Temp\ccxBiICe.s 			page 71


 2847 006a 0193     		str	r3, [sp, #4]
 2848 006c 07F13803 		add	r3, r7, #56
 2849 0070 0093     		str	r3, [sp]
 2850 0072 0B46     		mov	r3, r1
 2851 0074 2F49     		ldr	r1, .L146+28
 2852 0076 FFF7FEFF 		bl	sscanf
 2853 007a 0346     		mov	r3, r0
 2854 007c 072B     		cmp	r3, #7
 2855 007e 06D1     		bne	.L143
 874:modem.c       ****             gmt_offset = gmt_offset*(900);
 2856              		.loc 1 874 0
 2857 0080 BB6A     		ldr	r3, [r7, #40]
 2858 0082 4FF46172 		mov	r2, #900
 2859 0086 02FB03F3 		mul	r3, r2, r3
 2860 008a BB62     		str	r3, [r7, #40]
 2861 008c 27E0     		b	.L144
 2862              	.L143:
 875:modem.c       ****         }else if(sscanf(network_time,"%d/%d/%d,%d:%d:%d+%d",&year,&month,&day,&hour,&minute,&second
 2863              		.loc 1 875 0
 2864 008e 07F13C01 		add	r1, r7, #60
 2865 0092 07F14002 		add	r2, r7, #64
 2866 0096 07F14400 		add	r0, r7, #68
 2867 009a 07F12803 		add	r3, r7, #40
 2868 009e 0493     		str	r3, [sp, #16]
 2869 00a0 07F12C03 		add	r3, r7, #44
 2870 00a4 0393     		str	r3, [sp, #12]
 2871 00a6 07F13003 		add	r3, r7, #48
 2872 00aa 0293     		str	r3, [sp, #8]
 2873 00ac 07F13403 		add	r3, r7, #52
 2874 00b0 0193     		str	r3, [sp, #4]
 2875 00b2 07F13803 		add	r3, r7, #56
 2876 00b6 0093     		str	r3, [sp]
 2877 00b8 0B46     		mov	r3, r1
 2878 00ba 1F49     		ldr	r1, .L146+32
 2879 00bc FFF7FEFF 		bl	sscanf
 2880 00c0 0346     		mov	r3, r0
 2881 00c2 072B     		cmp	r3, #7
 2882 00c4 05D1     		bne	.L145
 876:modem.c       ****             gmt_offset = gmt_offset*(-900);
 2883              		.loc 1 876 0
 2884 00c6 BB6A     		ldr	r3, [r7, #40]
 2885 00c8 1C4A     		ldr	r2, .L146+36
 2886 00ca 02FB03F3 		mul	r3, r2, r3
 2887 00ce BB62     		str	r3, [r7, #40]
 2888 00d0 05E0     		b	.L144
 2889              	.L145:
 877:modem.c       ****         }else{
 878:modem.c       ****             printNotif(NOTIF_TYPE_ERROR,"Could not parse modem time.");
 2890              		.loc 1 878 0
 2891 00d2 1B49     		ldr	r1, .L146+40
 2892 00d4 0220     		movs	r0, #2
 2893 00d6 FFF7FEFF 		bl	printNotif
 879:modem.c       ****             return 0;  // Return 0 if cannot get time 
 2894              		.loc 1 879 0
 2895 00da 0023     		movs	r3, #0
 2896 00dc 18E0     		b	.L141
 2897              	.L144:
ARM GAS  C:\Users\kland\AppData\Local\Temp\ccxBiICe.s 			page 72


 880:modem.c       ****         }
 881:modem.c       ****         
 882:modem.c       ****         // Sets each variable to the correct time 
 883:modem.c       ****         t.tm_sec = second;
 2898              		.loc 1 883 0
 2899 00de FB6A     		ldr	r3, [r7, #44]
 2900 00e0 7B60     		str	r3, [r7, #4]
 884:modem.c       ****         t.tm_min = minute;
 2901              		.loc 1 884 0
 2902 00e2 3B6B     		ldr	r3, [r7, #48]
 2903 00e4 BB60     		str	r3, [r7, #8]
 885:modem.c       ****         t.tm_hour = hour;
 2904              		.loc 1 885 0
 2905 00e6 7B6B     		ldr	r3, [r7, #52]
 2906 00e8 FB60     		str	r3, [r7, #12]
 886:modem.c       ****         t.tm_year = year + 100;    // Year since 1900
 2907              		.loc 1 886 0
 2908 00ea 3B6C     		ldr	r3, [r7, #64]
 2909 00ec 6433     		adds	r3, r3, #100
 2910 00ee BB61     		str	r3, [r7, #24]
 887:modem.c       ****         t.tm_mon = month-1;        // Month, where 0 = jan
 2911              		.loc 1 887 0
 2912 00f0 FB6B     		ldr	r3, [r7, #60]
 2913 00f2 013B     		subs	r3, r3, #1
 2914 00f4 7B61     		str	r3, [r7, #20]
 888:modem.c       ****         t.tm_mday = day;           // Day of the month
 2915              		.loc 1 888 0
 2916 00f6 BB6B     		ldr	r3, [r7, #56]
 2917 00f8 3B61     		str	r3, [r7, #16]
 889:modem.c       ****         t.tm_isdst = 0;            // Is Daylight Savings on? 1 = yes, 0 = no, -1 = unknown
 2918              		.loc 1 889 0
 2919 00fa 0023     		movs	r3, #0
 2920 00fc 7B62     		str	r3, [r7, #36]
 890:modem.c       ****     
 891:modem.c       ****         // Set variable epoch-time to be equal to the local time plus the GMT offset
 892:modem.c       ****         // the mktime function converts a broken-down local time (pointed to by timeptr) and return
 893:modem.c       ****         epoch_time = mktime(&t) + gmt_offset;
 2921              		.loc 1 893 0
 2922 00fe 3B1D     		adds	r3, r7, #4
 2923 0100 1846     		mov	r0, r3
 2924 0102 FFF7FEFF 		bl	mktime
 2925 0106 0246     		mov	r2, r0
 2926 0108 BB6A     		ldr	r3, [r7, #40]
 2927 010a 1344     		add	r3, r3, r2
 2928 010c 7B66     		str	r3, [r7, #100]
 2929              	.L142:
 2930              	.LBE13:
 894:modem.c       ****     }
 895:modem.c       ****     
 896:modem.c       ****     return epoch_time;
 2931              		.loc 1 896 0
 2932 010e 7B6E     		ldr	r3, [r7, #100]
 2933              	.L141:
 897:modem.c       **** }
 2934              		.loc 1 897 0
 2935 0110 1846     		mov	r0, r3
 2936 0112 6837     		adds	r7, r7, #104
ARM GAS  C:\Users\kland\AppData\Local\Temp\ccxBiICe.s 			page 73


 2937              		.cfi_def_cfa_offset 8
 2938 0114 BD46     		mov	sp, r7
 2939              		.cfi_def_cfa_register 13
 2940              		@ sp needed
 2941 0116 80BD     		pop	{r7, pc}
 2942              	.L147:
 2943              		.align	2
 2944              	.L146:
 2945 0118 00000000 		.word	modem_state
 2946 011c B4070000 		.word	.LC80
 2947 0120 00000000 		.word	.LC0
 2948 0124 EC070000 		.word	.LC81
 2949 0128 F8070000 		.word	.LC82
 2950 012c FC070000 		.word	.LC83
 2951 0130 00000000 		.word	uart_received_string
 2952 0134 00080000 		.word	.LC84
 2953 0138 18080000 		.word	.LC85
 2954 013c 7CFCFFFF 		.word	-900
 2955 0140 30080000 		.word	.LC86
 2956              		.cfi_endproc
 2957              	.LFE83:
 2958              		.size	modem_get_network_time, .-modem_get_network_time
 2959              		.section	.text.modem_get_state,"ax",%progbits
 2960              		.align	2
 2961              		.global	modem_get_state
 2962              		.thumb
 2963              		.thumb_func
 2964              		.type	modem_get_state, %function
 2965              	modem_get_state:
 2966              	.LFB84:
 898:modem.c       **** 
 899:modem.c       **** // Get the modem state
 900:modem.c       **** uint8 modem_get_state(){
 2967              		.loc 1 900 0
 2968              		.cfi_startproc
 2969              		@ args = 0, pretend = 0, frame = 0
 2970              		@ frame_needed = 1, uses_anonymous_args = 0
 2971              		@ link register save eliminated.
 2972 0000 80B4     		push	{r7}
 2973              		.cfi_def_cfa_offset 4
 2974              		.cfi_offset 7, -4
 2975 0002 00AF     		add	r7, sp, #0
 2976              		.cfi_def_cfa_register 7
 901:modem.c       ****     return modem_state;
 2977              		.loc 1 901 0
 2978 0004 024B     		ldr	r3, .L150
 2979 0006 1B78     		ldrb	r3, [r3]	@ zero_extendqisi2
 902:modem.c       **** }
 2980              		.loc 1 902 0
 2981 0008 1846     		mov	r0, r3
 2982 000a BD46     		mov	sp, r7
 2983              		.cfi_def_cfa_register 13
 2984              		@ sp needed
 2985 000c 80BC     		pop	{r7}
 2986              		.cfi_restore 7
 2987              		.cfi_def_cfa_offset 0
 2988 000e 7047     		bx	lr
ARM GAS  C:\Users\kland\AppData\Local\Temp\ccxBiICe.s 			page 74


 2989              	.L151:
 2990              		.align	2
 2991              	.L150:
 2992 0010 00000000 		.word	modem_state
 2993              		.cfi_endproc
 2994              	.LFE84:
 2995              		.size	modem_get_state, .-modem_get_state
 2996              		.section	.text.modem_sleep,"ax",%progbits
 2997              		.align	2
 2998              		.global	modem_sleep
 2999              		.thumb
 3000              		.thumb_func
 3001              		.type	modem_sleep, %function
 3002              	modem_sleep:
 3003              	.LFB85:
 903:modem.c       **** 
 904:modem.c       **** // Set modem to sleep
 905:modem.c       **** void modem_sleep(){
 3004              		.loc 1 905 0
 3005              		.cfi_startproc
 3006              		@ args = 0, pretend = 0, frame = 0
 3007              		@ frame_needed = 1, uses_anonymous_args = 0
 3008 0000 80B5     		push	{r7, lr}
 3009              		.cfi_def_cfa_offset 8
 3010              		.cfi_offset 7, -8
 3011              		.cfi_offset 14, -4
 3012 0002 00AF     		add	r7, sp, #0
 3013              		.cfi_def_cfa_register 7
 906:modem.c       ****     // If the modem_state is not "off" then put it to sleep
 907:modem.c       ****     if(modem_get_state() != MODEM_STATE_OFF){
 3014              		.loc 1 907 0
 3015 0004 FFF7FEFF 		bl	modem_get_state
 3016 0008 0346     		mov	r3, r0
 3017 000a 002B     		cmp	r3, #0
 3018 000c 03D0     		beq	.L154
 908:modem.c       **** 
 909:modem.c       ****         Telit_ControlReg_Sleep(); // Prepares the modem for entering the low power mode.
 3019              		.loc 1 909 0
 3020 000e FFF7FEFF 		bl	Telit_ControlReg_Sleep
 910:modem.c       ****         UART_Telit_Sleep(); // Saves the current component state, calls the UART_Telit_Stop() funct
 3021              		.loc 1 910 0
 3022 0012 FFF7FEFF 		bl	UART_Telit_Sleep
 3023              	.L154:
 911:modem.c       ****         
 912:modem.c       ****         // Set interrupt on RX pin to wakeup chip from sleep if UART comm starts
 913:modem.c       ****        // Rx_Telit_SetInterruptMode(Rx_Telit_0_INTR,Rx_Telit_INTR_FALLING);
 914:modem.c       ****      }
 915:modem.c       **** }
 3024              		.loc 1 915 0
 3025 0016 00BF     		nop
 3026 0018 80BD     		pop	{r7, pc}
 3027              		.cfi_endproc
 3028              	.LFE85:
 3029              		.size	modem_sleep, .-modem_sleep
 3030 001a 00BF     		.section	.text.modem_wakeup,"ax",%progbits
 3031              		.align	2
 3032              		.global	modem_wakeup
ARM GAS  C:\Users\kland\AppData\Local\Temp\ccxBiICe.s 			page 75


 3033              		.thumb
 3034              		.thumb_func
 3035              		.type	modem_wakeup, %function
 3036              	modem_wakeup:
 3037              	.LFB86:
 916:modem.c       **** 
 917:modem.c       **** // Wakeup the modem
 918:modem.c       **** void modem_wakeup(){
 3038              		.loc 1 918 0
 3039              		.cfi_startproc
 3040              		@ args = 0, pretend = 0, frame = 0
 3041              		@ frame_needed = 1, uses_anonymous_args = 0
 3042 0000 80B5     		push	{r7, lr}
 3043              		.cfi_def_cfa_offset 8
 3044              		.cfi_offset 7, -8
 3045              		.cfi_offset 14, -4
 3046 0002 00AF     		add	r7, sp, #0
 3047              		.cfi_def_cfa_register 7
 919:modem.c       ****     // If modem state is not off then wake it up
 920:modem.c       ****     if(modem_get_state() != MODEM_STATE_OFF){
 3048              		.loc 1 920 0
 3049 0004 FFF7FEFF 		bl	modem_get_state
 3050 0008 0346     		mov	r3, r0
 3051 000a 002B     		cmp	r3, #0
 3052 000c 0BD0     		beq	.L157
 921:modem.c       ****         Telit_ControlReg_Wakeup(); // Restores the modem after waking up from the low power mode.
 3053              		.loc 1 921 0
 3054 000e FFF7FEFF 		bl	Telit_ControlReg_Wakeup
 922:modem.c       ****         // Calls the UART_Telit_RestoreConfig() function to restore the configuration.
 923:modem.c       ****         // If the modem was enabled before the UART_Telit_Sleep() function was called, the UART_Tel
 924:modem.c       ****         UART_Telit_Wakeup();
 3055              		.loc 1 924 0
 3056 0012 FFF7FEFF 		bl	UART_Telit_Wakeup
 925:modem.c       ****         // Remove the need for this pin itterupt
 926:modem.c       ****         //Rx_Telit_SetInterruptMode(Rx_Telit_0_INTR,Rx_Telit_INTR_NONE);
 927:modem.c       ****         
 928:modem.c       ****         // If woken up from pin, go ahead and delay for 100ms to allow modem UART to deliver the me
 929:modem.c       ****         if(modem_get_state() == MODEM_STATE_WAITING_FOR_IP){
 3057              		.loc 1 929 0
 3058 0016 FFF7FEFF 		bl	modem_get_state
 3059 001a 0346     		mov	r3, r0
 3060 001c 032B     		cmp	r3, #3
 3061 001e 02D1     		bne	.L157
 930:modem.c       ****             CyDelay(100u);
 3062              		.loc 1 930 0
 3063 0020 6420     		movs	r0, #100
 3064 0022 FFF7FEFF 		bl	CyDelay
 3065              	.L157:
 931:modem.c       ****         }
 932:modem.c       ****      }
 933:modem.c       **** }
 3066              		.loc 1 933 0
 3067 0026 00BF     		nop
 3068 0028 80BD     		pop	{r7, pc}
 3069              		.cfi_endproc
 3070              	.LFE86:
 3071              		.size	modem_wakeup, .-modem_wakeup
ARM GAS  C:\Users\kland\AppData\Local\Temp\ccxBiICe.s 			page 76


 3072 002a 00BF     		.section	.rodata
 3073              		.align	2
 3074              	.LC87:
 3075 084c 41542347 		.ascii	"AT#GPIO=5,1,1,0\015\000"
 3075      50494F3D 
 3075      352C312C 
 3075      312C300D 
 3075      00
 3076 085d 000000   		.align	2
 3077              	.LC88:
 3078 0860 41542453 		.ascii	"AT$SUPLSEC=1\015\000"
 3078      55504C53 
 3078      45433D31 
 3078      0D00
 3079 086e 0000     		.align	2
 3080              	.LC89:
 3081 0870 41542453 		.ascii	"AT$SUPLV=2\015\000"
 3081      55504C56 
 3081      3D320D00 
 3082              		.align	2
 3083              	.LC90:
 3084 087c 41542441 		.ascii	"AT$AGPSEN=1\015\000"
 3084      47505345 
 3084      4E3D310D 
 3084      00
 3085 0889 000000   		.align	2
 3086              	.LC91:
 3087 088c 41542453 		.ascii	"AT$SLP=1,\"supl.google.com:7275\"\015\000"
 3087      4C503D31 
 3087      2C227375 
 3087      706C2E67 
 3087      6F6F676C 
 3088 08ad 000000   		.align	2
 3089              	.LC92:
 3090 08b0 41542353 		.ascii	"AT#SGACT=1,0\015\012\000"
 3090      47414354 
 3090      3D312C30 
 3090      0D0A00
 3091 08bf 00       		.align	2
 3092              	.LC93:
 3093 08c0 4154244C 		.ascii	"AT$LCSLK=1,1\015\000"
 3093      43534C4B 
 3093      3D312C31 
 3093      0D00
 3094 08ce 0000     		.align	2
 3095              	.LC94:
 3096 08d0 41542447 		.ascii	"AT$GPSSLSR=1,1,,,,,2\015\000"
 3096      5053534C 
 3096      53523D31 
 3096      2C312C2C 
 3096      2C2C2C32 
 3097 08e6 0000     		.align	2
 3098              	.LC95:
 3099 08e8 4E00     		.ascii	"N\000"
 3100 08ea 0000     		.align	2
 3101              	.LC96:
 3102 08ec 41542447 		.ascii	"AT$GPSACP\015\000"
ARM GAS  C:\Users\kland\AppData\Local\Temp\ccxBiICe.s 			page 77


 3102      50534143 
 3102      500D00
 3103 08f7 00       		.align	2
 3104              	.LC97:
 3105 08f8 24475053 		.ascii	"$GPSACP: \000"
 3105      4143503A 
 3105      2000
 3106 0902 0000     		.align	2
 3107              	.LC98:
 3108 0904 24475053 		.ascii	"$GPSACP: %*f,%fN,%fW,%*f,%f,%*s\000"
 3108      4143503A 
 3108      20252A66 
 3108      2C25664E 
 3108      2C256657 
 3109              		.global	__aeabi_fdiv
 3110              		.global	__aeabi_f2d
 3111              		.global	__aeabi_ddiv
 3112              		.global	__aeabi_dadd
 3113              		.global	__aeabi_d2f
 3114              		.align	2
 3115              	.LC99:
 3116 0924 41542347 		.ascii	"AT#GPIO=5,0,1,0\015\000"
 3116      50494F3D 
 3116      352C302C 
 3116      312C300D 
 3116      00
 3117 0935 000000   		.align	2
 3118              	.LC100:
 3119 0938 41542447 		.ascii	"AT$GPSR=0\015\000"
 3119      5053523D 
 3119      300D00
 3120 0943 00       		.align	2
 3121              	.LC101:
 3122 0944 54696D65 		.ascii	"Time to lock GPS: %d\000"
 3122      20746F20 
 3122      6C6F636B 
 3122      20475053 
 3122      3A202564 
 3123              		.section	.text.modem_get_gps_coordinates,"ax",%progbits
 3124              		.align	2
 3125              		.global	modem_get_gps_coordinates
 3126              		.thumb
 3127              		.thumb_func
 3128              		.type	modem_get_gps_coordinates, %function
 3129              	modem_get_gps_coordinates:
 3130              	.LFB87:
 934:modem.c       **** 
 935:modem.c       ****     
 936:modem.c       **** // Returns lat,lon,alt data from Assited GPS (AGPS) system
 937:modem.c       **** gps_t modem_get_gps_coordinates(){
 3131              		.loc 1 937 0
 3132              		.cfi_startproc
 3133              		@ args = 0, pretend = 0, frame = 56
 3134              		@ frame_needed = 1, uses_anonymous_args = 0
 3135 0000 B0B5     		push	{r4, r5, r7, lr}
 3136              		.cfi_def_cfa_offset 16
 3137              		.cfi_offset 4, -16
ARM GAS  C:\Users\kland\AppData\Local\Temp\ccxBiICe.s 			page 78


 3138              		.cfi_offset 5, -12
 3139              		.cfi_offset 7, -8
 3140              		.cfi_offset 14, -4
 3141 0002 90B0     		sub	sp, sp, #64
 3142              		.cfi_def_cfa_offset 80
 3143 0004 02AF     		add	r7, sp, #8
 3144              		.cfi_def_cfa 7, 72
 3145 0006 7860     		str	r0, [r7, #4]
 938:modem.c       ****     gps_t gps;
 939:modem.c       ****     gps.altitude = 0;
 3146              		.loc 1 939 0
 3147 0008 4FF00003 		mov	r3, #0
 3148 000c FB61     		str	r3, [r7, #28]	@ float
 940:modem.c       ****     gps.longitude = 0;
 3149              		.loc 1 940 0
 3150 000e 4FF00003 		mov	r3, #0
 3151 0012 BB61     		str	r3, [r7, #24]	@ float
 941:modem.c       ****     gps.latitude = 0;
 3152              		.loc 1 941 0
 3153 0014 4FF00003 		mov	r3, #0
 3154 0018 7B61     		str	r3, [r7, #20]	@ float
 942:modem.c       ****     gps.time_to_lock =0;
 3155              		.loc 1 942 0
 3156 001a 0023     		movs	r3, #0
 3157 001c 3B84     		strh	r3, [r7, #32]	@ movhi
 943:modem.c       ****     gps.valid = 0;
 3158              		.loc 1 943 0
 3159 001e 0023     		movs	r3, #0
 3160 0020 87F82230 		strb	r3, [r7, #34]
 944:modem.c       ****     
 945:modem.c       ****     //AGPS will only work if we're connected to network, so don't call this fuction otherwise
 946:modem.c       ****     if(modem_state != MODEM_STATE_READY){
 3161              		.loc 1 946 0
 3162 0024 7F4B     		ldr	r3, .L168
 3163 0026 1B78     		ldrb	r3, [r3]	@ zero_extendqisi2
 3164 0028 042B     		cmp	r3, #4
 3165 002a 07D0     		beq	.L159
 947:modem.c       ****         return gps;//where valid = 0
 3166              		.loc 1 947 0
 3167 002c 7B68     		ldr	r3, [r7, #4]
 3168 002e 1C46     		mov	r4, r3
 3169 0030 07F11403 		add	r3, r7, #20
 3170 0034 0FCB     		ldmia	r3, {r0, r1, r2, r3}
 3171 0036 84E80F00 		stmia	r4, {r0, r1, r2, r3}
 3172 003a EFE0     		b	.L158
 3173              	.L159:
 948:modem.c       ****     }
 949:modem.c       ****     
 950:modem.c       ****     long lock_time = getTimeStamp();
 3174              		.loc 1 950 0
 3175 003c FFF7FEFF 		bl	getTimeStamp
 3176 0040 3863     		str	r0, [r7, #48]
 951:modem.c       ****     
 952:modem.c       ****     // Enable this for the LTER module
 953:modem.c       ****     // Enable GPS Low-Dropout Regulator
 954:modem.c       ****     at_write_command("AT#GPIO=5,1,1,0\r","OK",DEFAULT_AT_TIMEOUT);
 3177              		.loc 1 954 0
ARM GAS  C:\Users\kland\AppData\Local\Temp\ccxBiICe.s 			page 79


 3178 0042 4FF4FA62 		mov	r2, #2000
 3179 0046 7849     		ldr	r1, .L168+4
 3180 0048 7848     		ldr	r0, .L168+8
 3181 004a FFF7FEFF 		bl	at_write_command
 955:modem.c       ****     
 956:modem.c       ****     // Configure SUPL connection params
 957:modem.c       ****     at_write_command("AT$SUPLSEC=1\r","OK",DEFAULT_AT_TIMEOUT);
 3182              		.loc 1 957 0
 3183 004e 4FF4FA62 		mov	r2, #2000
 3184 0052 7549     		ldr	r1, .L168+4
 3185 0054 7648     		ldr	r0, .L168+12
 3186 0056 FFF7FEFF 		bl	at_write_command
 958:modem.c       ****     
 959:modem.c       ****     // Use SUPL2.0
 960:modem.c       ****     at_write_command("AT$SUPLV=2\r","OK",DEFAULT_AT_TIMEOUT);
 3187              		.loc 1 960 0
 3188 005a 4FF4FA62 		mov	r2, #2000
 3189 005e 7249     		ldr	r1, .L168+4
 3190 0060 7448     		ldr	r0, .L168+16
 3191 0062 FFF7FEFF 		bl	at_write_command
 961:modem.c       ****     
 962:modem.c       ****     // Enable AGPS service
 963:modem.c       ****     at_write_command("AT$AGPSEN=1\r","OK",DEFAULT_AT_TIMEOUT);
 3192              		.loc 1 963 0
 3193 0066 4FF4FA62 		mov	r2, #2000
 3194 006a 6F49     		ldr	r1, .L168+4
 3195 006c 7248     		ldr	r0, .L168+20
 3196 006e FFF7FEFF 		bl	at_write_command
 964:modem.c       ****     
 965:modem.c       ****     // Chose SUPL server, use google public service
 966:modem.c       ****     at_write_command("AT$SLP=1,\"supl.google.com:7275\"\r","OK",DEFAULT_AT_TIMEOUT);
 3197              		.loc 1 966 0
 3198 0072 4FF4FA62 		mov	r2, #2000
 3199 0076 6C49     		ldr	r1, .L168+4
 3200 0078 7048     		ldr	r0, .L168+24
 3201 007a FFF7FEFF 		bl	at_write_command
 967:modem.c       ****     
 968:modem.c       ****     //pdp context has to be locked to carrier for this to work
 969:modem.c       ****     
 970:modem.c       ****     // Unlock context since it needs to be used by modem
 971:modem.c       ****     at_write_command("AT#SGACT=1,0\r\n", "OK",DEFAULT_AT_TIMEOUT);
 3202              		.loc 1 971 0
 3203 007e 4FF4FA62 		mov	r2, #2000
 3204 0082 6949     		ldr	r1, .L168+4
 3205 0084 6E48     		ldr	r0, .L168+28
 3206 0086 FFF7FEFF 		bl	at_write_command
 972:modem.c       ****     
 973:modem.c       ****     at_write_command("AT$LCSLK=1,1\r","OK",DEFAULT_AT_TIMEOUT);//ATT
 3207              		.loc 1 973 0
 3208 008a 4FF4FA62 		mov	r2, #2000
 3209 008e 6649     		ldr	r1, .L168+4
 3210 0090 6C48     		ldr	r0, .L168+32
 3211 0092 FFF7FEFF 		bl	at_write_command
 974:modem.c       ****     //at_write_command("AT$LCSLK=1,3\r","OK",DEFAULT_AT_TIMEOUT);//Verizon
 975:modem.c       ****     
 976:modem.c       ****     // Relock the context
 977:modem.c       ****     at_write_command("AT#SGACT=1,1\r\n", "OK",10000u);
ARM GAS  C:\Users\kland\AppData\Local\Temp\ccxBiICe.s 			page 80


 3212              		.loc 1 977 0
 3213 0096 42F21072 		movw	r2, #10000
 3214 009a 6349     		ldr	r1, .L168+4
 3215 009c 6A48     		ldr	r0, .L168+36
 3216 009e FFF7FEFF 		bl	at_write_command
 978:modem.c       ****     
 979:modem.c       ****     //start AGPS service
 980:modem.c       ****     at_write_command("AT$GPSSLSR=1,1,,,,,2\r","OK",DEFAULT_AT_TIMEOUT); 
 3217              		.loc 1 980 0
 3218 00a2 4FF4FA62 		mov	r2, #2000
 3219 00a6 6049     		ldr	r1, .L168+4
 3220 00a8 6848     		ldr	r0, .L168+40
 3221 00aa FFF7FEFF 		bl	at_write_command
 981:modem.c       ****     
 982:modem.c       ****     
 983:modem.c       ****     // Start the AGPS service
 984:modem.c       ****     // Will keep receiving a buynch of commas without numbers, until GPS locks
 985:modem.c       ****     // Good lock will return a string with "N" and "W" coordinates
 986:modem.c       ****     
 987:modem.c       ****     
 988:modem.c       ****  
 989:modem.c       ****     uint8 gps_status = 0;
 3222              		.loc 1 989 0
 3223 00ae 0023     		movs	r3, #0
 3224 00b0 87F82F30 		strb	r3, [r7, #47]
 3225              	.LBB14:
 990:modem.c       ****     for(uint16 i=0;i<200;i++){
 3226              		.loc 1 990 0
 3227 00b4 0023     		movs	r3, #0
 3228 00b6 FB86     		strh	r3, [r7, #54]	@ movhi
 3229 00b8 13E0     		b	.L161
 3230              	.L164:
 991:modem.c       ****         gps_status = at_write_command("AT$GPSACP\r","N",DEFAULT_AT_TIMEOUT);//ATT
 3231              		.loc 1 991 0
 3232 00ba 4FF4FA62 		mov	r2, #2000
 3233 00be 6449     		ldr	r1, .L168+44
 3234 00c0 6448     		ldr	r0, .L168+48
 3235 00c2 FFF7FEFF 		bl	at_write_command
 3236 00c6 0346     		mov	r3, r0
 3237 00c8 87F82F30 		strb	r3, [r7, #47]
 992:modem.c       ****         if(gps_status){
 3238              		.loc 1 992 0
 3239 00cc 97F82F30 		ldrb	r3, [r7, #47]	@ zero_extendqisi2
 3240 00d0 002B     		cmp	r3, #0
 3241 00d2 0AD1     		bne	.L167
 993:modem.c       ****             break;   
 994:modem.c       ****         }
 995:modem.c       ****         CyDelay(1000u);// Wait for a second -- BLOCKING. Could be more elegant to incorporate this 
 3242              		.loc 1 995 0 discriminator 2
 3243 00d4 4FF47A70 		mov	r0, #1000
 3244 00d8 FFF7FEFF 		bl	CyDelay
 990:modem.c       ****         gps_status = at_write_command("AT$GPSACP\r","N",DEFAULT_AT_TIMEOUT);//ATT
 3245              		.loc 1 990 0 discriminator 2
 3246 00dc FB8E     		ldrh	r3, [r7, #54]
 3247 00de 0133     		adds	r3, r3, #1
 3248 00e0 FB86     		strh	r3, [r7, #54]	@ movhi
 3249              	.L161:
ARM GAS  C:\Users\kland\AppData\Local\Temp\ccxBiICe.s 			page 81


 990:modem.c       ****         gps_status = at_write_command("AT$GPSACP\r","N",DEFAULT_AT_TIMEOUT);//ATT
 3250              		.loc 1 990 0 is_stmt 0 discriminator 1
 3251 00e2 FB8E     		ldrh	r3, [r7, #54]
 3252 00e4 C72B     		cmp	r3, #199
 3253 00e6 E8D9     		bls	.L164
 3254 00e8 00E0     		b	.L163
 3255              	.L167:
 993:modem.c       ****             break;   
 3256              		.loc 1 993 0 is_stmt 1
 3257 00ea 00BF     		nop
 3258              	.L163:
 3259              	.LBE14:
 996:modem.c       ****     }
 997:modem.c       ****     
 998:modem.c       ****     //parse data here
 999:modem.c       ****     
1000:modem.c       ****     //example $GPSACP: 210926.000,4217.8003N,08341.3158W,2.3,258.2,3,17.8,4.8,2.6,220520,05,00
1001:modem.c       ****     float lat;
1002:modem.c       ****     float lon;
1003:modem.c       ****     float alt;
1004:modem.c       ****     
1005:modem.c       ****     // Look for $GPSACP:  in uart_received_string and save to sl
1006:modem.c       ****     // char *strstr(const char *haystack, const char *needle) function finds the first occurrence o
1007:modem.c       ****     char *s1 = strstr(uart_received_string,"$GPSACP: ");
 3260              		.loc 1 1007 0
 3261 00ec 5A49     		ldr	r1, .L168+52
 3262 00ee 5B48     		ldr	r0, .L168+56
 3263 00f0 FFF7FEFF 		bl	strstr
 3264 00f4 B862     		str	r0, [r7, #40]
1008:modem.c       ****     // Look in sl for lat, long, alt and save in match 
1009:modem.c       ****     // int sscanf(const char *str, const char *format, ...) reads formatted input from a string.
1010:modem.c       ****     int match = sscanf(s1,"$GPSACP: %*f,%fN,%fW,%*f,%f,%*s",&lat,&lon,&alt);
 3265              		.loc 1 1010 0
 3266 00f6 07F10C01 		add	r1, r7, #12
 3267 00fa 07F11002 		add	r2, r7, #16
 3268 00fe 07F10803 		add	r3, r7, #8
 3269 0102 0093     		str	r3, [sp]
 3270 0104 0B46     		mov	r3, r1
 3271 0106 5649     		ldr	r1, .L168+60
 3272 0108 B86A     		ldr	r0, [r7, #40]
 3273 010a FFF7FEFF 		bl	sscanf
 3274 010e 7862     		str	r0, [r7, #36]
1011:modem.c       ****     if(match >= 3){
 3275              		.loc 1 1011 0
 3276 0110 7B6A     		ldr	r3, [r7, #36]
 3277 0112 022B     		cmp	r3, #2
 3278 0114 60DD     		ble	.L165
1012:modem.c       ****         // Calculate lat and lon
1013:modem.c       ****         // floorf(x) calculates the largest integer that is less than or equal to x. 
1014:modem.c       ****         // fmod(double x, double y) returns the remainder of x divided by y.
1015:modem.c       ****         lat = floorf(lat/100) + fmod(lat,100)/60;
 3279              		.loc 1 1015 0
 3280 0116 3B69     		ldr	r3, [r7, #16]	@ float
 3281 0118 5249     		ldr	r1, .L168+64
 3282 011a 1846     		mov	r0, r3
 3283 011c FFF7FEFF 		bl	__aeabi_fdiv
 3284 0120 0346     		mov	r3, r0
ARM GAS  C:\Users\kland\AppData\Local\Temp\ccxBiICe.s 			page 82


 3285 0122 1846     		mov	r0, r3
 3286 0124 FFF7FEFF 		bl	floorf
 3287 0128 0346     		mov	r3, r0
 3288 012a 1846     		mov	r0, r3
 3289 012c FFF7FEFF 		bl	__aeabi_f2d
 3290 0130 0446     		mov	r4, r0
 3291 0132 0D46     		mov	r5, r1
 3292 0134 3B69     		ldr	r3, [r7, #16]	@ float
 3293 0136 1846     		mov	r0, r3
 3294 0138 FFF7FEFF 		bl	__aeabi_f2d
 3295 013c 4FF00002 		mov	r2, #0
 3296 0140 494B     		ldr	r3, .L168+68
 3297 0142 FFF7FEFF 		bl	fmod
 3298 0146 4FF00002 		mov	r2, #0
 3299 014a 484B     		ldr	r3, .L168+72
 3300 014c FFF7FEFF 		bl	__aeabi_ddiv
 3301 0150 0246     		mov	r2, r0
 3302 0152 0B46     		mov	r3, r1
 3303 0154 2046     		mov	r0, r4
 3304 0156 2946     		mov	r1, r5
 3305 0158 FFF7FEFF 		bl	__aeabi_dadd
 3306 015c 0346     		mov	r3, r0
 3307 015e 0C46     		mov	r4, r1
 3308 0160 1846     		mov	r0, r3
 3309 0162 2146     		mov	r1, r4
 3310 0164 FFF7FEFF 		bl	__aeabi_d2f
 3311 0168 0346     		mov	r3, r0
 3312 016a 3B61     		str	r3, [r7, #16]	@ float
1016:modem.c       ****         lon = -(floorf(lon/100) + fmod(lon,100)/60);
 3313              		.loc 1 1016 0
 3314 016c FB68     		ldr	r3, [r7, #12]	@ float
 3315 016e 3D49     		ldr	r1, .L168+64
 3316 0170 1846     		mov	r0, r3
 3317 0172 FFF7FEFF 		bl	__aeabi_fdiv
 3318 0176 0346     		mov	r3, r0
 3319 0178 1846     		mov	r0, r3
 3320 017a FFF7FEFF 		bl	floorf
 3321 017e 0346     		mov	r3, r0
 3322 0180 1846     		mov	r0, r3
 3323 0182 FFF7FEFF 		bl	__aeabi_f2d
 3324 0186 0446     		mov	r4, r0
 3325 0188 0D46     		mov	r5, r1
 3326 018a FB68     		ldr	r3, [r7, #12]	@ float
 3327 018c 1846     		mov	r0, r3
 3328 018e FFF7FEFF 		bl	__aeabi_f2d
 3329 0192 4FF00002 		mov	r2, #0
 3330 0196 344B     		ldr	r3, .L168+68
 3331 0198 FFF7FEFF 		bl	fmod
 3332 019c 4FF00002 		mov	r2, #0
 3333 01a0 324B     		ldr	r3, .L168+72
 3334 01a2 FFF7FEFF 		bl	__aeabi_ddiv
 3335 01a6 0246     		mov	r2, r0
 3336 01a8 0B46     		mov	r3, r1
 3337 01aa 2046     		mov	r0, r4
 3338 01ac 2946     		mov	r1, r5
 3339 01ae FFF7FEFF 		bl	__aeabi_dadd
 3340 01b2 0346     		mov	r3, r0
ARM GAS  C:\Users\kland\AppData\Local\Temp\ccxBiICe.s 			page 83


 3341 01b4 0C46     		mov	r4, r1
 3342 01b6 1846     		mov	r0, r3
 3343 01b8 2146     		mov	r1, r4
 3344 01ba FFF7FEFF 		bl	__aeabi_d2f
 3345 01be 0346     		mov	r3, r0
 3346 01c0 83F00043 		eor	r3, r3, #-2147483648
 3347 01c4 FB60     		str	r3, [r7, #12]	@ float
1017:modem.c       ****         gps.altitude = alt; // Save alt, lat, and lon to the variable gps.
 3348              		.loc 1 1017 0
 3349 01c6 BB68     		ldr	r3, [r7, #8]	@ float
 3350 01c8 FB61     		str	r3, [r7, #28]	@ float
1018:modem.c       ****         gps.latitude = lat;
 3351              		.loc 1 1018 0
 3352 01ca 3B69     		ldr	r3, [r7, #16]	@ float
 3353 01cc 7B61     		str	r3, [r7, #20]	@ float
1019:modem.c       ****         gps.longitude = lon;
 3354              		.loc 1 1019 0
 3355 01ce FB68     		ldr	r3, [r7, #12]	@ float
 3356 01d0 BB61     		str	r3, [r7, #24]	@ float
1020:modem.c       ****         gps.valid = 1;
 3357              		.loc 1 1020 0
 3358 01d2 0123     		movs	r3, #1
 3359 01d4 87F82230 		strb	r3, [r7, #34]
 3360              	.L165:
1021:modem.c       ****     }
1022:modem.c       ****     
1023:modem.c       ****     // Disable LDO, just in case
1024:modem.c       ****     at_write_command("AT#GPIO=5,0,1,0\r","OK",DEFAULT_AT_TIMEOUT);
 3361              		.loc 1 1024 0
 3362 01d8 4FF4FA62 		mov	r2, #2000
 3363 01dc 1249     		ldr	r1, .L168+4
 3364 01de 2448     		ldr	r0, .L168+76
 3365 01e0 FFF7FEFF 		bl	at_write_command
1025:modem.c       ****     
1026:modem.c       ****     // Flush modem's GPS data, just in case
1027:modem.c       ****     at_write_command("AT$GPSR=0\r","OK",DEFAULT_AT_TIMEOUT);
 3366              		.loc 1 1027 0
 3367 01e4 4FF4FA62 		mov	r2, #2000
 3368 01e8 0F49     		ldr	r1, .L168+4
 3369 01ea 2248     		ldr	r0, .L168+80
 3370 01ec FFF7FEFF 		bl	at_write_command
1028:modem.c       ****     
1029:modem.c       ****     
1030:modem.c       ****     
1031:modem.c       ****     
1032:modem.c       ****     
1033:modem.c       ****     /* Relevant to 3g modem, can ignore
1034:modem.c       ****     
1035:modem.c       ****     //Setthe GPS Quality of Servicep arameters. Inorder,theyare<horiz_accuracy(inmeters)>,<vertical
1036:modem.c       ****     //AT$GPSQOS=50,50,100,0
1037:modem.c       ****     at_write_command("AT$GPSQOS=50,50,100,0\r","OK",DEFAULT_AT_TIMEOUT);
1038:modem.c       ****     
1039:modem.c       ****     //SettheSUPLLocationPlatform(SLP)addressoftheserverthatwillprovidetheA-GPS data:
1040:modem.c       ****     at_write_command("AT$LCSSLP=1,\"supl.google.com\"\r","OK",DEFAULT_AT_TIMEOUT);
1041:modem.c       ****     
1042:modem.c       ****     //unlock contedt, simnce its being used by modem
1043:modem.c       ****     at_write_command("AT#SGACT=1,0\r\n", "OK",DEFAULT_AT_TIMEOUT);
ARM GAS  C:\Users\kland\AppData\Local\Temp\ccxBiICe.s 			page 84


1044:modem.c       ****     //Lock context 1 for LoCation Services (LCS) use only
1045:modem.c       ****     at_write_command("AT$LCSLK=1,1\r","OK",5000u);
1046:modem.c       ****     
1047:modem.c       ****     //unlock contedt, simnce its being used by modem
1048:modem.c       ****     at_write_command("AT#SGACT=1,1\r\n", "OK",10000u);
1049:modem.c       ****     
1050:modem.c       ****     //EnableunsolicitedNMEAGPSdataintheformatof<NMEASENTENCE><CR>
1051:modem.c       ****     at_write_command("AT$GPSNMUN=2,1,0,0,0,0,0\r","OK",DEFAULT_AT_TIMEOUT);
1052:modem.c       ****     
1053:modem.c       ****     //StartGPSlocationservicerequest.Sendingthiscommandsets$GPSP=1
1054:modem.c       ****    uint8 gps_status = 0;
1055:modem.c       ****     for(uint16 i=0;i<200;i++){
1056:modem.c       ****         gps_status = at_write_command("AT$GPSSLSR=1,1,,,,,0,255\r","N",3000u);
1057:modem.c       ****         if(gps_status){
1058:modem.c       ****             break;   
1059:modem.c       ****         }
1060:modem.c       ****   }
1061:modem.c       ****     
1062:modem.c       ****     //$GPGGA,030307.691,4217.7923,N,08341.3240,W,1,05,2.25,225.0,M,,M,,0000*6E
1063:modem.c       ****     //$GPGGA,213852.000,4600.8755,N,09327.7008,W,1,05,3.00,292.0,M,,M,,0000*6E
1064:modem.c       ****     if(gps_status){
1065:modem.c       ****         float lat,lon,alt = 0;
1066:modem.c       ****         if(sscanf(uart_received_string,"%*s,%f,N,%f,W,%*s",&lat,&lon) > 0){
1067:modem.c       ****             gps.altitude = alt;
1068:modem.c       ****             gps.latitude = lat/60;
1069:modem.c       ****             gps.longitude = lon/60;
1070:modem.c       ****             gps.valid = 1;
1071:modem.c       ****         }
1072:modem.c       ****         
1073:modem.c       ****     }
1074:modem.c       ****     
1075:modem.c       ****     //turn off gps
1076:modem.c       ****     //AT$GPSP=0
1077:modem.c       ****     at_write_command("AT$GPSP=0\r","OK",DEFAULT_AT_TIMEOUT);
1078:modem.c       ****     
1079:modem.c       ****     */
1080:modem.c       **** 
1081:modem.c       ****     // Calculate time to lock into GPS location and save in variable lock_time
1082:modem.c       ****     lock_time = getTimeStamp() - lock_time;
 3371              		.loc 1 1082 0
 3372 01f0 FFF7FEFF 		bl	getTimeStamp
 3373 01f4 0246     		mov	r2, r0
 3374 01f6 3B6B     		ldr	r3, [r7, #48]
 3375 01f8 D31A     		subs	r3, r2, r3
 3376 01fa 3B63     		str	r3, [r7, #48]
1083:modem.c       ****     gps.time_to_lock = lock_time;
 3377              		.loc 1 1083 0
 3378 01fc 3B6B     		ldr	r3, [r7, #48]
 3379 01fe 9BB2     		uxth	r3, r3
 3380 0200 3B84     		strh	r3, [r7, #32]	@ movhi
1084:modem.c       ****     printNotif(NOTIF_TYPE_EVENT,"Time to lock GPS: %d", gps.time_to_lock);
 3381              		.loc 1 1084 0
 3382 0202 3B8C     		ldrh	r3, [r7, #32]
 3383 0204 1A46     		mov	r2, r3
 3384 0206 1C49     		ldr	r1, .L168+84
 3385 0208 0020     		movs	r0, #0
 3386 020a FFF7FEFF 		bl	printNotif
ARM GAS  C:\Users\kland\AppData\Local\Temp\ccxBiICe.s 			page 85


1085:modem.c       ****     
1086:modem.c       ****     return gps;
 3387              		.loc 1 1086 0
 3388 020e 7B68     		ldr	r3, [r7, #4]
 3389 0210 1C46     		mov	r4, r3
 3390 0212 07F11403 		add	r3, r7, #20
 3391 0216 0FCB     		ldmia	r3, {r0, r1, r2, r3}
 3392 0218 84E80F00 		stmia	r4, {r0, r1, r2, r3}
 3393              	.L158:
1087:modem.c       ****     
1088:modem.c       **** }
 3394              		.loc 1 1088 0
 3395 021c 7868     		ldr	r0, [r7, #4]
 3396 021e 3837     		adds	r7, r7, #56
 3397              		.cfi_def_cfa_offset 16
 3398 0220 BD46     		mov	sp, r7
 3399              		.cfi_def_cfa_register 13
 3400              		@ sp needed
 3401 0222 B0BD     		pop	{r4, r5, r7, pc}
 3402              	.L169:
 3403              		.align	2
 3404              	.L168:
 3405 0224 00000000 		.word	modem_state
 3406 0228 00000000 		.word	.LC0
 3407 022c 4C080000 		.word	.LC87
 3408 0230 60080000 		.word	.LC88
 3409 0234 70080000 		.word	.LC89
 3410 0238 7C080000 		.word	.LC90
 3411 023c 8C080000 		.word	.LC91
 3412 0240 B0080000 		.word	.LC92
 3413 0244 C0080000 		.word	.LC93
 3414 0248 D8020000 		.word	.LC27
 3415 024c D0080000 		.word	.LC94
 3416 0250 E8080000 		.word	.LC95
 3417 0254 EC080000 		.word	.LC96
 3418 0258 F8080000 		.word	.LC97
 3419 025c 00000000 		.word	uart_received_string
 3420 0260 04090000 		.word	.LC98
 3421 0264 0000C842 		.word	1120403456
 3422 0268 00005940 		.word	1079574528
 3423 026c 00004E40 		.word	1078853632
 3424 0270 24090000 		.word	.LC99
 3425 0274 38090000 		.word	.LC100
 3426 0278 44090000 		.word	.LC101
 3427              		.cfi_endproc
 3428              	.LFE87:
 3429              		.size	modem_get_gps_coordinates, .-modem_get_gps_coordinates
 3430              		.text
 3431              	.Letext0:
 3432              		.file 2 "c:\\program files (x86)\\cypress\\psoc creator\\4.4\\psoc creator\\import\\gnu\\arm\\5.4.
 3433              		.file 3 "c:\\program files (x86)\\cypress\\psoc creator\\4.4\\psoc creator\\import\\gnu\\arm\\5.4.
 3434              		.file 4 "Generated_Source\\PSoC5/cytypes.h"
 3435              		.file 5 "c:\\program files (x86)\\cypress\\psoc creator\\4.4\\psoc creator\\import\\gnu\\arm\\5.4.
 3436              		.file 6 "testing.h"
 3437              		.file 7 "data.h"
 3438              		.file 8 "modem.h"
 3439              		.file 9 "notoriOS.h"
ARM GAS  C:\Users\kland\AppData\Local\Temp\ccxBiICe.s 			page 86


 3440              		.file 10 "Generated_Source\\PSoC5/core_cm3.h"
 3441              		.file 11 "App_LED.h"
 3442              		.file 12 "level_sensor.h"
 3443              		.file 13 "valve.h"
 3444              		.file 14 "autosampler.h"
 3445              		.file 15 "sontek.h"
 3446              		.section	.debug_info,"",%progbits
 3447              	.Ldebug_info0:
 3448 0000 980E0000 		.4byte	0xe98
 3449 0004 0400     		.2byte	0x4
 3450 0006 00000000 		.4byte	.Ldebug_abbrev0
 3451 000a 04       		.byte	0x4
 3452 000b 01       		.uleb128 0x1
 3453 000c BB000000 		.4byte	.LASF204
 3454 0010 0C       		.byte	0xc
 3455 0011 C0040000 		.4byte	.LASF205
 3456 0015 AE050000 		.4byte	.LASF206
 3457 0019 20000000 		.4byte	.Ldebug_ranges0+0x20
 3458 001d 00000000 		.4byte	0
 3459 0021 00000000 		.4byte	.Ldebug_line0
 3460 0025 02       		.uleb128 0x2
 3461 0026 01       		.byte	0x1
 3462 0027 06       		.byte	0x6
 3463 0028 CB010000 		.4byte	.LASF0
 3464 002c 03       		.uleb128 0x3
 3465 002d 61000000 		.4byte	.LASF4
 3466 0031 02       		.byte	0x2
 3467 0032 1D       		.byte	0x1d
 3468 0033 37000000 		.4byte	0x37
 3469 0037 02       		.uleb128 0x2
 3470 0038 01       		.byte	0x1
 3471 0039 08       		.byte	0x8
 3472 003a 2F070000 		.4byte	.LASF1
 3473 003e 02       		.uleb128 0x2
 3474 003f 02       		.byte	0x2
 3475 0040 05       		.byte	0x5
 3476 0041 F8040000 		.4byte	.LASF2
 3477 0045 02       		.uleb128 0x2
 3478 0046 02       		.byte	0x2
 3479 0047 07       		.byte	0x7
 3480 0048 3C030000 		.4byte	.LASF3
 3481 004c 03       		.uleb128 0x3
 3482 004d 0D050000 		.4byte	.LASF5
 3483 0051 02       		.byte	0x2
 3484 0052 3F       		.byte	0x3f
 3485 0053 57000000 		.4byte	0x57
 3486 0057 02       		.uleb128 0x2
 3487 0058 04       		.byte	0x4
 3488 0059 05       		.byte	0x5
 3489 005a 98020000 		.4byte	.LASF6
 3490 005e 03       		.uleb128 0x3
 3491 005f 5F030000 		.4byte	.LASF7
 3492 0063 02       		.byte	0x2
 3493 0064 41       		.byte	0x41
 3494 0065 69000000 		.4byte	0x69
 3495 0069 02       		.uleb128 0x2
 3496 006a 04       		.byte	0x4
ARM GAS  C:\Users\kland\AppData\Local\Temp\ccxBiICe.s 			page 87


 3497 006b 07       		.byte	0x7
 3498 006c 23040000 		.4byte	.LASF8
 3499 0070 02       		.uleb128 0x2
 3500 0071 08       		.byte	0x8
 3501 0072 05       		.byte	0x5
 3502 0073 BD010000 		.4byte	.LASF9
 3503 0077 02       		.uleb128 0x2
 3504 0078 08       		.byte	0x8
 3505 0079 07       		.byte	0x7
 3506 007a 63010000 		.4byte	.LASF10
 3507 007e 04       		.uleb128 0x4
 3508 007f 04       		.byte	0x4
 3509 0080 05       		.byte	0x5
 3510 0081 696E7400 		.ascii	"int\000"
 3511 0085 02       		.uleb128 0x2
 3512 0086 04       		.byte	0x4
 3513 0087 07       		.byte	0x7
 3514 0088 4D080000 		.4byte	.LASF11
 3515 008c 03       		.uleb128 0x3
 3516 008d 5D0A0000 		.4byte	.LASF12
 3517 0091 03       		.byte	0x3
 3518 0092 18       		.byte	0x18
 3519 0093 2C000000 		.4byte	0x2c
 3520 0097 03       		.uleb128 0x3
 3521 0098 27070000 		.4byte	.LASF13
 3522 009c 03       		.byte	0x3
 3523 009d 2C       		.byte	0x2c
 3524 009e 4C000000 		.4byte	0x4c
 3525 00a2 03       		.uleb128 0x3
 3526 00a3 74090000 		.4byte	.LASF14
 3527 00a7 03       		.byte	0x3
 3528 00a8 30       		.byte	0x30
 3529 00a9 5E000000 		.4byte	0x5e
 3530 00ad 05       		.uleb128 0x5
 3531 00ae D6020000 		.4byte	.LASF15
 3532 00b2 04       		.byte	0x4
 3533 00b3 9201     		.2byte	0x192
 3534 00b5 37000000 		.4byte	0x37
 3535 00b9 05       		.uleb128 0x5
 3536 00ba 17000000 		.4byte	.LASF16
 3537 00be 04       		.byte	0x4
 3538 00bf 9301     		.2byte	0x193
 3539 00c1 45000000 		.4byte	0x45
 3540 00c5 05       		.uleb128 0x5
 3541 00c6 4F030000 		.4byte	.LASF17
 3542 00ca 04       		.byte	0x4
 3543 00cb 9401     		.2byte	0x194
 3544 00cd 69000000 		.4byte	0x69
 3545 00d1 05       		.uleb128 0x5
 3546 00d2 4F060000 		.4byte	.LASF18
 3547 00d6 04       		.byte	0x4
 3548 00d7 9601     		.2byte	0x196
 3549 00d9 3E000000 		.4byte	0x3e
 3550 00dd 05       		.uleb128 0x5
 3551 00de FB020000 		.4byte	.LASF19
 3552 00e2 04       		.byte	0x4
 3553 00e3 9701     		.2byte	0x197
ARM GAS  C:\Users\kland\AppData\Local\Temp\ccxBiICe.s 			page 88


 3554 00e5 57000000 		.4byte	0x57
 3555 00e9 05       		.uleb128 0x5
 3556 00ea EF050000 		.4byte	.LASF20
 3557 00ee 04       		.byte	0x4
 3558 00ef 9801     		.2byte	0x198
 3559 00f1 F5000000 		.4byte	0xf5
 3560 00f5 02       		.uleb128 0x2
 3561 00f6 04       		.byte	0x4
 3562 00f7 04       		.byte	0x4
 3563 00f8 BC060000 		.4byte	.LASF21
 3564 00fc 02       		.uleb128 0x2
 3565 00fd 08       		.byte	0x8
 3566 00fe 04       		.byte	0x4
 3567 00ff 020B0000 		.4byte	.LASF22
 3568 0103 02       		.uleb128 0x2
 3569 0104 01       		.byte	0x1
 3570 0105 08       		.byte	0x8
 3571 0106 34080000 		.4byte	.LASF23
 3572 010a 02       		.uleb128 0x2
 3573 010b 08       		.byte	0x8
 3574 010c 04       		.byte	0x4
 3575 010d 28080000 		.4byte	.LASF24
 3576 0111 02       		.uleb128 0x2
 3577 0112 04       		.byte	0x4
 3578 0113 07       		.byte	0x7
 3579 0114 F7050000 		.4byte	.LASF25
 3580 0118 06       		.uleb128 0x6
 3581 0119 04       		.byte	0x4
 3582 011a 03010000 		.4byte	0x103
 3583 011e 06       		.uleb128 0x6
 3584 011f 04       		.byte	0x4
 3585 0120 24010000 		.4byte	0x124
 3586 0124 07       		.uleb128 0x7
 3587 0125 03010000 		.4byte	0x103
 3588 0129 08       		.uleb128 0x8
 3589 012a 03010000 		.4byte	0x103
 3590 012e 39010000 		.4byte	0x139
 3591 0132 09       		.uleb128 0x9
 3592 0133 11010000 		.4byte	0x111
 3593 0137 17       		.byte	0x17
 3594 0138 00       		.byte	0
 3595 0139 0A       		.uleb128 0xa
 3596 013a 746D00   		.ascii	"tm\000"
 3597 013d 24       		.byte	0x24
 3598 013e 05       		.byte	0x5
 3599 013f 21       		.byte	0x21
 3600 0140 B1010000 		.4byte	0x1b1
 3601 0144 0B       		.uleb128 0xb
 3602 0145 7D090000 		.4byte	.LASF26
 3603 0149 05       		.byte	0x5
 3604 014a 23       		.byte	0x23
 3605 014b 7E000000 		.4byte	0x7e
 3606 014f 00       		.byte	0
 3607 0150 0B       		.uleb128 0xb
 3608 0151 9D080000 		.4byte	.LASF27
 3609 0155 05       		.byte	0x5
 3610 0156 24       		.byte	0x24
ARM GAS  C:\Users\kland\AppData\Local\Temp\ccxBiICe.s 			page 89


 3611 0157 7E000000 		.4byte	0x7e
 3612 015b 04       		.byte	0x4
 3613 015c 0B       		.uleb128 0xb
 3614 015d 2D000000 		.4byte	.LASF28
 3615 0161 05       		.byte	0x5
 3616 0162 25       		.byte	0x25
 3617 0163 7E000000 		.4byte	0x7e
 3618 0167 08       		.byte	0x8
 3619 0168 0B       		.uleb128 0xb
 3620 0169 3D090000 		.4byte	.LASF29
 3621 016d 05       		.byte	0x5
 3622 016e 26       		.byte	0x26
 3623 016f 7E000000 		.4byte	0x7e
 3624 0173 0C       		.byte	0xc
 3625 0174 0B       		.uleb128 0xb
 3626 0175 81030000 		.4byte	.LASF30
 3627 0179 05       		.byte	0x5
 3628 017a 27       		.byte	0x27
 3629 017b 7E000000 		.4byte	0x7e
 3630 017f 10       		.byte	0x10
 3631 0180 0B       		.uleb128 0xb
 3632 0181 DC030000 		.4byte	.LASF31
 3633 0185 05       		.byte	0x5
 3634 0186 28       		.byte	0x28
 3635 0187 7E000000 		.4byte	0x7e
 3636 018b 14       		.byte	0x14
 3637 018c 0B       		.uleb128 0xb
 3638 018d E4070000 		.4byte	.LASF32
 3639 0191 05       		.byte	0x5
 3640 0192 29       		.byte	0x29
 3641 0193 7E000000 		.4byte	0x7e
 3642 0197 18       		.byte	0x18
 3643 0198 0B       		.uleb128 0xb
 3644 0199 35000000 		.4byte	.LASF33
 3645 019d 05       		.byte	0x5
 3646 019e 2A       		.byte	0x2a
 3647 019f 7E000000 		.4byte	0x7e
 3648 01a3 1C       		.byte	0x1c
 3649 01a4 0B       		.uleb128 0xb
 3650 01a5 87040000 		.4byte	.LASF34
 3651 01a9 05       		.byte	0x5
 3652 01aa 2B       		.byte	0x2b
 3653 01ab 7E000000 		.4byte	0x7e
 3654 01af 20       		.byte	0x20
 3655 01b0 00       		.byte	0
 3656 01b1 0C       		.uleb128 0xc
 3657 01b2 8101     		.2byte	0x181
 3658 01b4 06       		.byte	0x6
 3659 01b5 0A       		.byte	0xa
 3660 01b6 DF010000 		.4byte	0x1df
 3661 01ba 0B       		.uleb128 0xb
 3662 01bb F9060000 		.4byte	.LASF35
 3663 01bf 06       		.byte	0x6
 3664 01c0 0C       		.byte	0xc
 3665 01c1 DF010000 		.4byte	0x1df
 3666 01c5 00       		.byte	0
 3667 01c6 0B       		.uleb128 0xb
ARM GAS  C:\Users\kland\AppData\Local\Temp\ccxBiICe.s 			page 90


 3668 01c7 C3090000 		.4byte	.LASF36
 3669 01cb 06       		.byte	0x6
 3670 01cc 0D       		.byte	0xd
 3671 01cd AD000000 		.4byte	0xad
 3672 01d1 80       		.byte	0x80
 3673 01d2 0B       		.uleb128 0xb
 3674 01d3 A7070000 		.4byte	.LASF37
 3675 01d7 06       		.byte	0x6
 3676 01d8 0F       		.byte	0xf
 3677 01d9 EF010000 		.4byte	0x1ef
 3678 01dd 81       		.byte	0x81
 3679 01de 00       		.byte	0
 3680 01df 08       		.uleb128 0x8
 3681 01e0 03010000 		.4byte	0x103
 3682 01e4 EF010000 		.4byte	0x1ef
 3683 01e8 09       		.uleb128 0x9
 3684 01e9 11010000 		.4byte	0x111
 3685 01ed 7F       		.byte	0x7f
 3686 01ee 00       		.byte	0
 3687 01ef 08       		.uleb128 0x8
 3688 01f0 03010000 		.4byte	0x103
 3689 01f4 FF010000 		.4byte	0x1ff
 3690 01f8 09       		.uleb128 0x9
 3691 01f9 11010000 		.4byte	0x111
 3692 01fd FF       		.byte	0xff
 3693 01fe 00       		.byte	0
 3694 01ff 03       		.uleb128 0x3
 3695 0200 8D070000 		.4byte	.LASF38
 3696 0204 06       		.byte	0x6
 3697 0205 10       		.byte	0x10
 3698 0206 B1010000 		.4byte	0x1b1
 3699 020a 0D       		.uleb128 0xd
 3700 020b 2C       		.byte	0x2c
 3701 020c 07       		.byte	0x7
 3702 020d 14       		.byte	0x14
 3703 020e 37020000 		.4byte	0x237
 3704 0212 0E       		.uleb128 0xe
 3705 0213 6B657900 		.ascii	"key\000"
 3706 0217 07       		.byte	0x7
 3707 0218 15       		.byte	0x15
 3708 0219 37020000 		.4byte	0x237
 3709 021d 00       		.byte	0
 3710 021e 0B       		.uleb128 0xb
 3711 021f 27000000 		.4byte	.LASF39
 3712 0223 07       		.byte	0x7
 3713 0224 16       		.byte	0x16
 3714 0225 37020000 		.4byte	0x237
 3715 0229 14       		.byte	0x14
 3716 022a 0B       		.uleb128 0xb
 3717 022b 63040000 		.4byte	.LASF40
 3718 022f 07       		.byte	0x7
 3719 0230 17       		.byte	0x17
 3720 0231 DD000000 		.4byte	0xdd
 3721 0235 28       		.byte	0x28
 3722 0236 00       		.byte	0
 3723 0237 08       		.uleb128 0x8
 3724 0238 03010000 		.4byte	0x103
ARM GAS  C:\Users\kland\AppData\Local\Temp\ccxBiICe.s 			page 91


 3725 023c 47020000 		.4byte	0x247
 3726 0240 09       		.uleb128 0x9
 3727 0241 11010000 		.4byte	0x111
 3728 0245 13       		.byte	0x13
 3729 0246 00       		.byte	0
 3730 0247 03       		.uleb128 0x3
 3731 0248 FE030000 		.4byte	.LASF41
 3732 024c 07       		.byte	0x7
 3733 024d 19       		.byte	0x19
 3734 024e 0A020000 		.4byte	0x20a
 3735 0252 0D       		.uleb128 0xd
 3736 0253 3C       		.byte	0x3c
 3737 0254 08       		.byte	0x8
 3738 0255 37       		.byte	0x37
 3739 0256 7F020000 		.4byte	0x27f
 3740 025a 0B       		.uleb128 0xb
 3741 025b 36090000 		.4byte	.LASF42
 3742 025f 08       		.byte	0x8
 3743 0260 38       		.byte	0x38
 3744 0261 37020000 		.4byte	0x237
 3745 0265 00       		.byte	0
 3746 0266 0B       		.uleb128 0xb
 3747 0267 6A080000 		.4byte	.LASF43
 3748 026b 08       		.byte	0x8
 3749 026c 39       		.byte	0x39
 3750 026d 37020000 		.4byte	0x237
 3751 0271 14       		.byte	0x14
 3752 0272 0B       		.uleb128 0xb
 3753 0273 A2070000 		.4byte	.LASF44
 3754 0277 08       		.byte	0x8
 3755 0278 3A       		.byte	0x3a
 3756 0279 37020000 		.4byte	0x237
 3757 027d 28       		.byte	0x28
 3758 027e 00       		.byte	0
 3759 027f 03       		.uleb128 0x3
 3760 0280 7E080000 		.4byte	.LASF45
 3761 0284 08       		.byte	0x8
 3762 0285 3C       		.byte	0x3c
 3763 0286 52020000 		.4byte	0x252
 3764 028a 0D       		.uleb128 0xd
 3765 028b 20       		.byte	0x20
 3766 028c 08       		.byte	0x8
 3767 028d 3E       		.byte	0x3e
 3768 028e F3020000 		.4byte	0x2f3
 3769 0292 0B       		.uleb128 0xb
 3770 0293 A1020000 		.4byte	.LASF46
 3771 0297 08       		.byte	0x8
 3772 0298 3F       		.byte	0x3f
 3773 0299 7E000000 		.4byte	0x7e
 3774 029d 00       		.byte	0
 3775 029e 0E       		.uleb128 0xe
 3776 029f 62657200 		.ascii	"ber\000"
 3777 02a3 08       		.byte	0x8
 3778 02a4 40       		.byte	0x40
 3779 02a5 7E000000 		.4byte	0x7e
 3780 02a9 04       		.byte	0x4
 3781 02aa 0B       		.uleb128 0xb
ARM GAS  C:\Users\kland\AppData\Local\Temp\ccxBiICe.s 			page 92


 3782 02ab 6E070000 		.4byte	.LASF47
 3783 02af 08       		.byte	0x8
 3784 02b0 41       		.byte	0x41
 3785 02b1 7E000000 		.4byte	0x7e
 3786 02b5 08       		.byte	0x8
 3787 02b6 0B       		.uleb128 0xb
 3788 02b7 D7010000 		.4byte	.LASF48
 3789 02bb 08       		.byte	0x8
 3790 02bc 42       		.byte	0x42
 3791 02bd 7E000000 		.4byte	0x7e
 3792 02c1 0C       		.byte	0xc
 3793 02c2 0B       		.uleb128 0xb
 3794 02c3 53070000 		.4byte	.LASF49
 3795 02c7 08       		.byte	0x8
 3796 02c8 43       		.byte	0x43
 3797 02c9 7E000000 		.4byte	0x7e
 3798 02cd 10       		.byte	0x10
 3799 02ce 0B       		.uleb128 0xb
 3800 02cf AE070000 		.4byte	.LASF50
 3801 02d3 08       		.byte	0x8
 3802 02d4 44       		.byte	0x44
 3803 02d5 7E000000 		.4byte	0x7e
 3804 02d9 14       		.byte	0x14
 3805 02da 0B       		.uleb128 0xb
 3806 02db 05020000 		.4byte	.LASF51
 3807 02df 08       		.byte	0x8
 3808 02e0 45       		.byte	0x45
 3809 02e1 7E000000 		.4byte	0x7e
 3810 02e5 18       		.byte	0x18
 3811 02e6 0B       		.uleb128 0xb
 3812 02e7 DB040000 		.4byte	.LASF52
 3813 02eb 08       		.byte	0x8
 3814 02ec 46       		.byte	0x46
 3815 02ed 7E000000 		.4byte	0x7e
 3816 02f1 1C       		.byte	0x1c
 3817 02f2 00       		.byte	0
 3818 02f3 03       		.uleb128 0x3
 3819 02f4 B3070000 		.4byte	.LASF53
 3820 02f8 08       		.byte	0x8
 3821 02f9 48       		.byte	0x48
 3822 02fa 8A020000 		.4byte	0x28a
 3823 02fe 0D       		.uleb128 0xd
 3824 02ff 10       		.byte	0x10
 3825 0300 08       		.byte	0x8
 3826 0301 4A       		.byte	0x4a
 3827 0302 43030000 		.4byte	0x343
 3828 0306 0B       		.uleb128 0xb
 3829 0307 37060000 		.4byte	.LASF54
 3830 030b 08       		.byte	0x8
 3831 030c 4B       		.byte	0x4b
 3832 030d F5000000 		.4byte	0xf5
 3833 0311 00       		.byte	0
 3834 0312 0B       		.uleb128 0xb
 3835 0313 B1000000 		.4byte	.LASF55
 3836 0317 08       		.byte	0x8
 3837 0318 4C       		.byte	0x4c
 3838 0319 F5000000 		.4byte	0xf5
ARM GAS  C:\Users\kland\AppData\Local\Temp\ccxBiICe.s 			page 93


 3839 031d 04       		.byte	0x4
 3840 031e 0B       		.uleb128 0xb
 3841 031f CD020000 		.4byte	.LASF56
 3842 0323 08       		.byte	0x8
 3843 0324 4D       		.byte	0x4d
 3844 0325 F5000000 		.4byte	0xf5
 3845 0329 08       		.byte	0x8
 3846 032a 0B       		.uleb128 0xb
 3847 032b 6D040000 		.4byte	.LASF57
 3848 032f 08       		.byte	0x8
 3849 0330 4E       		.byte	0x4e
 3850 0331 B9000000 		.4byte	0xb9
 3851 0335 0C       		.byte	0xc
 3852 0336 0B       		.uleb128 0xb
 3853 0337 51090000 		.4byte	.LASF58
 3854 033b 08       		.byte	0x8
 3855 033c 4F       		.byte	0x4f
 3856 033d AD000000 		.4byte	0xad
 3857 0341 0E       		.byte	0xe
 3858 0342 00       		.byte	0
 3859 0343 03       		.uleb128 0x3
 3860 0344 8B080000 		.4byte	.LASF59
 3861 0348 08       		.byte	0x8
 3862 0349 51       		.byte	0x51
 3863 034a FE020000 		.4byte	0x2fe
 3864 034e 0D       		.uleb128 0xd
 3865 034f 0B       		.byte	0xb
 3866 0350 08       		.byte	0x8
 3867 0351 54       		.byte	0x54
 3868 0352 DB030000 		.4byte	0x3db
 3869 0356 0B       		.uleb128 0xb
 3870 0357 01030000 		.4byte	.LASF60
 3871 035b 08       		.byte	0x8
 3872 035c 56       		.byte	0x56
 3873 035d AD000000 		.4byte	0xad
 3874 0361 00       		.byte	0
 3875 0362 0B       		.uleb128 0xb
 3876 0363 F0060000 		.4byte	.LASF61
 3877 0367 08       		.byte	0x8
 3878 0368 58       		.byte	0x58
 3879 0369 DB030000 		.4byte	0x3db
 3880 036d 01       		.byte	0x1
 3881 036e 0B       		.uleb128 0xb
 3882 036f B6080000 		.4byte	.LASF62
 3883 0373 08       		.byte	0x8
 3884 0374 5A       		.byte	0x5a
 3885 0375 AD000000 		.4byte	0xad
 3886 0379 02       		.byte	0x2
 3887 037a 0B       		.uleb128 0xb
 3888 037b 58070000 		.4byte	.LASF63
 3889 037f 08       		.byte	0x8
 3890 0380 5C       		.byte	0x5c
 3891 0381 AD000000 		.4byte	0xad
 3892 0385 03       		.byte	0x3
 3893 0386 0B       		.uleb128 0xb
 3894 0387 97030000 		.4byte	.LASF64
 3895 038b 08       		.byte	0x8
ARM GAS  C:\Users\kland\AppData\Local\Temp\ccxBiICe.s 			page 94


 3896 038c 5F       		.byte	0x5f
 3897 038d AD000000 		.4byte	0xad
 3898 0391 04       		.byte	0x4
 3899 0392 0B       		.uleb128 0xb
 3900 0393 270A0000 		.4byte	.LASF65
 3901 0397 08       		.byte	0x8
 3902 0398 64       		.byte	0x64
 3903 0399 AD000000 		.4byte	0xad
 3904 039d 05       		.byte	0x5
 3905 039e 0B       		.uleb128 0xb
 3906 039f 03080000 		.4byte	.LASF66
 3907 03a3 08       		.byte	0x8
 3908 03a4 66       		.byte	0x66
 3909 03a5 AD000000 		.4byte	0xad
 3910 03a9 06       		.byte	0x6
 3911 03aa 0B       		.uleb128 0xb
 3912 03ab 0A0A0000 		.4byte	.LASF67
 3913 03af 08       		.byte	0x8
 3914 03b0 67       		.byte	0x67
 3915 03b1 AD000000 		.4byte	0xad
 3916 03b5 07       		.byte	0x7
 3917 03b6 0B       		.uleb128 0xb
 3918 03b7 03070000 		.4byte	.LASF68
 3919 03bb 08       		.byte	0x8
 3920 03bc 68       		.byte	0x68
 3921 03bd AD000000 		.4byte	0xad
 3922 03c1 08       		.byte	0x8
 3923 03c2 0B       		.uleb128 0xb
 3924 03c3 8B0A0000 		.4byte	.LASF69
 3925 03c7 08       		.byte	0x8
 3926 03c8 69       		.byte	0x69
 3927 03c9 AD000000 		.4byte	0xad
 3928 03cd 09       		.byte	0x9
 3929 03ce 0B       		.uleb128 0xb
 3930 03cf 91080000 		.4byte	.LASF70
 3931 03d3 08       		.byte	0x8
 3932 03d4 6A       		.byte	0x6a
 3933 03d5 AD000000 		.4byte	0xad
 3934 03d9 0A       		.byte	0xa
 3935 03da 00       		.byte	0
 3936 03db 02       		.uleb128 0x2
 3937 03dc 01       		.byte	0x1
 3938 03dd 02       		.byte	0x2
 3939 03de 21070000 		.4byte	.LASF71
 3940 03e2 03       		.uleb128 0x3
 3941 03e3 67050000 		.4byte	.LASF72
 3942 03e7 08       		.byte	0x8
 3943 03e8 71       		.byte	0x71
 3944 03e9 4E030000 		.4byte	0x34e
 3945 03ed 0D       		.uleb128 0xd
 3946 03ee 06       		.byte	0x6
 3947 03ef 09       		.byte	0x9
 3948 03f0 37       		.byte	0x37
 3949 03f1 26040000 		.4byte	0x426
 3950 03f5 0B       		.uleb128 0xb
 3951 03f6 E8010000 		.4byte	.LASF73
 3952 03fa 09       		.byte	0x9
ARM GAS  C:\Users\kland\AppData\Local\Temp\ccxBiICe.s 			page 95


 3953 03fb 39       		.byte	0x39
 3954 03fc B9000000 		.4byte	0xb9
 3955 0400 00       		.byte	0
 3956 0401 0B       		.uleb128 0xb
 3957 0402 A7020000 		.4byte	.LASF74
 3958 0406 09       		.byte	0x9
 3959 0407 3A       		.byte	0x3a
 3960 0408 D1000000 		.4byte	0xd1
 3961 040c 02       		.byte	0x2
 3962 040d 0B       		.uleb128 0xb
 3963 040e A50A0000 		.4byte	.LASF75
 3964 0412 09       		.byte	0x9
 3965 0413 3B       		.byte	0x3b
 3966 0414 AD000000 		.4byte	0xad
 3967 0418 04       		.byte	0x4
 3968 0419 0B       		.uleb128 0xb
 3969 041a 7C000000 		.4byte	.LASF76
 3970 041e 09       		.byte	0x9
 3971 041f 3C       		.byte	0x3c
 3972 0420 AD000000 		.4byte	0xad
 3973 0424 05       		.byte	0x5
 3974 0425 00       		.byte	0
 3975 0426 03       		.uleb128 0x3
 3976 0427 1B070000 		.4byte	.LASF77
 3977 042b 09       		.byte	0x9
 3978 042c 3F       		.byte	0x3f
 3979 042d 31040000 		.4byte	0x431
 3980 0431 0F       		.uleb128 0xf
 3981 0432 ED030000 		.4byte	0x3ed
 3982 0436 0D       		.uleb128 0xd
 3983 0437 1C       		.byte	0x1c
 3984 0438 09       		.byte	0x9
 3985 0439 42       		.byte	0x42
 3986 043a 57040000 		.4byte	0x457
 3987 043e 0B       		.uleb128 0xb
 3988 043f 90040000 		.4byte	.LASF78
 3989 0443 09       		.byte	0x9
 3990 0444 44       		.byte	0x44
 3991 0445 57040000 		.4byte	0x457
 3992 0449 00       		.byte	0
 3993 044a 0B       		.uleb128 0xb
 3994 044b A3040000 		.4byte	.LASF79
 3995 044f 09       		.byte	0x9
 3996 0450 45       		.byte	0x45
 3997 0451 29010000 		.4byte	0x129
 3998 0455 04       		.byte	0x4
 3999 0456 00       		.byte	0
 4000 0457 06       		.uleb128 0x6
 4001 0458 04       		.byte	0x4
 4002 0459 7F020000 		.4byte	0x27f
 4003 045d 03       		.uleb128 0x3
 4004 045e 5C050000 		.4byte	.LASF80
 4005 0462 09       		.byte	0x9
 4006 0463 47       		.byte	0x47
 4007 0464 36040000 		.4byte	0x436
 4008 0468 0D       		.uleb128 0xd
 4009 0469 68       		.byte	0x68
ARM GAS  C:\Users\kland\AppData\Local\Temp\ccxBiICe.s 			page 96


 4010 046a 09       		.byte	0x9
 4011 046b 4D       		.byte	0x4d
 4012 046c 89040000 		.4byte	0x489
 4013 0470 0B       		.uleb128 0xb
 4014 0471 9B040000 		.4byte	.LASF81
 4015 0475 09       		.byte	0x9
 4016 0476 52       		.byte	0x52
 4017 0477 89040000 		.4byte	0x489
 4018 047b 00       		.byte	0
 4019 047c 0B       		.uleb128 0xb
 4020 047d 7F040000 		.4byte	.LASF82
 4021 0481 09       		.byte	0x9
 4022 0482 53       		.byte	0x53
 4023 0483 7E000000 		.4byte	0x7e
 4024 0487 64       		.byte	0x64
 4025 0488 00       		.byte	0
 4026 0489 08       		.uleb128 0x8
 4027 048a 03010000 		.4byte	0x103
 4028 048e 99040000 		.4byte	0x499
 4029 0492 09       		.uleb128 0x9
 4030 0493 11010000 		.4byte	0x111
 4031 0497 63       		.byte	0x63
 4032 0498 00       		.byte	0
 4033 0499 03       		.uleb128 0x3
 4034 049a 40060000 		.4byte	.LASF83
 4035 049e 09       		.byte	0x9
 4036 049f 59       		.byte	0x59
 4037 04a0 68040000 		.4byte	0x468
 4038 04a4 10       		.uleb128 0x10
 4039 04a5 0E070000 		.4byte	.LASF115
 4040 04a9 01       		.byte	0x1
 4041 04aa 12       		.byte	0x12
 4042 04ab 00000000 		.4byte	.LFB64
 4043 04af 44000000 		.4byte	.LFE64-.LFB64
 4044 04b3 01       		.uleb128 0x1
 4045 04b4 9C       		.byte	0x9c
 4046 04b5 11       		.uleb128 0x11
 4047 04b6 C2060000 		.4byte	.LASF84
 4048 04ba 01       		.byte	0x1
 4049 04bb 1C       		.byte	0x1c
 4050 04bc 00000000 		.4byte	.LFB65
 4051 04c0 6C000000 		.4byte	.LFE65-.LFB65
 4052 04c4 01       		.uleb128 0x1
 4053 04c5 9C       		.byte	0x9c
 4054 04c6 11       		.uleb128 0x11
 4055 04c7 14090000 		.4byte	.LASF85
 4056 04cb 01       		.byte	0x1
 4057 04cc 36       		.byte	0x36
 4058 04cd 00000000 		.4byte	.LFB66
 4059 04d1 32000000 		.4byte	.LFE66-.LFB66
 4060 04d5 01       		.uleb128 0x1
 4061 04d6 9C       		.byte	0x9c
 4062 04d7 11       		.uleb128 0x11
 4063 04d8 57090000 		.4byte	.LASF86
 4064 04dc 01       		.byte	0x1
 4065 04dd 46       		.byte	0x46
 4066 04de 00000000 		.4byte	.LFB67
ARM GAS  C:\Users\kland\AppData\Local\Temp\ccxBiICe.s 			page 97


 4067 04e2 20000000 		.4byte	.LFE67-.LFB67
 4068 04e6 01       		.uleb128 0x1
 4069 04e7 9C       		.byte	0x9c
 4070 04e8 11       		.uleb128 0x11
 4071 04e9 F10A0000 		.4byte	.LASF87
 4072 04ed 01       		.byte	0x1
 4073 04ee 4F       		.byte	0x4f
 4074 04ef 00000000 		.4byte	.LFB68
 4075 04f3 40000000 		.4byte	.LFE68-.LFB68
 4076 04f7 01       		.uleb128 0x1
 4077 04f8 9C       		.byte	0x9c
 4078 04f9 12       		.uleb128 0x12
 4079 04fa B1040000 		.4byte	.LASF101
 4080 04fe 01       		.byte	0x1
 4081 04ff 61       		.byte	0x61
 4082 0500 AD000000 		.4byte	0xad
 4083 0504 00000000 		.4byte	.LFB69
 4084 0508 DC000000 		.4byte	.LFE69-.LFB69
 4085 050c 01       		.uleb128 0x1
 4086 050d 9C       		.byte	0x9c
 4087 050e 6D050000 		.4byte	0x56d
 4088 0512 13       		.uleb128 0x13
 4089 0513 820A0000 		.4byte	.LASF88
 4090 0517 01       		.byte	0x1
 4091 0518 6A       		.byte	0x6a
 4092 0519 AD000000 		.4byte	0xad
 4093 051d 02       		.uleb128 0x2
 4094 051e 91       		.byte	0x91
 4095 051f 77       		.sleb128 -9
 4096 0520 13       		.uleb128 0x13
 4097 0521 9C0A0000 		.4byte	.LASF89
 4098 0525 01       		.byte	0x1
 4099 0526 6B       		.byte	0x6b
 4100 0527 AD000000 		.4byte	0xad
 4101 052b 02       		.uleb128 0x2
 4102 052c 91       		.byte	0x91
 4103 052d 74       		.sleb128 -12
 4104 052e 13       		.uleb128 0x13
 4105 052f BE0A0000 		.4byte	.LASF90
 4106 0533 01       		.byte	0x1
 4107 0534 6D       		.byte	0x6d
 4108 0535 57000000 		.4byte	0x57
 4109 0539 02       		.uleb128 0x2
 4110 053a 91       		.byte	0x91
 4111 053b 70       		.sleb128 -16
 4112 053c 14       		.uleb128 0x14
 4113 053d 26000000 		.4byte	.LBB2
 4114 0541 4A000000 		.4byte	.LBE2-.LBB2
 4115 0545 13       		.uleb128 0x13
 4116 0546 9C0A0000 		.4byte	.LASF89
 4117 054a 01       		.byte	0x1
 4118 054b 70       		.byte	0x70
 4119 054c AD000000 		.4byte	0xad
 4120 0550 02       		.uleb128 0x2
 4121 0551 91       		.byte	0x91
 4122 0552 76       		.sleb128 -10
 4123 0553 14       		.uleb128 0x14
ARM GAS  C:\Users\kland\AppData\Local\Temp\ccxBiICe.s 			page 98


 4124 0554 2C000000 		.4byte	.LBB3
 4125 0558 2A000000 		.4byte	.LBE3-.LBB3
 4126 055c 13       		.uleb128 0x13
 4127 055d 0A040000 		.4byte	.LASF91
 4128 0561 01       		.byte	0x1
 4129 0562 72       		.byte	0x72
 4130 0563 AD000000 		.4byte	0xad
 4131 0567 02       		.uleb128 0x2
 4132 0568 91       		.byte	0x91
 4133 0569 75       		.sleb128 -11
 4134 056a 00       		.byte	0
 4135 056b 00       		.byte	0
 4136 056c 00       		.byte	0
 4137 056d 11       		.uleb128 0x11
 4138 056e EC070000 		.4byte	.LASF92
 4139 0572 01       		.byte	0x1
 4140 0573 93       		.byte	0x93
 4141 0574 00000000 		.4byte	.LFB70
 4142 0578 1C000000 		.4byte	.LFE70-.LFB70
 4143 057c 01       		.uleb128 0x1
 4144 057d 9C       		.byte	0x9c
 4145 057e 11       		.uleb128 0x11
 4146 057f C1070000 		.4byte	.LASF93
 4147 0583 01       		.byte	0x1
 4148 0584 9B       		.byte	0x9b
 4149 0585 00000000 		.4byte	.LFB71
 4150 0589 28000000 		.4byte	.LFE71-.LFB71
 4151 058d 01       		.uleb128 0x1
 4152 058e 9C       		.byte	0x9c
 4153 058f 15       		.uleb128 0x15
 4154 0590 4B050000 		.4byte	.LASF105
 4155 0594 01       		.byte	0x1
 4156 0595 A6       		.byte	0xa6
 4157 0596 8C000000 		.4byte	0x8c
 4158 059a 00000000 		.4byte	.LFB72
 4159 059e C8000000 		.4byte	.LFE72-.LFB72
 4160 05a2 01       		.uleb128 0x1
 4161 05a3 9C       		.byte	0x9c
 4162 05a4 21060000 		.4byte	0x621
 4163 05a8 16       		.uleb128 0x16
 4164 05a9 A2060000 		.4byte	.LASF94
 4165 05ad 01       		.byte	0x1
 4166 05ae A6       		.byte	0xa6
 4167 05af 18010000 		.4byte	0x118
 4168 05b3 02       		.uleb128 0x2
 4169 05b4 91       		.byte	0x91
 4170 05b5 5C       		.sleb128 -36
 4171 05b6 16       		.uleb128 0x16
 4172 05b7 C80A0000 		.4byte	.LASF95
 4173 05bb 01       		.byte	0x1
 4174 05bc A6       		.byte	0xa6
 4175 05bd 18010000 		.4byte	0x118
 4176 05c1 02       		.uleb128 0x2
 4177 05c2 91       		.byte	0x91
 4178 05c3 58       		.sleb128 -40
 4179 05c4 16       		.uleb128 0x16
 4180 05c5 44040000 		.4byte	.LASF96
ARM GAS  C:\Users\kland\AppData\Local\Temp\ccxBiICe.s 			page 99


 4181 05c9 01       		.byte	0x1
 4182 05ca A6       		.byte	0xa6
 4183 05cb A2000000 		.4byte	0xa2
 4184 05cf 02       		.uleb128 0x2
 4185 05d0 91       		.byte	0x91
 4186 05d1 54       		.sleb128 -44
 4187 05d2 13       		.uleb128 0x13
 4188 05d3 38050000 		.4byte	.LASF97
 4189 05d7 01       		.byte	0x1
 4190 05d8 A8       		.byte	0xa8
 4191 05d9 C5000000 		.4byte	0xc5
 4192 05dd 02       		.uleb128 0x2
 4193 05de 91       		.byte	0x91
 4194 05df 74       		.sleb128 -12
 4195 05e0 14       		.uleb128 0x14
 4196 05e1 16000000 		.4byte	.LBB4
 4197 05e5 88000000 		.4byte	.LBE4-.LBB4
 4198 05e9 13       		.uleb128 0x13
 4199 05ea AB060000 		.4byte	.LASF98
 4200 05ee 01       		.byte	0x1
 4201 05ef AC       		.byte	0xac
 4202 05f0 18010000 		.4byte	0x118
 4203 05f4 02       		.uleb128 0x2
 4204 05f5 91       		.byte	0x91
 4205 05f6 64       		.sleb128 -28
 4206 05f7 13       		.uleb128 0x13
 4207 05f8 4D070000 		.4byte	.LASF99
 4208 05fc 01       		.byte	0x1
 4209 05fd AD       		.byte	0xad
 4210 05fe A2000000 		.4byte	0xa2
 4211 0602 02       		.uleb128 0x2
 4212 0603 91       		.byte	0x91
 4213 0604 6C       		.sleb128 -20
 4214 0605 17       		.uleb128 0x17
 4215 0606 6900     		.ascii	"i\000"
 4216 0608 01       		.byte	0x1
 4217 0609 AE       		.byte	0xae
 4218 060a A2000000 		.4byte	0xa2
 4219 060e 02       		.uleb128 0x2
 4220 060f 91       		.byte	0x91
 4221 0610 70       		.sleb128 -16
 4222 0611 13       		.uleb128 0x13
 4223 0612 56030000 		.4byte	.LASF100
 4224 0616 01       		.byte	0x1
 4225 0617 AE       		.byte	0xae
 4226 0618 A2000000 		.4byte	0xa2
 4227 061c 02       		.uleb128 0x2
 4228 061d 91       		.byte	0x91
 4229 061e 68       		.sleb128 -24
 4230 061f 00       		.byte	0
 4231 0620 00       		.byte	0
 4232 0621 12       		.uleb128 0x12
 4233 0622 77060000 		.4byte	.LASF102
 4234 0626 01       		.byte	0x1
 4235 0627 DA       		.byte	0xda
 4236 0628 FF010000 		.4byte	0x1ff
 4237 062c 00000000 		.4byte	.LFB73
ARM GAS  C:\Users\kland\AppData\Local\Temp\ccxBiICe.s 			page 100


 4238 0630 00010000 		.4byte	.LFE73-.LFB73
 4239 0634 01       		.uleb128 0x1
 4240 0635 9C       		.byte	0x9c
 4241 0636 78060000 		.4byte	0x678
 4242 063a 13       		.uleb128 0x13
 4243 063b 92010000 		.4byte	.LASF103
 4244 063f 01       		.byte	0x1
 4245 0640 DC       		.byte	0xdc
 4246 0641 FF010000 		.4byte	0x1ff
 4247 0645 03       		.uleb128 0x3
 4248 0646 91       		.byte	0x91
 4249 0647 E47C     		.sleb128 -412
 4250 0649 14       		.uleb128 0x14
 4251 064a 4A000000 		.4byte	.LBB5
 4252 064e 86000000 		.4byte	.LBE5-.LBB5
 4253 0652 17       		.uleb128 0x17
 4254 0653 6900     		.ascii	"i\000"
 4255 0655 01       		.byte	0x1
 4256 0656 E3       		.byte	0xe3
 4257 0657 7E000000 		.4byte	0x7e
 4258 065b 02       		.uleb128 0x2
 4259 065c 91       		.byte	0x91
 4260 065d 6C       		.sleb128 -20
 4261 065e 14       		.uleb128 0x14
 4262 065f 70000000 		.4byte	.LBB6
 4263 0663 46000000 		.4byte	.LBE6-.LBB6
 4264 0667 13       		.uleb128 0x13
 4265 0668 2F030000 		.4byte	.LASF104
 4266 066c 01       		.byte	0x1
 4267 066d F0       		.byte	0xf0
 4268 066e 57000000 		.4byte	0x57
 4269 0672 02       		.uleb128 0x2
 4270 0673 91       		.byte	0x91
 4271 0674 68       		.sleb128 -24
 4272 0675 00       		.byte	0
 4273 0676 00       		.byte	0
 4274 0677 00       		.byte	0
 4275 0678 18       		.uleb128 0x18
 4276 0679 35040000 		.4byte	.LASF106
 4277 067d 01       		.byte	0x1
 4278 067e 0401     		.2byte	0x104
 4279 0680 AD000000 		.4byte	0xad
 4280 0684 00000000 		.4byte	.LFB74
 4281 0688 78000000 		.4byte	.LFE74-.LFB74
 4282 068c 01       		.uleb128 0x1
 4283 068d 9C       		.byte	0x9c
 4284 068e E9060000 		.4byte	0x6e9
 4285 0692 19       		.uleb128 0x19
 4286 0693 23050000 		.4byte	.LASF107
 4287 0697 01       		.byte	0x1
 4288 0698 0401     		.2byte	0x104
 4289 069a 18010000 		.4byte	0x118
 4290 069e 02       		.uleb128 0x2
 4291 069f 91       		.byte	0x91
 4292 06a0 6C       		.sleb128 -20
 4293 06a1 19       		.uleb128 0x19
 4294 06a2 C8040000 		.4byte	.LASF108
ARM GAS  C:\Users\kland\AppData\Local\Temp\ccxBiICe.s 			page 101


 4295 06a6 01       		.byte	0x1
 4296 06a7 0401     		.2byte	0x104
 4297 06a9 1E010000 		.4byte	0x11e
 4298 06ad 02       		.uleb128 0x2
 4299 06ae 91       		.byte	0x91
 4300 06af 68       		.sleb128 -24
 4301 06b0 19       		.uleb128 0x19
 4302 06b1 EE040000 		.4byte	.LASF109
 4303 06b5 01       		.byte	0x1
 4304 06b6 0401     		.2byte	0x104
 4305 06b8 1E010000 		.4byte	0x11e
 4306 06bc 02       		.uleb128 0x2
 4307 06bd 91       		.byte	0x91
 4308 06be 64       		.sleb128 -28
 4309 06bf 19       		.uleb128 0x19
 4310 06c0 D4040000 		.4byte	.LASF110
 4311 06c4 01       		.byte	0x1
 4312 06c5 0401     		.2byte	0x104
 4313 06c7 18010000 		.4byte	0x118
 4314 06cb 02       		.uleb128 0x2
 4315 06cc 91       		.byte	0x91
 4316 06cd 60       		.sleb128 -32
 4317 06ce 1A       		.uleb128 0x1a
 4318 06cf 6100     		.ascii	"a\000"
 4319 06d1 01       		.byte	0x1
 4320 06d2 0601     		.2byte	0x106
 4321 06d4 18010000 		.4byte	0x118
 4322 06d8 02       		.uleb128 0x2
 4323 06d9 91       		.byte	0x91
 4324 06da 74       		.sleb128 -12
 4325 06db 1A       		.uleb128 0x1a
 4326 06dc 6200     		.ascii	"b\000"
 4327 06de 01       		.byte	0x1
 4328 06df 0601     		.2byte	0x106
 4329 06e1 18010000 		.4byte	0x118
 4330 06e5 02       		.uleb128 0x2
 4331 06e6 91       		.byte	0x91
 4332 06e7 70       		.sleb128 -16
 4333 06e8 00       		.byte	0
 4334 06e9 1B       		.uleb128 0x1b
 4335 06ea 39080000 		.4byte	.LASF111
 4336 06ee 01       		.byte	0x1
 4337 06ef 2301     		.2byte	0x123
 4338 06f1 AD000000 		.4byte	0xad
 4339 06f5 00000000 		.4byte	.LFB75
 4340 06f9 74010000 		.4byte	.LFE75-.LFB75
 4341 06fd 01       		.uleb128 0x1
 4342 06fe 9C       		.byte	0x9c
 4343 06ff 1B070000 		.4byte	0x71b
 4344 0703 14       		.uleb128 0x14
 4345 0704 2E000000 		.4byte	.LBB7
 4346 0708 68000000 		.4byte	.LBE7-.LBB7
 4347 070c 1A       		.uleb128 0x1a
 4348 070d 6900     		.ascii	"i\000"
 4349 070f 01       		.byte	0x1
 4350 0710 3101     		.2byte	0x131
 4351 0712 AD000000 		.4byte	0xad
ARM GAS  C:\Users\kland\AppData\Local\Temp\ccxBiICe.s 			page 102


 4352 0716 02       		.uleb128 0x2
 4353 0717 91       		.byte	0x91
 4354 0718 77       		.sleb128 -9
 4355 0719 00       		.byte	0
 4356 071a 00       		.byte	0
 4357 071b 1B       		.uleb128 0x1b
 4358 071c 1A060000 		.4byte	.LASF112
 4359 0720 01       		.byte	0x1
 4360 0721 7501     		.2byte	0x175
 4361 0723 AD000000 		.4byte	0xad
 4362 0727 00000000 		.4byte	.LFB76
 4363 072b B8000000 		.4byte	.LFE76-.LFB76
 4364 072f 01       		.uleb128 0x1
 4365 0730 9C       		.byte	0x9c
 4366 0731 5E070000 		.4byte	0x75e
 4367 0735 1C       		.uleb128 0x1c
 4368 0736 C3090000 		.4byte	.LASF36
 4369 073a 01       		.byte	0x1
 4370 073b 7901     		.2byte	0x179
 4371 073d AD000000 		.4byte	0xad
 4372 0741 02       		.uleb128 0x2
 4373 0742 91       		.byte	0x91
 4374 0743 77       		.sleb128 -9
 4375 0744 14       		.uleb128 0x14
 4376 0745 36000000 		.4byte	.LBB8
 4377 0749 48000000 		.4byte	.LBE8-.LBB8
 4378 074d 1C       		.uleb128 0x1c
 4379 074e 28050000 		.4byte	.LASF113
 4380 0752 01       		.byte	0x1
 4381 0753 8101     		.2byte	0x181
 4382 0755 5E070000 		.4byte	0x75e
 4383 0759 02       		.uleb128 0x2
 4384 075a 91       		.byte	0x91
 4385 075b 6C       		.sleb128 -20
 4386 075c 00       		.byte	0
 4387 075d 00       		.byte	0
 4388 075e 08       		.uleb128 0x8
 4389 075f 03010000 		.4byte	0x103
 4390 0763 6E070000 		.4byte	0x76e
 4391 0767 09       		.uleb128 0x9
 4392 0768 11010000 		.4byte	0x111
 4393 076c 09       		.byte	0x9
 4394 076d 00       		.byte	0
 4395 076e 1D       		.uleb128 0x1d
 4396 076f 42020000 		.4byte	.LASF114
 4397 0773 01       		.byte	0x1
 4398 0774 9301     		.2byte	0x193
 4399 0776 00000000 		.4byte	.LFB77
 4400 077a 1C000000 		.4byte	.LFE77-.LFB77
 4401 077e 01       		.uleb128 0x1
 4402 077f 9C       		.byte	0x9c
 4403 0780 1E       		.uleb128 0x1e
 4404 0781 CF080000 		.4byte	.LASF116
 4405 0785 01       		.byte	0x1
 4406 0786 A301     		.2byte	0x1a3
 4407 0788 AD000000 		.4byte	0xad
 4408 078c 00000000 		.4byte	.LFB78
ARM GAS  C:\Users\kland\AppData\Local\Temp\ccxBiICe.s 			page 103


 4409 0790 28000000 		.4byte	.LFE78-.LFB78
 4410 0794 01       		.uleb128 0x1
 4411 0795 9C       		.byte	0x9c
 4412 0796 1F       		.uleb128 0x1f
 4413 0797 4C040000 		.4byte	.LASF119
 4414 079b 01       		.byte	0x1
 4415 079c AE01     		.2byte	0x1ae
 4416 079e 00000000 		.4byte	.LFB79
 4417 07a2 84000000 		.4byte	.LFE79-.LFB79
 4418 07a6 01       		.uleb128 0x1
 4419 07a7 9C       		.byte	0x9c
 4420 07a8 BC070000 		.4byte	0x7bc
 4421 07ac 1C       		.uleb128 0x1c
 4422 07ad 82060000 		.4byte	.LASF117
 4423 07b1 01       		.byte	0x1
 4424 07b2 BB01     		.2byte	0x1bb
 4425 07b4 7E000000 		.4byte	0x7e
 4426 07b8 02       		.uleb128 0x2
 4427 07b9 91       		.byte	0x91
 4428 07ba 74       		.sleb128 -12
 4429 07bb 00       		.byte	0
 4430 07bc 20       		.uleb128 0x20
 4431 07bd BC030000 		.4byte	.LASF118
 4432 07c1 01       		.byte	0x1
 4433 07c2 CD01     		.2byte	0x1cd
 4434 07c4 00000000 		.4byte	.LFB80
 4435 07c8 54000000 		.4byte	.LFE80-.LFB80
 4436 07cc 01       		.uleb128 0x1
 4437 07cd 9C       		.byte	0x9c
 4438 07ce 1F       		.uleb128 0x1f
 4439 07cf 92090000 		.4byte	.LASF120
 4440 07d3 01       		.byte	0x1
 4441 07d4 E301     		.2byte	0x1e3
 4442 07d6 00000000 		.4byte	.LFB81
 4443 07da 2C060000 		.4byte	.LFE81-.LFB81
 4444 07de 01       		.uleb128 0x1
 4445 07df 9C       		.byte	0x9c
 4446 07e0 5B090000 		.4byte	0x95b
 4447 07e4 1C       		.uleb128 0x1c
 4448 07e5 62070000 		.4byte	.LASF121
 4449 07e9 01       		.byte	0x1
 4450 07ea E601     		.2byte	0x1e6
 4451 07ec 5E070000 		.4byte	0x75e
 4452 07f0 02       		.uleb128 0x2
 4453 07f1 91       		.byte	0x91
 4454 07f2 64       		.sleb128 -28
 4455 07f3 1C       		.uleb128 0x1c
 4456 07f4 24030000 		.4byte	.LASF122
 4457 07f8 01       		.byte	0x1
 4458 07f9 E701     		.2byte	0x1e7
 4459 07fb 5E070000 		.4byte	0x75e
 4460 07ff 02       		.uleb128 0x2
 4461 0800 91       		.byte	0x91
 4462 0801 58       		.sleb128 -40
 4463 0802 1C       		.uleb128 0x1c
 4464 0803 B5090000 		.4byte	.LASF123
 4465 0807 01       		.byte	0x1
ARM GAS  C:\Users\kland\AppData\Local\Temp\ccxBiICe.s 			page 104


 4466 0808 E801     		.2byte	0x1e8
 4467 080a 5E070000 		.4byte	0x75e
 4468 080e 02       		.uleb128 0x2
 4469 080f 91       		.byte	0x91
 4470 0810 4C       		.sleb128 -52
 4471 0811 1C       		.uleb128 0x1c
 4472 0812 D3060000 		.4byte	.LASF124
 4473 0816 01       		.byte	0x1
 4474 0817 E901     		.2byte	0x1e9
 4475 0819 5E070000 		.4byte	0x75e
 4476 081d 02       		.uleb128 0x2
 4477 081e 91       		.byte	0x91
 4478 081f 40       		.sleb128 -64
 4479 0820 1C       		.uleb128 0x1c
 4480 0821 AF030000 		.4byte	.LASF125
 4481 0825 01       		.byte	0x1
 4482 0826 EA01     		.2byte	0x1ea
 4483 0828 5E070000 		.4byte	0x75e
 4484 082c 03       		.uleb128 0x3
 4485 082d 91       		.byte	0x91
 4486 082e B47F     		.sleb128 -76
 4487 0830 1C       		.uleb128 0x1c
 4488 0831 2C090000 		.4byte	.LASF126
 4489 0835 01       		.byte	0x1
 4490 0836 EE01     		.2byte	0x1ee
 4491 0838 89040000 		.4byte	0x489
 4492 083c 03       		.uleb128 0x3
 4493 083d 91       		.byte	0x91
 4494 083e D07E     		.sleb128 -176
 4495 0840 1C       		.uleb128 0x1c
 4496 0841 88030000 		.4byte	.LASF127
 4497 0845 01       		.byte	0x1
 4498 0846 F101     		.2byte	0x1f1
 4499 0848 89040000 		.4byte	0x489
 4500 084c 03       		.uleb128 0x3
 4501 084d 91       		.byte	0x91
 4502 084e EC7D     		.sleb128 -276
 4503 0850 1C       		.uleb128 0x1c
 4504 0851 00060000 		.4byte	.LASF128
 4505 0855 01       		.byte	0x1
 4506 0856 F401     		.2byte	0x1f4
 4507 0858 89040000 		.4byte	0x489
 4508 085c 03       		.uleb128 0x3
 4509 085d 91       		.byte	0x91
 4510 085e 887D     		.sleb128 -376
 4511 0860 1C       		.uleb128 0x1c
 4512 0861 43050000 		.4byte	.LASF129
 4513 0865 01       		.byte	0x1
 4514 0866 F701     		.2byte	0x1f7
 4515 0868 89040000 		.4byte	0x489
 4516 086c 03       		.uleb128 0x3
 4517 086d 91       		.byte	0x91
 4518 086e A47C     		.sleb128 -476
 4519 0870 1C       		.uleb128 0x1c
 4520 0871 94070000 		.4byte	.LASF130
 4521 0875 01       		.byte	0x1
 4522 0876 FA01     		.2byte	0x1fa
ARM GAS  C:\Users\kland\AppData\Local\Temp\ccxBiICe.s 			page 105


 4523 0878 89040000 		.4byte	0x489
 4524 087c 03       		.uleb128 0x3
 4525 087d 91       		.byte	0x91
 4526 087e C07B     		.sleb128 -576
 4527 0880 1C       		.uleb128 0x1c
 4528 0881 1E000000 		.4byte	.LASF131
 4529 0885 01       		.byte	0x1
 4530 0886 FD01     		.2byte	0x1fd
 4531 0888 89040000 		.4byte	0x489
 4532 088c 03       		.uleb128 0x3
 4533 088d 91       		.byte	0x91
 4534 088e DC7A     		.sleb128 -676
 4535 0890 1C       		.uleb128 0x1c
 4536 0891 E1060000 		.4byte	.LASF132
 4537 0895 01       		.byte	0x1
 4538 0896 0502     		.2byte	0x205
 4539 0898 5B090000 		.4byte	0x95b
 4540 089c 03       		.uleb128 0x3
 4541 089d 91       		.byte	0x91
 4542 089e 9479     		.sleb128 -876
 4543 08a0 1C       		.uleb128 0x1c
 4544 08a1 01030000 		.4byte	.LASF60
 4545 08a5 01       		.byte	0x1
 4546 08a6 4802     		.2byte	0x248
 4547 08a8 7E000000 		.4byte	0x7e
 4548 08ac 03       		.uleb128 0x3
 4549 08ad 91       		.byte	0x91
 4550 08ae 9079     		.sleb128 -880
 4551 08b0 1C       		.uleb128 0x1c
 4552 08b1 F0060000 		.4byte	.LASF61
 4553 08b5 01       		.byte	0x1
 4554 08b6 4802     		.2byte	0x248
 4555 08b8 7E000000 		.4byte	0x7e
 4556 08bc 03       		.uleb128 0x3
 4557 08bd 91       		.byte	0x91
 4558 08be 8C79     		.sleb128 -884
 4559 08c0 1C       		.uleb128 0x1c
 4560 08c1 7A010000 		.4byte	.LASF133
 4561 08c5 01       		.byte	0x1
 4562 08c6 4802     		.2byte	0x248
 4563 08c8 7E000000 		.4byte	0x7e
 4564 08cc 03       		.uleb128 0x3
 4565 08cd 91       		.byte	0x91
 4566 08ce 8879     		.sleb128 -888
 4567 08d0 1C       		.uleb128 0x1c
 4568 08d1 7E050000 		.4byte	.LASF134
 4569 08d5 01       		.byte	0x1
 4570 08d6 4802     		.2byte	0x248
 4571 08d8 7E000000 		.4byte	0x7e
 4572 08dc 03       		.uleb128 0x3
 4573 08dd 91       		.byte	0x91
 4574 08de 8479     		.sleb128 -892
 4575 08e0 1C       		.uleb128 0x1c
 4576 08e1 2D050000 		.4byte	.LASF135
 4577 08e5 01       		.byte	0x1
 4578 08e6 4802     		.2byte	0x248
 4579 08e8 7E000000 		.4byte	0x7e
ARM GAS  C:\Users\kland\AppData\Local\Temp\ccxBiICe.s 			page 106


 4580 08ec 03       		.uleb128 0x3
 4581 08ed 91       		.byte	0x91
 4582 08ee 8079     		.sleb128 -896
 4583 08f0 1C       		.uleb128 0x1c
 4584 08f1 170B0000 		.4byte	.LASF136
 4585 08f5 01       		.byte	0x1
 4586 08f6 4902     		.2byte	0x249
 4587 08f8 7E000000 		.4byte	0x7e
 4588 08fc 03       		.uleb128 0x3
 4589 08fd 91       		.byte	0x91
 4590 08fe FC78     		.sleb128 -900
 4591 0900 1C       		.uleb128 0x1c
 4592 0901 DC020000 		.4byte	.LASF137
 4593 0905 01       		.byte	0x1
 4594 0906 4902     		.2byte	0x249
 4595 0908 7E000000 		.4byte	0x7e
 4596 090c 03       		.uleb128 0x3
 4597 090d 91       		.byte	0x91
 4598 090e F878     		.sleb128 -904
 4599 0910 21       		.uleb128 0x21
 4600 0911 28020000 		.4byte	.LASF138
 4601 0915 01       		.byte	0x1
 4602 0916 4902     		.2byte	0x249
 4603 0918 7E000000 		.4byte	0x7e
 4604 091c 21       		.uleb128 0x21
 4605 091d B30A0000 		.4byte	.LASF139
 4606 0921 01       		.byte	0x1
 4607 0922 4902     		.2byte	0x249
 4608 0924 7E000000 		.4byte	0x7e
 4609 0928 1C       		.uleb128 0x1c
 4610 0929 6B000000 		.4byte	.LASF140
 4611 092d 01       		.byte	0x1
 4612 092e 4902     		.2byte	0x249
 4613 0930 7E000000 		.4byte	0x7e
 4614 0934 03       		.uleb128 0x3
 4615 0935 91       		.byte	0x91
 4616 0936 F478     		.sleb128 -908
 4617 0938 21       		.uleb128 0x21
 4618 0939 DC010000 		.4byte	.LASF141
 4619 093d 01       		.byte	0x1
 4620 093e 4902     		.2byte	0x249
 4621 0940 7E000000 		.4byte	0x7e
 4622 0944 22       		.uleb128 0x22
 4623 0945 00000000 		.4byte	.Ldebug_ranges0+0
 4624 0949 1C       		.uleb128 0x1c
 4625 094a 93020000 		.4byte	.LASF142
 4626 094e 01       		.byte	0x1
 4627 094f 7402     		.2byte	0x274
 4628 0951 89040000 		.4byte	0x489
 4629 0955 03       		.uleb128 0x3
 4630 0956 91       		.byte	0x91
 4631 0957 9078     		.sleb128 -1008
 4632 0959 00       		.byte	0
 4633 095a 00       		.byte	0
 4634 095b 08       		.uleb128 0x8
 4635 095c 03010000 		.4byte	0x103
 4636 0960 6B090000 		.4byte	0x96b
ARM GAS  C:\Users\kland\AppData\Local\Temp\ccxBiICe.s 			page 107


 4637 0964 09       		.uleb128 0x9
 4638 0965 11010000 		.4byte	0x111
 4639 0969 C7       		.byte	0xc7
 4640 096a 00       		.byte	0
 4641 096b 1F       		.uleb128 0x1f
 4642 096c 0B030000 		.4byte	.LASF143
 4643 0970 01       		.byte	0x1
 4644 0971 0A03     		.2byte	0x30a
 4645 0973 00000000 		.4byte	.LFB82
 4646 0977 68010000 		.4byte	.LFE82-.LFB82
 4647 097b 01       		.uleb128 0x1
 4648 097c 9C       		.byte	0x9c
 4649 097d 9B090000 		.4byte	0x99b
 4650 0981 14       		.uleb128 0x14
 4651 0982 DA000000 		.4byte	.LBB12
 4652 0986 38000000 		.4byte	.LBE12-.LBB12
 4653 098a 1C       		.uleb128 0x1c
 4654 098b 5A080000 		.4byte	.LASF144
 4655 098f 01       		.byte	0x1
 4656 0990 3803     		.2byte	0x338
 4657 0992 5E070000 		.4byte	0x75e
 4658 0996 02       		.uleb128 0x2
 4659 0997 91       		.byte	0x91
 4660 0998 6C       		.sleb128 -20
 4661 0999 00       		.byte	0
 4662 099a 00       		.byte	0
 4663 099b 1B       		.uleb128 0x1b
 4664 099c 6A030000 		.4byte	.LASF145
 4665 09a0 01       		.byte	0x1
 4666 09a1 4B03     		.2byte	0x34b
 4667 09a3 57000000 		.4byte	0x57
 4668 09a7 00000000 		.4byte	.LFB83
 4669 09ab 44010000 		.4byte	.LFE83-.LFB83
 4670 09af 01       		.uleb128 0x1
 4671 09b0 9C       		.byte	0x9c
 4672 09b1 570A0000 		.4byte	0xa57
 4673 09b5 1C       		.uleb128 0x1c
 4674 09b6 02050000 		.4byte	.LASF146
 4675 09ba 01       		.byte	0x1
 4676 09bb 5603     		.2byte	0x356
 4677 09bd 57000000 		.4byte	0x57
 4678 09c1 02       		.uleb128 0x2
 4679 09c2 91       		.byte	0x91
 4680 09c3 74       		.sleb128 -12
 4681 09c4 14       		.uleb128 0x14
 4682 09c5 30000000 		.4byte	.LBB13
 4683 09c9 DE000000 		.4byte	.LBE13-.LBB13
 4684 09cd 1C       		.uleb128 0x1c
 4685 09ce 2F030000 		.4byte	.LASF104
 4686 09d2 01       		.byte	0x1
 4687 09d3 5B03     		.2byte	0x35b
 4688 09d5 570A0000 		.4byte	0xa57
 4689 09d9 02       		.uleb128 0x2
 4690 09da 91       		.byte	0x91
 4691 09db 54       		.sleb128 -44
 4692 09dc 1A       		.uleb128 0x1a
 4693 09dd 7400     		.ascii	"t\000"
ARM GAS  C:\Users\kland\AppData\Local\Temp\ccxBiICe.s 			page 108


 4694 09df 01       		.byte	0x1
 4695 09e0 6103     		.2byte	0x361
 4696 09e2 39010000 		.4byte	0x139
 4697 09e6 03       		.uleb128 0x3
 4698 09e7 91       		.byte	0x91
 4699 09e8 947F     		.sleb128 -108
 4700 09ea 1C       		.uleb128 0x1c
 4701 09eb 73020000 		.4byte	.LASF147
 4702 09ef 01       		.byte	0x1
 4703 09f0 6403     		.2byte	0x364
 4704 09f2 7E000000 		.4byte	0x7e
 4705 09f6 02       		.uleb128 0x2
 4706 09f7 91       		.byte	0x91
 4707 09f8 50       		.sleb128 -48
 4708 09f9 1C       		.uleb128 0x1c
 4709 09fa 14060000 		.4byte	.LASF148
 4710 09fe 01       		.byte	0x1
 4711 09ff 6403     		.2byte	0x364
 4712 0a01 7E000000 		.4byte	0x7e
 4713 0a05 02       		.uleb128 0x2
 4714 0a06 91       		.byte	0x91
 4715 0a07 4C       		.sleb128 -52
 4716 0a08 1A       		.uleb128 0x1a
 4717 0a09 64617900 		.ascii	"day\000"
 4718 0a0d 01       		.byte	0x1
 4719 0a0e 6403     		.2byte	0x364
 4720 0a10 7E000000 		.4byte	0x7e
 4721 0a14 02       		.uleb128 0x2
 4722 0a15 91       		.byte	0x91
 4723 0a16 48       		.sleb128 -56
 4724 0a17 1C       		.uleb128 0x1c
 4725 0a18 9D060000 		.4byte	.LASF149
 4726 0a1c 01       		.byte	0x1
 4727 0a1d 6403     		.2byte	0x364
 4728 0a1f 7E000000 		.4byte	0x7e
 4729 0a23 02       		.uleb128 0x2
 4730 0a24 91       		.byte	0x91
 4731 0a25 44       		.sleb128 -60
 4732 0a26 1C       		.uleb128 0x1c
 4733 0a27 6D090000 		.4byte	.LASF150
 4734 0a2b 01       		.byte	0x1
 4735 0a2c 6403     		.2byte	0x364
 4736 0a2e 7E000000 		.4byte	0x7e
 4737 0a32 02       		.uleb128 0x2
 4738 0a33 91       		.byte	0x91
 4739 0a34 40       		.sleb128 -64
 4740 0a35 1C       		.uleb128 0x1c
 4741 0a36 6C020000 		.4byte	.LASF151
 4742 0a3a 01       		.byte	0x1
 4743 0a3b 6403     		.2byte	0x364
 4744 0a3d 7E000000 		.4byte	0x7e
 4745 0a41 03       		.uleb128 0x3
 4746 0a42 91       		.byte	0x91
 4747 0a43 BC7F     		.sleb128 -68
 4748 0a45 1C       		.uleb128 0x1c
 4749 0a46 0C000000 		.4byte	.LASF152
 4750 0a4a 01       		.byte	0x1
ARM GAS  C:\Users\kland\AppData\Local\Temp\ccxBiICe.s 			page 109


 4751 0a4b 6403     		.2byte	0x364
 4752 0a4d 7E000000 		.4byte	0x7e
 4753 0a51 03       		.uleb128 0x3
 4754 0a52 91       		.byte	0x91
 4755 0a53 B87F     		.sleb128 -72
 4756 0a55 00       		.byte	0
 4757 0a56 00       		.byte	0
 4758 0a57 08       		.uleb128 0x8
 4759 0a58 03010000 		.4byte	0x103
 4760 0a5c 670A0000 		.4byte	0xa67
 4761 0a60 09       		.uleb128 0x9
 4762 0a61 11010000 		.4byte	0x111
 4763 0a65 1D       		.byte	0x1d
 4764 0a66 00       		.byte	0
 4765 0a67 23       		.uleb128 0x23
 4766 0a68 BD020000 		.4byte	.LASF153
 4767 0a6c 01       		.byte	0x1
 4768 0a6d 8403     		.2byte	0x384
 4769 0a6f AD000000 		.4byte	0xad
 4770 0a73 00000000 		.4byte	.LFB84
 4771 0a77 14000000 		.4byte	.LFE84-.LFB84
 4772 0a7b 01       		.uleb128 0x1
 4773 0a7c 9C       		.byte	0x9c
 4774 0a7d 1D       		.uleb128 0x1d
 4775 0a7e A3030000 		.4byte	.LASF154
 4776 0a82 01       		.byte	0x1
 4777 0a83 8903     		.2byte	0x389
 4778 0a85 00000000 		.4byte	.LFB85
 4779 0a89 1A000000 		.4byte	.LFE85-.LFB85
 4780 0a8d 01       		.uleb128 0x1
 4781 0a8e 9C       		.byte	0x9c
 4782 0a8f 1D       		.uleb128 0x1d
 4783 0a90 49010000 		.4byte	.LASF155
 4784 0a94 01       		.byte	0x1
 4785 0a95 9603     		.2byte	0x396
 4786 0a97 00000000 		.4byte	.LFB86
 4787 0a9b 2A000000 		.4byte	.LFE86-.LFB86
 4788 0a9f 01       		.uleb128 0x1
 4789 0aa0 9C       		.byte	0x9c
 4790 0aa1 1B       		.uleb128 0x1b
 4791 0aa2 73070000 		.4byte	.LASF156
 4792 0aa6 01       		.byte	0x1
 4793 0aa7 A903     		.2byte	0x3a9
 4794 0aa9 43030000 		.4byte	0x343
 4795 0aad 00000000 		.4byte	.LFB87
 4796 0ab1 7C020000 		.4byte	.LFE87-.LFB87
 4797 0ab5 01       		.uleb128 0x1
 4798 0ab6 9C       		.byte	0x9c
 4799 0ab7 4A0B0000 		.4byte	0xb4a
 4800 0abb 1A       		.uleb128 0x1a
 4801 0abc 67707300 		.ascii	"gps\000"
 4802 0ac0 01       		.byte	0x1
 4803 0ac1 AA03     		.2byte	0x3aa
 4804 0ac3 43030000 		.4byte	0x343
 4805 0ac7 02       		.uleb128 0x2
 4806 0ac8 91       		.byte	0x91
 4807 0ac9 4C       		.sleb128 -52
ARM GAS  C:\Users\kland\AppData\Local\Temp\ccxBiICe.s 			page 110


 4808 0aca 1C       		.uleb128 0x1c
 4809 0acb DA0A0000 		.4byte	.LASF157
 4810 0acf 01       		.byte	0x1
 4811 0ad0 B603     		.2byte	0x3b6
 4812 0ad2 57000000 		.4byte	0x57
 4813 0ad6 02       		.uleb128 0x2
 4814 0ad7 91       		.byte	0x91
 4815 0ad8 68       		.sleb128 -24
 4816 0ad9 1C       		.uleb128 0x1c
 4817 0ada 55060000 		.4byte	.LASF158
 4818 0ade 01       		.byte	0x1
 4819 0adf DD03     		.2byte	0x3dd
 4820 0ae1 AD000000 		.4byte	0xad
 4821 0ae5 02       		.uleb128 0x2
 4822 0ae6 91       		.byte	0x91
 4823 0ae7 67       		.sleb128 -25
 4824 0ae8 1A       		.uleb128 0x1a
 4825 0ae9 6C617400 		.ascii	"lat\000"
 4826 0aed 01       		.byte	0x1
 4827 0aee E903     		.2byte	0x3e9
 4828 0af0 F5000000 		.4byte	0xf5
 4829 0af4 02       		.uleb128 0x2
 4830 0af5 91       		.byte	0x91
 4831 0af6 48       		.sleb128 -56
 4832 0af7 1A       		.uleb128 0x1a
 4833 0af8 6C6F6E00 		.ascii	"lon\000"
 4834 0afc 01       		.byte	0x1
 4835 0afd EA03     		.2byte	0x3ea
 4836 0aff F5000000 		.4byte	0xf5
 4837 0b03 02       		.uleb128 0x2
 4838 0b04 91       		.byte	0x91
 4839 0b05 44       		.sleb128 -60
 4840 0b06 1A       		.uleb128 0x1a
 4841 0b07 616C7400 		.ascii	"alt\000"
 4842 0b0b 01       		.byte	0x1
 4843 0b0c EB03     		.2byte	0x3eb
 4844 0b0e F5000000 		.4byte	0xf5
 4845 0b12 02       		.uleb128 0x2
 4846 0b13 91       		.byte	0x91
 4847 0b14 40       		.sleb128 -64
 4848 0b15 1A       		.uleb128 0x1a
 4849 0b16 733100   		.ascii	"s1\000"
 4850 0b19 01       		.byte	0x1
 4851 0b1a EF03     		.2byte	0x3ef
 4852 0b1c 18010000 		.4byte	0x118
 4853 0b20 02       		.uleb128 0x2
 4854 0b21 91       		.byte	0x91
 4855 0b22 60       		.sleb128 -32
 4856 0b23 1C       		.uleb128 0x1c
 4857 0b24 82060000 		.4byte	.LASF117
 4858 0b28 01       		.byte	0x1
 4859 0b29 F203     		.2byte	0x3f2
 4860 0b2b 7E000000 		.4byte	0x7e
 4861 0b2f 02       		.uleb128 0x2
 4862 0b30 91       		.byte	0x91
 4863 0b31 5C       		.sleb128 -36
 4864 0b32 14       		.uleb128 0x14
ARM GAS  C:\Users\kland\AppData\Local\Temp\ccxBiICe.s 			page 111


 4865 0b33 B4000000 		.4byte	.LBB14
 4866 0b37 38000000 		.4byte	.LBE14-.LBB14
 4867 0b3b 1A       		.uleb128 0x1a
 4868 0b3c 6900     		.ascii	"i\000"
 4869 0b3e 01       		.byte	0x1
 4870 0b3f DE03     		.2byte	0x3de
 4871 0b41 B9000000 		.4byte	0xb9
 4872 0b45 02       		.uleb128 0x2
 4873 0b46 91       		.byte	0x91
 4874 0b47 6E       		.sleb128 -18
 4875 0b48 00       		.byte	0
 4876 0b49 00       		.byte	0
 4877 0b4a 24       		.uleb128 0x24
 4878 0b4b A4010000 		.4byte	.LASF159
 4879 0b4f 0A       		.byte	0xa
 4880 0b50 1207     		.2byte	0x712
 4881 0b52 560B0000 		.4byte	0xb56
 4882 0b56 0F       		.uleb128 0xf
 4883 0b57 97000000 		.4byte	0x97
 4884 0b5b 25       		.uleb128 0x25
 4885 0b5c 51000000 		.4byte	.LASF160
 4886 0b60 07       		.byte	0x7
 4887 0b61 11       		.byte	0x11
 4888 0b62 DB030000 		.4byte	0x3db
 4889 0b66 05       		.uleb128 0x5
 4890 0b67 03       		.byte	0x3
 4891 0b68 00000000 		.4byte	buffer_overflow
 4892 0b6c 25       		.uleb128 0x25
 4893 0b6d 8A050000 		.4byte	.LASF161
 4894 0b71 07       		.byte	0x7
 4895 0b72 22       		.byte	0x22
 4896 0b73 B9000000 		.4byte	0xb9
 4897 0b77 05       		.uleb128 0x5
 4898 0b78 03       		.byte	0x3
 4899 0b79 00000000 		.4byte	dataPointsInStack
 4900 0b7d 25       		.uleb128 0x25
 4901 0b7e F1090000 		.4byte	.LASF162
 4902 0b82 07       		.byte	0x7
 4903 0b83 23       		.byte	0x23
 4904 0b84 B9000000 		.4byte	0xb9
 4905 0b88 05       		.uleb128 0x5
 4906 0b89 03       		.byte	0x3
 4907 0b8a 00000000 		.4byte	dataPointsInStackDesired
 4908 0b8e 08       		.uleb128 0x8
 4909 0b8f 47020000 		.4byte	0x247
 4910 0b93 9E0B0000 		.4byte	0xb9e
 4911 0b97 09       		.uleb128 0x9
 4912 0b98 11010000 		.4byte	0x111
 4913 0b9c 95       		.byte	0x95
 4914 0b9d 00       		.byte	0
 4915 0b9e 25       		.uleb128 0x25
 4916 0b9f 7A040000 		.4byte	.LASF163
 4917 0ba3 07       		.byte	0x7
 4918 0ba4 24       		.byte	0x24
 4919 0ba5 8E0B0000 		.4byte	0xb8e
 4920 0ba9 05       		.uleb128 0x5
 4921 0baa 03       		.byte	0x3
ARM GAS  C:\Users\kland\AppData\Local\Temp\ccxBiICe.s 			page 112


 4922 0bab 00000000 		.4byte	data
 4923 0baf 25       		.uleb128 0x25
 4924 0bb0 86010000 		.4byte	.LASF164
 4925 0bb4 08       		.byte	0x8
 4926 0bb5 21       		.byte	0x21
 4927 0bb6 AD000000 		.4byte	0xad
 4928 0bba 05       		.uleb128 0x5
 4929 0bbb 03       		.byte	0x3
 4930 0bbc 00000000 		.4byte	modem_state
 4931 0bc0 25       		.uleb128 0x25
 4932 0bc1 E8080000 		.4byte	.LASF165
 4933 0bc5 08       		.byte	0x8
 4934 0bc6 74       		.byte	0x74
 4935 0bc7 DD000000 		.4byte	0xdd
 4936 0bcb 05       		.uleb128 0x5
 4937 0bcc 03       		.byte	0x3
 4938 0bcd 00000000 		.4byte	modem_start_time_stamp
 4939 0bd1 25       		.uleb128 0x25
 4940 0bd2 90040000 		.4byte	.LASF78
 4941 0bd6 08       		.byte	0x8
 4942 0bd7 75       		.byte	0x75
 4943 0bd8 7F020000 		.4byte	0x27f
 4944 0bdc 05       		.uleb128 0x5
 4945 0bdd 03       		.byte	0x3
 4946 0bde 00000000 		.4byte	modem_info
 4947 0be2 25       		.uleb128 0x25
 4948 0be3 B1010000 		.4byte	.LASF166
 4949 0be7 08       		.byte	0x8
 4950 0be8 76       		.byte	0x76
 4951 0be9 F3020000 		.4byte	0x2f3
 4952 0bed 05       		.uleb128 0x5
 4953 0bee 03       		.byte	0x3
 4954 0bef 00000000 		.4byte	modem_stats
 4955 0bf3 25       		.uleb128 0x25
 4956 0bf4 88060000 		.4byte	.LASF167
 4957 0bf8 08       		.byte	0x8
 4958 0bf9 77       		.byte	0x77
 4959 0bfa E2030000 		.4byte	0x3e2
 4960 0bfe 05       		.uleb128 0x5
 4961 0bff 03       		.byte	0x3
 4962 0c00 00000000 		.4byte	updatable_parameters
 4963 0c04 25       		.uleb128 0x25
 4964 0c05 EE030000 		.4byte	.LASF168
 4965 0c09 0B       		.byte	0xb
 4966 0c0a 07       		.byte	0x7
 4967 0c0b AD000000 		.4byte	0xad
 4968 0c0f 05       		.uleb128 0x5
 4969 0c10 03       		.byte	0x3
 4970 0c11 00000000 		.4byte	App_LED_enabled
 4971 0c15 25       		.uleb128 0x25
 4972 0c16 090B0000 		.4byte	.LASF169
 4973 0c1a 0B       		.byte	0xb
 4974 0c1b 08       		.byte	0x8
 4975 0c1c 89040000 		.4byte	0x489
 4976 0c20 05       		.uleb128 0x5
 4977 0c21 03       		.byte	0x3
 4978 0c22 00000000 		.4byte	app_led_inbox
ARM GAS  C:\Users\kland\AppData\Local\Temp\ccxBiICe.s 			page 113


 4979 0c26 25       		.uleb128 0x25
 4980 0c27 15080000 		.4byte	.LASF170
 4981 0c2b 0C       		.byte	0xc
 4982 0c2c 25       		.byte	0x25
 4983 0c2d 89040000 		.4byte	0x489
 4984 0c31 05       		.uleb128 0x5
 4985 0c32 03       		.byte	0x3
 4986 0c33 00000000 		.4byte	level_sensor_inbox
 4987 0c37 25       		.uleb128 0x25
 4988 0c38 DC090000 		.4byte	.LASF171
 4989 0c3c 0C       		.byte	0xc
 4990 0c3d 27       		.byte	0x27
 4991 0c3e DB030000 		.4byte	0x3db
 4992 0c42 05       		.uleb128 0x5
 4993 0c43 03       		.byte	0x3
 4994 0c44 00000000 		.4byte	level_sensor_enabled
 4995 0c48 25       		.uleb128 0x25
 4996 0c49 5D020000 		.4byte	.LASF172
 4997 0c4d 0D       		.byte	0xd
 4998 0c4e 2A       		.byte	0x2a
 4999 0c4f E9000000 		.4byte	0xe9
 5000 0c53 05       		.uleb128 0x5
 5001 0c54 03       		.byte	0x3
 5002 0c55 00000000 		.4byte	valve_diameter
 5003 0c59 25       		.uleb128 0x25
 5004 0c5a A6000000 		.4byte	.LASF173
 5005 0c5e 0D       		.byte	0xd
 5006 0c5f 2B       		.byte	0x2b
 5007 0c60 5E070000 		.4byte	0x75e
 5008 0c64 05       		.uleb128 0x5
 5009 0c65 03       		.byte	0x3
 5010 0c66 00000000 		.4byte	valve_type
 5011 0c6a 25       		.uleb128 0x25
 5012 0c6b 84090000 		.4byte	.LASF174
 5013 0c6f 0D       		.byte	0xd
 5014 0c70 30       		.byte	0x30
 5015 0c71 AD000000 		.4byte	0xad
 5016 0c75 05       		.uleb128 0x5
 5017 0c76 03       		.byte	0x3
 5018 0c77 00000000 		.4byte	valve_enabled
 5019 0c7b 25       		.uleb128 0x25
 5020 0c7c 760A0000 		.4byte	.LASF175
 5021 0c80 0D       		.byte	0xd
 5022 0c81 31       		.byte	0x31
 5023 0c82 89040000 		.4byte	0x489
 5024 0c86 05       		.uleb128 0x5
 5025 0c87 03       		.byte	0x3
 5026 0c88 00000000 		.4byte	valve_inbox
 5027 0c8c 25       		.uleb128 0x25
 5028 0c8d 3D000000 		.4byte	.LASF176
 5029 0c91 0E       		.byte	0xe
 5030 0c92 69       		.byte	0x69
 5031 0c93 AD000000 		.4byte	0xad
 5032 0c97 05       		.uleb128 0x5
 5033 0c98 03       		.byte	0x3
 5034 0c99 00000000 		.4byte	autosampler_enabled
 5035 0c9d 25       		.uleb128 0x25
ARM GAS  C:\Users\kland\AppData\Local\Temp\ccxBiICe.s 			page 114


 5036 0c9e 9C050000 		.4byte	.LASF177
 5037 0ca2 0E       		.byte	0xe
 5038 0ca3 6B       		.byte	0x6b
 5039 0ca4 89040000 		.4byte	0x489
 5040 0ca8 05       		.uleb128 0x5
 5041 0ca9 03       		.byte	0x3
 5042 0caa 00000000 		.4byte	autosampler_inbox
 5043 0cae 25       		.uleb128 0x25
 5044 0caf 14040000 		.4byte	.LASF178
 5045 0cb3 0F       		.byte	0xf
 5046 0cb4 12       		.byte	0x12
 5047 0cb5 AD000000 		.4byte	0xad
 5048 0cb9 05       		.uleb128 0x5
 5049 0cba 03       		.byte	0x3
 5050 0cbb 00000000 		.4byte	sontek_enabled
 5051 0cbf 25       		.uleb128 0x25
 5052 0cc0 56010000 		.4byte	.LASF179
 5053 0cc4 0F       		.byte	0xf
 5054 0cc5 13       		.byte	0x13
 5055 0cc6 89040000 		.4byte	0x489
 5056 0cca 05       		.uleb128 0x5
 5057 0ccb 03       		.byte	0x3
 5058 0ccc 00000000 		.4byte	Sontek_inbox
 5059 0cd0 08       		.uleb128 0x8
 5060 0cd1 03010000 		.4byte	0x103
 5061 0cd5 E10C0000 		.4byte	0xce1
 5062 0cd9 26       		.uleb128 0x26
 5063 0cda 11010000 		.4byte	0x111
 5064 0cde 0F27     		.2byte	0x270f
 5065 0ce0 00       		.byte	0
 5066 0ce1 25       		.uleb128 0x25
 5067 0ce2 E40A0000 		.4byte	.LASF180
 5068 0ce6 09       		.byte	0x9
 5069 0ce7 21       		.byte	0x21
 5070 0ce8 D00C0000 		.4byte	0xcd0
 5071 0cec 05       		.uleb128 0x5
 5072 0ced 03       		.byte	0x3
 5073 0cee 00000000 		.4byte	http_request
 5074 0cf2 25       		.uleb128 0x25
 5075 0cf3 38020000 		.4byte	.LASF181
 5076 0cf7 09       		.byte	0x9
 5077 0cf8 22       		.byte	0x22
 5078 0cf9 D00C0000 		.4byte	0xcd0
 5079 0cfd 05       		.uleb128 0x5
 5080 0cfe 03       		.byte	0x3
 5081 0cff 00000000 		.4byte	http_body
 5082 0d03 25       		.uleb128 0x25
 5083 0d04 73080000 		.4byte	.LASF182
 5084 0d08 09       		.byte	0x9
 5085 0d09 23       		.byte	0x23
 5086 0d0a 5B090000 		.4byte	0x95b
 5087 0d0e 05       		.uleb128 0x5
 5088 0d0f 03       		.byte	0x3
 5089 0d10 00000000 		.4byte	http_route
 5090 0d14 25       		.uleb128 0x25
 5091 0d15 45090000 		.4byte	.LASF183
 5092 0d19 09       		.byte	0x9
ARM GAS  C:\Users\kland\AppData\Local\Temp\ccxBiICe.s 			page 115


 5093 0d1a 4A       		.byte	0x4a
 5094 0d1b 5D040000 		.4byte	0x45d
 5095 0d1f 05       		.uleb128 0x5
 5096 0d20 03       		.byte	0x3
 5097 0d21 00000000 		.4byte	system_info
 5098 0d25 25       		.uleb128 0x25
 5099 0d26 3D070000 		.4byte	.LASF184
 5100 0d2a 09       		.byte	0x9
 5101 0d2b 5C       		.byte	0x5c
 5102 0d2c 99040000 		.4byte	0x499
 5103 0d30 05       		.uleb128 0x5
 5104 0d31 03       		.byte	0x3
 5105 0d32 00000000 		.4byte	system_settings
 5106 0d36 25       		.uleb128 0x25
 5107 0d37 97010000 		.4byte	.LASF185
 5108 0d3b 09       		.byte	0x9
 5109 0d3c 78       		.byte	0x78
 5110 0d3d 26040000 		.4byte	0x426
 5111 0d41 05       		.uleb128 0x5
 5112 0d42 03       		.byte	0x3
 5113 0d43 00000000 		.4byte	alarmMeasure
 5114 0d47 25       		.uleb128 0x25
 5115 0d48 F7010000 		.4byte	.LASF186
 5116 0d4c 09       		.byte	0x9
 5117 0d4d 79       		.byte	0x79
 5118 0d4e AD000000 		.4byte	0xad
 5119 0d52 05       		.uleb128 0x5
 5120 0d53 03       		.byte	0x3
 5121 0d54 00000000 		.4byte	timeToMeasure
 5122 0d58 25       		.uleb128 0x25
 5123 0d59 E4030000 		.4byte	.LASF187
 5124 0d5d 09       		.byte	0x9
 5125 0d5e 7A       		.byte	0x7a
 5126 0d5f 26040000 		.4byte	0x426
 5127 0d63 05       		.uleb128 0x5
 5128 0d64 03       		.byte	0x3
 5129 0d65 00000000 		.4byte	alarmSync
 5130 0d69 25       		.uleb128 0x25
 5131 0d6a 1D020000 		.4byte	.LASF188
 5132 0d6e 09       		.byte	0x9
 5133 0d6f 7B       		.byte	0x7b
 5134 0d70 AD000000 		.4byte	0xad
 5135 0d74 05       		.uleb128 0x5
 5136 0d75 03       		.byte	0x3
 5137 0d76 00000000 		.4byte	timeToSync
 5138 0d7a 25       		.uleb128 0x25
 5139 0d7b 60060000 		.4byte	.LASF189
 5140 0d7f 09       		.byte	0x9
 5141 0d80 7C       		.byte	0x7c
 5142 0d81 AD000000 		.4byte	0xad
 5143 0d85 05       		.uleb128 0x5
 5144 0d86 03       		.byte	0x3
 5145 0d87 00000000 		.4byte	timeToSycnRemoteParams
 5146 0d8b 27       		.uleb128 0x27
 5147 0d8c 68657900 		.ascii	"hey\000"
 5148 0d90 09       		.byte	0x9
 5149 0d91 7D       		.byte	0x7d
ARM GAS  C:\Users\kland\AppData\Local\Temp\ccxBiICe.s 			page 116


 5150 0d92 AD000000 		.4byte	0xad
 5151 0d96 05       		.uleb128 0x5
 5152 0d97 03       		.byte	0x3
 5153 0d98 00000000 		.4byte	hey
 5154 0d9c 25       		.uleb128 0x25
 5155 0d9d 17050000 		.4byte	.LASF190
 5156 0da1 09       		.byte	0x9
 5157 0da2 81       		.byte	0x81
 5158 0da3 26040000 		.4byte	0x426
 5159 0da7 05       		.uleb128 0x5
 5160 0da8 03       		.byte	0x3
 5161 0da9 00000000 		.4byte	alarmAppLED
 5162 0dad 25       		.uleb128 0x25
 5163 0dae EE020000 		.4byte	.LASF191
 5164 0db2 09       		.byte	0x9
 5165 0db3 82       		.byte	0x82
 5166 0db4 AD000000 		.4byte	0xad
 5167 0db8 05       		.uleb128 0x5
 5168 0db9 03       		.byte	0x3
 5169 0dba 00000000 		.4byte	timeToAppLED
 5170 0dbe 25       		.uleb128 0x25
 5171 0dbf D3070000 		.4byte	.LASF192
 5172 0dc3 09       		.byte	0x9
 5173 0dc4 84       		.byte	0x84
 5174 0dc5 26040000 		.4byte	0x426
 5175 0dc9 05       		.uleb128 0x5
 5176 0dca 03       		.byte	0x3
 5177 0dcb 00000000 		.4byte	alarmLevelSensor
 5178 0dcf 25       		.uleb128 0x25
 5179 0dd0 CA090000 		.4byte	.LASF193
 5180 0dd4 09       		.byte	0x9
 5181 0dd5 85       		.byte	0x85
 5182 0dd6 AD000000 		.4byte	0xad
 5183 0dda 05       		.uleb128 0x5
 5184 0ddb 03       		.byte	0x3
 5185 0ddc 00000000 		.4byte	timeToLevelSensor
 5186 0de0 25       		.uleb128 0x25
 5187 0de1 78020000 		.4byte	.LASF194
 5188 0de5 09       		.byte	0x9
 5189 0de6 87       		.byte	0x87
 5190 0de7 26040000 		.4byte	0x426
 5191 0deb 05       		.uleb128 0x5
 5192 0dec 03       		.byte	0x3
 5193 0ded 00000000 		.4byte	alarmDownstreamLevelSensor
 5194 0df1 25       		.uleb128 0x25
 5195 0df2 410A0000 		.4byte	.LASF195
 5196 0df6 09       		.byte	0x9
 5197 0df7 88       		.byte	0x88
 5198 0df8 AD000000 		.4byte	0xad
 5199 0dfc 05       		.uleb128 0x5
 5200 0dfd 03       		.byte	0x3
 5201 0dfe 00000000 		.4byte	timeToDownstreamLevelSensor
 5202 0e02 25       		.uleb128 0x25
 5203 0e03 5F080000 		.4byte	.LASF196
 5204 0e07 09       		.byte	0x9
 5205 0e08 8A       		.byte	0x8a
 5206 0e09 26040000 		.4byte	0x426
ARM GAS  C:\Users\kland\AppData\Local\Temp\ccxBiICe.s 			page 117


 5207 0e0d 05       		.uleb128 0x5
 5208 0e0e 03       		.byte	0x3
 5209 0e0f 00000000 		.4byte	alarmValve
 5210 0e13 25       		.uleb128 0x25
 5211 0e14 00000000 		.4byte	.LASF197
 5212 0e18 09       		.byte	0x9
 5213 0e19 8B       		.byte	0x8b
 5214 0e1a AD000000 		.4byte	0xad
 5215 0e1e 05       		.uleb128 0x5
 5216 0e1f 03       		.byte	0x3
 5217 0e20 00000000 		.4byte	timeToValve
 5218 0e24 25       		.uleb128 0x25
 5219 0e25 650A0000 		.4byte	.LASF198
 5220 0e29 09       		.byte	0x9
 5221 0e2a 8D       		.byte	0x8d
 5222 0e2b 26040000 		.4byte	0x426
 5223 0e2f 05       		.uleb128 0x5
 5224 0e30 03       		.byte	0x3
 5225 0e31 00000000 		.4byte	alarmAutosampler
 5226 0e35 25       		.uleb128 0x25
 5227 0e36 94000000 		.4byte	.LASF199
 5228 0e3a 09       		.byte	0x9
 5229 0e3b 8E       		.byte	0x8e
 5230 0e3c AD000000 		.4byte	0xad
 5231 0e40 05       		.uleb128 0x5
 5232 0e41 03       		.byte	0x3
 5233 0e42 00000000 		.4byte	timeToAutosampler
 5234 0e46 25       		.uleb128 0x25
 5235 0e47 C3080000 		.4byte	.LASF200
 5236 0e4b 09       		.byte	0x9
 5237 0e4c 90       		.byte	0x90
 5238 0e4d 26040000 		.4byte	0x426
 5239 0e51 05       		.uleb128 0x5
 5240 0e52 03       		.byte	0x3
 5241 0e53 00000000 		.4byte	alarmSontek
 5242 0e57 25       		.uleb128 0x25
 5243 0e58 340A0000 		.4byte	.LASF201
 5244 0e5c 09       		.byte	0x9
 5245 0e5d 91       		.byte	0x91
 5246 0e5e AD000000 		.4byte	0xad
 5247 0e62 05       		.uleb128 0x5
 5248 0e63 03       		.byte	0x3
 5249 0e64 00000000 		.4byte	timeToSontek
 5250 0e68 08       		.uleb128 0x8
 5251 0e69 03010000 		.4byte	0x103
 5252 0e6d 790E0000 		.4byte	0xe79
 5253 0e71 26       		.uleb128 0x26
 5254 0e72 11010000 		.4byte	0x111
 5255 0e76 FF03     		.2byte	0x3ff
 5256 0e78 00       		.byte	0
 5257 0e79 25       		.uleb128 0x25
 5258 0e7a FF080000 		.4byte	.LASF202
 5259 0e7e 01       		.byte	0x1
 5260 0e7f 05       		.byte	0x5
 5261 0e80 680E0000 		.4byte	0xe68
 5262 0e84 05       		.uleb128 0x5
 5263 0e85 03       		.byte	0x3
ARM GAS  C:\Users\kland\AppData\Local\Temp\ccxBiICe.s 			page 118


 5264 0e86 00000000 		.4byte	uart_received_string
 5265 0e8a 25       		.uleb128 0x25
 5266 0e8b A4080000 		.4byte	.LASF203
 5267 0e8f 01       		.byte	0x1
 5268 0e90 06       		.byte	0x6
 5269 0e91 D1000000 		.4byte	0xd1
 5270 0e95 05       		.uleb128 0x5
 5271 0e96 03       		.byte	0x3
 5272 0e97 00000000 		.4byte	uart_string_index
 5273 0e9b 00       		.byte	0
 5274              		.section	.debug_abbrev,"",%progbits
 5275              	.Ldebug_abbrev0:
 5276 0000 01       		.uleb128 0x1
 5277 0001 11       		.uleb128 0x11
 5278 0002 01       		.byte	0x1
 5279 0003 25       		.uleb128 0x25
 5280 0004 0E       		.uleb128 0xe
 5281 0005 13       		.uleb128 0x13
 5282 0006 0B       		.uleb128 0xb
 5283 0007 03       		.uleb128 0x3
 5284 0008 0E       		.uleb128 0xe
 5285 0009 1B       		.uleb128 0x1b
 5286 000a 0E       		.uleb128 0xe
 5287 000b 55       		.uleb128 0x55
 5288 000c 17       		.uleb128 0x17
 5289 000d 11       		.uleb128 0x11
 5290 000e 01       		.uleb128 0x1
 5291 000f 10       		.uleb128 0x10
 5292 0010 17       		.uleb128 0x17
 5293 0011 00       		.byte	0
 5294 0012 00       		.byte	0
 5295 0013 02       		.uleb128 0x2
 5296 0014 24       		.uleb128 0x24
 5297 0015 00       		.byte	0
 5298 0016 0B       		.uleb128 0xb
 5299 0017 0B       		.uleb128 0xb
 5300 0018 3E       		.uleb128 0x3e
 5301 0019 0B       		.uleb128 0xb
 5302 001a 03       		.uleb128 0x3
 5303 001b 0E       		.uleb128 0xe
 5304 001c 00       		.byte	0
 5305 001d 00       		.byte	0
 5306 001e 03       		.uleb128 0x3
 5307 001f 16       		.uleb128 0x16
 5308 0020 00       		.byte	0
 5309 0021 03       		.uleb128 0x3
 5310 0022 0E       		.uleb128 0xe
 5311 0023 3A       		.uleb128 0x3a
 5312 0024 0B       		.uleb128 0xb
 5313 0025 3B       		.uleb128 0x3b
 5314 0026 0B       		.uleb128 0xb
 5315 0027 49       		.uleb128 0x49
 5316 0028 13       		.uleb128 0x13
 5317 0029 00       		.byte	0
 5318 002a 00       		.byte	0
 5319 002b 04       		.uleb128 0x4
 5320 002c 24       		.uleb128 0x24
ARM GAS  C:\Users\kland\AppData\Local\Temp\ccxBiICe.s 			page 119


 5321 002d 00       		.byte	0
 5322 002e 0B       		.uleb128 0xb
 5323 002f 0B       		.uleb128 0xb
 5324 0030 3E       		.uleb128 0x3e
 5325 0031 0B       		.uleb128 0xb
 5326 0032 03       		.uleb128 0x3
 5327 0033 08       		.uleb128 0x8
 5328 0034 00       		.byte	0
 5329 0035 00       		.byte	0
 5330 0036 05       		.uleb128 0x5
 5331 0037 16       		.uleb128 0x16
 5332 0038 00       		.byte	0
 5333 0039 03       		.uleb128 0x3
 5334 003a 0E       		.uleb128 0xe
 5335 003b 3A       		.uleb128 0x3a
 5336 003c 0B       		.uleb128 0xb
 5337 003d 3B       		.uleb128 0x3b
 5338 003e 05       		.uleb128 0x5
 5339 003f 49       		.uleb128 0x49
 5340 0040 13       		.uleb128 0x13
 5341 0041 00       		.byte	0
 5342 0042 00       		.byte	0
 5343 0043 06       		.uleb128 0x6
 5344 0044 0F       		.uleb128 0xf
 5345 0045 00       		.byte	0
 5346 0046 0B       		.uleb128 0xb
 5347 0047 0B       		.uleb128 0xb
 5348 0048 49       		.uleb128 0x49
 5349 0049 13       		.uleb128 0x13
 5350 004a 00       		.byte	0
 5351 004b 00       		.byte	0
 5352 004c 07       		.uleb128 0x7
 5353 004d 26       		.uleb128 0x26
 5354 004e 00       		.byte	0
 5355 004f 49       		.uleb128 0x49
 5356 0050 13       		.uleb128 0x13
 5357 0051 00       		.byte	0
 5358 0052 00       		.byte	0
 5359 0053 08       		.uleb128 0x8
 5360 0054 01       		.uleb128 0x1
 5361 0055 01       		.byte	0x1
 5362 0056 49       		.uleb128 0x49
 5363 0057 13       		.uleb128 0x13
 5364 0058 01       		.uleb128 0x1
 5365 0059 13       		.uleb128 0x13
 5366 005a 00       		.byte	0
 5367 005b 00       		.byte	0
 5368 005c 09       		.uleb128 0x9
 5369 005d 21       		.uleb128 0x21
 5370 005e 00       		.byte	0
 5371 005f 49       		.uleb128 0x49
 5372 0060 13       		.uleb128 0x13
 5373 0061 2F       		.uleb128 0x2f
 5374 0062 0B       		.uleb128 0xb
 5375 0063 00       		.byte	0
 5376 0064 00       		.byte	0
 5377 0065 0A       		.uleb128 0xa
ARM GAS  C:\Users\kland\AppData\Local\Temp\ccxBiICe.s 			page 120


 5378 0066 13       		.uleb128 0x13
 5379 0067 01       		.byte	0x1
 5380 0068 03       		.uleb128 0x3
 5381 0069 08       		.uleb128 0x8
 5382 006a 0B       		.uleb128 0xb
 5383 006b 0B       		.uleb128 0xb
 5384 006c 3A       		.uleb128 0x3a
 5385 006d 0B       		.uleb128 0xb
 5386 006e 3B       		.uleb128 0x3b
 5387 006f 0B       		.uleb128 0xb
 5388 0070 01       		.uleb128 0x1
 5389 0071 13       		.uleb128 0x13
 5390 0072 00       		.byte	0
 5391 0073 00       		.byte	0
 5392 0074 0B       		.uleb128 0xb
 5393 0075 0D       		.uleb128 0xd
 5394 0076 00       		.byte	0
 5395 0077 03       		.uleb128 0x3
 5396 0078 0E       		.uleb128 0xe
 5397 0079 3A       		.uleb128 0x3a
 5398 007a 0B       		.uleb128 0xb
 5399 007b 3B       		.uleb128 0x3b
 5400 007c 0B       		.uleb128 0xb
 5401 007d 49       		.uleb128 0x49
 5402 007e 13       		.uleb128 0x13
 5403 007f 38       		.uleb128 0x38
 5404 0080 0B       		.uleb128 0xb
 5405 0081 00       		.byte	0
 5406 0082 00       		.byte	0
 5407 0083 0C       		.uleb128 0xc
 5408 0084 13       		.uleb128 0x13
 5409 0085 01       		.byte	0x1
 5410 0086 0B       		.uleb128 0xb
 5411 0087 05       		.uleb128 0x5
 5412 0088 3A       		.uleb128 0x3a
 5413 0089 0B       		.uleb128 0xb
 5414 008a 3B       		.uleb128 0x3b
 5415 008b 0B       		.uleb128 0xb
 5416 008c 01       		.uleb128 0x1
 5417 008d 13       		.uleb128 0x13
 5418 008e 00       		.byte	0
 5419 008f 00       		.byte	0
 5420 0090 0D       		.uleb128 0xd
 5421 0091 13       		.uleb128 0x13
 5422 0092 01       		.byte	0x1
 5423 0093 0B       		.uleb128 0xb
 5424 0094 0B       		.uleb128 0xb
 5425 0095 3A       		.uleb128 0x3a
 5426 0096 0B       		.uleb128 0xb
 5427 0097 3B       		.uleb128 0x3b
 5428 0098 0B       		.uleb128 0xb
 5429 0099 01       		.uleb128 0x1
 5430 009a 13       		.uleb128 0x13
 5431 009b 00       		.byte	0
 5432 009c 00       		.byte	0
 5433 009d 0E       		.uleb128 0xe
 5434 009e 0D       		.uleb128 0xd
ARM GAS  C:\Users\kland\AppData\Local\Temp\ccxBiICe.s 			page 121


 5435 009f 00       		.byte	0
 5436 00a0 03       		.uleb128 0x3
 5437 00a1 08       		.uleb128 0x8
 5438 00a2 3A       		.uleb128 0x3a
 5439 00a3 0B       		.uleb128 0xb
 5440 00a4 3B       		.uleb128 0x3b
 5441 00a5 0B       		.uleb128 0xb
 5442 00a6 49       		.uleb128 0x49
 5443 00a7 13       		.uleb128 0x13
 5444 00a8 38       		.uleb128 0x38
 5445 00a9 0B       		.uleb128 0xb
 5446 00aa 00       		.byte	0
 5447 00ab 00       		.byte	0
 5448 00ac 0F       		.uleb128 0xf
 5449 00ad 35       		.uleb128 0x35
 5450 00ae 00       		.byte	0
 5451 00af 49       		.uleb128 0x49
 5452 00b0 13       		.uleb128 0x13
 5453 00b1 00       		.byte	0
 5454 00b2 00       		.byte	0
 5455 00b3 10       		.uleb128 0x10
 5456 00b4 2E       		.uleb128 0x2e
 5457 00b5 00       		.byte	0
 5458 00b6 3F       		.uleb128 0x3f
 5459 00b7 19       		.uleb128 0x19
 5460 00b8 03       		.uleb128 0x3
 5461 00b9 0E       		.uleb128 0xe
 5462 00ba 3A       		.uleb128 0x3a
 5463 00bb 0B       		.uleb128 0xb
 5464 00bc 3B       		.uleb128 0x3b
 5465 00bd 0B       		.uleb128 0xb
 5466 00be 27       		.uleb128 0x27
 5467 00bf 19       		.uleb128 0x19
 5468 00c0 11       		.uleb128 0x11
 5469 00c1 01       		.uleb128 0x1
 5470 00c2 12       		.uleb128 0x12
 5471 00c3 06       		.uleb128 0x6
 5472 00c4 40       		.uleb128 0x40
 5473 00c5 18       		.uleb128 0x18
 5474 00c6 9642     		.uleb128 0x2116
 5475 00c8 19       		.uleb128 0x19
 5476 00c9 00       		.byte	0
 5477 00ca 00       		.byte	0
 5478 00cb 11       		.uleb128 0x11
 5479 00cc 2E       		.uleb128 0x2e
 5480 00cd 00       		.byte	0
 5481 00ce 3F       		.uleb128 0x3f
 5482 00cf 19       		.uleb128 0x19
 5483 00d0 03       		.uleb128 0x3
 5484 00d1 0E       		.uleb128 0xe
 5485 00d2 3A       		.uleb128 0x3a
 5486 00d3 0B       		.uleb128 0xb
 5487 00d4 3B       		.uleb128 0x3b
 5488 00d5 0B       		.uleb128 0xb
 5489 00d6 11       		.uleb128 0x11
 5490 00d7 01       		.uleb128 0x1
 5491 00d8 12       		.uleb128 0x12
ARM GAS  C:\Users\kland\AppData\Local\Temp\ccxBiICe.s 			page 122


 5492 00d9 06       		.uleb128 0x6
 5493 00da 40       		.uleb128 0x40
 5494 00db 18       		.uleb128 0x18
 5495 00dc 9642     		.uleb128 0x2116
 5496 00de 19       		.uleb128 0x19
 5497 00df 00       		.byte	0
 5498 00e0 00       		.byte	0
 5499 00e1 12       		.uleb128 0x12
 5500 00e2 2E       		.uleb128 0x2e
 5501 00e3 01       		.byte	0x1
 5502 00e4 3F       		.uleb128 0x3f
 5503 00e5 19       		.uleb128 0x19
 5504 00e6 03       		.uleb128 0x3
 5505 00e7 0E       		.uleb128 0xe
 5506 00e8 3A       		.uleb128 0x3a
 5507 00e9 0B       		.uleb128 0xb
 5508 00ea 3B       		.uleb128 0x3b
 5509 00eb 0B       		.uleb128 0xb
 5510 00ec 49       		.uleb128 0x49
 5511 00ed 13       		.uleb128 0x13
 5512 00ee 11       		.uleb128 0x11
 5513 00ef 01       		.uleb128 0x1
 5514 00f0 12       		.uleb128 0x12
 5515 00f1 06       		.uleb128 0x6
 5516 00f2 40       		.uleb128 0x40
 5517 00f3 18       		.uleb128 0x18
 5518 00f4 9642     		.uleb128 0x2116
 5519 00f6 19       		.uleb128 0x19
 5520 00f7 01       		.uleb128 0x1
 5521 00f8 13       		.uleb128 0x13
 5522 00f9 00       		.byte	0
 5523 00fa 00       		.byte	0
 5524 00fb 13       		.uleb128 0x13
 5525 00fc 34       		.uleb128 0x34
 5526 00fd 00       		.byte	0
 5527 00fe 03       		.uleb128 0x3
 5528 00ff 0E       		.uleb128 0xe
 5529 0100 3A       		.uleb128 0x3a
 5530 0101 0B       		.uleb128 0xb
 5531 0102 3B       		.uleb128 0x3b
 5532 0103 0B       		.uleb128 0xb
 5533 0104 49       		.uleb128 0x49
 5534 0105 13       		.uleb128 0x13
 5535 0106 02       		.uleb128 0x2
 5536 0107 18       		.uleb128 0x18
 5537 0108 00       		.byte	0
 5538 0109 00       		.byte	0
 5539 010a 14       		.uleb128 0x14
 5540 010b 0B       		.uleb128 0xb
 5541 010c 01       		.byte	0x1
 5542 010d 11       		.uleb128 0x11
 5543 010e 01       		.uleb128 0x1
 5544 010f 12       		.uleb128 0x12
 5545 0110 06       		.uleb128 0x6
 5546 0111 00       		.byte	0
 5547 0112 00       		.byte	0
 5548 0113 15       		.uleb128 0x15
ARM GAS  C:\Users\kland\AppData\Local\Temp\ccxBiICe.s 			page 123


 5549 0114 2E       		.uleb128 0x2e
 5550 0115 01       		.byte	0x1
 5551 0116 3F       		.uleb128 0x3f
 5552 0117 19       		.uleb128 0x19
 5553 0118 03       		.uleb128 0x3
 5554 0119 0E       		.uleb128 0xe
 5555 011a 3A       		.uleb128 0x3a
 5556 011b 0B       		.uleb128 0xb
 5557 011c 3B       		.uleb128 0x3b
 5558 011d 0B       		.uleb128 0xb
 5559 011e 27       		.uleb128 0x27
 5560 011f 19       		.uleb128 0x19
 5561 0120 49       		.uleb128 0x49
 5562 0121 13       		.uleb128 0x13
 5563 0122 11       		.uleb128 0x11
 5564 0123 01       		.uleb128 0x1
 5565 0124 12       		.uleb128 0x12
 5566 0125 06       		.uleb128 0x6
 5567 0126 40       		.uleb128 0x40
 5568 0127 18       		.uleb128 0x18
 5569 0128 9642     		.uleb128 0x2116
 5570 012a 19       		.uleb128 0x19
 5571 012b 01       		.uleb128 0x1
 5572 012c 13       		.uleb128 0x13
 5573 012d 00       		.byte	0
 5574 012e 00       		.byte	0
 5575 012f 16       		.uleb128 0x16
 5576 0130 05       		.uleb128 0x5
 5577 0131 00       		.byte	0
 5578 0132 03       		.uleb128 0x3
 5579 0133 0E       		.uleb128 0xe
 5580 0134 3A       		.uleb128 0x3a
 5581 0135 0B       		.uleb128 0xb
 5582 0136 3B       		.uleb128 0x3b
 5583 0137 0B       		.uleb128 0xb
 5584 0138 49       		.uleb128 0x49
 5585 0139 13       		.uleb128 0x13
 5586 013a 02       		.uleb128 0x2
 5587 013b 18       		.uleb128 0x18
 5588 013c 00       		.byte	0
 5589 013d 00       		.byte	0
 5590 013e 17       		.uleb128 0x17
 5591 013f 34       		.uleb128 0x34
 5592 0140 00       		.byte	0
 5593 0141 03       		.uleb128 0x3
 5594 0142 08       		.uleb128 0x8
 5595 0143 3A       		.uleb128 0x3a
 5596 0144 0B       		.uleb128 0xb
 5597 0145 3B       		.uleb128 0x3b
 5598 0146 0B       		.uleb128 0xb
 5599 0147 49       		.uleb128 0x49
 5600 0148 13       		.uleb128 0x13
 5601 0149 02       		.uleb128 0x2
 5602 014a 18       		.uleb128 0x18
 5603 014b 00       		.byte	0
 5604 014c 00       		.byte	0
 5605 014d 18       		.uleb128 0x18
ARM GAS  C:\Users\kland\AppData\Local\Temp\ccxBiICe.s 			page 124


 5606 014e 2E       		.uleb128 0x2e
 5607 014f 01       		.byte	0x1
 5608 0150 3F       		.uleb128 0x3f
 5609 0151 19       		.uleb128 0x19
 5610 0152 03       		.uleb128 0x3
 5611 0153 0E       		.uleb128 0xe
 5612 0154 3A       		.uleb128 0x3a
 5613 0155 0B       		.uleb128 0xb
 5614 0156 3B       		.uleb128 0x3b
 5615 0157 05       		.uleb128 0x5
 5616 0158 27       		.uleb128 0x27
 5617 0159 19       		.uleb128 0x19
 5618 015a 49       		.uleb128 0x49
 5619 015b 13       		.uleb128 0x13
 5620 015c 11       		.uleb128 0x11
 5621 015d 01       		.uleb128 0x1
 5622 015e 12       		.uleb128 0x12
 5623 015f 06       		.uleb128 0x6
 5624 0160 40       		.uleb128 0x40
 5625 0161 18       		.uleb128 0x18
 5626 0162 9642     		.uleb128 0x2116
 5627 0164 19       		.uleb128 0x19
 5628 0165 01       		.uleb128 0x1
 5629 0166 13       		.uleb128 0x13
 5630 0167 00       		.byte	0
 5631 0168 00       		.byte	0
 5632 0169 19       		.uleb128 0x19
 5633 016a 05       		.uleb128 0x5
 5634 016b 00       		.byte	0
 5635 016c 03       		.uleb128 0x3
 5636 016d 0E       		.uleb128 0xe
 5637 016e 3A       		.uleb128 0x3a
 5638 016f 0B       		.uleb128 0xb
 5639 0170 3B       		.uleb128 0x3b
 5640 0171 05       		.uleb128 0x5
 5641 0172 49       		.uleb128 0x49
 5642 0173 13       		.uleb128 0x13
 5643 0174 02       		.uleb128 0x2
 5644 0175 18       		.uleb128 0x18
 5645 0176 00       		.byte	0
 5646 0177 00       		.byte	0
 5647 0178 1A       		.uleb128 0x1a
 5648 0179 34       		.uleb128 0x34
 5649 017a 00       		.byte	0
 5650 017b 03       		.uleb128 0x3
 5651 017c 08       		.uleb128 0x8
 5652 017d 3A       		.uleb128 0x3a
 5653 017e 0B       		.uleb128 0xb
 5654 017f 3B       		.uleb128 0x3b
 5655 0180 05       		.uleb128 0x5
 5656 0181 49       		.uleb128 0x49
 5657 0182 13       		.uleb128 0x13
 5658 0183 02       		.uleb128 0x2
 5659 0184 18       		.uleb128 0x18
 5660 0185 00       		.byte	0
 5661 0186 00       		.byte	0
 5662 0187 1B       		.uleb128 0x1b
ARM GAS  C:\Users\kland\AppData\Local\Temp\ccxBiICe.s 			page 125


 5663 0188 2E       		.uleb128 0x2e
 5664 0189 01       		.byte	0x1
 5665 018a 3F       		.uleb128 0x3f
 5666 018b 19       		.uleb128 0x19
 5667 018c 03       		.uleb128 0x3
 5668 018d 0E       		.uleb128 0xe
 5669 018e 3A       		.uleb128 0x3a
 5670 018f 0B       		.uleb128 0xb
 5671 0190 3B       		.uleb128 0x3b
 5672 0191 05       		.uleb128 0x5
 5673 0192 49       		.uleb128 0x49
 5674 0193 13       		.uleb128 0x13
 5675 0194 11       		.uleb128 0x11
 5676 0195 01       		.uleb128 0x1
 5677 0196 12       		.uleb128 0x12
 5678 0197 06       		.uleb128 0x6
 5679 0198 40       		.uleb128 0x40
 5680 0199 18       		.uleb128 0x18
 5681 019a 9642     		.uleb128 0x2116
 5682 019c 19       		.uleb128 0x19
 5683 019d 01       		.uleb128 0x1
 5684 019e 13       		.uleb128 0x13
 5685 019f 00       		.byte	0
 5686 01a0 00       		.byte	0
 5687 01a1 1C       		.uleb128 0x1c
 5688 01a2 34       		.uleb128 0x34
 5689 01a3 00       		.byte	0
 5690 01a4 03       		.uleb128 0x3
 5691 01a5 0E       		.uleb128 0xe
 5692 01a6 3A       		.uleb128 0x3a
 5693 01a7 0B       		.uleb128 0xb
 5694 01a8 3B       		.uleb128 0x3b
 5695 01a9 05       		.uleb128 0x5
 5696 01aa 49       		.uleb128 0x49
 5697 01ab 13       		.uleb128 0x13
 5698 01ac 02       		.uleb128 0x2
 5699 01ad 18       		.uleb128 0x18
 5700 01ae 00       		.byte	0
 5701 01af 00       		.byte	0
 5702 01b0 1D       		.uleb128 0x1d
 5703 01b1 2E       		.uleb128 0x2e
 5704 01b2 00       		.byte	0
 5705 01b3 3F       		.uleb128 0x3f
 5706 01b4 19       		.uleb128 0x19
 5707 01b5 03       		.uleb128 0x3
 5708 01b6 0E       		.uleb128 0xe
 5709 01b7 3A       		.uleb128 0x3a
 5710 01b8 0B       		.uleb128 0xb
 5711 01b9 3B       		.uleb128 0x3b
 5712 01ba 05       		.uleb128 0x5
 5713 01bb 11       		.uleb128 0x11
 5714 01bc 01       		.uleb128 0x1
 5715 01bd 12       		.uleb128 0x12
 5716 01be 06       		.uleb128 0x6
 5717 01bf 40       		.uleb128 0x40
 5718 01c0 18       		.uleb128 0x18
 5719 01c1 9642     		.uleb128 0x2116
ARM GAS  C:\Users\kland\AppData\Local\Temp\ccxBiICe.s 			page 126


 5720 01c3 19       		.uleb128 0x19
 5721 01c4 00       		.byte	0
 5722 01c5 00       		.byte	0
 5723 01c6 1E       		.uleb128 0x1e
 5724 01c7 2E       		.uleb128 0x2e
 5725 01c8 00       		.byte	0
 5726 01c9 3F       		.uleb128 0x3f
 5727 01ca 19       		.uleb128 0x19
 5728 01cb 03       		.uleb128 0x3
 5729 01cc 0E       		.uleb128 0xe
 5730 01cd 3A       		.uleb128 0x3a
 5731 01ce 0B       		.uleb128 0xb
 5732 01cf 3B       		.uleb128 0x3b
 5733 01d0 05       		.uleb128 0x5
 5734 01d1 49       		.uleb128 0x49
 5735 01d2 13       		.uleb128 0x13
 5736 01d3 11       		.uleb128 0x11
 5737 01d4 01       		.uleb128 0x1
 5738 01d5 12       		.uleb128 0x12
 5739 01d6 06       		.uleb128 0x6
 5740 01d7 40       		.uleb128 0x40
 5741 01d8 18       		.uleb128 0x18
 5742 01d9 9642     		.uleb128 0x2116
 5743 01db 19       		.uleb128 0x19
 5744 01dc 00       		.byte	0
 5745 01dd 00       		.byte	0
 5746 01de 1F       		.uleb128 0x1f
 5747 01df 2E       		.uleb128 0x2e
 5748 01e0 01       		.byte	0x1
 5749 01e1 3F       		.uleb128 0x3f
 5750 01e2 19       		.uleb128 0x19
 5751 01e3 03       		.uleb128 0x3
 5752 01e4 0E       		.uleb128 0xe
 5753 01e5 3A       		.uleb128 0x3a
 5754 01e6 0B       		.uleb128 0xb
 5755 01e7 3B       		.uleb128 0x3b
 5756 01e8 05       		.uleb128 0x5
 5757 01e9 11       		.uleb128 0x11
 5758 01ea 01       		.uleb128 0x1
 5759 01eb 12       		.uleb128 0x12
 5760 01ec 06       		.uleb128 0x6
 5761 01ed 40       		.uleb128 0x40
 5762 01ee 18       		.uleb128 0x18
 5763 01ef 9642     		.uleb128 0x2116
 5764 01f1 19       		.uleb128 0x19
 5765 01f2 01       		.uleb128 0x1
 5766 01f3 13       		.uleb128 0x13
 5767 01f4 00       		.byte	0
 5768 01f5 00       		.byte	0
 5769 01f6 20       		.uleb128 0x20
 5770 01f7 2E       		.uleb128 0x2e
 5771 01f8 00       		.byte	0
 5772 01f9 3F       		.uleb128 0x3f
 5773 01fa 19       		.uleb128 0x19
 5774 01fb 03       		.uleb128 0x3
 5775 01fc 0E       		.uleb128 0xe
 5776 01fd 3A       		.uleb128 0x3a
ARM GAS  C:\Users\kland\AppData\Local\Temp\ccxBiICe.s 			page 127


 5777 01fe 0B       		.uleb128 0xb
 5778 01ff 3B       		.uleb128 0x3b
 5779 0200 05       		.uleb128 0x5
 5780 0201 11       		.uleb128 0x11
 5781 0202 01       		.uleb128 0x1
 5782 0203 12       		.uleb128 0x12
 5783 0204 06       		.uleb128 0x6
 5784 0205 40       		.uleb128 0x40
 5785 0206 18       		.uleb128 0x18
 5786 0207 9742     		.uleb128 0x2117
 5787 0209 19       		.uleb128 0x19
 5788 020a 00       		.byte	0
 5789 020b 00       		.byte	0
 5790 020c 21       		.uleb128 0x21
 5791 020d 34       		.uleb128 0x34
 5792 020e 00       		.byte	0
 5793 020f 03       		.uleb128 0x3
 5794 0210 0E       		.uleb128 0xe
 5795 0211 3A       		.uleb128 0x3a
 5796 0212 0B       		.uleb128 0xb
 5797 0213 3B       		.uleb128 0x3b
 5798 0214 05       		.uleb128 0x5
 5799 0215 49       		.uleb128 0x49
 5800 0216 13       		.uleb128 0x13
 5801 0217 00       		.byte	0
 5802 0218 00       		.byte	0
 5803 0219 22       		.uleb128 0x22
 5804 021a 0B       		.uleb128 0xb
 5805 021b 01       		.byte	0x1
 5806 021c 55       		.uleb128 0x55
 5807 021d 17       		.uleb128 0x17
 5808 021e 00       		.byte	0
 5809 021f 00       		.byte	0
 5810 0220 23       		.uleb128 0x23
 5811 0221 2E       		.uleb128 0x2e
 5812 0222 00       		.byte	0
 5813 0223 3F       		.uleb128 0x3f
 5814 0224 19       		.uleb128 0x19
 5815 0225 03       		.uleb128 0x3
 5816 0226 0E       		.uleb128 0xe
 5817 0227 3A       		.uleb128 0x3a
 5818 0228 0B       		.uleb128 0xb
 5819 0229 3B       		.uleb128 0x3b
 5820 022a 05       		.uleb128 0x5
 5821 022b 49       		.uleb128 0x49
 5822 022c 13       		.uleb128 0x13
 5823 022d 11       		.uleb128 0x11
 5824 022e 01       		.uleb128 0x1
 5825 022f 12       		.uleb128 0x12
 5826 0230 06       		.uleb128 0x6
 5827 0231 40       		.uleb128 0x40
 5828 0232 18       		.uleb128 0x18
 5829 0233 9742     		.uleb128 0x2117
 5830 0235 19       		.uleb128 0x19
 5831 0236 00       		.byte	0
 5832 0237 00       		.byte	0
 5833 0238 24       		.uleb128 0x24
ARM GAS  C:\Users\kland\AppData\Local\Temp\ccxBiICe.s 			page 128


 5834 0239 34       		.uleb128 0x34
 5835 023a 00       		.byte	0
 5836 023b 03       		.uleb128 0x3
 5837 023c 0E       		.uleb128 0xe
 5838 023d 3A       		.uleb128 0x3a
 5839 023e 0B       		.uleb128 0xb
 5840 023f 3B       		.uleb128 0x3b
 5841 0240 05       		.uleb128 0x5
 5842 0241 49       		.uleb128 0x49
 5843 0242 13       		.uleb128 0x13
 5844 0243 3F       		.uleb128 0x3f
 5845 0244 19       		.uleb128 0x19
 5846 0245 3C       		.uleb128 0x3c
 5847 0246 19       		.uleb128 0x19
 5848 0247 00       		.byte	0
 5849 0248 00       		.byte	0
 5850 0249 25       		.uleb128 0x25
 5851 024a 34       		.uleb128 0x34
 5852 024b 00       		.byte	0
 5853 024c 03       		.uleb128 0x3
 5854 024d 0E       		.uleb128 0xe
 5855 024e 3A       		.uleb128 0x3a
 5856 024f 0B       		.uleb128 0xb
 5857 0250 3B       		.uleb128 0x3b
 5858 0251 0B       		.uleb128 0xb
 5859 0252 49       		.uleb128 0x49
 5860 0253 13       		.uleb128 0x13
 5861 0254 3F       		.uleb128 0x3f
 5862 0255 19       		.uleb128 0x19
 5863 0256 02       		.uleb128 0x2
 5864 0257 18       		.uleb128 0x18
 5865 0258 00       		.byte	0
 5866 0259 00       		.byte	0
 5867 025a 26       		.uleb128 0x26
 5868 025b 21       		.uleb128 0x21
 5869 025c 00       		.byte	0
 5870 025d 49       		.uleb128 0x49
 5871 025e 13       		.uleb128 0x13
 5872 025f 2F       		.uleb128 0x2f
 5873 0260 05       		.uleb128 0x5
 5874 0261 00       		.byte	0
 5875 0262 00       		.byte	0
 5876 0263 27       		.uleb128 0x27
 5877 0264 34       		.uleb128 0x34
 5878 0265 00       		.byte	0
 5879 0266 03       		.uleb128 0x3
 5880 0267 08       		.uleb128 0x8
 5881 0268 3A       		.uleb128 0x3a
 5882 0269 0B       		.uleb128 0xb
 5883 026a 3B       		.uleb128 0x3b
 5884 026b 0B       		.uleb128 0xb
 5885 026c 49       		.uleb128 0x49
 5886 026d 13       		.uleb128 0x13
 5887 026e 3F       		.uleb128 0x3f
 5888 026f 19       		.uleb128 0x19
 5889 0270 02       		.uleb128 0x2
 5890 0271 18       		.uleb128 0x18
ARM GAS  C:\Users\kland\AppData\Local\Temp\ccxBiICe.s 			page 129


 5891 0272 00       		.byte	0
 5892 0273 00       		.byte	0
 5893 0274 00       		.byte	0
 5894              		.section	.debug_aranges,"",%progbits
 5895 0000 D4000000 		.4byte	0xd4
 5896 0004 0200     		.2byte	0x2
 5897 0006 00000000 		.4byte	.Ldebug_info0
 5898 000a 04       		.byte	0x4
 5899 000b 00       		.byte	0
 5900 000c 0000     		.2byte	0
 5901 000e 0000     		.2byte	0
 5902 0010 00000000 		.4byte	.LFB64
 5903 0014 44000000 		.4byte	.LFE64-.LFB64
 5904 0018 00000000 		.4byte	.LFB65
 5905 001c 6C000000 		.4byte	.LFE65-.LFB65
 5906 0020 00000000 		.4byte	.LFB66
 5907 0024 32000000 		.4byte	.LFE66-.LFB66
 5908 0028 00000000 		.4byte	.LFB67
 5909 002c 20000000 		.4byte	.LFE67-.LFB67
 5910 0030 00000000 		.4byte	.LFB68
 5911 0034 40000000 		.4byte	.LFE68-.LFB68
 5912 0038 00000000 		.4byte	.LFB69
 5913 003c DC000000 		.4byte	.LFE69-.LFB69
 5914 0040 00000000 		.4byte	.LFB70
 5915 0044 1C000000 		.4byte	.LFE70-.LFB70
 5916 0048 00000000 		.4byte	.LFB71
 5917 004c 28000000 		.4byte	.LFE71-.LFB71
 5918 0050 00000000 		.4byte	.LFB72
 5919 0054 C8000000 		.4byte	.LFE72-.LFB72
 5920 0058 00000000 		.4byte	.LFB73
 5921 005c 00010000 		.4byte	.LFE73-.LFB73
 5922 0060 00000000 		.4byte	.LFB74
 5923 0064 78000000 		.4byte	.LFE74-.LFB74
 5924 0068 00000000 		.4byte	.LFB75
 5925 006c 74010000 		.4byte	.LFE75-.LFB75
 5926 0070 00000000 		.4byte	.LFB76
 5927 0074 B8000000 		.4byte	.LFE76-.LFB76
 5928 0078 00000000 		.4byte	.LFB77
 5929 007c 1C000000 		.4byte	.LFE77-.LFB77
 5930 0080 00000000 		.4byte	.LFB78
 5931 0084 28000000 		.4byte	.LFE78-.LFB78
 5932 0088 00000000 		.4byte	.LFB79
 5933 008c 84000000 		.4byte	.LFE79-.LFB79
 5934 0090 00000000 		.4byte	.LFB80
 5935 0094 54000000 		.4byte	.LFE80-.LFB80
 5936 0098 00000000 		.4byte	.LFB81
 5937 009c 2C060000 		.4byte	.LFE81-.LFB81
 5938 00a0 00000000 		.4byte	.LFB82
 5939 00a4 68010000 		.4byte	.LFE82-.LFB82
 5940 00a8 00000000 		.4byte	.LFB83
 5941 00ac 44010000 		.4byte	.LFE83-.LFB83
 5942 00b0 00000000 		.4byte	.LFB84
 5943 00b4 14000000 		.4byte	.LFE84-.LFB84
 5944 00b8 00000000 		.4byte	.LFB85
 5945 00bc 1A000000 		.4byte	.LFE85-.LFB85
 5946 00c0 00000000 		.4byte	.LFB86
 5947 00c4 2A000000 		.4byte	.LFE86-.LFB86
ARM GAS  C:\Users\kland\AppData\Local\Temp\ccxBiICe.s 			page 130


 5948 00c8 00000000 		.4byte	.LFB87
 5949 00cc 7C020000 		.4byte	.LFE87-.LFB87
 5950 00d0 00000000 		.4byte	0
 5951 00d4 00000000 		.4byte	0
 5952              		.section	.debug_ranges,"",%progbits
 5953              	.Ldebug_ranges0:
 5954 0000 D6030000 		.4byte	.LBB9
 5955 0004 BC050000 		.4byte	.LBE9
 5956 0008 BE050000 		.4byte	.LBB10
 5957 000c C6050000 		.4byte	.LBE10
 5958 0010 C8050000 		.4byte	.LBB11
 5959 0014 D0050000 		.4byte	.LBE11
 5960 0018 00000000 		.4byte	0
 5961 001c 00000000 		.4byte	0
 5962 0020 00000000 		.4byte	.LFB64
 5963 0024 44000000 		.4byte	.LFE64
 5964 0028 00000000 		.4byte	.LFB65
 5965 002c 6C000000 		.4byte	.LFE65
 5966 0030 00000000 		.4byte	.LFB66
 5967 0034 32000000 		.4byte	.LFE66
 5968 0038 00000000 		.4byte	.LFB67
 5969 003c 20000000 		.4byte	.LFE67
 5970 0040 00000000 		.4byte	.LFB68
 5971 0044 40000000 		.4byte	.LFE68
 5972 0048 00000000 		.4byte	.LFB69
 5973 004c DC000000 		.4byte	.LFE69
 5974 0050 00000000 		.4byte	.LFB70
 5975 0054 1C000000 		.4byte	.LFE70
 5976 0058 00000000 		.4byte	.LFB71
 5977 005c 28000000 		.4byte	.LFE71
 5978 0060 00000000 		.4byte	.LFB72
 5979 0064 C8000000 		.4byte	.LFE72
 5980 0068 00000000 		.4byte	.LFB73
 5981 006c 00010000 		.4byte	.LFE73
 5982 0070 00000000 		.4byte	.LFB74
 5983 0074 78000000 		.4byte	.LFE74
 5984 0078 00000000 		.4byte	.LFB75
 5985 007c 74010000 		.4byte	.LFE75
 5986 0080 00000000 		.4byte	.LFB76
 5987 0084 B8000000 		.4byte	.LFE76
 5988 0088 00000000 		.4byte	.LFB77
 5989 008c 1C000000 		.4byte	.LFE77
 5990 0090 00000000 		.4byte	.LFB78
 5991 0094 28000000 		.4byte	.LFE78
 5992 0098 00000000 		.4byte	.LFB79
 5993 009c 84000000 		.4byte	.LFE79
 5994 00a0 00000000 		.4byte	.LFB80
 5995 00a4 54000000 		.4byte	.LFE80
 5996 00a8 00000000 		.4byte	.LFB81
 5997 00ac 2C060000 		.4byte	.LFE81
 5998 00b0 00000000 		.4byte	.LFB82
 5999 00b4 68010000 		.4byte	.LFE82
 6000 00b8 00000000 		.4byte	.LFB83
 6001 00bc 44010000 		.4byte	.LFE83
 6002 00c0 00000000 		.4byte	.LFB84
 6003 00c4 14000000 		.4byte	.LFE84
 6004 00c8 00000000 		.4byte	.LFB85
ARM GAS  C:\Users\kland\AppData\Local\Temp\ccxBiICe.s 			page 131


 6005 00cc 1A000000 		.4byte	.LFE85
 6006 00d0 00000000 		.4byte	.LFB86
 6007 00d4 2A000000 		.4byte	.LFE86
 6008 00d8 00000000 		.4byte	.LFB87
 6009 00dc 7C020000 		.4byte	.LFE87
 6010 00e0 00000000 		.4byte	0
 6011 00e4 00000000 		.4byte	0
 6012              		.section	.debug_line,"",%progbits
 6013              	.Ldebug_line0:
 6014 0000 04060000 		.section	.debug_str,"MS",%progbits,1
 6014      02003602 
 6014      00000201 
 6014      FB0E0D00 
 6014      01010101 
 6015              	.LASF197:
 6016 0000 74696D65 		.ascii	"timeToValve\000"
 6016      546F5661 
 6016      6C766500 
 6017              	.LASF152:
 6018 000c 676D745F 		.ascii	"gmt_offset\000"
 6018      6F666673 
 6018      657400
 6019              	.LASF16:
 6020 0017 75696E74 		.ascii	"uint16\000"
 6020      313600
 6021              	.LASF131:
 6022 001e 735F736F 		.ascii	"s_sontek\000"
 6022      6E74656B 
 6022      00
 6023              	.LASF39:
 6024 0027 76616C75 		.ascii	"value\000"
 6024      6500
 6025              	.LASF28:
 6026 002d 746D5F68 		.ascii	"tm_hour\000"
 6026      6F757200 
 6027              	.LASF33:
 6028 0035 746D5F79 		.ascii	"tm_yday\000"
 6028      64617900 
 6029              	.LASF176:
 6030 003d 6175746F 		.ascii	"autosampler_enabled\000"
 6030      73616D70 
 6030      6C65725F 
 6030      656E6162 
 6030      6C656400 
 6031              	.LASF160:
 6032 0051 62756666 		.ascii	"buffer_overflow\000"
 6032      65725F6F 
 6032      76657266 
 6032      6C6F7700 
 6033              	.LASF4:
 6034 0061 5F5F7569 		.ascii	"__uint8_t\000"
 6034      6E74385F 
 6034      7400
 6035              	.LASF140:
 6036 006b 6175746F 		.ascii	"autosampler_freq\000"
 6036      73616D70 
 6036      6C65725F 
ARM GAS  C:\Users\kland\AppData\Local\Temp\ccxBiICe.s 			page 132


 6036      66726571 
 6036      00
 6037              	.LASF76:
 6038 007c 636F756E 		.ascii	"countDownResetCondition\000"
 6038      74446F77 
 6038      6E526573 
 6038      6574436F 
 6038      6E646974 
 6039              	.LASF199:
 6040 0094 74696D65 		.ascii	"timeToAutosampler\000"
 6040      546F4175 
 6040      746F7361 
 6040      6D706C65 
 6040      7200
 6041              	.LASF173:
 6042 00a6 76616C76 		.ascii	"valve_type\000"
 6042      655F7479 
 6042      706500
 6043              	.LASF55:
 6044 00b1 6C6F6E67 		.ascii	"longitude\000"
 6044      69747564 
 6044      6500
 6045              	.LASF204:
 6046 00bb 474E5520 		.ascii	"GNU C11 5.4.1 20160609 (release) [ARM/embedded-5-br"
 6046      43313120 
 6046      352E342E 
 6046      31203230 
 6046      31363036 
 6047 00ee 616E6368 		.ascii	"anch revision 237715] -mcpu=cortex-m3 -mthumb -g -O"
 6047      20726576 
 6047      6973696F 
 6047      6E203233 
 6047      37373135 
 6048 0121 30202D66 		.ascii	"0 -ffunction-sections -ffat-lto-objects\000"
 6048      66756E63 
 6048      74696F6E 
 6048      2D736563 
 6048      74696F6E 
 6049              	.LASF155:
 6050 0149 6D6F6465 		.ascii	"modem_wakeup\000"
 6050      6D5F7761 
 6050      6B657570 
 6050      00
 6051              	.LASF179:
 6052 0156 536F6E74 		.ascii	"Sontek_inbox\000"
 6052      656B5F69 
 6052      6E626F78 
 6052      00
 6053              	.LASF10:
 6054 0163 6C6F6E67 		.ascii	"long long unsigned int\000"
 6054      206C6F6E 
 6054      6720756E 
 6054      7369676E 
 6054      65642069 
 6055              	.LASF133:
 6056 017a 73616D70 		.ascii	"sample_freq\000"
 6056      6C655F66 
ARM GAS  C:\Users\kland\AppData\Local\Temp\ccxBiICe.s 			page 133


 6056      72657100 
 6057              	.LASF164:
 6058 0186 6D6F6465 		.ascii	"modem_state\000"
 6058      6D5F7374 
 6058      61746500 
 6059              	.LASF103:
 6060 0192 74657374 		.ascii	"test\000"
 6060      00
 6061              	.LASF185:
 6062 0197 616C6172 		.ascii	"alarmMeasure\000"
 6062      6D4D6561 
 6062      73757265 
 6062      00
 6063              	.LASF159:
 6064 01a4 49544D5F 		.ascii	"ITM_RxBuffer\000"
 6064      52784275 
 6064      66666572 
 6064      00
 6065              	.LASF166:
 6066 01b1 6D6F6465 		.ascii	"modem_stats\000"
 6066      6D5F7374 
 6066      61747300 
 6067              	.LASF9:
 6068 01bd 6C6F6E67 		.ascii	"long long int\000"
 6068      206C6F6E 
 6068      6720696E 
 6068      7400
 6069              	.LASF0:
 6070 01cb 7369676E 		.ascii	"signed char\000"
 6070      65642063 
 6070      68617200 
 6071              	.LASF48:
 6072 01d7 65636E6F 		.ascii	"ecno\000"
 6072      00
 6073              	.LASF141:
 6074 01dc 736F6E74 		.ascii	"sontek_freq\000"
 6074      656B5F66 
 6074      72657100 
 6075              	.LASF73:
 6076 01e8 636F756E 		.ascii	"countDownValue\000"
 6076      74446F77 
 6076      6E56616C 
 6076      756500
 6077              	.LASF186:
 6078 01f7 74696D65 		.ascii	"timeToMeasure\000"
 6078      546F4D65 
 6078      61737572 
 6078      6500
 6079              	.LASF51:
 6080 0205 74696D65 		.ascii	"time_to_network_connect\000"
 6080      5F746F5F 
 6080      6E657477 
 6080      6F726B5F 
 6080      636F6E6E 
 6081              	.LASF188:
 6082 021d 74696D65 		.ascii	"timeToSync\000"
 6082      546F5379 
ARM GAS  C:\Users\kland\AppData\Local\Temp\ccxBiICe.s 			page 134


 6082      6E6300
 6083              	.LASF138:
 6084 0228 646F776E 		.ascii	"down_level_freq\000"
 6084      5F6C6576 
 6084      656C5F66 
 6084      72657100 
 6085              	.LASF181:
 6086 0238 68747470 		.ascii	"http_body\000"
 6086      5F626F64 
 6086      7900
 6087              	.LASF114:
 6088 0242 7365745F 		.ascii	"set_up_internet_connection\000"
 6088      75705F69 
 6088      6E746572 
 6088      6E65745F 
 6088      636F6E6E 
 6089              	.LASF172:
 6090 025d 76616C76 		.ascii	"valve_diameter\000"
 6090      655F6469 
 6090      616D6574 
 6090      657200
 6091              	.LASF151:
 6092 026c 7365636F 		.ascii	"second\000"
 6092      6E6400
 6093              	.LASF147:
 6094 0273 79656172 		.ascii	"year\000"
 6094      00
 6095              	.LASF194:
 6096 0278 616C6172 		.ascii	"alarmDownstreamLevelSensor\000"
 6096      6D446F77 
 6096      6E737472 
 6096      65616D4C 
 6096      6576656C 
 6097              	.LASF142:
 6098 0293 74656D70 		.ascii	"temp\000"
 6098      00
 6099              	.LASF6:
 6100 0298 6C6F6E67 		.ascii	"long int\000"
 6100      20696E74 
 6100      00
 6101              	.LASF46:
 6102 02a1 72786C65 		.ascii	"rxlev\000"
 6102      7600
 6103              	.LASF74:
 6104 02a7 63757272 		.ascii	"currentCountDownValue\000"
 6104      656E7443 
 6104      6F756E74 
 6104      446F776E 
 6104      56616C75 
 6105              	.LASF153:
 6106 02bd 6D6F6465 		.ascii	"modem_get_state\000"
 6106      6D5F6765 
 6106      745F7374 
 6106      61746500 
 6107              	.LASF56:
 6108 02cd 616C7469 		.ascii	"altitude\000"
 6108      74756465 
ARM GAS  C:\Users\kland\AppData\Local\Temp\ccxBiICe.s 			page 135


 6108      00
 6109              	.LASF15:
 6110 02d6 75696E74 		.ascii	"uint8\000"
 6110      3800
 6111              	.LASF137:
 6112 02dc 6C657665 		.ascii	"level_sensor_freq\000"
 6112      6C5F7365 
 6112      6E736F72 
 6112      5F667265 
 6112      7100
 6113              	.LASF191:
 6114 02ee 74696D65 		.ascii	"timeToAppLED\000"
 6114      546F4170 
 6114      704C4544 
 6114      00
 6115              	.LASF19:
 6116 02fb 696E7433 		.ascii	"int32\000"
 6116      3200
 6117              	.LASF60:
 6118 0301 6E6F6465 		.ascii	"node_type\000"
 6118      5F747970 
 6118      6500
 6119              	.LASF143:
 6120 030b 6D6F6465 		.ascii	"modem_configure_settings\000"
 6120      6D5F636F 
 6120      6E666967 
 6120      7572655F 
 6120      73657474 
 6121              	.LASF122:
 6122 0324 735F7369 		.ascii	"s_sim_type\000"
 6122      6D5F7479 
 6122      706500
 6123              	.LASF104:
 6124 032f 6E657477 		.ascii	"network_time\000"
 6124      6F726B5F 
 6124      74696D65 
 6124      00
 6125              	.LASF3:
 6126 033c 73686F72 		.ascii	"short unsigned int\000"
 6126      7420756E 
 6126      7369676E 
 6126      65642069 
 6126      6E7400
 6127              	.LASF17:
 6128 034f 75696E74 		.ascii	"uint32\000"
 6128      333200
 6129              	.LASF100:
 6130 0356 696E7465 		.ascii	"interval\000"
 6130      7276616C 
 6130      00
 6131              	.LASF7:
 6132 035f 5F5F7569 		.ascii	"__uint32_t\000"
 6132      6E743332 
 6132      5F7400
 6133              	.LASF145:
 6134 036a 6D6F6465 		.ascii	"modem_get_network_time\000"
 6134      6D5F6765 
ARM GAS  C:\Users\kland\AppData\Local\Temp\ccxBiICe.s 			page 136


 6134      745F6E65 
 6134      74776F72 
 6134      6B5F7469 
 6135              	.LASF30:
 6136 0381 746D5F6D 		.ascii	"tm_mon\000"
 6136      6F6E00
 6137              	.LASF127:
 6138 0388 735F6C65 		.ascii	"s_level_sensor\000"
 6138      76656C5F 
 6138      73656E73 
 6138      6F7200
 6139              	.LASF64:
 6140 0397 64656275 		.ascii	"debug_level\000"
 6140      675F6C65 
 6140      76656C00 
 6141              	.LASF154:
 6142 03a3 6D6F6465 		.ascii	"modem_sleep\000"
 6142      6D5F736C 
 6142      65657000 
 6143              	.LASF125:
 6144 03af 735F6465 		.ascii	"s_debug_freq\000"
 6144      6275675F 
 6144      66726571 
 6144      00
 6145              	.LASF118:
 6146 03bc 75706461 		.ascii	"updatable_parameters_initialize\000"
 6146      7461626C 
 6146      655F7061 
 6146      72616D65 
 6146      74657273 
 6147              	.LASF31:
 6148 03dc 746D5F79 		.ascii	"tm_year\000"
 6148      65617200 
 6149              	.LASF187:
 6150 03e4 616C6172 		.ascii	"alarmSync\000"
 6150      6D53796E 
 6150      6300
 6151              	.LASF168:
 6152 03ee 4170705F 		.ascii	"App_LED_enabled\000"
 6152      4C45445F 
 6152      656E6162 
 6152      6C656400 
 6153              	.LASF41:
 6154 03fe 6B65795F 		.ascii	"key_value_t\000"
 6154      76616C75 
 6154      655F7400 
 6155              	.LASF91:
 6156 040a 7077725F 		.ascii	"pwr_check\000"
 6156      63686563 
 6156      6B00
 6157              	.LASF178:
 6158 0414 736F6E74 		.ascii	"sontek_enabled\000"
 6158      656B5F65 
 6158      6E61626C 
 6158      656400
 6159              	.LASF8:
 6160 0423 6C6F6E67 		.ascii	"long unsigned int\000"
ARM GAS  C:\Users\kland\AppData\Local\Temp\ccxBiICe.s 			page 137


 6160      20756E73 
 6160      69676E65 
 6160      6420696E 
 6160      7400
 6161              	.LASF106:
 6162 0435 65787472 		.ascii	"extract_string\000"
 6162      6163745F 
 6162      73747269 
 6162      6E6700
 6163              	.LASF96:
 6164 0444 74696D65 		.ascii	"timeout\000"
 6164      6F757400 
 6165              	.LASF119:
 6166 044c 6765745F 		.ascii	"get_cell_network_stats\000"
 6166      63656C6C 
 6166      5F6E6574 
 6166      776F726B 
 6166      5F737461 
 6167              	.LASF40:
 6168 0463 74696D65 		.ascii	"timeStamp\000"
 6168      5374616D 
 6168      7000
 6169              	.LASF57:
 6170 046d 74696D65 		.ascii	"time_to_lock\000"
 6170      5F746F5F 
 6170      6C6F636B 
 6170      00
 6171              	.LASF163:
 6172 047a 64617461 		.ascii	"data\000"
 6172      00
 6173              	.LASF82:
 6174 047f 65705F70 		.ascii	"ep_port\000"
 6174      6F727400 
 6175              	.LASF34:
 6176 0487 746D5F69 		.ascii	"tm_isdst\000"
 6176      73647374 
 6176      00
 6177              	.LASF78:
 6178 0490 6D6F6465 		.ascii	"modem_info\000"
 6178      6D5F696E 
 6178      666F00
 6179              	.LASF81:
 6180 049b 65705F68 		.ascii	"ep_host\000"
 6180      6F737400 
 6181              	.LASF79:
 6182 04a3 63686970 		.ascii	"chip_uniqueId\000"
 6182      5F756E69 
 6182      71756549 
 6182      6400
 6183              	.LASF101:
 6184 04b1 6D6F6465 		.ascii	"modem_power_up\000"
 6184      6D5F706F 
 6184      7765725F 
 6184      757000
 6185              	.LASF205:
 6186 04c0 6D6F6465 		.ascii	"modem.c\000"
 6186      6D2E6300 
ARM GAS  C:\Users\kland\AppData\Local\Temp\ccxBiICe.s 			page 138


 6187              	.LASF108:
 6188 04c8 62656769 		.ascii	"beginMarker\000"
 6188      6E4D6172 
 6188      6B657200 
 6189              	.LASF110:
 6190 04d4 74617267 		.ascii	"target\000"
 6190      657400
 6191              	.LASF52:
 6192 04db 74696D65 		.ascii	"time_to_acquire_ip\000"
 6192      5F746F5F 
 6192      61637175 
 6192      6972655F 
 6192      697000
 6193              	.LASF109:
 6194 04ee 656E644D 		.ascii	"endMarker\000"
 6194      61726B65 
 6194      7200
 6195              	.LASF2:
 6196 04f8 73686F72 		.ascii	"short int\000"
 6196      7420696E 
 6196      7400
 6197              	.LASF146:
 6198 0502 65706F63 		.ascii	"epoch_time\000"
 6198      685F7469 
 6198      6D6500
 6199              	.LASF5:
 6200 050d 5F5F696E 		.ascii	"__int32_t\000"
 6200      7433325F 
 6200      7400
 6201              	.LASF190:
 6202 0517 616C6172 		.ascii	"alarmAppLED\000"
 6202      6D417070 
 6202      4C454400 
 6203              	.LASF107:
 6204 0523 66726F6D 		.ascii	"from\000"
 6204      00
 6205              	.LASF113:
 6206 0528 63726567 		.ascii	"creg\000"
 6206      00
 6207              	.LASF135:
 6208 052d 64656275 		.ascii	"debug_freq\000"
 6208      675F6672 
 6208      657100
 6209              	.LASF97:
 6210 0538 61745F61 		.ascii	"at_attempt\000"
 6210      7474656D 
 6210      707400
 6211              	.LASF129:
 6212 0543 735F7661 		.ascii	"s_valve\000"
 6212      6C766500 
 6213              	.LASF105:
 6214 054b 61745F77 		.ascii	"at_write_command\000"
 6214      72697465 
 6214      5F636F6D 
 6214      6D616E64 
 6214      00
 6215              	.LASF80:
ARM GAS  C:\Users\kland\AppData\Local\Temp\ccxBiICe.s 			page 139


 6216 055c 7379735F 		.ascii	"sys_info_t\000"
 6216      696E666F 
 6216      5F7400
 6217              	.LASF72:
 6218 0567 75706461 		.ascii	"updatable_parameters_t\000"
 6218      7461626C 
 6218      655F7061 
 6218      72616D65 
 6218      74657273 
 6219              	.LASF134:
 6220 057e 7265706F 		.ascii	"report_freq\000"
 6220      72745F66 
 6220      72657100 
 6221              	.LASF161:
 6222 058a 64617461 		.ascii	"dataPointsInStack\000"
 6222      506F696E 
 6222      7473496E 
 6222      53746163 
 6222      6B00
 6223              	.LASF177:
 6224 059c 6175746F 		.ascii	"autosampler_inbox\000"
 6224      73616D70 
 6224      6C65725F 
 6224      696E626F 
 6224      7800
 6225              	.LASF206:
 6226 05ae 433A5C55 		.ascii	"C:\\Users\\kland\\OneDrive\\Documents\\GitHub\\noto"
 6226      73657273 
 6226      5C6B6C61 
 6226      6E645C4F 
 6226      6E654472 
 6227 05db 72694F53 		.ascii	"riOS\\notoriOS.cydsn\000"
 6227      5C6E6F74 
 6227      6F72694F 
 6227      532E6379 
 6227      64736E00 
 6228              	.LASF20:
 6229 05ef 666C6F61 		.ascii	"float32\000"
 6229      74333200 
 6230              	.LASF25:
 6231 05f7 73697A65 		.ascii	"sizetype\000"
 6231      74797065 
 6231      00
 6232              	.LASF128:
 6233 0600 735F646F 		.ascii	"s_down_level_sensor\000"
 6233      776E5F6C 
 6233      6576656C 
 6233      5F73656E 
 6233      736F7200 
 6234              	.LASF148:
 6235 0614 6D6F6E74 		.ascii	"month\000"
 6235      6800
 6236              	.LASF112:
 6237 061a 69735F63 		.ascii	"is_connected_to_cell_network\000"
 6237      6F6E6E65 
 6237      63746564 
 6237      5F746F5F 
ARM GAS  C:\Users\kland\AppData\Local\Temp\ccxBiICe.s 			page 140


 6237      63656C6C 
 6238              	.LASF54:
 6239 0637 6C617469 		.ascii	"latitude\000"
 6239      74756465 
 6239      00
 6240              	.LASF83:
 6241 0640 7379735F 		.ascii	"sys_settings_t\000"
 6241      73657474 
 6241      696E6773 
 6241      5F7400
 6242              	.LASF18:
 6243 064f 696E7431 		.ascii	"int16\000"
 6243      3600
 6244              	.LASF158:
 6245 0655 6770735F 		.ascii	"gps_status\000"
 6245      73746174 
 6245      757300
 6246              	.LASF189:
 6247 0660 74696D65 		.ascii	"timeToSycnRemoteParams\000"
 6247      546F5379 
 6247      636E5265 
 6247      6D6F7465 
 6247      50617261 
 6248              	.LASF102:
 6249 0677 6D6F6465 		.ascii	"modem_test\000"
 6249      6D5F7465 
 6249      737400
 6250              	.LASF117:
 6251 0682 6D617463 		.ascii	"match\000"
 6251      6800
 6252              	.LASF167:
 6253 0688 75706461 		.ascii	"updatable_parameters\000"
 6253      7461626C 
 6253      655F7061 
 6253      72616D65 
 6253      74657273 
 6254              	.LASF149:
 6255 069d 686F7572 		.ascii	"hour\000"
 6255      00
 6256              	.LASF94:
 6257 06a2 636F6D6D 		.ascii	"commands\000"
 6257      616E6473 
 6257      00
 6258              	.LASF98:
 6259 06ab 636F6D70 		.ascii	"compare_location\000"
 6259      6172655F 
 6259      6C6F6361 
 6259      74696F6E 
 6259      00
 6260              	.LASF21:
 6261 06bc 666C6F61 		.ascii	"float\000"
 6261      7400
 6262              	.LASF84:
 6263 06c2 6D6F6465 		.ascii	"modem_initialize\000"
 6263      6D5F696E 
 6263      69746961 
 6263      6C697A65 
ARM GAS  C:\Users\kland\AppData\Local\Temp\ccxBiICe.s 			page 141


 6263      00
 6264              	.LASF124:
 6265 06d3 735F7265 		.ascii	"s_report_freq\000"
 6265      706F7274 
 6265      5F667265 
 6265      7100
 6266              	.LASF132:
 6267 06e1 735F6170 		.ascii	"s_apps_enabled\000"
 6267      70735F65 
 6267      6E61626C 
 6267      656400
 6268              	.LASF61:
 6269 06f0 73696D5F 		.ascii	"sim_type\000"
 6269      74797065 
 6269      00
 6270              	.LASF35:
 6271 06f9 74657374 		.ascii	"test_name\000"
 6271      5F6E616D 
 6271      6500
 6272              	.LASF68:
 6273 0703 56616C76 		.ascii	"Valve_freq\000"
 6273      655F6672 
 6273      657100
 6274              	.LASF115:
 6275 070e 6973725F 		.ascii	"isr_telit_rx\000"
 6275      74656C69 
 6275      745F7278 
 6275      00
 6276              	.LASF77:
 6277 071b 616C6172 		.ascii	"alarm\000"
 6277      6D00
 6278              	.LASF71:
 6279 0721 5F426F6F 		.ascii	"_Bool\000"
 6279      6C00
 6280              	.LASF13:
 6281 0727 696E7433 		.ascii	"int32_t\000"
 6281      325F7400 
 6282              	.LASF1:
 6283 072f 756E7369 		.ascii	"unsigned char\000"
 6283      676E6564 
 6283      20636861 
 6283      7200
 6284              	.LASF184:
 6285 073d 73797374 		.ascii	"system_settings\000"
 6285      656D5F73 
 6285      65747469 
 6285      6E677300 
 6286              	.LASF99:
 6287 074d 64656C61 		.ascii	"delay\000"
 6287      7900
 6288              	.LASF49:
 6289 0753 72737271 		.ascii	"rsrq\000"
 6289      00
 6290              	.LASF63:
 6291 0758 73796E63 		.ascii	"sync_time\000"
 6291      5F74696D 
 6291      6500
ARM GAS  C:\Users\kland\AppData\Local\Temp\ccxBiICe.s 			page 142


 6292              	.LASF121:
 6293 0762 735F6E6F 		.ascii	"s_node_type\000"
 6293      64655F74 
 6293      79706500 
 6294              	.LASF47:
 6295 076e 72736370 		.ascii	"rscp\000"
 6295      00
 6296              	.LASF156:
 6297 0773 6D6F6465 		.ascii	"modem_get_gps_coordinates\000"
 6297      6D5F6765 
 6297      745F6770 
 6297      735F636F 
 6297      6F726469 
 6298              	.LASF38:
 6299 078d 74657374 		.ascii	"test_t\000"
 6299      5F7400
 6300              	.LASF130:
 6301 0794 735F6175 		.ascii	"s_autosampler\000"
 6301      746F7361 
 6301      6D706C65 
 6301      7200
 6302              	.LASF44:
 6303 07a2 696D6569 		.ascii	"imei\000"
 6303      00
 6304              	.LASF37:
 6305 07a7 72656173 		.ascii	"reason\000"
 6305      6F6E00
 6306              	.LASF50:
 6307 07ae 72737270 		.ascii	"rsrp\000"
 6307      00
 6308              	.LASF53:
 6309 07b3 6D6F6465 		.ascii	"modem_stats_t\000"
 6309      6D5F7374 
 6309      6174735F 
 6309      7400
 6310              	.LASF93:
 6311 07c1 75617274 		.ascii	"uart_string_reset\000"
 6311      5F737472 
 6311      696E675F 
 6311      72657365 
 6311      7400
 6312              	.LASF192:
 6313 07d3 616C6172 		.ascii	"alarmLevelSensor\000"
 6313      6D4C6576 
 6313      656C5365 
 6313      6E736F72 
 6313      00
 6314              	.LASF32:
 6315 07e4 746D5F77 		.ascii	"tm_wday\000"
 6315      64617900 
 6316              	.LASF92:
 6317 07ec 6D6F6465 		.ascii	"modem_soft_power_cycle\000"
 6317      6D5F736F 
 6317      66745F70 
 6317      6F776572 
 6317      5F637963 
 6318              	.LASF66:
ARM GAS  C:\Users\kland\AppData\Local\Temp\ccxBiICe.s 			page 143


 6319 0803 4C657665 		.ascii	"Level_Sensor_freq\000"
 6319      6C5F5365 
 6319      6E736F72 
 6319      5F667265 
 6319      7100
 6320              	.LASF170:
 6321 0815 6C657665 		.ascii	"level_sensor_inbox\000"
 6321      6C5F7365 
 6321      6E736F72 
 6321      5F696E62 
 6321      6F7800
 6322              	.LASF24:
 6323 0828 6C6F6E67 		.ascii	"long double\000"
 6323      20646F75 
 6323      626C6500 
 6324              	.LASF23:
 6325 0834 63686172 		.ascii	"char\000"
 6325      00
 6326              	.LASF111:
 6327 0839 6D6F6465 		.ascii	"modem_process_tasks\000"
 6327      6D5F7072 
 6327      6F636573 
 6327      735F7461 
 6327      736B7300 
 6328              	.LASF11:
 6329 084d 756E7369 		.ascii	"unsigned int\000"
 6329      676E6564 
 6329      20696E74 
 6329      00
 6330              	.LASF144:
 6331 085a 4346554E 		.ascii	"CFUN\000"
 6331      00
 6332              	.LASF196:
 6333 085f 616C6172 		.ascii	"alarmValve\000"
 6333      6D56616C 
 6333      766500
 6334              	.LASF43:
 6335 086a 6D6F6465 		.ascii	"model_id\000"
 6335      6C5F6964 
 6335      00
 6336              	.LASF182:
 6337 0873 68747470 		.ascii	"http_route\000"
 6337      5F726F75 
 6337      746500
 6338              	.LASF45:
 6339 087e 6D6F6465 		.ascii	"modem_info_t\000"
 6339      6D5F696E 
 6339      666F5F74 
 6339      00
 6340              	.LASF59:
 6341 088b 6770735F 		.ascii	"gps_t\000"
 6341      7400
 6342              	.LASF70:
 6343 0891 536F6E74 		.ascii	"Sontek_freq\000"
 6343      656B5F66 
 6343      72657100 
 6344              	.LASF27:
ARM GAS  C:\Users\kland\AppData\Local\Temp\ccxBiICe.s 			page 144


 6345 089d 746D5F6D 		.ascii	"tm_min\000"
 6345      696E00
 6346              	.LASF203:
 6347 08a4 75617274 		.ascii	"uart_string_index\000"
 6347      5F737472 
 6347      696E675F 
 6347      696E6465 
 6347      7800
 6348              	.LASF62:
 6349 08b6 6D656173 		.ascii	"measure_time\000"
 6349      7572655F 
 6349      74696D65 
 6349      00
 6350              	.LASF200:
 6351 08c3 616C6172 		.ascii	"alarmSontek\000"
 6351      6D536F6E 
 6351      74656B00 
 6352              	.LASF116:
 6353 08cf 69735F63 		.ascii	"is_connected_to_internet\000"
 6353      6F6E6E65 
 6353      63746564 
 6353      5F746F5F 
 6353      696E7465 
 6354              	.LASF165:
 6355 08e8 6D6F6465 		.ascii	"modem_start_time_stamp\000"
 6355      6D5F7374 
 6355      6172745F 
 6355      74696D65 
 6355      5F737461 
 6356              	.LASF202:
 6357 08ff 75617274 		.ascii	"uart_received_string\000"
 6357      5F726563 
 6357      65697665 
 6357      645F7374 
 6357      72696E67 
 6358              	.LASF85:
 6359 0914 70696E73 		.ascii	"pins_configure_inactive\000"
 6359      5F636F6E 
 6359      66696775 
 6359      72655F69 
 6359      6E616374 
 6360              	.LASF126:
 6361 092c 735F6170 		.ascii	"s_app_led\000"
 6361      705F6C65 
 6361      6400
 6362              	.LASF42:
 6363 0936 73696D5F 		.ascii	"sim_id\000"
 6363      696400
 6364              	.LASF29:
 6365 093d 746D5F6D 		.ascii	"tm_mday\000"
 6365      64617900 
 6366              	.LASF183:
 6367 0945 73797374 		.ascii	"system_info\000"
 6367      656D5F69 
 6367      6E666F00 
 6368              	.LASF58:
 6369 0951 76616C69 		.ascii	"valid\000"
ARM GAS  C:\Users\kland\AppData\Local\Temp\ccxBiICe.s 			page 145


 6369      6400
 6370              	.LASF86:
 6371 0957 70696E73 		.ascii	"pins_configure_active\000"
 6371      5F636F6E 
 6371      66696775 
 6371      72655F61 
 6371      63746976 
 6372              	.LASF150:
 6373 096d 6D696E75 		.ascii	"minute\000"
 6373      746500
 6374              	.LASF14:
 6375 0974 75696E74 		.ascii	"uint32_t\000"
 6375      33325F74 
 6375      00
 6376              	.LASF26:
 6377 097d 746D5F73 		.ascii	"tm_sec\000"
 6377      656300
 6378              	.LASF174:
 6379 0984 76616C76 		.ascii	"valve_enabled\000"
 6379      655F656E 
 6379      61626C65 
 6379      6400
 6380              	.LASF120:
 6381 0992 6765745F 		.ascii	"get_updated_parameters_from_malcom\000"
 6381      75706461 
 6381      7465645F 
 6381      70617261 
 6381      6D657465 
 6382              	.LASF123:
 6383 09b5 735F7361 		.ascii	"s_sample_freq\000"
 6383      6D706C65 
 6383      5F667265 
 6383      7100
 6384              	.LASF36:
 6385 09c3 73746174 		.ascii	"status\000"
 6385      757300
 6386              	.LASF193:
 6387 09ca 74696D65 		.ascii	"timeToLevelSensor\000"
 6387      546F4C65 
 6387      76656C53 
 6387      656E736F 
 6387      7200
 6388              	.LASF171:
 6389 09dc 6C657665 		.ascii	"level_sensor_enabled\000"
 6389      6C5F7365 
 6389      6E736F72 
 6389      5F656E61 
 6389      626C6564 
 6390              	.LASF162:
 6391 09f1 64617461 		.ascii	"dataPointsInStackDesired\000"
 6391      506F696E 
 6391      7473496E 
 6391      53746163 
 6391      6B446573 
 6392              	.LASF67:
 6393 0a0a 446F776E 		.ascii	"Downstream_Level_Sensor_freq\000"
 6393      73747265 
ARM GAS  C:\Users\kland\AppData\Local\Temp\ccxBiICe.s 			page 146


 6393      616D5F4C 
 6393      6576656C 
 6393      5F53656E 
 6394              	.LASF65:
 6395 0a27 4170705F 		.ascii	"App_LED_freq\000"
 6395      4C45445F 
 6395      66726571 
 6395      00
 6396              	.LASF201:
 6397 0a34 74696D65 		.ascii	"timeToSontek\000"
 6397      546F536F 
 6397      6E74656B 
 6397      00
 6398              	.LASF195:
 6399 0a41 74696D65 		.ascii	"timeToDownstreamLevelSensor\000"
 6399      546F446F 
 6399      776E7374 
 6399      7265616D 
 6399      4C657665 
 6400              	.LASF12:
 6401 0a5d 75696E74 		.ascii	"uint8_t\000"
 6401      385F7400 
 6402              	.LASF198:
 6403 0a65 616C6172 		.ascii	"alarmAutosampler\000"
 6403      6D417574 
 6403      6F73616D 
 6403      706C6572 
 6403      00
 6404              	.LASF175:
 6405 0a76 76616C76 		.ascii	"valve_inbox\000"
 6405      655F696E 
 6405      626F7800 
 6406              	.LASF88:
 6407 0a82 61745F72 		.ascii	"at_ready\000"
 6407      65616479 
 6407      00
 6408              	.LASF69:
 6409 0a8b 4175746F 		.ascii	"Autosampler_freq\000"
 6409      73616D70 
 6409      6C65725F 
 6409      66726571 
 6409      00
 6410              	.LASF89:
 6411 0a9c 61747465 		.ascii	"attempts\000"
 6411      6D707473 
 6411      00
 6412              	.LASF75:
 6413 0aa5 636F756E 		.ascii	"countDownType\000"
 6413      74446F77 
 6413      6E547970 
 6413      6500
 6414              	.LASF139:
 6415 0ab3 76616C76 		.ascii	"valve_freq\000"
 6415      655F6672 
 6415      657100
 6416              	.LASF90:
 6417 0abe 626F6F74 		.ascii	"boot_time\000"
ARM GAS  C:\Users\kland\AppData\Local\Temp\ccxBiICe.s 			page 147


 6417      5F74696D 
 6417      6500
 6418              	.LASF95:
 6419 0ac8 65787065 		.ascii	"expected_response\000"
 6419      63746564 
 6419      5F726573 
 6419      706F6E73 
 6419      6500
 6420              	.LASF157:
 6421 0ada 6C6F636B 		.ascii	"lock_time\000"
 6421      5F74696D 
 6421      6500
 6422              	.LASF180:
 6423 0ae4 68747470 		.ascii	"http_request\000"
 6423      5F726571 
 6423      75657374 
 6423      00
 6424              	.LASF87:
 6425 0af1 6D6F6465 		.ascii	"modem_power_down\000"
 6425      6D5F706F 
 6425      7765725F 
 6425      646F776E 
 6425      00
 6426              	.LASF22:
 6427 0b02 646F7562 		.ascii	"double\000"
 6427      6C6500
 6428              	.LASF169:
 6429 0b09 6170705F 		.ascii	"app_led_inbox\000"
 6429      6C65645F 
 6429      696E626F 
 6429      7800
 6430              	.LASF136:
 6431 0b17 6170705F 		.ascii	"app_led_freq\000"
 6431      6C65645F 
 6431      66726571 
 6431      00
 6432              		.ident	"GCC: (GNU Tools for ARM Embedded Processors) 5.4.1 20160609 (release) [ARM/embedded-5-bran
