:400000000080002011000000E9450000E945000080B500AF024A034B1B68136004F018FBBC760040FA46004010B5054C237833B9044B13B10448AFF300800123237010BDA4
:40004000208AFF1F00000000486A0100084B10B51BB108490848AFF300800848036803B910BD074B002BFBD0BDE81040184700BF00000000248AFF1F486A0100C880FF1FDA
:400080000000000080B500AF06F092FE4FF48072002104480DF0CEFA034B00221A7000BF80BD00BF3C8AFF1F3D8BFF1F80B582B000AF06F05BFE0346FB71FB79002B09D05E
:4000C000114B1B785A1CD1B20F4A117019460F4AFB795354FB790D2B11D10D4B1A680D4B1B68194610460EF0C9F902460A4B1A60054B1B781A46054B1344054A136000BF31
:400100000837BD4680BD00BF3D8BFF1F3C8AFF1FCC80FF1F448BFF1F408BFF1F80B582B000AF7860796803480DF08CFF00BF0837BD4680BD5CC4FF1F80B596B000AF3149B5
:4001400031480EF09BF978657B6D002B01D0002353E02E492C480EF091F978657B6D002B4AD000F00BFC386538463B6D284A20210DF088FD07F12003184600F05DF897F8A4
:400180003830002B2DD0B7F9363007F13C00214A14210DF077FD07F13C031A461E49002000F038FB07F13C033A6D19461B4802F057F83B461A461A491A4800F0F1F91A4A4E
:4001C0001749184800F0ECF907F13C031A461449144800F0E5F9154A1149124800F0E0F908E01349022000F015FB3A6D11490B4802F036F8002300E0002318465837BD4680
:4002000080BD00BF586A01005CC4FF1F5C6A0100606A0100646A0100686A01007C6A01008C6A0100906A01009C6A0100B06A0100B46A0100E06A0100B0B58AB000AF786002
:40024000002387F82130002387F82030FFF71AFF012006F029FEC82004F0B0FE022008F0F7FB06F019FD384806F0C4FD4FF4FA6004F0A4FE06F056FD06F0CEFD002006F020
:4002800013FE0C2008F0E4FB002008F0C3FB2F492F480EF003FA786233E00D21786A0DF08BFD0346002B27D0786A0CF0E3FF03467B847B8C002B1FD07B8C42F20F729342C3
:4002C00014D097F82030B7F922205B0007F128010B4423F8202C97F820300A2B15D897F820300133DBB287F8203005E097F821300133DBB287F82130144900200EF0CEF90F
:4003000078627B6A002BC8D100E000BF97F8202007F108031146184600F082F803461BB2FB837B681D4607F108040FCC28606960AA60EB6003CC2861696123882B837868F0
:400340002837BD46B0BD00BFAD000000E46A01003C8AFF1FB0B5EEB004AF3B1D186007F12403002283F8802007F124032A4A1C4615460FCD0FC42B68238007F10803184697
:40038000FFF75AFF07F108031B7E1A4607F108035B7E134407F10802127E114607F10802B2F91620144607F1240202F181000294019100930B23194A4FF480710DF062FC2C
:4003C00007F108031B7E0B2B05D107F12403012283F880200EE007F108031B7E002B09D007F108031B7E0A2B04D807F12403022283F880203B1D1A6807F1240310461946B1
:4004000040F281131A460DF09FF83B1D186807F5D477BD46B0BD00BFE86A0100FC6A010090B585B000AF78600B46FB700023FB81FB781BB21946786800F03AF8FB7803F097
:400440000103DBB2002B25D1FB78013BDA0F13445B105B007A681344B3F900301946FB785B08DBB25B007A681344B3F900300B4418460CF09DF84FF000024FF080430CF051
:4004800027FA03460C46184621460CF0A7FB0346FB8107E0FB785B08DBB25B007A6813441B88FB81FB8918461437BD4690BD00BF80B584B000AF78600B467B800023FB8144
:4004C00037E00023BB8124E0B7F90C305B007A681344B3F90020B7F90C3001335B0079680B44B3F900309A420DDDB7F90C305B007A68D018B7F90C3001335B007A68134424
:40050000194600F021F8B7F90C309BB201339BB2BB81B7F90C20B7F90210B7F90E30CB1A013B9A42D0DBB7F90E309BB201339BB2FB81B7F90E20B7F90230013B9A42C0DB7E
:4005400000BF1037BD4680BD80B485B000AF786039607B681B88FB813B68B3F900207B681A803B68FA891A8000BF1437BD4680BC704700BF80B584B000AF78600923FB73B5
:4005800000F078F8786808F0DDFE0346DBB20133FB7300F07BF8FB7B18461037BD4680BD80B586B000AFF860B9607A600923FB7500F060F8B968F86808F0AEFE38613B6947
:4005C000002B08D108F0DCFC08F054FDB968F86808F0A2FE38613B69002B10D078680DF08FFD03461A467968386909F043F8386908F0CCFD0346DBB2C3F10103FB7500F065
:4006000045F8FB7D18461837BD4680BD80B586B000AFF860B9607A600923FB7500F02AF81349F86808F078FE38613B69002B08D108F0A6FC08F01EFD0D49F86808F06CFED5
:4006400038613B69002B0CD07A68B968386908F0EAFE386908F09AFD0346DBB2C3F10103FB7500F013F8FB7D18461837BD4680BD346B010080B500AF06F03AFC012006F05D
:400680003DFC08F0F7FC00BF80BD00BF80B500AF002006F033FC06F025FC08F071FC002006F09EFC002006F07DFC002006F0B2FC002006F0CDFC00BF80BD00BFF0B5EBB0D9
:4006C00000AF3B1D186007F124033D4A1C4613460FCB07C4237007F12403002283F8802007F11803374A07CA03C31A8007F10C03354A07CA03C31A7007F10C031846FFF7BF
:4007000039FF07F10C03314A31491846FFF748FF07F1180107F10C030A221846FFF776FF07F10C031846FFF725FF03461A4607F1240383F8802007F1240393F88030012BF5
:4007400014D107F124038133224A1D4614460FCC28606960AA60EB6007CC28616961AA612388A278AB831346AB7717E007F124038133194A14469E4604F1200C75462646C5
:400780000FCE28606960AA60EB6010340EF1100E6445F3D17346224612781A703B1D1A6807F124031046194640F281131A460CF0CBFE3B1D186807F5D677BD46F0BD00BF8A
:4007C000386B01009C6B0100A86B0100486B0100546B0100586B0100786B010080B500AF07F0D4FC00BF80BD80B500AF07F02EFD034603F00203002B02D1012004F0DEFB43
:4008000007F09AFD00BF80BD80B500AF07F0AEFD00BF80BD0EB480B5ADF6140D00AF0246FB1D1A70FB1D1B78022B07D0FB1D1B78012B03D0FB1D1B78032B1DD1294800F0D7
:40084000C9F800F09BF803461946274800F0C2F8FB1D1B78022B03D1244800F0BBF820E0FB1D1B78012B03D1214800F0B3F818E0204800F0AFF814E0FB1D1B78002B29D14E
:400880001D4B1B79002B25D0164800F0A3F800F075F803461946144800F09CF8174800F099F807F5026207F10C031A6007F10C0307F110001B68D7F81C284FF4006110F044
:4008C000A9FD07F11003184607F0E6FC0C4800F081F800E000BF07F61407BD46BDE8804003B07047B46B0100B86B0100C86B0100E46B0100006C0100B89CFF1F1C6C01009A
:40090000386C010084B080B500AF07F1080E8EE80F00134800F05EF800F030F803461946104800F057F8104800F054F807F108010E4800F04FF897F8883019460C4800F063
:4009400049F807F1890319460A4800F043F80A4800F040F800BFBD46BDE8804004B07047B46B0100B86B0100406C0100506C0100606C0100706C0100806C010080B58CB014
:4009800000AF05F065FBF862FB6A1B78DBB27B60FB6A5B78DBB2BB60FB6A9B78DBB2FB60FB6A5B899BB2A3F26C73BB61FB6A1B7ADBB27B61FB6A1B79DBB23B6100237B628E
:4009C0003B1D18460CF088FFB862BB6A18463037BD4680BD0FB480B5ADF6080D00AF07F61403C7F80438381DD7F80438D7F810284FF4006110F00EFD3B1D184607F04CFC01
:400A000000BF07F60807BD46BDE8804004B07047B0B59CB000AF7860012007F09FF9012008F034F80A2004F0C9FA07F069F907F041F906F083FC002387F86F3034E097F827
:400A40006F30184607F076F90023A7F86C300FE0B7F86C4007F002F90246A30007F170010B4443F8682CB7F86C300133A7F86C30B7F86C300A2BEBD997F86F4007F10803C8
:400A80000B21184600F0DCF90346184606F0C6FD0246A30007F170010B4443F83C2C97F86F30013387F86F3097F86F30082BC6D907F026F907F0EEF806F058FC002007F06D
:400AC0004DF9002007F0E2FF7B6B18460BF082FD19A3D3E900230BF01DFC03460C46184621460CF0A3F80346BB66BB6B144918460CF0FAF90346B96E18460CF0EBF8034624
:400B00007B65FB6BB96E18460CF0E4F80346BB653B6C3B66012387F864307B681D4607F154040FCC0FC523682B6078687037BD46B0BD00BFAFF30080FCA9F1D24D62F03FB1
:400B4000000030410000000090B59BB000AF786007F0D6F807F0AEF806F0F0FB032007F0E9F80023A7F866300FE0B7F8664007F075F80246A30007F168010B4443F8602C4D
:400B8000B7F866300133A7F86630B7F866300A2BEBD907F108030B21184600F051F90346184606F03BFD0346BB65BB6D484918460CF09AF9034618460AF030FC03464449FB
:400BC00018460CF045FA0346BB65012007F05EFF0A2004F0F3F90023A7F864300FE0B7F8644007F03BF80246A30007F168010B4443F8602CB7F864300133A7F86430B7F8F7
:400C000064300A2BEBD907F108030B21184600F017F90346184606F001FD03467B6507F06FF807F037F806F0A1FB002007F02EFF7B6D18460BF0CEFC21A3D3E900230BF0D3
:400C400047FE03460C46184621464FF00002214B0BF014FD03460C46184621460BF0E6FF0346FB657B6D18460BF0B4FC4FF00002194B0BF003FD03460C461846214612A387
:400C8000D3E900230BF024FE03460C46184621464FF00002114B0BF03DFB03460C46184621460BF0C3FF03463B667B681C4607F154030FCB84E80F0078686C37BD4690BD45
:400CC0000000000000C0624033333333333303400000C84200408F40000024400000044084B090B587B000AF786007F12C0080E80E00BB6B18460BF06DFC23A3D3E90023FE
:400D00000BF0E6FD03460C46184621464FF00002214B0BF0DDFD03460C46184621460BF085FF03463B61BB6B18460BF053FC4FF000021A4B0BF0A2FC03460C4618462146C2
:400D400013A3D3E900230BF0C3FD03460C46184621464FF00002124B0BF0DCFA03460C46184621460BF062FF03467B617B681C4607F108030FCB84E80F0078681C37BD46A0
:400D8000BDE8904004B070470000000000C06240333333333333034000408F40000024400000044080B584B000AF786039600023FB6028E00023BB601BE0BB689B007A68DD
:400DC00013441A68BB6801339B0079680B441B689A420BDDBB689B007A68D018BB6801339B007A681344194600F016F8BB680133BB603A68FB68D31A5A1EBB689A42DCDC0E
:400E0000FB680133FB603B685A1EFB689A42D1DC00BF1037BD4680BD80B485B000AF786039607B681B68FB603B681A687B681A603B68FA681A6000BF1437BD4680BC704728
:400E400090B585B000AF786039600023FB6039687868FFF7A7FF3B6803F00103002B23D13B68013BDA0F13445B109B007A6813441A683B68D90F0B445B109B0079680B4494
:400E80001B68134418460BF093FB4FF000024FF080430BF01DFD03460C46184621460BF09DFE0346FB6008E03B68DA0F13445B109B007A6813441B68FB60FB68184614378B
:400EC000BD4690BD2DE9B043EEB006AF3B1D186007F11C03002283F8802007F11C03264A1C4615460FCD0FC495E8030020600434217007F108031846FFF78AFD07F1080385
:400F00001B6818460BF066FB04460D4607F108035B6818460BF05EFB8046894607F108039B6818460BF056FB02460B4607F11C0101F18100CDE90423CDE90289CDE90045E0
:400F40000E4A4FF480710CF09DFE07F11C03012283F880203B1D1A6807F11C031046194640F281131A460CF0EFFA3B1D186807F5D077BD46BDE8B083846C01009C6C010058
:400F80002DE9B043EEB006AF3B1D186007F11C03002283F8802007F11C03374A1C4615460FCD0FC495E8030020600434217007F10C031846FFF7C8FD07F10C031B681846DC
:400FC0000BF008FB04460D4607F10C039B6818460BF000FB8046894607F10C03DB6818460BF0F8FA02460B4607F11C0101F18100CDE90423CDE90289CDE900451F4A4FF4E8
:4010000080710CF03FFE07F10C031B681C4918460BF06AFF034618460AF000FA0346184918460CF015F803461A4607F10C031A6007F10C035A6807F10C031B6819461046F7
:401040000CF0E6F80346002B04D107F11C03012283F880203B1D1A6807F11C031046194640F281131A460CF06FFA3B1D186807F5D077BD46BDE8B083BC6C0100D46C010067
:401080000000C84298B500AF12E00D4BB3F900301C4607F099FA03461A460A4B1A55084BB3F900309BB201339BB21AB2044B1A8007F0ACFA0346012BE7D000BF98BD00BF5D
:4010C000488BFF1F5008002080B500AF00F032F8154B00221A70154B002283F82820134B00221A75114B00221A70114B00221A600F4B00225A600E4B00229A600C4B002205
:40110000DA600B4B00221A61094B00225A61084B0022DA61064B00229A610021402007F00DFC00BF80BD00BFB9070020DCECFF1FBC07002080B500AF002007F031FC0C20FA
:4011400007F0DEFB002007F073F9002007F0BAFB002007F00BFC002007F04CF9002007F085F900BF80BD00BF80B500AF022007F0C7FB012007F014FC012007F059F96420B1
:4011800003F01CFF00BF80BD80B500AF41F288320A490B4800F0A8F800F084F84FF47A7003F00CFF07F0E0F907F010FBFFF7C2FF044B00221A7000BF80BD00BF046D0100D6
:4011C000086D0100B907002080B582B000AFFFF7CBFF07F067F92C4807F0E6FA00F062F80023FB7100233B71FFF7C8FB38600023BB711CE000237B710EE04FF47A72234945
:40120000234800F071F80346002B02D00123FB7105E07B7901337B717B79132BEDD9FB79012B08D000F03EF8BB790133BB71BB79022BDFD900E000BFFFF7A0FB02463B68BD
:40124000D31A3B603A6813490020FFF7E3FAFB79012B0AD13B791A460F490020FFF7DAFA0E4B01221A70012309E00D490220FFF7D1FA0A4B00221A70FFF786FF00231846DB
:401280000837BD4680BD00BF85100000046D0100146D01001C6D0100306D0100B9070020646D010080B500AF012007F0A3F84FF4FA6003F083FE002007F09CF800BF80BD3E
:4012C00080B500AF064B00221A804FF48062002104480CF0AFF907F0AFF900BF80BD00BF488BFF1F5008002080B58AB000AFF860B9607A6000237B6200237B6246E00A2348
:40130000FB617A68FB69B2FBF3F3BB61FFF7D8FFF86807F0CDF97B68002B06D1FA681F490020FFF777FA012334E000233B6220E0F86903F043FEB96819480DF09FF87861C0
:401340007B69002B12D07B6A002B06D1144BFA6814490020FFF75EFA06E07B6A5A1C104B11490120FFF756FA012313E03B6A01333B623A6ABB699A42DAD3094BFA680B49C4
:401380000220FFF747FA7B6A01337B627B6A022BB5D9002318462837BD4680BD7C6D010050080020A86D0100F86D0100306E0100B0B5E6B000AF3B1D186007F10C030022FE
:4013C00083F8802007F10C03364A07CA03C31A800233120C1A7007F10C038133324A1C4615460FCD20606160A260E36028682061AB88AA79A3821346A3750023C7F8943143
:401400003AE000F091F800F0FDFE0346002B02D1FFF7DAFE27E000F0F5FE0346042B22D100F04EFEC7F89001D7F89031002B03D0D7F8900102F01AFD07F10C0381331B4A21
:401440001D4614460FCC28606960AA60EB6007CC28616961AA6107F10C03012283F88020FFF792FE0CE04FF47A7003F0A7FDD7F894310133C7F89431D7F894313B2BC0DD9F
:401480003B1D1A6807F10C031046194640F281131A460CF059F83B1D186807F5CC77BD46B0BD00BF606E01006C6E0100846E010080B586B000AFF860B9607A603B60B9681F
:4014C000F8680CF0DBFF78617B69002B01D1FB687B61B8680CF014FE02467B6913447B61796878690CF0CAFF38613B69002B06D1F8680CF005FE0246FB6813443B613A69CA
:401500007B69D31A1A46796938680CF027FE3A697B69D31A1A463B68134400221A70012318461837BD4680BD80B582B000AF534B1B78012B0BD1FFF721FA0246504B1A608F
:4015400000F00AFD4D4B02221A70012392E04B4B1B78022B5FD10023FB712BE000F01CF9484B5B7883F00103DBB2002B07D0464B5B691A2B03DD444B5B69FF2B1ED1414B95
:401580005B78002B0FD0404B9B68242B03DD3E4B9B68FF2B13D13C4B5B691A2B03DD3A4B5B69FF2B0BD14FF47A7003F007FDFB790133FB71FB791D2BD0D900E000BF00F00C
:4015C0006DF80346002B13D0FFF7D8F902462C4B1B68D31A2C4A93612B4B9B691A462B490020FFF717F900F0B5F8244B03221A70FFF7C4F90246224B1B68D31AB42B08DD04
:401600001E4B00221A70FFF7BFFD21490220FFF701F900232EE0194B1B78032B29D100F0A7F80346002B11D0144B04221A70FFF7A5F90246124B1B68D31A134AD361124B8D
:40164000DB691A4613490020FFF7E4F8FFF796F902460B4B1B68D31AE62B08DD074B00221A70FFF791FD0C490220FFF7D3F8002300E0002318460837BD4680BDB907002052
:401680004C080020B89CFF1FBC070020A06E0100C86E0100EC6E01000C6F010080B584B000AF20490020FFF7B5F84FF4FA621E491E48FFF719FE0346FB731D490020FFF754
:4016C000A9F81C4A1C490020FFF7A4F8FB7B002B23D000233B713B1D184A19491548FFF7E7FE3B1D1A4617490020FFF793F816490020FFF78FF83B1D144918460CF0BEFE95
:401700000346002B07D13B1D114918460CF0B6FE0346002B01D0012300E0002318461037BD4680BD346F0100046D0100486F0100546F010050080020706F01008C6F010066
:40174000906F0100946F0100B46F0100D46F0100D86F010080B500AF4FF47A7202490348FFF7C2FD00BF80BD046D0100DC6F010080B500AF4FF4FA6205490648FFF7B4FDD7
:401780000346002B01D0012300E00023184680BDEC6F0100F06F010080B586B004AF154BFF225A60134BFF22DA60124BFF229A60104BFF225A610F4BFF221A610D4BFF2236
:4017C0001A604FF4FA620C490C48FFF78DFD0C4B03930C4B02930C4B01930C4B00930C4B044A0C490C480CF099FA786000BF0837BD4680BDBC070020046D0100FC6F010045
:40180000D0070020CC070020C8070020C4070020C0070020087001005008002080B400AF124B00221A70114B01225A700F4B01229A700E4B0122DA700C4B01221A710B4B2F
:4018400078225A71094B78229A71084B7822DA71064B78221A72054B78225A72034B78229A7200BFBD4680BC704700BFB89CFF1F90B5ADF57D7D00AF002387F8503307F51A
:401880003B7300221A7007F5227300221A7007F5097300221A7007F5E07300221A7007F5AE7300221A7007F1940300221A70002387F8E433002387F8D833002387F8CC3367
:4018C000002387F8C033002387F8B43307F57973B44AB549B548FFF7EBFD07F57673B14AB349B248FFF7E4FD07F57373AD4AB149AE48FFF7DDFD07F57073AA4AAE49AB4808
:40190000FFF7D6FD07F56D73A64AAC49A748FFF7CFFDAB49A5480CF0B1FD0346002B50D007F194039F4AA649A048FFF7C1FD07F19403A44918460CF0A1FD0346002B14BF8F
:4019400001230023DBB21A469F4B1A7007F194039E4918460CF092FD0346002B14BF01230023DAB29A4B1A7007F19403994918460CF084FD0346002B14BF01230023DBB270
:401980001A46954B1A7007F19403944918460CF075FD0346002B14BF01230023DBB21A468F4B1A7007F194038E4918460CF066FD0346002B14BF01230023DBB21A468A4BD3
:4019C0001A7007F55473774A88497848FFF770FD07F55473184600F079FE07F53B73714A83497248FFF764FD07F53B731846FEF795FB07F509736B4A7E496C48FFF758FD9B
:401A000007F50973184600F051FF07F5E073654A79496648FFF74CFD07F5E073184601F051FB07F5AE735F4A74496048FFF740FD07F5AE73184601F077FB07F1900207F537
:401A400079736F4918460CF069F90346012B0ED107F190031B68DAB26A4B1A7007F190031B681A4668490020FEF7D4FE03E067490220FEF7CFFE07F18C0207F57673604948
:401A800018460CF04BF90346012B12D107F18C031B68002B14BF01230023DAB2594B5A7007F18C031B681A4659490020FEF7B2FE03E058490220FEF7ADFE07F1880207F552
:401AC00073734F4918460CF029F90346012B1DD107F188031B68DAB24A4B9A70494B9B7899B24D4C38460723012201F067FD3A4623461168196092889A8007F188031B6898
:401B00001A4646490020FEF785FE03E044490220FEF780FE07F1840207F57073384918460CF0FCF80346012B1DD107F184031B68DAB2344BDA70334BDB7899B2394C384614
:401B40000723012201F03AFD3A4623461168196092889A8007F184031B681A4632490020FEF758FE03E031490220FEF753FE07F1800207F56D73224918460CF0CFF80346A9
:401B8000012B57D107F180031B68DAB21D4B1A7107F180031B681A4625490020FEF73AFE4CE000BF8C6F01002870010050080020347001004070010050700100607001005B
:401BC00070700100807001004FC4FF1F88700100C1ECFF1F987001004EC4FF1FA0700100CAECFF1FAC700100508BFF1FB4700100C0700100D0700100D8700100E8700100B1
:401C0000F0700100B89CFF1FF4700100107101002C7101004871010048C4FF1F64710100887101002C9DFF1FB8710100E071010010720100AF490220FEF7ECFDAE4B1B782E
:401C4000042B40F0518107F10C0300221A70AB4B1B78002B4ED007F55473A94918460CF00DFC0346002B41D007F10C0300221A7007F5547207F10C03114618460CF0E2F909
:401C800007F5547307F10C009E4A9D49FFF710FC07F17C0207F554739B4918460CF03EF80346012B1DD107F17C031B68DAB2924B5A71914B5B7999B2944C384607230122A9
:401CC00001F07CFC3A4623461168196092889A8007F17C031B681A468D490020FEF79AFD08E08C490220FEF795FD03E08A490220FEF790FD894B1B78002B4ED007F53B7376
:401D00007F4918460CF0BAFB0346002B41D007F10C0300221A7007F53B7207F10C03114618460CF08FF907F53B7307F10C00754A7349FFF7BDFB07F1780207F53B737249FD
:401D400018460BF0EBFF0346012B1DD107F178031B68DAB2684B9A71674B9B7999B2704C38460723012201F029FC3A4623461168196092889A8007F178031B681A466949B8
:401D80000020FEF747FD08E067490220FEF742FD03E066490220FEF73DFD654B1B78002B00F0A28007F5E073554918460CF066FB0346002B41D007F10C0300221A7007F59D
:401DC000E07207F10C03114618460CF03BF907F5E07307F10C004B4A4949FFF769FB07F1740207F5E073484918460BF097FF0346012B1DD107F174031B68DAB23E4B5A725E
:401E00003D4B5B7A99B24B4C38460723012201F0D5FB3A4623461168196092889A8007F174031B681A4644490020FEF7F3FC08E042490220FEF7EEFC03E041490220FEF7ED
:401E4000E9FC404B1B78002B4ED007F5AE732C4918460CF013FB0346002B41D007F10C0300221A7007F5AE7207F10C03114618460CF0E8F807F5AE7307F10C00214A20493B
:401E8000FFF716FB07F1700207F5AE731E4918460BF044FF0346012B1DD107F170031B68DAB2154B5A72144B9B7A99B2264C38460723012201F082FB3A4623461168196043
:401EC00092889A8007F170031B681A461F490020FEF7A0FC08E01E490220FEF79BFC03E01C490220FEF796FC00BF07F57D77BD4690BD00BF3C720100B89CFF1F4FC4FF1F49
:401F00006C7201008C6F0100F0700100CCECFF1F7472010098720100C8720100C1ECFF1FD4ECFF1FF0720100187301004C730100CAECFF1F4C07002078730100A0730100C3
:401F4000D4730100508BFF1F54C4FF1F00740100247401005074010080B584B000AF454B1B7D002B13D14FF4FA6243494348FFF7BBF90346002B0AD0414B424A42494348EC
:401F8000FFF796FA3E4A42490020FEF743FC394B1B78002B13D14FF4FA6237493D48FFF7A3F90346002B0AD0324B364A36493748FFF77EFA2F4A38490020FEF72BFC2D4B73
:401FC00093F82830002B13D14FF4FA622A493348FFF78AF90346002B0AD0314B294A2A492A48FFF765FA2E4A2E490020FEF712FC2D4B5B7883F00103DBB2002B06D04FF4CD
:40200000FA621D492948FFF76FF909E0264B5B78002B05D04FF4FA6217492548FFF764F94FF4FA6214492348FFF75EF90346002B1BD000233B713B1D124A13491348FFF7E0
:4020400037FA3B1D1A461C490020FEF7E3FB3B1D312118460BF0B0FE0346002B05D14FF4FA6205491548FFF73FF900BF1037BD4680BD00BFDCECFF1F046D01007874010062
:40208000F0ECFF1F8C6F0100906F0100500800208474010094740100A0740100AC74010004EDFF1FB8740100B89CFF1FC4740100F07401000C750100187501002475010084
:4020C00080B5A0B006AF444B1B78042B05D043490220FEF79FFB00237AE000237B664FF4FA623F493F48FFF7FFF80346002B6ED0002387F8443007F144033B4A3B493C4893
:40210000FFF7D6F90023BB6207F13C0107F1400207F1440007F12803049307F12C03039307F13003029307F13403019307F1380300930B462F490BF0F1FD0346072B06D12B
:40214000BB6A4FF4617202FB03F3BB6227E007F13C0107F1400207F1440007F12803049307F12C03039307F13003029307F13403019307F1380300930B461F490BF0CEFD23
:402180000346072B05D1BB6A1C4A02FB03F3BB6205E01B490220FEF73DFB002318E0FB6A7B603B6BBB607B6BFB603B6C6433BB61FB6B013B7B61BB6B3B6100237B623B1D4C
:4021C00018460BF089FB0246BB6A13447B667B6E18466837BD4680BDB907002030750100046D0100687501007475010078750100500800207C750100947501007CFCFFFF9F
:40220000AC75010080B400AF024B1B781846BD4680BC7047B907002080B500AFFFF7F2FF0346002B03D006F0E9FB06F091FA00BF80BD00BF80B500AFFFF7E4FF0346002B2C
:402240000BD006F0E1FB06F09DFAFFF7DBFF0346032B02D1642002F0B1FE00BF80BD00BF80B584B000AFF860B9607A60234B1B881A462C2303FB02F3214A9818FB68214A2B
:4022800014210BF0FFFC1D4B1B881A462C2303FB02F310331A4A1344181DBB68194A14210BF0F0FC154B1B881946154A2C2303FB01F3134428337A681A60104B1B8801332F
:4022C0009AB20E4B1A80104B1B8801339AB20E4B1A800A4B1B88952B0BD9084B00221A800A4B01221A700A490220FEF793FA002300E0012318461037BD4680BD50C4FF1F4C
:4023000080EDFF1FD876010052C4FF1F52070020DC76010080B483B000AF1CE0FB88164A2C2101FB03F3134400221A70FB88124A2C2101FB03F31344143300221A70FB88A1
:402340000D4A2C2101FB03F31344283300221A60FB880133FB80FB88952BDFD9074B00221A80074B00221A80064B00221A7000BF0C37BD4680BC704780EDFF1F50C4FF1F7E
:4023800052C4FF1F5207002080B400AF024B1B881846BD4680BC704752C4FF1F80B400AF024B1B881846BD4680BC704750C4FF1F80B58CB008AFF860B9607A603B60FB6A49
:4023C00001933B680093FB692A4A42F21071F8680BF058FC284B07933B6A0693274B0593254B0493BB690393254B02937B680193244B0093FB68244A42F21071F8680BF062
:4024000041FC7B6A002B0CD07B6A1B78002B08D07B6A0093FB681D4A42F21071F8680BF031FC1B49F8690BF02FFD0346002B13D0B8680BF065FE0246BB6A1344154A039200
:402440000293154B0193154B0093FB68144A42F21071F8680BF016FCBB680093FB68114A42F21071F8680BF00DFC00BF1037BD4680BD00BF147701003C7701004077010073
:402480005077010054770100287701005C77010064770100747701007C7701009077010068770100AC77010090B589B004AF78607B6800221A70334B1B7883F00103DBB29F
:4024C000002B2DD00023FB8122E0FB892C2202FB03F32D4A1344FA892C2101FB02F2103229490A440432F98927482C2404FB01F10144283109680291019200937B68234A3E
:4025000042F2107178680BF0BDFBFB890133FB81FFF744FF03461A46FB899342D5D328E00023BB8122E0BB892C2202FB03F3164A1344BA892C2101FB02F2103212490A442C
:402540000432B98910482C2404FB01F10144283109680291019200937B680C4A42F2107178680BF08FFBBB890133BB81BB89952BD9D978680BF0C4FDB860BB681846143745
:40258000BD4690BD5207002080EDFF1FB477010080B588B004AFF860B9607A603B60FB6800221A703B6802937B680193BB680093FB68044AC821F8680BF064FB00BF1037C7
:4025C000BD4680BDD4770100B0B58CB000AF03F0D3FC034687F82F3097F82F3007F124010A2218460AF07CFFFEF7C8F9024607F1240319462C48FFF733FE00233B713B1DCE
:4026000018460BF07DFD03461A463B1D1344274A1C4615460FCD20606160A260E36007F124023B1D114618460BF0A6FB3B1D19460020FEF7EFF81E491E480BF01FFFB86265
:40264000BB6A002B11D0012003F07AFC194B00221A70FEF793F903461A4617491248FFF7FFFD16490020FEF7D5F8154911480BF005FFB862BB6A002B11D0002003F060FC08
:402680000C4B00221A70FEF779F903461A460D490548FFF7E5FD0C490020FEF7BBF8002318463037BD46B0BDE4770100F477010004780100C49CFF1F087801000C7801004E
:4026C000387801003C7801004078010080B582B000AF7860796803480BF0B4FC00BF0837BD4680BDC49CFF1F90B599B002AFFEF745F978655A495B480BF0C0FE38655A4BAA
:40270000FB633B6D002B00F0A680584B584A59495448FEF7CDFE584954480BF0AFFE38653B6D002B03D055490220FEF773F807F124034F4A4A494B48FEF7BAFE07F13C0206
:4027400007F124034E4918460BF0E8FAFB6B0121184600F085F9034687F84F3097F84F3007F12000474A04210BF08CFA07F120037A6D19464448FFF773FD07F124037A6D17
:4027800019464248FFF76CFD012000F09DF8B864B86C09F01FFF03460C4607F11800CDE90034374A05210BF06DFA07F118037A6D19463748FFF754FD36492C480BF05EFECD
:4027C00038653B6D002B46D033490220FEF722F807F10C03264A31492248FEF769FE07F13C0207F10C03264918460BF097FAFB6B0221184600F034F9034687F8473097F887
:40280000473007F108001F4A04210BF03BFA07F108037A6D19462248FFF722FD07F10C037A6D19461F48FFF71BFD022000F04CF83864386C09F0CEFE03460C463846CDE9AF
:4028400000340F4A05210BF01DFA3B467A6D19461548FFF705FD002318465C37BD4690BD6C780100E80700209A99D93FDCC4FF1F7478010078780100847801008C78010036
:4028800054790100587901005C790100747901008C790100A4790100AC790100C4790100CC790100E4790100007A010080B582B000AF7860796803480BF0C4FB00BF08373B
:4028C000BD4680BDE807002090B59DB000AF0346FB71FB79012B03D8012006F0F5F802E0012006F02BF90A2002F068FB05F008FA05F0E0F904F022FD042387F86F3034E047
:4029000097F86F30184605F015FA0023A7F86C300FE0B7F86C4005F0A1F90246A30007F170010B4443F8682CB7F86C300133A7F86C30B7F86C300A2BEBD997F86F4007F12A
:4029400008030B211846FEF77BFA0346184604F065FE0246A30007F170010B4443F83C2C97F86F30013387F86F3097F86F30082BC6D905F0C5F905F08DF904F0F7FCFB790B
:40298000012B07D8002006F09FF87B6C7B65BB6CBB6506E0002006F0D1F8FB6C7B653B6DBB65294BBB66294929480BF067FD78667B6E002B0ED0274BBB667B6DBA6D1146DD
:4029C00018460AF045FB0346B96E18460AF040FB03462BE020491E480BF050FD78667B6E002B22D07B6DBA6D114618460AF030FB03463B66386E09F0EDFD0FA3D3E9002300
:402A000009F066FF03460C46184621460CA3D3E9002309F07FFC03460C46184621460AF005F90346FB65FB6D00E00C4B18467437BD4690BDAFF30080666666666666E63F32
:402A40000AD7A3703D0AA73FCDCCCCBD847A0100DCC4FF1FD7A3703F84780100000080BFF0B587B002AF78600B46FB70012004F01BFA4FF07F53BB60FB781846FFF724FF90
:402A80000346796818460AF025F9034623F00043184609F09FFDC0A3D3E900230AF060F80346002B1BD0786809F094FD05460E46FB781846FFF708FF0346184609F08AFDF3
:402AC00003460C46CDE900342A463346B6490220FDF7A0FE002004F0E7F9012368E20023FB73FB781846FFF7EFFE0346184609F071FD03460C461A462346AC490220FDF791
:402B000089FEFB781846FFF7DFFE0346796818460AF0A6FB0346002B00F00381B7E0FB781846FFF7D1FEB860FB78012B03D8012004F094F802E0012004F054F89C499D48F2
:402B40000BF09CFC0346002B03D04FF47A7002F035FA994997480BF091FC0346002B03D04FF47A7002F02AFAFB78012B03D8002004F074F802E0002004F034F84FF47A7011
:402B800002F01CFAB86809F025FD05460E46FB781846FFF799FE0346184609F01BFD03460C46CDE900342A46334684490220FDF731FEFB781846FFF787FE034623F00042B3
:402BC000BB6823F00043194610460AF049FB0346002B06D07A490220FDF71CFEFB7B0133FB73FB7B052B19D9FB78012B03D8002004F034F802E0002003F0F4FF002004F0C6
:402C000053F9786809F0E6FC03460C461A4623466C490220FDF7FEFD0023C9E1FB781846FFF752FE034623F00043796818460AF0F9FA0346002B00D129E063490220FDF7A4
:402C4000E9FDFB78012B03D8002004F007F802E0002003F0C7FF002004F026F9786809F0B9FC05460E46FB781846FFF72DFE0346184609F0AFFC03460C46CDE900342A4694
:402C8000334652490220FDF7C5FD012390E1FB781846FFF719FE0346796818460AF01AF8034623F00043184609F094FC3CA3D3E9002309F073FF0346002B7FF430AFFB7839
:402CC000012B03D8002003F0C9FF02E0002003F089FFFB781846FFF7F7FD03467968184609F0F8FF034623F00043184609F072FC29A3D3E9002309F051FF0346002B00F086
:402D00003C81002004F0D0F8786809F063FC03460C461A4623462B490220FDF77BFD002346E1FB781846FFF7CFFD0346796818460AF078FA0346002B00F01F81D4E0FB7860
:402D40001846FFF7C1FDB860FB78012B03D8012003F066FF02E0012003F028FF144915480BF08CFB0346002B03D04FF47A7002F025F911490F480BF081FB0346002B03D0EA
:402D80004FF47A7002F01AF9FB78012B20D8002003F046FF1FE000BF9A9999999999A93FB81E85EB51B89E3F907A0100D87A010084780100DCC4FF1F847A0100F07A010006
:402DC0000C7B0100247B0100547B0100707B0100002003F0EBFE4FF47A7002F0EFF8B86809F0F8FB05460E46FB781846FFF76CFD0346184609F0EEFB03460C46CDE9003404
:402E00002A46334670490220FDF704FDFB781846FFF75AFD034623F00042BB6823F00043194610460AF0FEF90346002B06D067490220FDF7EFFCFB7B0133FB73FB7B052B45
:402E400019D9FB78012B03D8002003F0E9FE02E0002003F0ABFE002004F026F8786809F0B9FB03460C461A46234659490220FDF7D1FC00239CE0FB781846FFF725FD0346D5
:402E800023F00043796818460AF0EAF90346002B00D129E04F490220FDF7BCFCFB78012B03D8002003F0BCFE02E0002003F07EFE002003F0F9FF786809F08CFB05460E462A
:402EC000FB781846FFF700FD0346184609F082FB03460C46CDE900342A4633463E490220FDF798FC012363E0FB781846FFF7ECFC03467968184609F0EDFE034623F0004331
:402F0000184609F067FB2CA3D3E9002309F046FE0346002B7FF413AFFB78012B03D8002003F07EFE02E0002003F040FEFB781846FFF7CAFC03467968184609F0CBFE0346E8
:402F400023F00043184609F045FB1DA3D3E9002309F024FE0346002B0FD0002003F0A4FF786809F037FB03460C461A46234618490220FDF74FFC00231AE0002003F094FFAD
:402F8000786809F027FB05460E46FB781846FFF79BFC0346184609F01DFB03460C46CDE900342A4633460C490220FDF733FC012318461437BD46F0BDB81E85EB51B89E3FB0
:402FC0009A9999999999A93FF07A01000C7B0100247B0100547B0100707B010080B586B000AFFDF7CBFC386100237B612B492C480BF044FAF860FB68002B06D04FF47A7389
:403000007B6128490020FDF705FC274924480BF035FAF860FB68002B06D041F288337B6122490020FDF7F6FB1D4B00221A707A691F490020FDF7EEFB00F052F87B6918465A
:4030400001F0BCFF00F05CF87B69184601F0B6FF00F046F87B69184601F0B0FF00F050F8144B1B780133DAB2124B1A70114B1B783846114A0A210AF005FE3B461A460F496E
:403080000020FDF7C7FB3B463A6919460C48FFF7E7F8002318461837BD4680BDB87B010054070020BC7B0100EC7B0100F07B0100207C01004A8BFF1F3C7C0100407C0100BD
:4030C000507C010080B582B000AF7860796803480AF0B8FF00BF0837BD4680BD5407002080B500AF012005F00DFD4FF47A7001F065FF024B01221A7000BF80BD500C002087
:4031000080B500AF002005F0FDFC024B00221A7000BF80BD500C002080B400AF00231846BD4680BC704700BF80B582B000AF7860796803480AF086FF00BF0837BD4680BD3C
:40314000548BFF1F80B500AF02F0F2FE00BF80BDB0B588B002AF5E4802F006FE02F052FEFF2002F0ABFF02F015FFFDF737FBFDF7ABFFFEF753FB07F10C03184601F0A0FFA7
:40318000FA683B6900931346524A182152480AF079FD524B524A1A60524A534B14461D460FCD0FC40FCD0FC40FCD0FC42B681A46228002341B0C23704A4B41F288325A66C0
:4031C0004A4B9B7899B24A4C38460723012200F0F5F922463B46196811609B889380454B01221A70414BDB7899B2434C38460723012200F0E3F922463B46196811609B8801
:4032000093803E4B01221A703D4B00221A70374B5B7999B23B4C38460723012200F0CEF922463B46196811609B889380364B01221A702E4B9B7999B2344C38460723012205
:4032400000F0BCF922463B46196811609B8893802F4B01221A70254BDB7999B22D4C38460723012200F0AAF922463B46196811609B889380284B01221A701C4B5B7A99B2D3
:40328000264C38460723012200F098F922463B46196811609B889380214B01221A70134B9B7A99B21F4C38460723012200F086F922463B46196811609B8893801A4B01222A
:4032C0001A700023FB7500BF1837BD46B0BD00BF45310000A47C0100C4C4FF1FC0C4FF1FDCECFF1F18EDFF1FAC7C0100B89CFF1F48C4FF1FDC0700202C9DFF1F44C4FF1FB7
:40330000329DFF1FCCECFF1F48070020D4ECFF1FDAECFF1FC4ECFF1FB80700204C0700204907002054C4FF1FBA07002080B582B000AF374B1B78002B06D000F023FC03466E
:403340001A46334B1A7009E0324B1B78002B05D000F03AFC03461A462E4B1A702E4B1B78042B41D12D4B1B78002B09D02C4B1B78002B05D0FFF728F903461A46284B1A70F7
:40338000284B1B78002B09D0274B1B78002B05D0FCF7D2FE03461A46234B1A70234B1B78002B05D0FFF7A0F903461A461F4B1A701F4B1B78002B09D01E4B1B78002B05D070
:4033C000FFF70CFE03461A461A4B1A701A4B1B78002B09D0194B1B78002B05D0FFF79CFE03461A46154B1A70154B1B78002B05D000F09AF903461A46114B1A70FEF794F899
:403400000346FB71FB7918460837BD4680BD00BF329DFF1FDC070020B89CFF1F4FC4FF1F48070020C1ECFF1FDAECFF1F4EC4FF1FCAECFF1F49070020508BFF1FBA070020C8
:4034400044C4FF1F80B500AFFEF7E6FEFDF7CCF901F098FE4FF40061002002F04FF901F0D5FFFDF7D1F9FEF7E5FE00BF80BD00BF80B582B000AF0346FB71FB791946274808
:4034800000F068F80346002B02D0254B01221A70FB791946234800F05DF80346002B02D0214B01221A70FB791946204800F052F80346002B02D01E4B01221A70FB791946D3
:4034C0001C4800F047F80346002B02D01A4B01221A70FB791946194800F03CF80346002B02D0174B01221A70FB791946154800F031F80346002B02D0134B01221A70FB7926
:403500001946124800F026F80346002B02D0104B01221A7000BF0837BD4680BD48C4FF1FDC0700202C9DFF1F44C4FF1FCCECFF1F48070020D4ECFF1FDAECFF1FC4ECFF1F29
:40354000B80700204C0700204907002054C4FF1FBA07002080B582B000AF78600B46FB707B681B79DBB2FA789A4212D17B685B881BB29BB2013B9BB21AB27B685A807B68BE
:403580005B881BB2002B04DC786800F007F8012300E0002318460837BD4680BD80B483B000AF78607B681B889BB21AB27B685A8000BF0C37BD4680BC704700BF80B485B013
:4035C00000AF7860084611461A4603467B800B467B7013463B707B883B817B783B733B787B73B7F902307B817B681A4607F10803186810609B88938078681437BD4680BC06
:40360000704700BF90B5ADF6141D5EAF38490320FDF700F907F214631846FCF79BFE07F21464684604F1100340F27112194609F08BFF94E80F00FDF765F907F59263184619
:40364000FDF740FC07F59264684604F1100340F27112194609F078FF94E80F00FDF752F907F543731846FDF78BFC07F54374684604F1100340F27112194609F065FF94E843
:403680000F00FDF73FF907F5C4731846FDF716F807F5C474684604F1100340F27112194609F052FF94E80F00FDF72CF93B1D1846FDF77EFE0F4B00930F4B104A104903200D
:4036C000FDF7A8F83C1D684604F1100340F27112194609F039FF94E80F00FDF713F909490320FDF797F800BF07F29C77BD4690BDE07C0100C4C4FF1FDCECFF1F04EDFF1F4C
:403700000C7D01002C7D010080B500AF62B6FFF71FFDFFF777FFFFF709FE0346002BFAD1FFF790FEF7E700BF90B5ADF26C5D06AF012002F005FC642001F040FC002002F045
:40374000FFFBFEF72BFE0346002B01D1002303E2FEF758FD0346002B11D1AE4B1B780133DAB2AC4B1A70AB4B1B78022B02D8FDF72BFDF0E1A74B00221A700023ECE1FEF776
:4037800041FD0346042B40F0E681A3490020FDF741F8A24B00221A70A14B00221A70A14B00221A70A04B5B6907F5A5609F4A14210AF068FAFDF7E2F8024607F5A563194617
:4037C0009B48FEF74DFD984B9B6807F21450974A14210AF057FAFDF7D1F8024607F2145319469448FEF73CFD8A4B1B7807F5A0608E4A14210AF046FAFDF7C0F8024607F59A
:40380000A06319468C48FEF72BFD8C4B1B7883F00103DBB2002B16D0FEF7C0FD0346A7F84835B7F8483507F59B60804A14210AF029FAFDF7A3F8024607F59B631946804868
:40384000FEF70EFD0FE007F2C4409623774A14210AF018FAFDF792F8024607F2C44319467748FEF7FDFCFEF78FFD0346A7F84635B7F84635013B07F2EC406C4A14210AF07B
:4038800001FAFDF77BF8024607F2EC4319466D48FEF7E6FC6C490020FCF7BCFF6B4B6C4A6C496048FEF774FE5E4A6B490020FCF7B1FF5B48FEF7F8FD684B5B6E684A059227
:4038C00000220492674A0392674A0292674A01920093544B614A52495048FEF769FD4F4A63490020FCF796FF002387F845355B4B5A6E381D594B009313465E4AC8210AF0EF
:40390000C1F93B1D1A465C490020FCF783FF3B1D42F2107259491846FDF7E6FC034687F845353E4BC7F84C353C480AF0E9FB0246534BA3FB02235B09184608F029FE4FF0C1
:403940000002504B07F0E8FC03460C461846214607F05AFC03460C461846214609F03EF9034687F844352D480AF0CAFB03461A4645490020FCF74EFF97F944351A46434991
:403980000020FCF747FF002387F84B359AE04FF47A723F493F48FDF7A7FC034687F8453507F1CC00D7F84C35334A4FF4FA710AF069F907F1CC0318460AF0A2FB03461A46FB
:4039C00007F1CC03134434491A460B461B88138097F94B2507F1CC0330490020FCF71AFF97F94B355A1C97F944359A4258D007F1CC0341F2883221491846FDF775FC03461C
:403A000087F84535D7F84C3503F2F313C7F84C3551E000BF510C0020587D0100349DFF1FE8C4FF1FF8EBFF1FBC070020687D01006C7D0100747D01007C7D010052070020ED
:403A4000887D0100987D0100AC7D0100C07D010004EDFF1FEC7D0100FC7D010018EDFF1F0C7E0100107E0100147E01001C7E0100247E01003C7E0100587E01005C7E010054
:403A8000D34D621000407F40607E0100787E01008C7E0100907E0100A07E0100A47E010007F1CC0341F288322E491846FDF71CFC034687F8453597F94B35DBB20133DBB20E
:403AC00087F84B3597F94B2597F944359A42FFF65EAF41F2883224492448FDF705FC034687F8453597F84535012B1DD1FDF7C0FEFEF710FCFCF742FF02461D4B1B68D31AB9
:403B0000C7F8403507F59760D7F84035194A0A210AF0B8F8FCF732FF024607F5976319461548FEF79DFB03E014490220FCF772FEFEF7C6FAC7F83C05D7F83C35002B03D07F
:403B4000D7F83C0500F092F9FDF71EFB0C4B00221A70002300E00123184607F25457BD4690BD00BFB47E0100BC7E0100C47E01004C080020687D0100D87E0100E87E0100A9
:403B8000510C002080B582B000AFFEF73BFB0346002B02D1FDF718FB11E0FEF733FB0346042B0CD1FEF78CFA78607B68002B02D0786800F05BF9FDF7E7FA002300E001233D
:403BC00018460837BD4680BD90B5A3B002AFFCF7D5FEF86707F15C00FB6F8E4A20210AF051F88D4B1B78184607F140030A22194609F076FCFCF7C2FE024607F140031946D1
:403C00008648FEF72DFB844B1B78002B3BD107F110031846FCF710FB97F82830002B2ED0B7F9263007F148007D4A14210AF02AF807F148031A467B490020FCF7EBFD07F1D1
:403C40004803FA6F19467848FEF70AFB07F15C031A4676497648FCF7A3FC764A73497448FCF79EFC07F148031A4670497048FCF797FC714A6D496E48FCF792FC03E06F490F
:403C80000220FCF7C7FD07F12C031846FCF7C0FE97F83C30002B00F0B380FB6A184608F099FC03460C4607F14800CDE90034644A142109F0E7FF07F148031A466149002068
:403CC000FCF7A8FD07F14803FA6F19465E48FEF7C7FA594A55495648FCF762FC07F15C031A4652495248FCF75BFC584A4F495048FCF756FC07F148031A464C494C48FCF789
:403D00004FFC454B1B78012B03D0434B1B78042B7AD13C466A4607F1380393E8030082E8030007F12C030ECB2046FCF7D9FFBB68184608F04FFC03460C4607F14800CDE9A5
:403D400000343F4A142109F09DFF07F148031A463F490020FCF75EFD07F14803FA6F19463C48FEF77DFA344A30493148FCF718FC07F15C031A462D492D48FCF711FC364A8F
:403D80002A492B48FCF70CFC07F148031A4627492748FCF705FCFB68184608F01BFC03460C4607F14800CDE90034254A142109F069FF07F148031A4628490020FCF72AFDC4
:403DC00007F14803FA6F19462548FEF749FA1A4A16491748FCF7E4FB07F15C031A4613491348FCF7DDFB1F4A10491148FCF7D8FB07F148031A460D490D48FCF7D1FB03E015
:403E000019490220FCF706FD002318468437BD4690BD00BF147F0100B89CFF1F187F0100687D01002C7F0100407F0100507F0100D080FF1F547F0100687F01006C7F0100E7
:403E4000987F0100A07F0100AC7F0100B47F0100BC7F0100D07F0100E47F0100F87F01000C8001001C8001003080010080B586B000AF78607B68002B05DC18490220FCF710
:403E8000C9FC002325E03B1D184609F0FDF978617B691B68DBB23B727B695B68DBB27B727B699B68DBB2BB727B695B699BB203F26C739BB27B827B691B69DBB23B747B6999
:403EC000DB68DBB23B7307F10803184602F0CAF8012318461837BD4680BD00BF5880010080B582B000AF786039603A680021786809F0A0FB00BF0837BD4680BD80B584B021
:403F000000AFF860B9607A607A68B968F86809F01BFB00BF1037BD4680BD00BF80B483B000AF0346FB71FEE780B487B000AF7860396000233B6100237B6127E07B699B0091
:403F40007A6813441B68BB60BB68FB73BB6823F0FF03BB6014E03B695B003A6813441B781A46BB68134419463B695B003A6813445B780B703B6901333B61FB7B013BFB73F4
:403F8000FB7B002BE7D17B6901337B617B69252BD4D900BF1C37BD4680BC704780B582B000AF624B1B78BB70614B00221A80614B58221A70604B00221A80604B50221A7024
:403FC0005F4B19221A805F4B19221A705E4B19221A805E4B19221A705D4B4FF49C721A805C4B18221A705C4B00221A805B4B1B221A705B4B09221A805A4B1B221A7004221C
:4040000059495A48FFF77AFF594B02221A704FF0402308221A70574BF3221A70434B03221A70554B84221A70544B05221A70544B7B6006E04FF4F07004F09EFD7B68013BD6
:404040007B607B68002B06D04C4B1B78DBB203F02003002BEED0354ABB781370494B02221A70494B494A1278D2B21A70484B4FF4E1621A80474B41F251221A800023FB7082
:4040800019237B6014E0FB785B00DAB2424B1B78DBB203F00103DBB21343DBB203F00303FB704FF4F07004F067FD7B68013B7B607B68002B02D0FB78032BE4D17B68002BEA
:4040C00002D10320FFF72AFF344B4FF480721A80324B07221A70324B00221A70314B48221A702E4B00221A702F4B02221A702F4B04221A702E4A2E4B1B78DBB243F07F0357
:40410000DBB213702B4A2B4B1B78DBB243F00103DBB21370284A284B1B78DBB263F07F03DBB2137000BF0837BD4680BD9846004080400040824000408440004086400040CB
:40414000884000408A4000408C4000408E40004090400040924000409440004096400040984000409A400040D40A004800410040004300400A4300400943004008430040C7
:40418000A086010000420040A14600400B010049224200402042004025420040044000400640004008400040014000400B400040A2430040A1430040A043004080B483B07C
:4041C00000AF124B1B78FB71114AFB7903F00703DBB213700F4AFB791B09DBB213700E4B02221A700D4B02221A700D4B20221A700C4B20221A700C4B40221A700B4B662262
:404200001A7000BF0C37BD4680BC7047CF0100496E5800406F58004041580040A7430040CB5A0040D45A0040585B00407658004080B485B000AF0346FB71FB79012202FA9F
:4042400003F3FB73FB79072B3BD8204B1A78FB7B1340DBB2002B34D11C4B1A78FB7B1343DAB21A4B1A70FB79194A52F82330FA79174951F822201178FA791648825C0A4307
:40428000D2B21A70FB79144AD35CBB73BB7B134AD35C002B0ED1BB7B114A52F82330BA7B0F4951F822201178BA7B0E48825C0A43D2B21A70BB7B094AD25C0132D1B2074AA4
:4042C000D15400BF1437BD4680BC7047B88BFF1F80800100A0800100C4800100BC8BFF1FA8800100BC80010080B485B000AF0346FB71FB79012202FA03F3FB73FB79072B9C
:4043000041D8234B1A78FB7B1340DBB2002B3AD0FB7BDB43DAB21E4B1B781340DAB21C4B1A70FB791B4A52F82330FA79194951F822201178FA791848825CD243D2B20A40FA
:40434000D2B21A70FB79154AD35CBB73BB7B144AD25C013AD1B2124AD154BB7B104AD35C002B10D1BB7B0F4A52F82330BA7B0D4951F822201178BA7B0B48825CD243D2B269
:404380000A40D2B21A7000BF1437BD4680BC7047B88BFF1F80800100A0800100C4800100BC8BFF1FA8800100BC80010080B483B000AF0346FB71FB79012B0ED8FB79094AFA
:4043C00052F82330FA79074951F822201178FA790548825C0A43D2B21A7000BF0C37BD4680BC7047CC800100D480010080B483B000AF0346FB71FB79012B10D8FB790A4A9B
:4044000052F82330FA79084951F822201178FA790648825CD243D2B20A40D2B21A7000BF0C37BD4680BC7047CC800100D480010080B586B000AF72B60023FB7513E0FA7D9E
:4044400013465B0013445B004E4A13443B613B691A683B699B889BB219461046FFF740FDFB7D0133FB75FB7D062BE8D90023FB751CE0FA7D13469B0013445B00424A134414
:40448000FB60FB681B68BB60FB685B687B60FB681A7A5B7A1B0213437B807B881A467968B868FFF72BFDFB7D0133FB75FB7D002BDFD036494FF09040FFF736FD344B0A2213
:4044C0001A70344B40F203121A80334A324B1B78DBB243F00203DBB21370304A2F4B1B78DBB243F00203DBB213702D4A2C4B1B78DBB243F04003DBB213702A4A294B1B7805
:40450000DBB243F01003DBB21370082226492748FFF7F4FC082226492648FFF7EFFC0A2225492648FFF7EAFC082225492548FFF7E5FC082224492548FFF7E0FC0822244995
:404540002448FFF7DBFC244A234B1B78DBB243F00803DBB21370214B61221A70FFF71EFD1E4B81221A701E4B01221A70FFF726FE0E220B491B48FFF7C1FC00BF1837BD46BD
:4045800080BD00BFD88001000481010098000048835800404A5800400350014013500140A0430040C2430040A00A004802510040A80A0048C2510040B00A0048F05100404E
:4045C000BC0A004812510040C40A004822510040CC0A004832510040224300400048004004000840B043004080B500AF08F046FE03461B680C2B00D1FEE7FEE780B584B08D
:4046000000AF7860104B1A687B6813441A460F4BD31AB3F5804F09DC0B4B1B68FB600A4B1A687B681344084A136007E008F026FE02460C2313604FF0FF33FB60FB68184655
:404640001037BD4680BD00BFF080FF1FE80C002080B586B000AF224B7B61224B3B61204B7B6135E03B691B68FB603B695B68BB603B699B683B6000237B600CE0FB681A6875
:40468000BB681A60BB680433BB60FB680433FB607B6804337B607A683B689A42EED13B69DB683B6000237B6008E0BB6800221A60BB680433BB607B6804337B607A683B68C8
:4046C0009A42F2D13B6910333B617B69013B7B617B69002BC6D108F0C3FEFFF715F8FEE7010000000488010080B582B000AF184B184A1A60184A184B1B6843F4007313600D
:4047000000237B600FE07B68032B04D8134A7B6852F8233000E0124B12497A6841F822307B6801337B607B682F2BECD90E4B1B78DAB20E4B1A700E4B0A4A1A60FFF778FEDB
:404740000C4B00221A6000BF0837BD4680BD00BF0CED00E00004FA0514ED00E000000000E94500000080FF1FBC760040C480FF1F08ED00E0C080FF1F80B584B000AF034658
:40478000FB710023FB60234A224B1B78DBB243F00103DBB21370FB79002B36D01E4B1B78DBB203F00403FB721C4B1B78BB721C4B1B787B72182001F087F81023FB6010E005
:4047C000184B1B78DBB203F00103002B09D0154B1B78DBB203F00103002B02D00023FB6008E0012001F042F8034603F00103DBB2002BE5D0FB7A002B01D100F04BFB074A6F
:40480000BB7A1370064A7B7A1370FB6818461037BD4680BD204200400043004080430040824300402542004080B400AF054A054B1B78DBB223F00103DBB2137000BFBD4651
:4048400080BC70472042004080B584B000AF0346FB711D4A1C4B1B78DBB243F01003DBB213701A4A194B1B78DBB243F01003DBB21370FB79002B23D0154B1B78DBB203F04F
:404880000403FB73134B1B78BB73134B1B787B73002001F019F800BF012000F0E7FF034603F00103DBB2002BF6D0FB7B002B01D100F0F0FA074ABB7B1370074A7B7B1370CE
:4048C00000BF1037BD4680BDA0430040B043004000430040804300408243004080B400AF094A094B1B78DBB223F01003DBB21370064A064B1B78DBB223F01003DBB21370BA
:4049000000BFBD4680BC7047A0430040B043004080B483B000AF0023FB71124B1B78DBB203F00703002B06D10F4B1B78DBB203F00103002B0DD10B4B1B78DBB203F007035E
:40494000012B08D1094B1B78DBB203F00103002B01D00123FB71FB7918460C37BD4680BC704700BF93430040A5430040B543004080B584B000AF0346FB71FFF7C9FF034627
:40498000FB73FB7B012B07D1314A314B1B78DBB223F00203DBB21370FB79082B4FD801A252F823F0C9490000D5490000E1490000ED490000F9490000054A0000114A000086
:4049C0003F4A00001D4A0000224B234A1278D2B21A7039E01F4B214A1278D2B21A7033E01C4B1F4A1278D2B21A702DE0194B1D4A1278D2B21A7027E0164B1B4A1278D2B209
:404A00001A7021E0134B194A1278D2B21A701BE0104B174A1278D2B21A7015E00D4B154A1278D2B21A70FB7B012B0CD1084A084B1B78DBB243F00203DBB2137003E0002070
:404A400000F0B0FA00E000BF00BF1037BD4680BD09600040A146004008010049090100490A0100490B010049890100490C0100490D0100490F01004980B584B000AF03465F
:404A8000FB71684B1B78DBB203F00703FB73FB79082B01D0FB7900E00323BB73FB7B062B25D801A252F823F0C54A0000CB4A0000D14A0000D74A0000DD4A0000E34A0000D4
:404AC000E94A00000223FB7315E00123FB7312E00323FB730FE00023FB730CE00423FB7309E00523FB7306E00623FB7303E0002000F058FA00BFBA7BFB7B9A4203D3FB7911
:404B00001846FFF735FFFB79082B72D801A252F823F000BF394B0000514B0000694B00007B4B0000934B0000AB4B0000C34B0000F34B0000DB4B00003A4A3A4B1B78DBB234
:404B400023F04703DBB243F00303DBB2137054E0344A344B1B78DBB223F04703DBB243F00103DBB2137048E02E4A2E4B1B78DBB223F04703DBB213703FE02A4A294B1B7840
:404B8000DBB223F04703DBB243F00203DBB2137033E0244A234B1B78DBB223F04703DBB243F00403DBB2137027E01E4A1D4B1B78DBB223F04703DBB243F00503DBB21370C7
:404BC0001BE0184A174B1B78DBB223F04703DBB243F00603DBB213700FE0124A114B1B78DBB223F04703DBB243F04203DBB2137003E0002000F0D6F900BFFB79082B02D16C
:404C000000F058F801E000F065F8BA7BFB7B9A4203D2FB791846FFF7ABFE00BF1037BD4680BD00BF0042004080B582B000AF0346FB71FB79012B17D0022B02D0002B26D040
:404C40002EE04FF040224FF040231B78DBB223F04003DBB21370164A154B1B78DBB243F02003DBB213701FE04FF040224FF040231B78DBB243F04003DBB213700C4A0C4B82
:404C80001B78DBB243F02003DBB213700CE0084A074B1B78DBB223F02003DBB2137003E0002000F07FF900BF00BF0837BD4680BD0042004080B400AF054A054B1B78DBB2EC
:404CC00043F01003DBB2137000BFBD4680BC70470042004080B400AF054A054B1B78DBB223F01003DBB2137000BFBD4680BC70470042004080B483B000AF0346FB710949FB
:404D0000084B1B78DBB223F00303DAB2FB7903F00303DBB21343DBB20B7000BF0C37BD4680BC70470540004080B483B000AF0346FB71044AFB79137000BF0C37BD4680BC35
:404D4000704700BF0440004080B483B000AF0346FB80154A144B1B78DBB223F00F03DBB21370124B00221A70114A114B1B78DBB263F07F03DBB213700E4BFA88D2B21A709E
:404D80000D4AFB881B0A9BB2DBB213700B4A0B4B1B78DBB243F00103DBB2137000BF0C37BD4680BC704700BF1440004010400040084000400240004003400040014000409C
:404DC00080B584B000AF0346FB8003F0DDFE0346FB73244B1B78DBB29BB21B02BB81224B1B78DBB29AB2BB891343BB81FB88002B02D0BB89002B29D11C4B1B78FB72FB7AA9
:404E0000062B02D80720FFF78FFFFB88002B0CD1174A174B1B78DBB243F04003DBB21370FB881846FFF790FF0BE0FB881846FFF78BFF0F4A0E4B1B78DBB223F04003DBB261
:404E40001370FB7A1846FFF76FFF03E0FB881846FFF77AFFFB7B184603F09AFE00BF1037BD4680BD0740004006400040044000400840004080B400AF054A054B1B78DBB2E5
:404E800043F00403DBB2137000BFBD4680BC70470043004080B400AF054A054B1B78DBB223F00403DBB2137000BFBD4680BC70470043004080B586B000AF0346FB7100237A
:404EC0007B61FB793B742B4A2A4B1B78DBB243F00103DBB21370FB79002B45D0264B1B78FB74264B1B78BB74254B1B787B74182000F0EAFC10237B6125E01E4B1B780423D1
:404F0000FB730EE000BF012000F0B0FC034603F00103DBB2002BF6D0FB7BDBB2013BDBB2FB73FB7BDBB2002BECD1124B1B78DBB25BB2002B02DB00237B6108E03B7CDBB2F9
:404F4000013BDBB23B743B7CDBB2002BD5D1FB7C03F00403002B01D1FFF79CFF074ABB7C1370074A7B7C13707B6918461837BD4680BD00BF10420040004300408043004027
:404F80008243004080B400AF054A054B1B78DBB223F00103DBB2137000BFBD4680BC70471042004080B483B000AF0346FB7101BE00BF0C37BD4680BC704700BF80B582B034
:404FC00000AF786008E00C4B1B68184603F0D4FD7B68A3F500437B607B68B3F5004FF2D8064B1B687A6802FB03F3184603F0C4FD00BF0837BD4680BD0081FF1FF880FF1FDB
:4050000080B582B000AF0346FB80FB88054A127802FB03F3184603F0AFFD00BF0837BD4680BD00BFFC80FF1F80B584B000AF03463960FB710F4B1B68FB60FB791F2B02D97C
:405040000020FFF7AFFFFB7903F01F0310339B00FA6813441B68BB60FB7903F01F0310339B00FA6813443A681A60BB6818461037BD4680BD08ED00E080B582B000AF034636
:405080000A46FB711346BB71BB79072B02D90020FFF788FFFB791F2B02D90020FFF782FFFB7903F01F0303F1604303F56443BA795201D2B21A7000BF0837BD4680BD00BF51
:4050C00080B483B000AF7860264B1B78DBB21A467B681A60244B1B78DBB21B027A6812681A437B681A60214B1B78DBB21B047A6812681A437B681A601D4B1B78DBB21B0648
:405100007A6812681A437B681A607B680433194A1278D2B21A60184B1B78DBB21A027B6804337968043109680A431A60134B1B78DBB21A047B6804337968043109680A43C3
:405140001A600F4B1B78DBB21A067B6804337968043109680A431A6000BF0C37BD4680BC704700BF0301004904010049EC46004002010049010100490001004905010049BF
:405180000601004980B500AF924B1B78DBB203F00F03DAB2904B1A70904B1B78DAB28E4B5A708C4A8B4B1B78DBB223F00F03DBB213708A4B1B78894B00221A70884B1B78DC
:4051C000DBB223F03F03DAB2834B5A71372003F0E3FC844B1B78DBB203F00703DAB27E4BDA70804B1B78DBB203F04003DAB27A4B1A717C4B1B78DBB203F01003002B03D00C
:40520000754B01225A7202E0734B00225A72764B1B78DBB203F00303DAB26F4B9A706E4B9B78012B1CD14FF040231B78DBB203F00303012B08D0012B02D3022B08D00BE072
:405240000020FFF757FD0BE00220FFF753FD07E00320FFF74FFD03E00020FFF7A3FE00BF624B1B78DBB203F00103002B05D05A4B01229A73FFF7D8FA02E0574B00229A73B8
:405280000420FFF7F9FB5A4B1B78DBB203F01003DBB2002B03D0504B01229A7108E04E4B00229A710020FFF7CFFA0620FFF7A8FE4C4B1B78DBB203F02003002B10D04FF05B
:4052C00040231B78DBB203F04003002B01D1022200E00122404BDA710020FFF7A5FC02E03D4B0022DA714FF040231B78DBB203F03003DAB2384B1A72374B1B7A002B09D0CF
:405300004FF040224FF040231B78DBB223F03003DBB21370334B1B78DBB203F01003002B01D0FFF7D7FC334B1B78DAB22A4B9A72294B9B7A002B02D00020FFF7F5FC264B2F
:405340009B78002B02D00020FFF7D4FC2A4B1B78DBB29BB21B029AB21F4B9A81274B1B78D9B21D4B9A898BB213439AB21A4B9A81194B9B89002B02D00020FFF721FD194BD0
:405380001B78DBB203F007031D4AD35C184603F003FC1C4B1B78DBB203F00103002B05D00D4B0122DA73FFF7EDFD02E00A4B0022DA73154B1B78DBB203F00403002B03D0A6
:4053C000054B01221A7402E0034B00221A7400BF80BD00BFA1430040F48BFF1FA243004000480040004200400540004020420040A043004004400040074000400640004046
:4054000010810100104200400B40004080B586B000AF10233B61AB4A3B1D106818609188927999809A71A84B1B7C012B17D1A74B1B78DBB203F00703A54AD35C1A461346CB
:405440009B0013441A01D31A184603F095FBA14AA04B1B78DBB243F00403DBB213709A4BDB7B012B24D10020FFF724FD9A4B1B780523FB8219E0954B1B78DBB203F007036B
:40548000934AD35C1A46C82303FB02F3184603F073FB914B1B78DBB25BB2002B02DB00233B6105E0FB8A013BFB82FB8A002BE2D1372003F071FB844B9B78022B03D0824B28
:4054C0009B78032B10D1854B1B78DAB27E4B9B7A9A4204D07C4B9B7A1846FFF725FC7A4B9B781846FFF706FC774B1B7903F04003002B0CD0744BDB7807F11802134413F875
:40550000143C032B03D10820FFF7B6FA20E06E4BDB7807F11802134413F8143C1846FFF7ABFA694B1B7903F04003002B08D0674A664B1B78DBB243F04003DBB2137007E012
:40554000624A624B1B78DBB223F04003DBB213705D4B9B79012B0AD1614B1B78DBB203F01003DBB2002B02D10020FFF76DF9564BDB791846FFF758FB534B5B7A012B01D1A3
:40558000FFF798FB504B1B7A1A464FF040231B78DBB203F030039A4210D04FF040214FF040231B78DBB25BB223F030035AB2464B1B7A5BB213435BB2DBB20B70424B9B7B2C
:4055C000012B26D110233B610020FFF7D5F85020FFF716FD434B1B78AB23FB8216E00120FFF70EFD3F4B1B78DBB203F00103002B09D03C4B1B78DBB203F00103002B02D099
:4056000000233B6105E0FB8A013BFB82FB8A002BE5D12D4B9B78002B03D02B4B9B78012B10D12E4B1B78DAB2274B9B7A9A4204D0254B9B7A1846FFF777FB234B9B7818460A
:40564000FFF758FB204B9B79002B09D1244B1B78DBB203F01003DBB2002B01D0FFF73EF9214B1B78DBB29BB21B02FB811F4B1B78DBB29AB2FB891343FB81134B9B89FA896F
:405680009A4204D0104B9B891846FFF799FB1849174B1B78DBB25BB203F03F035AB20A4B5B795BB213435BB2DBB20B70114B064A12781A70104B044A52781A7000BF183736
:4056C000BD4680BD18810100F48BFF1F00420040108101000B4000401042004004400040A043004025420040074000400640004000480040A1430040A243004080B584B06D
:4057000000AF03460A46FB711346BB8003F03CFA0346FB734E4B1B78DBB203F00803002B0BD14C4A4B4B1B78DBB203F01F03DBB21370FB79002B08D004E0FB7B184603F0F0
:4057400027FA81E00020FFF72DFC00F007F9424B1B78DAB2414B1A713F4ABB881B099BB2DBB213703E4B1B78DAB23C4B5A713C4ABB88DBB203F00F03DBB21370394B1B78EC
:40578000DAB2364B9A71374ABB881B0B9BB2DBB203F00103DBB21370334B1B78DBB203F00703002B04D12D4B012283F82E2014E02A4B002283F82E202B4B1B78DBB203F02A
:4057C0000703DAB2254B83F82D20274A264B1B78DBB223F00703DBB213701D4A1C4B1B78DBB223F00703DBB243F00303DBB21370174B1B7800BF00BF30BF184B93F82E301D
:40580000012B0FD01849184B1B78DBB25BB223F007035AB2114B93F82D305BB213435BB2DBB20B7000F0DAF90B4B0C4A12791A700B4B0A4A52791A700A4B084A92791A70C8
:40584000FB7B184603F0A4F91037BD4680BD00BF934300408346004098430040C48BFF1F994300409A4300400042004080B584B000AF0346FB7103F087F90346FB73104BCA
:405880001B78DAB20F4B1B781343DAB20D4B1A700C4B1B7803F00703BB73FB79DB43DAB2084B1B781340DAB2064B1A70FB7B184603F06EF9BB7B18461037BD4680BD00BF3D
:4058C00090430040068CFF1F80B582B000AF0346FB71204A1F4B1B78DBB223F00203DBB21370FFF7C7FA1B4B1B78DBB203F00103002B19D0184B1B78DBB2FA799A4224D0F0
:40590000144A144B1B78DBB223F00103DBB21370114AFB7913700F4A0E4B1B78DBB243F00103DBB2137010E00B4B1B78DBB2FA799A4202D0084AFB791370064A054B1B78F5
:40594000DBB243F00103DBB2137000BF0837BD4680BD00BF824300408043004080B400AF804B1B78DAB2804B9A72804B1B78DAB27D4BDA727E4B1B78DAB27B4B1A737D4BA9
:405980001B78DAB2784B5A737B4B1B78DAB2764B9A737A4B1B78DAB2734BDA73784B1B78DAB2714B1A74774B1B78DAB26E4B5A74754B1B78DAB26C4B9A74744B1B78DAB280
:4059C000694BDA74724B1B78DAB2674B1A75714B1B78DAB2644B5A756F4B1B78DAB2624B9A756E4B1B78DAB25F4BDA756C4B1B78DAB25D4B1A766B4B1B78DAB25A4B5A7671
:405A0000694B1B78DAB2584B9A76684B1B78DAB2554BDA76664B1B78DAB2534B1A77654B1B78DAB2504B5A77634B1B78DAB24E4B9A77624B1B78DAB24B4BDA77604B1B787C
:405A4000DAB2494B83F820205E4B1B78DAB2464B83F821205C4B1B78DAB2434B83F822205A4B1B78DAB2404B83F82320584B1B78DAB23D4B83F82420564B1B78DAB23A4BCA
:405A800083F82520374B00221A70384B00221A70374B00221A70374B00221A70364B00221A70364B00221A70354B00221A70354B00221A70344B00221A70344B00221A7065
:405AC000334B00221A70334B00221A70324B00221A70324B00221A70314B00221A70314B00221A70304B00221A70304B00221A702F4B00221A702F4B00221A702E4B00227B
:405B00001A702E4B00221A702D4B00221A702D4B00221A702C4B00221A702C4B00221A702B4B00221A702B4B00221A702A4B1B78DBB203F00803002B0CD00B4B012283F856
:405B40002F20254A244B1B78DBB223F00803DBB2137003E0044B002283F82F2000BFBD4680BC7047005A0040C48BFF1F025A0040035A0040045A0040065A0040085A0040B7
:405B80000A5A0040105A0040125A0040135A0040145A0040165A0040185A00401A5A0040205A0040225A0040235A0040245A0040265A0040285A00402A5A0040305A004079
:405BC000325A0040335A0040345A0040365A0040385A00403A5A00402243004080B400AF434B444A927A1A70434B424AD27A1A70424B404A127B1A70414B3E4A527B1A7005
:405C0000404B3C4A927B1A703F4B3A4AD27B1A703E4B384A127C1A703D4B364A527C1A703C4B344A927C1A703B4B324AD27C1A703A4B304A127D1A70394B2E4A527D1A7070
:405C4000384B2C4A927D1A70374B2A4AD27D1A70364B284A127E1A70354B264A527E1A70344B244A927E1A70334B224AD27E1A70324B204A127F1A70314B1E4A527F1A70E0
:405C8000304B1C4A927F1A702F4B1A4AD27F1A702E4B184A92F820201A702D4B154A92F821201A702B4B134A92F822201A702A4B104A92F823201A70284B0E4A92F824206C
:405CC0001A70274B0B4A92F825201A70094B93F82F30012B07D1234A224B1B78DBB243F00803DBB2137000BFBD4680BC704700BF005A0040C48BFF1F025A0040035A0040BC
:405D0000045A0040065A0040085A00400A5A0040105A0040125A0040135A0040145A0040165A0040185A00401A5A0040205A0040225A0040235A0040245A0040265A004067
:405D4000285A00402A5A0040305A0040325A0040335A0040345A0040365A0040385A00403A5A00402243004080B582B000AF786000F03CF8786800F009F8072000F018F847
:405D800000F028F800BF0837BD4680BD80B485B000AF7860054B1B68FB60FB684C337A681A6000BF1437BD4680BC704708ED00E080B483B000AF0346FB71054AFB795B017A
:405DC000DBB2137000BF0C37BD4680BC704700BF03E400E080B400AF034B08221A6000BFBD4680BC704700BF00E100E080B400AF034B08221A6000BFBD4680BC704700BFC2
:405E000080E100E080B500AF064B1B78002B04D100F00AF8034B01221A7000F00FF800BF80BD00BF078CFF1F80B500AF0A2000F05BF800F03FF800BF80BD00BF80B582B06F
:405E400000AF1A4B1B78DBB203F00203002B18D102F09AFE0346FB71144A144B1B78DBB243F00203DBB21370114A114B1B78DBB243F00403DBB21370FB79184602F088FE13
:405E80000FE002F081FE0346FB71094A084B1B78DBB243F00403DBB21370FB79184602F077FE00BF0837BD4680BD00BF004300408243004080B582B000AF02F065FE03464B
:405EC000FB71084A074B1B78DBB243F00803DBB21370FB79184602F05BFE00BF0837BD4680BD00BF8243004080B483B000AF0346FB710D4B1B78DBB203F00403002B0DD1BF
:405F00000A490A4B1B78DBB223F00F03DAB2FB7903F00F03DBB21343DBB20B7000BF0C37BD4680BC704700BF824300408143004080B500AF0220FFF799FC0346184680BD4F
:405F400080B485B000AF0346FB710A4B1B78DBB223F00103FB730749FB7903F00103DAB2FB7B1343DBB20B7000BF1437BD4680BC704700BF2051004080B400AF044B1B780A
:405F8000DBB203F00103DBB21846BD4680BC70472151004080B500AF064B1B78002B04D100F022F8034B01221A7000F033F800BF80BD00BF088CFF1F80B400AF034B022220
:405FC0001A6000BFBD4680BC704700BF00E100E080B400AF034B02221A6000BFBD4680BC704700BF80E100E080B500AF00F0B8F8064B02221A6006490120FFF715F8072160
:406000000120FFF739F800BF80BD00BF80E100E09565000080B582B000AF02F0B5FD0346FB71094A084B1B78DBB243F03003DBB21370FB79184602F0ABFD044B02221A601E
:4060400000BF0837BD4680BD8243004000E100E080B400AF024B1846BD4680BC704700BF0481FF1F80B582B000AF7860FFF7B0FF7B681B78DAB2104B1A707B685B78DAB27A
:406080000D4B5A707B689B78DAB20B4B9A707B681B79DAB2084B1A717B681B7ADAB2064B1A727B685B899AB2034B5A81FFF784FF00BF0837BD4680BD0481FF1F80B483B01D
:4060C00000AF0346FB71044AFB79137000BF0C37BD4680BC704700BF0B8CFF1F90B482B000AF0346FB710B46BB711346BB80BB79022B02D8BB88013BBB80BA88BB889B0883
:406100009BB21846BB881349A1FB03135B099BB2C31AB9880F48A0FB0101C90989B20B441344BA79013A0C498A5C1146FA790A441A440A4BA2FB0334111B49080B19990863
:406140000B46DB005B1AD11ACBB218460837BD4690BC70471F85EB512C8101002549922480B582B000AFA04B0022DA809E4B1B79D9B29D4BDB889AB28BB213449AB29A4BE0
:40618000DA80994B5B899BB2984AA2FB0312D2094FF4C87101FB02F29B1A9BB2002B15D0914B5B899BB203F003039BB2002B16D18D4B5B899BB28D4AA2FB031252096421AC
:4061C00001FB02F29B1A9BB2002B08D0884B1B78DBB243F00203DAB2854B1A7007E0844B1B78DBB223F00203DAB2814B1A700023FB710DE07C4BDB889AB2FB797D49CB5C76
:406200009BB213449AB2784BDA80FB790133FB71FA79754B1B7ADBB2013B9A42EAD3744B1B78DBB203F00203002B0BD06E4B1B7ADBB2022B06D96C4BDB889BB201339AB268
:40624000694BDA80684B1B79D8B2674B1B7AD9B2654B5B899BB21A46FFF740FF03460133DAB2614BDA70604BDB78DBB2002B05D05D4BDB78DAB25C4BDA7006E05A4BDB7817
:40628000DBB20733DAB2584BDA70574B9B78DBB20B2B08D8564B1B78DBB223F00403DAB2534B1A7007E0524B1B78DBB243F00403DAB24F4B1A70504B1B78DBB203F0010377
:4062C000002B18D04D4B1B78DAB2474B1B78DBB29A4208D14A4B1B78DBB243F00103DAB2474B1A7007E0464B1B78DBB223F00103DAB2434B1A70404B1B78DBB203F00203E3
:40630000002B18D03D4B5B78DAB2374B5B78DBB29A4208D13A4B1B78DBB243F00203DAB2374B1A7007E0364B1B78DBB223F00203DAB2334B1A70304B1B78DBB203F004038E
:40634000002B18D02D4B9B78DAB2274B9B78DBB29A4208D12A4B1B78DBB243F00403DAB2274B1A7007E0264B1B78DBB223F00403DAB2234B1A70204B1B78DBB203F0080336
:40638000002B18D01D4BDB78DAB2174BDB78DBB29A4208D11A4B1B78DBB243F00803DAB2174B1A7007E0164B1B78DBB223F00803DAB2134B1A70104B1B78DBB203F02003C6
:4063C000002B27D00D4BDB889AB2074BDB889BB29A4217D10A4B1B78DBB243F02003DAB2074B1A7016E000BF0481FF1F1F85EB510C8CFF1F20810100098CFF1F1081FF1F89
:406400000A8CFF1F424B1B78DBB223F02003DAB23F4B1A703F4B1B78DBB203F01003002B18D03D4B1B79DAB23C4B1B79DBB29A4208D1374B1B78DBB243F01003DAB2344B6A
:406440001A7007E0324B1B78DBB223F01003DAB22F4B1A702F4B1B78DBB203F04003002B18D02D4B1B7ADAB22C4B1B7ADBB29A4208D1274B1B78DBB243F04003DAB2244B8B
:406480001A7007E0224B1B78DBB223F04003DAB21F4B1A701F4B1B78DBB25BB2002B18DA1D4B5B899AB21D4B5B899BB29A4208D1174B1B78DBB263F07F03DAB2144B1A70A2
:4064C00007E0134B1B78DBB203F07F03DAB2104B1A70104B1B78BB71BB79002B13D00C4B1B78DAB2BB791340DBB2BA799A420AD10B4B1B78DBB243F00803DAB2084B1A7064
:40650000034B00221A7000BF0837BD4680BD00BF0A8CFF1F098CFF1F1081FF1F0481FF1F0C8CFF1F80B500AF0020FCF7A1FF00BF80BD00BF80B500AF0120FCF799FF00BF54
:4065400080BD00BF80B500AF0220FCF791FF00BF80BD00BF80B500AF0320FCF789FF00BF80BD00BF80B500AF0420FCF781FF00BF80BD00BF80B500AF0520FCF779FF00BF35
:4065800080BD00BF80B500AF0620FCF771FF00BF80BD00BF80B582B000AF0420FFF766F99E4B1B78DBB20133DAB29C4B1A709B4B1B78DBB23B2B40F2A682984B5B78DBB2E5
:4065C0000133DAB2954B5A70944B00221A70934B5B78DBB23B2B40F24682904B9B78DBB20133DAB28D4B9A708C4B00225A708B4B9B78DBB2172B40F2DD81884B1B79DBB2EC
:406600000133DAB2854B1A71844B00229A70834BDB889BB201339AB2804BDA807F4BDB78DBB20133DAB27D4BDA707C4BDB78DBB2072B02D9794B0122DA70794B1B78DBB2DC
:4066400003F00203002B11D0744B1B7ADBB2022B0CD1724B1B79DBB21946704B1B7ADBB2013B704AD35C013399422AD86C4B1B78DBB203F00203002B0FD0684B1B7ADBB22D
:40668000022B0AD0654B1B79DAB2644B1B7ADBB2013B6449CB5C9A4213D8614B1B78DBB203F00203002B40F0F4805C4B1B79DAB25A4B1B7ADBB2013B5A49CB5C9A4240F226
:4066C000E880564B1B7ADBB20133DAB2534B1A72524B01221A71514B1B7ADBB20C2B40F285804E4B5B899BB201339AB24B4B5A814A4B01221A72494B0122DA80474B5B8988
:406700009BB2494AA2FB0312D2094FF4C87101FB02F29B1A9BB2002B15D0404B5B899BB203F003039BB2002B16D13C4B5B899BB23D4AA2FB03125209642101FB02F29B1AE4
:406740009BB2002B08D0364B1B78DBB243F00203DAB2334B1A7007E0314B1B78DBB223F00203DAB22E4B1A70304B1B78DBB25BB2002B18DA2E4B5B899AB2284B5B899BB220
:406780009A4208D12B4B1B78DBB263F07F03DAB2284B1A7007E0274B1B78DBB203F07F03DAB2244B1A70214B1B78FB71FB79002B13D0204B1B78DAB2FB791340DBB2FA797F
:4067C0009A420AD1164B1B78DBB243F00803DAB2134B1A70174B00221A70174B1B78DBB203F04003002B01D0FFF7CCFE0F4B1B78DBB203F04003002B28D00D4B1B7ADAB2E1
:40680000064B1B7ADBB29A4218D10A4B1B78DBB243F04003DAB2074B1A7017E00481FF1F0C8CFF1F208101001F85EB51098CFF1F1081FF1F0A8CFF1F0B8CFF1F964B1B78BC
:40684000DBB223F04003DAB2934B1A70934B1B78FB71FB79002B13D08F4B1B78DAB2FB791340DBB2FA799A420AD18D4B1B78DBB243F00803DAB28A4B1A70874B00221A70CC
:40688000884B1B78DBB203F02003002B01D0FFF771FE824B1B78DBB203F00803002B18D0814BDB78DAB2814BDB78DBB29A4208D1794B1B78DBB243F00803DAB2764B1A706B
:4068C00007E0754B1B78DBB223F00803DAB2724B1A70724B1B78DBB203F02003002B18D0714BDB889AB2714BDB889BB29A4208D1694B1B78DBB243F02003DAB2664B1A705D
:4069000007E0654B1B78DBB223F02003DAB2624B1A70624B1B78DBB203F01003002B18D0614B1B79DAB2614B1B79DBB29A4208D1594B1B78DBB243F01003DAB2564B1A70B2
:4069400007E0554B1B78DBB223F01003DAB2524B1A70524B1B78FB71FB79002B13D04E4B1B78DAB2FB791340DBB2FA799A420AD14B4B1B78DBB243F00803DAB2484B1A70A6
:40698000454B00221A70474B1B78DBB203F00803002B01D0FFF7DEFD444BDB78DBB2012B08D1404B1B78DBB203F01003002B01D0FFF7D8FD3D4B9B78DBB20B2B08D8384B71
:4069C0001B78DBB223F00403DAB2354B1A7007E0334B1B78DBB243F00403DAB2304B1A702E4B1B78DBB203F00403002B18D02E4B9B78DAB22D4B9B78DBB29A4208D1264B7B
:406A00001B78DBB243F00403DAB2234B1A7007E0214B1B78DBB223F00403DAB21E4B1A701E4B1B78FB71FB79002B13D01A4B1B78DAB2FB791340DBB2FA799A420AD1184B1D
:406A40001B78DBB243F00803DAB2154B1A70124B00221A70134B1B78DBB203F00403002B01D0FFF76FFD0D4B1B78DBB203F00203002B25D00C4B5B78DAB20C4B5B78DBB266
:406A80009A4215D1044B1B78DBB243F00203DAB2014B1A7014E000BF0A8CFF1F098CFF1F0C8CFF1F0B8CFF1F1081FF1F0481FF1F384B1B78DBB223F00203DAB2354B1A70E3
:406AC000354B1B78FB71FB79002B13D0314B1B78DAB2FB791340DBB2FA799A420AD12F4B1B78DBB243F00803DAB22C4B1A70294B00221A702A4B1B78DBB203F00203002B3F
:406B000001D0FFF717FD244B1B78DBB203F00103002B18D0234B1B78DAB2234B1B78DBB29A4208D11B4B1B78DBB243F00103DAB2184B1A7007E0174B1B78DBB223F001035B
:406B4000DAB2144B1A70144B1B78FB71FB79002B13D0104B1B78DAB2FB791340DBB2FA799A420AD10D4B1B78DBB243F00803DAB20A4B1A70074B00221A70094B1B78DBB235
:406B800003F00103002B01D0FFF7CCFC00BF0837BD4680BD0A8CFF1F098CFF1F0C8CFF1F0B8CFF1F1081FF1F0481FF1F80B485B000AF0346FB710A4B1B78DBB223F0010369
:406BC000FB730749FB7903F00103DAB2FB7B1343DBB20B7000BF1437BD4680BC704700BFC051004080B485B000AF0346FB710B4B1B78DBB223F00203FB730849FB795B0013
:406C0000DBB203F00203DAB2FB7B1343DBB20B7000BF1437BD4680BC704700BF0051004080B485B000AF0346FB710B4B1B78DBB223F00403FB730849FB799B00DBB203F074
:406C40000403DAB2FB7B1343DBB20B7000BF1437BD4680BC704700BF0051004080B485B000AF0346FB710B4B1B78DBB223F00803FB730849FB79DB00DBB203F00803DAB2D7
:406C8000FB7B1343DBB20B7000BF1437BD4680BC704700BF0051004080B500AF064B1B78002B04D100F00AF8034B01221A7000F015F800BF80BD00BF0D8CFF1F80B400AFA9
:406CC000044B72221A70044B20221A7000BFBD4680BC7047866400408865004080B582B000AF01F051FF0346FB710C4A0B4B1B78DBB243F02003DBB21370094A084B1B7889
:406D0000DBB243F01003DBB21370FB79184601F03FFF00BF0837BD4680BD00BF966400409865004080B582B000AF01F02DFF0346FB710C4A0B4B1B78DBB223F02003DBB284
:406D40001370094A084B1B78DBB223F01003DBB21370FB79184601F01BFF00BF0837BD4680BD00BF966400409865004080B483B000AF0023FB710C4B1B78BB71BB7903F061
:406D80002003002B09D0094B1B78FB71BB7903F01E03002B01D00023FB71FB7918460C37BD4680BC704700BF686500404665004080B582B000AF01F0E7FE0346FB710C4ACD
:406DC0000B4B1B78DBB243F00103DBB21370084A074B1B78DBB223F00103DBB21370FB79184601F0D5FE00BF0837BD4680BD00BF9665004080B582B000AF786000F048F8FF
:406E0000786800F015F8072000F024F800F034F800BF0837BD4680BD80B500AF00F038F8024800F005F800BF80BD00BFE945000080B485B000AF7860054B1B68FB60FB6843
:406E400040337A681A6000BF1437BD4680BC704708ED00E080B483B000AF0346FB71054AFB795B01DBB2137000BF0C37BD4680BC704700BF00E400E080B400AF034B0122A5
:406E80001A6000BFBD4680BC704700BF00E100E080B400AF034B01221A6000BFBD4680BC704700BF80E100E080B485B000AF0346FB710B4B1B78DBB223F01003FB73084978
:406EC000FB791B01DBB203F01003DAB2FB7B1343DBB20B7000BF1437BD4680BC704700BFC051004080B500AF00F032F800BF80BD80B500AF00F046F800BF80BD80B485B08E
:406F000000AF0346FB710B4B1B78DBB223F02003FB730849FB795B01DBB203F02003DAB2FB7B1343DBB20B7000BF1437BD4680BC704700BF2051004080B400AF00BFBD469A
:406F400080BC704780B400AF00BFBD4680BC704780B500AF094B1B78DBB203F01003002B14BF01230023DBB21A46054B1A7001F0CFFEFFF7E1FF00BF80BD00BF9164004098
:406F80001C81FF1F80B500AFFFF7DCFF01F044FF034B1B78002B01D001F076FE00BF80BD1C81FF1F80B485B000AF0346FB710B4B1B78DBB223F01003FB730849FB791B017C
:406FC000DBB203F01003DAB2FB7B1343DBB20B7000BF1437BD4680BC704700BF3051004080B485B000AF0346FB71094B1B78DBB203F07F03FB730649FB79DB01DAB2FB7B59
:407000001343DBB20B7000BF1437BD4680BC70470051004080B485B000AF0346FB710B4B1B78DBB223F02003FB730849FB795B01DBB203F02003DAB2FB7B1343DBB20B7056
:4070400000BF1437BD4680BC704700BF3051004080B485B000AF0346FB710B4B1B78DBB223F01003FB730849FB791B01DBB203F01003DAB2FB7B1343DBB20B7000BF1437DB
:40708000BD4680BC704700BF2051004080B582B002AF414B01221A70404B00221A70102000F066FF102001F049F807211D20FDF7E3FF3B4B04221A703A4B00221A703A4BD4
:4070C00000221A70394A394B1B78DBB243F01803DBB21370364B00221A70364B00221A70354B00221A70354B0A221A70344B00221A70344B00221A70334B5B221A70334B4A
:407100005E221A70324B00221A70324B14221A700123009310234FF4004247F60271032000F0A6FC0223009310234FF4004249F2DA01002000F09CFC0323009310234FF4AE
:40714000004249F2DA01002000F092FC0423009310234FF4004249F2DA01002000F088FC1D4A0D4B1B78DBB2013B1C499B000B449B7813701A4A084B1B78DBB2013B17498A
:4071800031F823301380044B1B78DBB2184600F067FA00BFBD4680BD1E81FF1F108CFF1F96580040975800409E580040075B004093580040885B0040895B0040805800406D
:4071C000815800408358004088580040895800408D580040014E00400E4E0040188CFF1F0C4E004080B582B000AF01F0CDFC0346FB71444B1B78BB71434A434B1B78DBB260
:4072000043F00103DBB213703F4A3F4B1B78DBB243F01003DBB213703C4A3C4B1B78DBB243F00103DBB21370384A384B1B78DBB243F01003DBB21370354A354B1B78DBB270
:4072400043F00203DBB21370324A324B1B78DBB243F00203DBB213702F4A2F4B1B78DBB243F00303DBB213700320FDF7C9FE284A274B1B78DBB223F00203DBB21370254A90
:40728000244B1B78DBB223F00203DBB21370234A224B1B78DBB243F00603DBB21370204B7A221A701F4A1F4B1B78DBB243F00103DBB213701C4A1C4B1B78DBB243F00103E2
:4072C000DBB21370194A194B1B78DBB243F00203DBB21370164A164B1B78DBB243F00203DBB21370134B4FF000521A60124B4FF000521A60FB79184601F04AFC00BF08374E
:40730000BD4680BD1E81FF1FAA430040BA430040F8460040F9460040915800407758004082580040A1430040B1430040A2430040B243004080E200E000E100E080B500AFFE
:40734000084B1B78002B09D1074B1B78DBB2002B01D1FFF79BFE034B01221A70FFF742FF00BF80BD128CFF1F138CFF1F80B582B000AF01F009FC0346FB714D4A4C4B1B78FB
:40738000DBB223F00103DBB213704A4A494B1B78DBB243F00403DBB21370474A464B1B78DBB243F00203DBB21370444A434B1B78DBB243F00203DBB21370414A404B1B78D0
:4073C000DBB223F00303DBB213703E4A3D4B1B78DBB223F00803DBB213700320FDF710FE354A354B1B78DBB223F00203DBB21370324A324B1B78DBB223F00203DBB21370CC
:40740000314A314B1B78DBB223F01003DBB213702D4A2D4B1B78DBB223F00103DBB213702A4A2A4B1B78DBB223F00103DBB21370264A264B1B78DBB223F01003DBB2137062
:40744000234A234B1B78DBB223F00603DBB21370204A204B1B78DBB223F00103DBB213701D4A1D4B1B78DBB223F00103DBB213701A4A1A4B1B78DBB223F00803DBB213709C
:40748000174A174B1B78DBB223F00203DBB21370144A144B1B78DBB223F00203DBB21370FB79184601F074FB00BF0837BD4680BD004E0040014E0040F8460040F946004032
:4074C0009158004092580040AA430040BA43004077580040A1430040B143004082580040A2430040B243004080B400AF054A054B1B78DBB243F00103DBB2137000BFBD4649
:4075000080BC7047004E004080B400AF054A054B1B78DBB223F00103DBB2137000BFBD4680BC7047004E004080B485B000AF0346FB710D4B1B78DBB2002B03D00B4B1B7892
:40754000FB7305E00A4B1B78DBB203F00103FB73FB7B012B02D0FB79002BEAD0FB7B18461437BD4680BC7047118CFF1F108CFF1F014E004080B483B000AF224B1B78DBB255
:4075800003F00303FB70FB78012B0BD81E4B1B889BB27B607B681B041C4A128892B213437B6020E0FB78022B12D1174B1B889BB27B607B681B04154A1278D2B213437B60EA
:4075C000134B1B78DBB21B027A6813437B600AE00E4B1B889BB27B600B4B1B889BB21B047A6813437B600B4B1B78DBB2002B02D0094B00221A707B6818460C37BD4680BC21
:40760000704700BF144E0040124E0040104E0040114E0040118CFF1F108CFF1F90B585B000AF78600C4B1B687A68D31A7B60786805F006FC0446094B1B68184605F000FC14
:4076400003461946204605F003FD0346FB60FB6818461437BD4690BD148CFF1F540C002080B582B000AF0346FB71C34B00221A70FB79012B66D1C14B30221A70C04B042254
:407680001A70C04B06221A70BF4B00221A70BF4B00221A70BE4B3F221A70BE4B00221A70BD4B00221A70BD4B00221A70BC4B01221A70BC4B50221A70BB4B07221A70BB4B90
:4076C00029221A70BA4B00221A70BA4B55221A70B94B5A221A70B94B00221A70B84B00221A70B84B00221A70B74B0A221A70B74B43221A70442000F073FAB54B58221A7078
:40770000B44B00221A70B44B02221A70B34B02221A70B34B00221A70B24B00221A70002000F054FBB04B42F6AB121A600121052000F060FB01218A2000F042FCAB491D206C
:40774000FDF772FCFB79022B66D18C4B38221A708B4B04221A708B4B06221A708A4B00221A708A4B00221A70894B3F221A70894B00221A70884B00221A70884B00221A70C7
:40778000874B01221A70874B50221A70864B27221A70864B2C221A70854B00221A70854B55221A70844B5A221A70844B05221A70834B01221A70834B11221A70824B19227F
:4077C0001A70824B97221A70442000F009FA804B58221A707F4B00221A707F4B05221A707E4B02221A707E4B00221A707D4B00221A70002000F0EAFA7B4B4FF47A421A6045
:407800000121052000F0F6FA0121252000F0D8FB77491D20FDF708FCFB79032B66D1574B38221A70564B04221A70564B06221A70554B00221A70554B00221A70544B3F2267
:407840001A70544B00221A70534B00221A70534B00221A70524B01221A70524B50221A70514B27221A70514B2C221A70504B00221A70504B55221A704F4B5A221A704F4BBC
:4078800005221A704E4B01221A704E4B11221A704D4B19221A704D4B97221A70442000F09FF94B4B58221A704A4B00221A704A4B05221A70494B02221A70494B00221A70B4
:4078C000484B00221A70002000F080FA464B4FF47A421A600121052000F08CFA0121252000F06EFB43491D20FDF79EFBFB79042B40F0A980214B38221A70214B04221A707A
:40790000204B06221A70204B00221A701F4B00221A701F4B3F221A701E4B00221A701E4B00221A701D4B00221A701D4B01221A701C4B50221A701C4B27221A701B4B2C2204
:407940001A701B4B00221A701A4B55221A701A4B5A221A70194B05221A70194B01221A70184B11221A70184B19221A70174B97221A70442040E000BF118CFF1F004E0040FB
:40798000024E0040034E0040044E0040054E0040064E0040084E0040094E00400A4E0040144E0040845800408558004086580040875800408A5800408B5800408C580040A7
:4079C0008E5800408F580040905800409158004094580040955800409A5800409B5800409C5800409D580040540C0020D17C0000DD7C0000E97C000000F0F2F8144B582284
:407A00001A70144B00221A70134B05221A70134B02221A70124B00221A70124B00221A70002000F0D3F9104B4FF47A421A600121052000F0DFF90121252000F0C1FA0B495F
:407A40001D20FDF7F1FA00BF0837BD4680BD00BF94580040955800409A5800409B5800409C5800409D580040540C0020F57C000090B587B000AF0446084611461A462346F2
:407A8000FB710346BB800B467B801346BB7197F82830002B00F08B8097F82830042B00F28680FB79013B092B4AD801A252F823F0D97A0000417B0000417B0000D97A0000C6
:407AC000417B0000417B0000F37A00000D7B0000417B0000277B0000BB790F2B04D9374B1B78DBB2FB752EE0354B1B78DBB2FB7529E0BB790F2B04D9324B1B78DBB2FB75DF
:407B000021E0314B1B78DBB2FB751CE0BB790F2B04D92E4B1B78DBB2FB7514E02C4B1B78DBB2FB750FE0BB790F2B04D9294B1B78DBB2FB7507E0284B1B78DBB2FB7502E0E3
:407B40000023FB7500BFBA8897F917305B0113443B617B883A6902FB03F3FB60FB68DB0BBB82BB790D2B12D8BA8ABB79C3F10E0342FA03F3BB8297F82830013BBA79013246
:407B8000D1B2164A9B0013440A469A7007E097F82830013B114A9B0013440F229A7097F82830013B0D49BA8A21F8232002E00020FDF7F8F900BF1C37BD4690BD1801004940
:407BC0001C010049190100491D0100491A0100491E0100491B0100491F010049188CFF1F80B584B000AF0346FB7100F0CDFF0346FB73174A164B1B78DBB243F00303DBB211
:407C00001370144A134B1B78DBB243F00303DBB21370114AFB7913700320FDF7F1F90C4A0B4B1B78DBB223F00303DBB21370094A084B1B78DBB223F00303DBB21370FB7BEF
:407C4000184600F0A5FF00BF1037BD4680BD00BFF8460040F94600409258004080B582B000AF0B4A0A4B1B78DBB243F00403DBB21370FFF739FC0020FFF756FCFFF77AFCBD
:407C80007860FFF741FC7B6818460837BD4680BD014E004080B400AF044B1B78DAB2044B5A7000BFBD4680BC704700BF004E00402081FF1F80B400AF034B044A52781A706C
:407CC00000BFBD4680BC7047004E00402081FF1F80B400AF00BFBD4680BC704780B400AF00BFBD4680BC704780B400AF00BFBD4680BC704780B400AF00BFBD4680BC704722
:407D000080B582B000AF0023FB7106E0FB791846FCF7EAFAFB790133FB71FB79072BF5D9034BFF221A7000BF0837BD4680BD00BF2281FF1F80B582B000AF0346FB71FFF70F
:407D4000DFFFFB791846FCF773FA034AFB79137000BF0837BD4680BD2281FF1F80B485B000AF0346FB710B4B1B78DBB223F00203FB730849FB795B00DBB203F00203DAB2B6
:407D8000FB7B1343DBB20B7000BF1437BD4680BC704700BFC051004080B582B000AF0023FB7106E0FB791846FCF720FBFB790133FB71FB79012BF5D9034BFF221A7000BF3A
:407DC0000837BD4680BD00BF2381FF1F80B582B000AF0346FB71FFF7DFFFFB791846FCF7E5FA034AFB79137000BF0837BD4680BD2381FF1F80B584B000AF03460A46FB80D0
:407E000013467B7100F0CEF80346FB7300F0A4F80346BB81FA88BB899A4200F08880464B1B78DBB203F00203FB72FB7B002B20D1BB89002B02D0FB88002B1AD1BB89002BF4
:407E40000BD13E4AFB8813803D4A3D4B1B78DBB223F04003DBB2137069E0394A384B1B78DBB243F04003DBB21370344AFB8813805DE0FB7A002B33D0324B00221A70324BE4
:407E800002221A70314B00221A70314A304B1B78DBB203F07F03DBB21370294B1B78DBB203F00803002B02D0FB88002B18D1294ABB891380234B07221A7000BF214B1B7802
:407EC000DBB203F00103002BF8D11B4A1A4B1B78DBB223F00203DBB213701A4B00221A70154B1B78DBB203F00203002B13D0194AFB881380134A7B79002B01D0032300E095
:407F00000123137000BF0F4B1B78DBB203F00103002BF8D10BE0094AFB8813800649064B1B78DAB2FB7A1343DBB20B70FFE700BF1037BD4680BD00BFA2430040844000407C
:407F400086400040014000401040004014400040084000400240004080B400AF034B1B889BB21846BD4680BC704700BF8440004080B483B000AF0346FB710949084B1B7811
:407F8000DBB25AB297F9073023F007035BB213435BB2DBB20B7000BF0C37BD4680BC70478640004080B400AF044B1B78DBB203F00703DBB21846BD4680BC70478640004098
:407FC00080B584B000AF03460A46FB8013467B7100F0CEF80346FB7300F0A4F80346BB81FA88BB899A4200F08880464B1B78DBB203F00103FB72FB7B002B20D1BB89002BE2
:4080000002D0FB88002B1AD1BB89002B0BD13E4AFB8813803D4A3D4B1B78DBB223F04003DBB2137069E0394A384B1B78DBB243F04003DBB21370344AFB8813805DE0FB7A1C
:40804000002B33D0324B00221A70324B01221A70314B00221A70314A304B1B78DBB203F07F03DBB21370294B1B78DBB203F00803002B02D0FB88002B18D1294ABB8913804C
:40808000234B07221A7000BF214B1B78DBB203F00103002BF8D11B4A1A4B1B78DBB223F00103DBB213701A4B00221A70154B1B78DBB203F00103002B13D0194AFB88138049
:4080C000134A7B79002B01D0032300E00123137000BF0F4B1B78DBB203F00103002BF8D10BE0094AFB8813800649064B1B78DAB2FB7A1343DBB20B70FFE700BF1037BD468D
:4081000080BD00BFA14300400041004002410040014000401440004010400040084000400240004080B400AF034B1B889BB21846BD4680BC704700BF0041004080B483B050
:4081400000AF0346FB710949084B1B78DBB25AB297F9073023F007035BB213435BB2DBB20B7000BF0C37BD4680BC70470241004080B400AF044B1B78DBB203F00703DBB217
:408180001846BD4680BC70470241004080B500AF064B1B78002B04D100F00AF8034B01221A7000F01BF800BF80BD00BF288CFF1F80B400AF064B06221A70064B47221A7079
:4081C000054B00221A7000BFBD4680BC704700BF24640040346400408064004080B582B000AF00F0D1FC0346FB71094A084B1B78DBB243F01003DBB2137000F0C7F8FB7984
:40820000184600F0C5FC00BF0837BD4680BD00BF9064004080B582B000AF00F0B5FC0346FB7100F0CDF8084A074B1B78DBB223F01003DBB21370FB79184600F0A9FC00BFBD
:408240000837BD4680BD00BF9064004080B400AF034B1B78DBB21846BD4680BC704700BF6064004080B483B000AF0346FB7100BF074B1B78DBB203F00403002BF8D1054AEB
:40828000FB79137000BF0C37BD4680BC704700BF606400404364004080B584B000AF78600023FB810C4B1B78002B10D009E0FB897A6813441B781846FFF7D4FFFB89013389
:4082C000FB81FB897A6813441B78002BEFD100BF1037BD4680BD00BF288CFF1F80B582B000AF00F051FC0346FB710C4A0B4B1B78DBB243F00103DBB21370084A074B1B789E
:40830000DBB223F00103DBB21370FB79184600F03FFC00BF0837BD4680BD00BF9364004080B400AF00BFBD4680BC704780B400AF00BFBD4680BC704780B500AF094B1B785D
:40834000DBB203F01003002B03D0074B01221A7002E0054B00221A70FFF75CFFFFF7E0FF00BF80BD906400402C8CFF1F80B500AFFFF7DCFFFFF7B2FF034B1B78002B01D02A
:40838000FFF72CFF00BF80BD2C8CFF1F80B400AF094A094B1B78DBB243F00403DBB21370064A064B1B78DBB243F00403DBB2137000BFBD4680BC7047A2430040B2430040BC
:4083C00080B400AF094A094B1B78DBB223F00403DBB21370064A064B1B78DBB223F00403DBB2137000BFBD4680BC7047A2430040B243004080B485B000AF0346FB710B4B8C
:408400001B78DBB223F00203FB730849FB795B00DBB203F00203DAB2FB7B1343DBB20B7000BF1437BD4680BC704700BFF051004080B485B000AF0346FB710B4B1B78DBB20E
:4084400023F01003FB730849FB791B01DBB203F01003DAB2FB7B1343DBB20B7000BF1437BD4680BC704700BF0051004080B485B000AF0346FB710A4B1B78DBB223F00103EB
:40848000FB730749FB7903F00103DAB2FB7B1343DBB20B7000BF1437BD4680BC704700BFF051004080B500AF064B1B78002B04D100F00AF8034B01221A7000F025F800BF72
:4084C00080BD00BF2D8CFF1F80B400AF094B72221A70094B20221A70084B06221A70084B47221A70074B00221A7000BFBD4680BC704700BF8565004084650040256400405B
:40850000356400408765004080B582B000AF00F03BFB0346FB71114A104B1B78DBB243F02003DBB213700E4A0D4B1B78DBB243F01003DBB213700B4A0A4B1B78DBB243F0E6
:408540001003DBB2137000F089F9FB79184600F01FFB00BF0837BD4680BD00BF95650040946500409765004080B582B000AF00F00BFB0346FB71114A104B1B78DBB223F034
:408580002003DBB2137000F083F90D4A0C4B1B78DBB223F01003DBB213700A4A094B1B78DBB223F01003DBB21370FB79184600F0EFFA00BF0837BD4680BD00BF9565004038
:4085C000946500409765004080B483B000AF0023FB710C4B1B78BB71BB7903F02003002B09D0094B1B78FB71BB7903F01E03002B01D00023FB71FB7918460C37BD4680BC83
:40860000704700BF646500404765004080B483B000AF084B1B78DBB203F02003002B01D0012300E00023FB71FB7918460C37BD4680BC70476465004080B582B000AF00F087
:40864000A3FA0346FB710C4A0B4B1B78DBB243F00103DBB21370084A074B1B78DBB223F00103DBB21370FB79184600F091FA00BF0837BD4680BD00BF9765004080B483B0BD
:4086800000AF0346FB7100BF074B1B78DBB203F00403002BF8D1054AFB79137000BF0C37BD4680BC704700BF676500404764004080B584B000AF78600023FB810C4B1B78CA
:4086C000002B10D009E0FB897A6813441B781846FFF7D4FFFB890133FB81FB897A6813441B78002BEFD100BF1037BD4680BD00BF2D8CFF1F80B582B000AF00F045FA034636
:40870000FB710C4A0B4B1B78DBB243F00103DBB21370084A074B1B78DBB223F00103DBB21370FB79184600F033FA00BF0837BD4680BD00BF9764004080B400AF00BFBD4603
:4087400080BC704780B400AF00BFBD4680BC704780B500AF094B1B78DBB203F01003002B03D0074B01221A7002E0054B00221A70FFF7FAFEFFF7E0FF00BF80BD946500403D
:40878000308CFF1F80B500AFFFF7DCFFFFF754FFFFF7B0FF034B1B78002B01D0FFF7B4FE00BF80BD308CFF1F80B582B000AF786000F048F8786800F015F8072000F024F8B3
:4087C00000F034F800BF0837BD4680BD80B500AF00F038F8024800F005F800BF80BD00BFE945000080B485B000AF7860054B1B68FB60FB6850337A681A6000BF1437BD468E
:4088000080BC704708ED00E080B483B000AF0346FB71054AFB795B01DBB2137000BF0C37BD4680BC704700BF04E400E080B400AF034B10221A6000BFBD4680BC704700BFA6
:4088400000E100E080B400AF034B10221A6000BFBD4680BC704700BF80E100E080B400AF094A094B1B78DBB243F00803DBB21370064A064B1B78DBB243F00803DBB213709E
:4088800000BFBD4680BC7047A2430040B243004080B400AF094A094B1B78DBB223F00803DBB21370064A064B1B78DBB223F00803DBB2137000BFBD4680BC7047A243004008
:4088C000B243004080B485B000AF0346FB710B4B1B78DBB223F04003FB730849FB799B01DBB203F04003DAB2FB7B1343DBB20B7000BF1437BD4680BC704700BF3051004038
:4089000080B483B000AF0346FB710B490A4B1B78DBB25BB223F00E035AB297F9073003F00E035BB213435BB2DBB20B7000BF0C37BD4680BC704700BF1E50004080B483B057
:4089400000AF03460A46FB801346BB80FB8803F04003002B03D0044BBA88D2B21A7000BF0C37BD4680BC70471E45004080B485B000AF0346FB71094B1B78DBB203F07F03F9
:40898000FB730649FB79DB01DAB2FB7B1343DBB20B7000BF1437BD4680BC70473051004080B483B000AF0346FB71044AFB79137000BF0C37BD4680BC704700BF76650040A7
:4089C00080B400AF044B1B78DAB2044B1A7000BFBD4680BC704700BF76650040348CFF1F80B400AF034B044A12781A7000BFBD4680BC704776650040348CFF1F80B500AFBB
:408A0000FFF7DEFF00BF80BD80B500AFFFF7E8FF00BF80BD80B485B000AF0346FB710B4B1B78DBB223F00803FB730849FB79DB00DBB203F00803DAB2FB7B1343DBB20B7050
:408A400000BF1437BD4680BC704700BFC051004080B483B000AF0346FB710B490A4B1B78DBB25BB223F00E035AB297F9073003F00E035BB213435BB2DBB20B7000BF0C37D0
:408A8000BD4680BC704700BF6350004080B485B000AF0346FB710B4B1B78DBB223F00803FB730849FB79DB00DBB203F00803DAB2FB7B1343DBB20B7000BF1437BD4680BC6B
:408AC000704700BF3051004080B485B000AF0346FB710B4B1B78DBB223F00403FB730849FB799B00DBB203F00403DAB2FB7B1343DBB20B7000BF1437BD4680BC704700BF6E
:408B00002051004080B485B000AF0346FB710A4B1B78DBB223F00103FB730749FB7903F00103DAB2FB7B1343DBB20B7000BF1437BD4680BC704700BF3051004080B485B0B9
:408B400000AF0346FB710B4B1B78DBB223F02003FB730849FB795B01DBB203F02003DAB2FB7B1343DBB20B7000BF1437BD4680BC704700BF005100400230800803D000BFB7
:408B800001380046FCD17047EFF3108072B6704780F31088704700BF80B584B000AF0346FB71FFF7F1FF0346FB73FB790F2B0BD8274A274B1B78DBB203F01F03DBB243F00D
:408BC0004003DBB213703BE0FB79202B0BD8204A1F4B1B78DBB203F01F03DBB263F07F03DBB213702CE0FB79312B0BD8184A184B1B78DBB203F01F03DBB263F03F03DBB282
:408C000013701DE0FB79422B08D8114A104B1B78DBB203F01F03DBB2137011E0FB79532B0BD80B4A0A4B1B78DBB203F01F03DBB243F02003DBB2137002E00020FCF7B2F9C0
:408C4000FB7B1846FFF7A4FF00BF1037BD4680BD0048004080B500AF084B0F221A7000F0DBF800F095F800F0A1F8054B00221A70044B00221A7000BF80BD00BF8264004026
:408C8000816400408665004080B582B000AFFFF77BFF0346FB71124A114B1B78DBB243F02003DBB213700F4A0E4B1B78DBB243F01003DBB213700C4A0B4B1B78DBB243F0C4
:408CC0001003DBB21370FB791846FFF761FF00F047F800F04BF800BF0837BD4680BD00BF92640040916400409665004080B500AF064B1B78002B04D1FFF7ACFF034B01224A
:408D00001A70FFF7C1FF00BF80BD00BF358CFF1F80B582B000AFFFF737FF0346FB710E4A0D4B1B78DBB223F01003DBB213700B4A0A4B1B78DBB223F01003DBB21370FB79E8
:408D40001846FFF725FF00F017F800F01BF800BF0837BD4680BD00BF916400409665004080B400AF00BFBD4680BC704780B400AF00BFBD4680BC704780B400AF00BFBD4637
:408D800080BC704780B400AF00BFBD4680BC704780B483B000AF044B1B78FB71FB7918460C37BD4680BC70476164004080B483B000AF044B1B78FB71FB7918460C37BD4638
:408DC00080BC70476665004080B483B000AF0346FB7100BF074B1B78DBB203F00403002BF8D0054AFB79137000BF0C37BD4680BC704700BF616400404264004080B483B03D
:408E000000AF044B1B78FB71FB7918460C37BD4680BC70475264004080B582B000AF01E0124B1B78124B1B78DBB203F02003002BF6D1FFF7A9FE0346FB710E4A0D4B1B7833
:408E4000DBB243F00103DBB213700A4A094B1B78DBB223F00103DBB21370FB791846FFF797FE00BF0837BD4680BD00BF526400406665004092640040C9B203E00BB918461E
:408E80007047013003788B42F8D1704742780178431C42EA01205A789B7842EA002043EA002070478378C27803EB0222437803EB0222037803EB0220704703460A0A03F840
:408EC000011B42700A0C090E5A70997070470170090A417070474278037843EA02207047094A0A4BC11C10B5146821F0030118680919814201D9002010BD11609A6858688C
:408F0000013220189A6010BDDC0C0020388CFF1F08B5FFF7E5FF00B9FEE708BDFFF7E0BF30B1044A9368013B93600BB9024A1360704700BF388CFF1FDC0C0020014B586046
:408F400019607047388CFF1F38B50546FFF7E0FF002104462A4601F0CBFE204638BD000010B5064CA37C13F0010F05D000F0C2F8A37C23F00103A37410BD00BF580C0020BD
:408F800010B5134CFFF7ECFFA37C13F0020F1ED0A3685868FFF7C4FFA068FFF7C1FF0023E360A06903E0446AFFF7BAFF20460028F9D1074B586903E0C468FFF7B1FF204614
:408FC0000028F9D1024B9A7C22F002029A7410BD580C002010B5084CA37C0BB1002010BD4FF40073238202F05FFAA37C012043F00103A37410BD00BF580C0020094B10B569
:40900000D8689A68002308E0114652F8084B1CB901230B60486810BD01338342F4D3002010BD00BF580C0020084B30B50022DC689B6808E05D6819460833854202D1002379
:409040000B6030BD0132A242F4D330BD580C002001230373704700230373704710B1002282720260704718B1027B0AB1013A02737047000038B5FFF7ADFF20B3124C42004E
:40908000E2600001FFF760FF238AA060E0685843FFF75AFFA568E168228A002304E005EBC3046060013380188B42F8D31020FFF74BFF054C60612820FFF746FFA37CA06130
:4090C00043F00203A37438BD580C002038B510220D460021044601F00BFEFFF78FFF08B9013038BDA0604FF0FF33002065602360A07338BDF8B5154C0025E66F1C341FE0AE
:40910000204601F075FE18B9204600F025FA02E0204600F04BFA0022134640F2F331204600F0FEF9002160222046E76D01F0E0FD074B9C4202D02046FFF7F2FE01353C4653
:40914000B542DDDB014B0022DA67F8BD580C0020740C002038B5837A044643B1056801F0B1FC2846FFF77FFF2046FFF777FF002038BD08B50368827A03B19B6822B11BB142
:40918000FFF7E8FF002008BD012008BD08B901307047FFF7EEBF000038B5104B9C69217B59B921606160A16004F11000142201F09FFD237B013323730DE0656A45B928204B
:4091C000FFF7ACFE606218B12946282201F090FD646A002CE3D1204638BD00BF580C002038B50E4B5C69A17AE56839B92046102201F07EFD0123A372E5600CE045B91020C0
:40920000FFF78CFEE06018B12946102201F070FDE468002CE7D1204638BD00BF580C00202DE9F74F06460020884691469B469DF830A09DF83470FFF7AFFF054608B90446F2
:4092400010E0FFF7CDFF044660B180F80B900560AE604046214652463B46CDF800B001F089F930B12046FFF7F9FE2846FFF7FBFE00242046BDE8FE8F2DE9FF410C461F4613
:4092800004A9002341F8043D15469DF8286000F0D5F88046B8B1039B0BB11B789BB1404600F0C1F900280EDD14F0150F01D0032809D1039939B1404622462B460097019673
:4092C000FFF7AEFF00E0002004B0BDE8F08100002DE9F3410646884600240E4D404655F83410E70001F03AFD10B9002C04DA0DE001340F2CF1D109E07D19A8792979009034
:40930000EA796B793046FFF7B7FF00E00020BDE8FC8100BF38810100FFF7DABF37B500241021224601230094FFF7A6FF054608B9013806E00068FFF796FE2846FFF78EFE91
:4093400020463EBDFFF7EABF10B5437B04460BB1012010BD40682168A268A37B01F006FE10B10120607310BD207310BD10B5437B044663B9037B53B140682168A268A37B82
:4093800001F0F4FD08B1012363730023237310BD036870B5994204460D46164607D0037B0BB1FFF7E3FF00232560A673E37370BDFFF7DCBF10B50446FFF7D8FFA068BDE8E7
:4093C0001040FFF731BE01230373FFF7CFBF10B50446407B08B1012010BDE37B5BB960682168A268A37B01F035FD10B10120607310BD0122E27310BD30B592B188B1857A74
:40940000046875B16CB190F80BC01CF0080C04D14FF6FB720281604630BDBDE8304001F0EDB9002030BDFFF7E7BF08B5436813B94FF0FF3008BD984708BD00002DE9F047C0
:409440000F463A210646FFF717FD044610B93446174D27E00378C6EB000A5BB114F8013F43B162783A2A05D1A3F130085FFA88F8023401E04FF000080D4D2B6828791B6844
:409480009847814601F077FC504508D148463146524601F078FC10B92B79434502D0ED6D002DEAD107B13C602846BDE8F08700BF740C0020F8B5174C064694F85B10E56D47
:4094C00069B960220127204601F012FC84F85B70E5653046FFF7A9FF00280EDA18E045B96020FFF71BFDE06518B12946602201F0FFFBE46D002CE0D10AE0074B2660DA6FDF
:409500000132DA670323207184F85B7084F85A302046F8BD740C0020580C0020FFF7CABFA1F57C7CBCF1030F2DE9F04106460C4615461F460BD901F05BFC002803DA4FF093
:40954000FF30BDE8F081304621462A463B46BDE8F04101F012BD000010B590F8593004469BB1114B5B690EE09A7A5AB11A684AB19168A14206D1002199721960117B09B18E
:4095800001391173DB68002BEED100221346204640F2F131FFF7C4FF002384F8593063712361636110BD00BF580C002038B590F8593004465BB10F4B5D6906E0AB7A1BB133
:4095C0002B689B68A34210D0ED68002DF6D10022134620464FF47C71FFF7A2FF002384F8593063712361636138BD2846FFF7B2FDEAE700BF580C002038B504460D4601F044
:40960000F7FB08B9013838BD204601F004FC204601F0D8FD204600F0D7FC08B184F8595094F8590038BD90F8593023B990F85A1009B1FFF7E1BF1846704730B51346BAB1F8
:40964000B0B10268857A0AB1946804B900247DB172B16CB1C27A12F0100204D14FF6FA730381104630BD1A46BDE8304001F04CBA002030BDFFF7E1BF0C2802D0102805D159
:4096800002E001EB510070474800704788007047036840689B685B6AB0FBF3F0704710B5046D836CE4B199421AD3E318994217D2013B99420CBF4FF0FF31013172B190F807
:4096C00036300C2B02D0102B05D102E00905090D03E089B201E021F070411160012010BD002010BD40F6F473984201D80C2070474FF6F473984294BF102020207047027F23
:409700008368023902FB01307047431EDBB21F2B13D92F2811D007D826280ED002D8222809D10AE02A3804E03A2804D33F2804D95B38022801D9012070470020704703467D
:4097400038B30B2A01DD0B2200E0013A00201CE0082809D191F808C0BCF1200F0DD04FF02E0C03F801CB08E038B991F800C0BCF1050F02D1ACF1200C04E011F800C0BCF15A
:40978000200F01D003F801CB01309042E0DB00221A7070472DE9F04788B005AE04460D463046114600229A469DF84490BDF84C80BDF8507000F01EFD08B1002413E020467D
:4097C0002946524600F00FFE044660B1129B31460093109A4B46CDF80480029700F0C6FF2846FFF735FC204608B0BDE8F08710B59DF80C400394BDE8104000F0D9BD0000FA
:409800002DE9F04F144E87B0109DDDF848809DF84440376800950194CDF8088005937F68934682468946B84732680C4BDDF814C09A420DD060B9504649465A466346109554
:409840001194CDF8488007B0BDE8F04FFFF7CFBF07B0BDE8F08F00BF2481FF1FE081010070B5C37A04460B7010300D46FFF733FB064604F10E00FFF72EFB40EA0640686054
:4098800004F11200FFF727FB0004A86004F11800FFF721FB064604F11600FFF71CFB40EA0640E86004F11C00FFF7FCFA286170BD2DE9F845038A04460E46924687692BB965
:4098C00007F118002146626900F064FC38465146224600F0E7FC0546204600F065FCD5B12B78C3B1E52BF1D095F80B80B8F10F0FECD018F00808E9D170692946B269FFF750
:409900001EFF28463146FFF7ABFF238A404601332382BDE8F8854FF0FF30BDE8F8850222FFF736BD2DE9F04790F8366005460C46304611469146FFF79FFEB5F81E80AB6A1B
:4099400020FA08F89845824602D30020BDE8F0876B8E05F118079844204641463A46FFF7DEFF2046FFF733FD18B14FF0FF30BDE8F087AA8BA168013A0AEA020A1FFA8AFAF8
:4099800092450AEB01031AF8015001D0013309E0204608F101013A46FFF7C1FF2046FFF716FDA36818780C2E45EA002009D0202E0FD15D7840EA05409D7840EA0560BDE8C8
:4099C000F08719F0010F02D00009BDE8F0870005000DBDE8F08700002DE9F34190F83630144603FB02F7828B8846D200511E0F40D71B0546B7FBF3F7002618E00E4B93F8E3
:409A00008030022B05D12846214601AAFFF747FE28B9284641462246FFF784FF0190019B0134A34205D10136B6B2013F1C46002FE4DC3046BDE8FC81580C00202DE9F3414E
:409A400005460E46144698461F681CE0114B93F88030022B05D12846214601AAFFF71FFE28B9284631462246FFF75CFF0190737B0BB100240BE0AA6B019B0132934204D801
:409A80001BB1013F1C46002FE0D1C8F800702046BDE8FC81580C002073B504680E4623681BB9FFF7F5FD013039E0FFF7F1FD236998423CBF4FF0FF3323612369B3F1FF3FFB
:409AC00004D12268013323616261E3832169E28B451A954234BF2B4613463BB16069C918C018D21A60612161E283ED1A0DB9284615E002AB43F8045D31466269A068FFF781
:409B00009DFF6061019B21690246C91A4D19256123B9A0683146FFF75FFFE08301987CBD13B502AC44F8043D2346FFF787FF019B002B18BF00201CBD2DE9F04107468846D6
:409B400015461E460024384641462A460123FFF7E7FF30B1BA6B0134944201D80546F2E7002406B134602846BDE8F0812DE9F74F04460D461E461746002A00F0B98090F8F7
:409B800036001146FFF778FDB4F81EA0A36A20FA0AFA9A45814680F0AB80638E04F118089A44284651464246FFF7B9FE2846FFF70EFC6B7B002B40F09B80A38BAA68013B73
:409BC00009EA03091FFA89F303EB020926B9216C8F4203D2276401E0791C216494F8361010290AD0202911D14846FFF75BF9314607464846FFF761F94EE04846FFF76BF9A0
:409C0000B1B207464846FFF762F945E0284600920193FFF71DFA009A019B17F0010F13F802B01BD00BF00F0141EA06119954A28B013A934202D009F1010309E028460AF141
:409C400001014246FFF76BFE2846FFF7C0FBAB681F7832093F0147EA1B171CE09E54A28B013A934202D009F1010309E028460AF101014246FFF753FE2846FFF7A8FBAB681C
:409C80001A78310A02F00F0701F00F0122F00F024BEA07270A431A702846FFF7D9F994F83630202B18D1B4F84620AAB9B4F844102846FFF76DFB2846FFF789FBA8684FF09D
:409CC000FF3100F5F470FFF7F8F82846FFF7C0F94FF00103A4F84630E36BB3F1FF3F09D00FB10133E3632EB1E36B013BE36301E0012000E00020BDE8FE8F6FF07043FFF755
:409D000035BF70B5036D04460E4693B1002506E0AA1820463146531CFFF728FF0135236DA26C013B9D42F3D320463146AA18FFF7E4FF0023A3642365E364636570BD70B542
:409D400006460D461C460AB1FFF710FF304629462246BDE87040FFF7D0BF00002DE9F84504460E4615461F46002B36D01C4B93F88030022B31D190F8368011464046FFF737
:409D80007BFCB4F81CA00AF1FF3A2AEA000A4FEACA0ABAFBF8FAAA44A8460EE0204631464246FFF7BFFD50B9A36C0BB9C4F84880E36C08F101080133E364D045EED9E36C86
:409DC0005BB167653B685A6922B1204631462B46FFF7CCFE236D01332365BDE8F88500BF580C00202DE9F8459846274B054693F880300F46022B1646846B19D1436D984526
:409E000003D0C36C0BB1FFF77CFFB8F1000F0FD06B6D43450CD12B6DEA6C9A4204D9AC6C1C1901332B652CE028463946FFF769FF012E04F1010A01D9564505D92E6C012EC5
:409E400001D9564500D902263446284639462246FFF768FD50B101345445F6D902240DE0284639462246FFF75DFD30B92846394622464346FFF772FF03E00134B442EFD3EE
:409E800000242046BDE8F885580C0020F8B507460E461546FFF7A6FF044628B1384631462A462346FFF74BFF2046F8BDB2F1FF3F73B504460D4614D0561A013611D0FFF7DA
:409EC00077FA084B00211A8AA06800F011FF022300936068A3682946324601F022F80023E3737CBD580C00202DE9F84F984690F8363004460C2B0D4616465AD04FF0FF3A23
:409F0000D1463CE094F836003146FFF7B5FBB4F81CB0678E0BF1FF3B10EA0B0BE38B1DD1D840013F3F18022228463946FFF730FAA38BAA689B0852F80B1079B9013B0BF16E
:409F4000040BF8D13BE0494628465246FFF7AEFFB946BB462846FFF77EF8DA462946324601232046FFF7DCFD29460746324620460023FFF7FBFD2FB108F1FF383E46B8F194
:409F8000000FBFD1284649465246FFF78FFF13E02946324601232046FFF7C2FD29460746324620460023FFF7E1FD2FB108F1FF383E46B8F1000FEBD14046BDE8F88F0AF18A
:409FC000010B5F45BFD1C5E72DE9F8450546FFF715F8044608B90546D0E0284600F0E2FF684E338A834208D338B10021284622460B4600F02FFF002804DA2046FFF714F8BF
:40A000000025BBE004F5FF70FEF765FF4AF65523984240F0AD8004F10B00FEF75CFF10F47E4F074600F0A480338A8342C0F0A080237C022B40F09C8094F80D80B8F1000FF3
:40A0400000F096800021402205F1180000F050FE04F11300FEF73FFF064620B904F12000FEF720FF064604F11600FEF734FF824680B904F12800FEF72EFF10F08F0F77D1DD
:40A0800004F12400FEF70EFF824604F12C00FEF709FFE862022385F83530C5F828A0AE6185F8348004F10E00FEF715FF688604F11100FEF710FF95F835206B8E288602FBFF
:40A0C0000A3A7A0992B2B0FBF2F25244AF832A62092301219940B94201D1EB8302E00133102BF6D108FB07F7B61AB6FBF8F6AE636F623046FFF7F6FA202818BFC5F82CA0A2
:40A100004FF0FF33202885F83600EB6332D104F13000FEF7E0FE00230146A5F844002246284600F097FE002822DB2046FEF7BAFE804604F5F270FEF7B5FE074604F5FE700F
:40A14000FEF7B0FE104B984514D1104B9F4211D10F4B98420ED104F5F670FEF7A3FE286404F5F470FEF79EFEB04203D8E86301E0002500E001252046FEF756FF2846BDE898
:40A18000F88500BF580C00205252614172724161000055AA00238B60837F202B01D102B942694A600A60704783680133836070472DE9F0410C46202105461F469DF8186066
:40A1C0004FF0000800F094FD10E014F8080036B9E52804D1B8F1000F01D1E03802E000F0E5FDC0B205F8080008F10108B845ECDBBDE8F0812DE9F74506460D460846284969
:40A20000002A14BF92464FF0FF3A00F0A7FD804650B930462946022200F0EBFEB01C2021092200F065FD37E04FF0FF34002715F80780B8F1000F01D0574505D1B4F1FF3FE0
:40A2400008BF3C4664B925E04046FFF75EFA08B3B8F12E0F08BF3C4601370D2FE7D119E0082C17DC3F1B042F14DC30462946082223464FF00008CDF80080FFF799FF012336
:40A28000611C009306F10800691803227B1EFFF78FFF01E04FF001084046BDE8FE8500BFF08101002DE9F74FD2F808B0436A4FEA4B18B8FBF3F8D368054698450E461446EE
:40A2C000D2F8009001D20023D360B5F81EA0E368AAF1050A0BB9D4F804902BFA0AF7B9F1000F17D095F83420B8EB0303019206D04A4628463146FFF713FC814640B34946DB
:40A3000005F11800FFF7FBF9019B591E01EA0707C11906E02B8E43FA0AF39F4218D2E96A79183046C4F80090C4F80C800122FFF72FF83046FFF74BF850B9013000FA0AFA86
:40A34000B3680AF1FF3A0AEA0B0B03EB4B1000E00020BDE8FE8F2DE9FF4107460E4601A811461A460A9D9DF82C40FFF743FFC8B9384631462A46FFF795FF8046A0B10378D0
:40A3800083B101A90B2200F0A3FC38B998F80B3004EA0302A24201D1082B05D12846FFF703FFE5E74FF00008404604B0BDE8F0812DE9F04587B002AF04460E4615469846C2
:40A3C0009DF83CA039460E9A1830FFF7E3FE204631462A4643460097CDF804A0FFF7BBFF07B0BDE8F0852DE9F04500F1180785B005460C46384669469246FFF7CBFE2846F0
:40A4000021466A46FFF74EFF06466846E846FFF7CBFE002E37D1BAF1000F02D12B8E002B35D12146009A00232846FFF785FB2146024600232846FFF729FD80462046FEF7A9
:40A44000C2FFB8F1000F22D0AA8B0021A06800F04FFC38464146FFF752F995F8347000257E1E361808E0314620460122FEF790FF2046FEF769FF013E01357B1BB3F1FF3F36
:40A48000F1D1A66803E033780BB1E52BB7D1304605B0BDE8F08538B504461A30FEF71BFD054604F11400FEF716FD45EA004038BD2DE9F0451D4685B007460E462A601046F3
:40A4C0005C219046FEF7D8FC4FF0000A0446A04508D108F10108C5F8008040465C21FEF7CBFC044694B1C8EB0403002B0EDD10220192103A0292384631464246CDF800A00D
:40A50000FFF77EF970B1FFF7C6FF824628685C21FEF7B2FCA04604460028D8D10C9B0130C3F800A005B0BDE8F085F8B505460C461E461746DAB16FF01A0313700846FEF77F
:40A5400087FD16B94FF47A7608E007F11C00FEF7A9FC6B6A5E1E3618B6FBF3F63846FFF79AFF2146024633462846FFF7BDFC607BF8BD00002DE9F04FD1F8008093B0D8F8F3
:40A5800008700BAD044608930E464FF0FF333946284609920F939DF870A0FEF797FD10AB009338462946224611ABFFF781FFD0B1F27A109B07920FAA0093029200233846E2
:40A5C0002946119A0193FFF71BF9044680B1C37A13F0100F07D10D9BDDF82CB0C3EB00094FEA691906E02846FEF7E4FE0125A3E083468146099B002B3CD0002C33D0524B1B
:40A600005D6912E02B687BB1AA7A6AB19A8B4A450AD19A695A4507D19B68BB4204D14FF6F772328100257EE0ED68002DEAD10DF12C0C6146384622460123CDF818C0FFF7EB
:40A6400074FFDDF818C018B14FF0FF3333816AE03E4B1B68DC6824B138466146109A0F9BA0472C4606E0BAF1000F03D1089A002A44D065E0089BEBB1CCB1E37A13F0010FC6
:40A680000BD0079A12F0150F07D04FF6FA733381BAF1000F01D1012500E000252046FFF7FAFE074604F11C00FEF7FCFB29E0BAF1000F45D0BAF1010F01D000251BE0ECB93D
:40A6C00000F002FF214B20221B68019282B2000C03920490009402949D6838460BA9119A109BA84750B10D9ADDF82CB0C2EB00094FEA6919254628462F4602E00125002056
:40A7000007464FF0FF33C8F81030C8F818B0A8F81C90079AC8F8040012F0010308BF1846C8F800707060B6F908300BA835EA230528BF0125FEF73EFE284613B0BDE8F08F83
:40A7400001255046DCE700BF580C00202481FF1F70B505460C461A3089B2FEF7B8FB05F11400210CBDE87040FEF7B1BB2DE9F0470446BDF824700D469146002120229A462B
:40A78000BDF82860DDF8208000F0B2FA0B222046294600F02EFC04F10E00394684F80BA0FEF795FB04F110003146FEF790FB04F116003946FEF78BFB04F118003146FEF787
:40A7C00086FB20464946FFF7C3FF04F11C004146BDE8F047FEF771BB07B5426803460AB910460AE081680020009048681968DB6800F053FB003818BF01200EBD2DE9F04F49
:40A800000368B0F9085095B0044689469F68002D40F0B78041685868814203D34FF0FF312181AFE0411A8A4228BF0A46029222B94FF0FF322281029DA4E01B68002B00F070
:40A84000A080394610AE0CA8FEF740FC39463046FEF73CFCD4F800B0029ADBF80870AA4607F118030693796A4FF0FF330591099508930A96049220460CA9FFF70DF90028DD
:40A880006ED1DBF81030059901334B43626804999B1A994228BF19460391BB8BDBF81410013B134006980193FEF729FFF98B656897F8342035FA01F1013A019B02EA0101E0
:40A8C000CDF81CB000EB01081E46BB46BBF81C30039A9D1B954228BF15469D4211D010AF384641460022FEF753FD3846FEF76FFD002835D11299484671182A4600F079FB73
:40A9000012E0099B089A9A1890450BD008A8FFF763FF00283AD10123CDF820800993CDF82C9001E001330993049B03995B1B04936368A9445B19491BAA446360039103D0FB
:40A9400008F101080026C1E7049A5F46DDF81CB0002A90D108A85546FFF73EFFB0B900E05546029B9D4205D0B4F9083013B94FF6F97121810CA8FEF71DFD10A8FEF71AFD5C
:40A9800000E00025284615B0BDE8F08F0025EBE707B5426803460AB910460AE081680020009048681968DB6800F099FA003818BF01200EBD2DE9F047046805460F46A668A0
:40A9C000FFF76AF881468246002841D0D4F80080B8F1000F1BD14246304639462B46FFF701FA0246D8B11C4B6061C4F8108093F880302060022B07D030463946FFF77DF903
:40AA000010B10120BDE8F087B9F1010A20D03046394662692B46FFF7E5F9804628B94FF6FE732B810130BDE8F0870B4B93F88030022B05D03046394662694346FFF77FF9CE
:40AA40002369C4F8148001332361BAF1010ADDE70020BDE8F08700BF580C00202DE9F041836804460D4608460122A1699E8BFEF78FFC2846B4F81C80AF68FEF7A8FCF8B93F
:40AA8000013E06EA4816B6B2BE1906F11C006168FEF713FA21683046FFF75AFE00F014FD0446A1B206F11600FEF711FA06F11800210CFEF70CFA2846BDE8F041FEF783BC45
:40AAC000BDE8F0817FB50668B0F90830B568C3B9C37A13F0110F14D029466846FEF7F6FA30466946FFF7BAFF064B6C4693F88030022B03D128466946FFF703F96846FEF719
:40AB000059FC7FBD580C002003682DE9F04F9F68038995B001339BB2012B04460E46059201D90025CEE0394610AD0CA8FEF7CEFA39462846FEF7CAFA039626680023D6F86E
:40AB400008909A4609F118010791D9F82420059906924FF0FF32099308920A950291049320460CA9FFF726FF38B108A8FFF710FF5546002818BF00258FE032690699013289
:40AB80004A43B9F81CB063680BF1FF3BD21A0BEA030B029B0798934228BF134601937169FEF7ADFD99F83430B9F81C206768013BB7FBF2F703EA0707C719B9F81C30019943
:40ABC000CBEB03058D4228BF0D469D4228D0BBF1000F03D1626873689A420FD00DF14008404639460022FEF7D3FB4046FEF7EFFB20B14FF6F9725546228154E012980399FA
:40AC000058442A460DF1400800F0F3F9404639460022FEF7BDFB4046FEF796FB90B141E0099B089A9A1897420AD008A8FFF7B0FE002837D101230993039B08970B9301E0F9
:40AC400001330993029B03995B1B019A029363684919521BAA44ED186560736803919D42019207D91BB1194B93F880300BB9012104917560019A1AB101374FF0000B9CE7EC
:40AC8000029B002B7FF46CAF08A8FFF781FE04995546002818BF002529B1304610A9FFF7DDFE00E05546059A954205D0B4F9083013B94FF6F87323810CA8FEF77BFB10A841
:40ACC000FEF778FB284615B0BDE8F08F580C002010B5002308E0C45C11F803C0013A0133644501D0012010BD002AF4D1104610BD70B5034602E003F8011C013A1C4622B194
:40AD000003F003050133002DF5D193081ED04FF001354D4308E044F8105C44F80C5C44F8085C44F8045C043B032BA44604F11004F1DC1C46002603E04CF80650013B04364B
:40AD4000002BF9D102F003020CEB8404002302E0E154013A0133002AFAD170BD002310F803C0CA5C624501D0012070470133002AF5D110467047002300E00133C25C002A89
:40AD8000FBD11846704710B500230BE0C45C11F803C0644501D0012010BDC4186478013314B1013A002AF1DC002010BDA0F16103192B98BF00F0DF00704708B583680BB141
:40ADC0000020984708BD08B583680BB10120984708BD10B504680079A468A04710BD37B59DF81850046800790095E468A0473EBD08B5036800799B69984708BD036810B5F2
:40AE00005B69044623B10079984708B1002000E00120607110BD10B5437904460BB9FFF7EDFF607910BDF7B504461F460E461546FFF7F1FF2046FFF7C6FF2A46314601232D
:40AE400020460097FFF7C5FF05462046FFF7B5FF2846FEBD10B504690919BDE81040FFF7E2BF2DE9F341044615461F460E469DF82080FFF7D0FF2046FFF7A5FF2B4631462D
:40AE80003A462046CDF80080FFF7A3FF05462046FFF793FF2846BDE8FC8130B504699DF80C5009190395BDE83040FFF7DABFF7B5044615461F460E46FFF7ADFF2046FFF75D
:40AEC00082FF0023009331462B463A462046FFF786FF05462046FFF770FF2846FEBD30B504699DF80C5009190395BDE83040FFF7DEBFF7B5044615461F460E46FFF78BFF64
:40AF00002046FFF760FF0123009331462B463A462046FFF764FF05462046FFF74EFF2846FEBD30B504699DF80C5009190395BDE83040FFF7DEBF73B504460E461546FFF79F
:40AF40006AFF2046FFF73FFF00232A460093314601332046FFF743FF05462046FFF72DFF002D14BF4FF0FF3000207CBD10B504690919BDE81040FFF7DEBF2DE9F0411F463D
:40AF8000A1F57C73012B04460E469046056801D9FFF741FF2D692079314642463B46A847BDE8F08130B5054685B0FFF734FF2B6828791C694FF47B71002201ABA04708B157
:40AFC000002001E0BDF80C0005B030BD70B506460D46FFF720FF336830791C694FF47B7100222B46A047002814BF4FF0FF30002070BD11F0030F70B584460B4632D110F096
:40B00000030F2FD195100446AC4611E053F8106CACF1040C44F8106C53F80C6C44F80C6C53F8086C44F8086C53F8046C44F8046C10341033BCF1030FE8D8AB081B0100EBF3
:40B04000030CCB1815F003050AD0284600215C584CF8014004310138F9D1AD00AC445B1902F0030213F0010F19462FD11CF0010F60462BD15410254610E031F8086C043D22
:40B0800020F8086C31F8066C20F8066C31F8046C20F8046C31F8026C20F8026C08300831032DEAD8A108C9005B1814F003048C440AD0204600215D5A2CF801500231013885
:40B0C000F9D16400A4441B1902F00102614610E013F8040C043A01F8040C13F8030C01F8030C13F8020C01F8020C13F8010C01F8010C18460433032A8C4601F10401E7DC6A
:40B1000032B10023C15C0CF8031001339342F9D170BD0378E92B01D101207047EB2B01D0002070478078902814BF00200120704708B500F5FF70FDF7CEFE4AF655239842F0
:40B1400014BF0020012008BD01EB001000F5E370FDF7A8BEF0B50D4685B01446064658B352B300210B46FFF75EFE002824DB2046FFF7DEFF00B32046FFF7CBFF10B1002493
:40B18000274616E02146FFF7DFFF074604F5E570FDF788FE01A904463046FFF717FF5CB157B1E219FF23120AB2FBF3F2029B9A4202D81DB12C6001E04FF0FF37384605B050
:40B1C000F0BD000073B50446FFF7ECFE0646FDF715FF0C4B05461B8AB3420DD366B1204601A92A46FFF7B6FFB0F1FF3F04D02061019B6361002400E0FF242846FDF714FF6E
:40B2000060B27CBD580C0020C1F30A522DE9F843A2F2FF36132E0B4604460D468846074621DC002E4EDB3A4A864642FA06F901EA090202431CD034A3D3E9002301F06CF8BA
:40B240000022002301F0AAFC48B1002D04DD4FF4801343FA06F6B04428EA0905002738462946BDE8F883332E06DDB6F5806F3CD020461946BDE8F883A2F213424FF0FF3965
:40B2800029FA02F910EA090FF2D01FA3D3E9002301F042F80022002301F080FC0028DED0002D09DD142E2BD00123C6F1340603FA06F6371928BF9844454627EA09073846AD
:40B2C0002946CEE710A3D3E9002301F025F80022002301F063FC0028C1D0002D0CDB55EA040707D000270B4DB9E702460B4601F013F8BFE73D46B2E700274FF00045AEE751
:40B3000005F10108D8E700BF9C7500883CE4377EFFFF0F000000F03F2DE9F84F05463D4821F0004686420C460F46994623F00041A846924605DD06F1004000F580102843F1
:40B3400036D13448814206DD01F1004101F5801151EA0A012CD12846214601F0F7FB18BB56EA08032AD0002F3DDB4F453EDC4ED018F1010808BF0137274B1A463B40934291
:40B380003ED0B3F5801F0BDA2A4623462846214601F074F902460B462846214601F0D6FB40463946BDE8F88F28462146BDE8F88F2846214600F0B0FFBDE8F88F09F0004705
:40B3C000012632463B463046394601F057F98046894602460B463046394601F0B7FB60B930463946E2E7B9F1000FBEDBB8F1000F00D1013F08F1FF38BEE740464946D5E799
:40B400002A4628462346214600F086FFCEE7D045AED9EBE7FFFFEF7F0000F07F2DE9F04120F00047FC0D7F3C162C054613DC002C80461BDB194F2741384214D0184901F0A5
:40B440004BFC002101F00CFF68B1002D1BDB28EA0700BDE8F081B7F1FF4F04D3014601F03BFCBDE8F0812846BDE8F0810C4901F033FC002101F0F4FE0028F4D0002D08DBB2
:40B480000020BDE8F0814FF4000343FA04F4A044DDE7002FE7D00348BDE8F081FFFF7F00CAF24971000080BF80B500AF4FF480510348FDF743FD0348FEF730F800BF80BDDF
:40B4C000448CFF1F3C82010080B485B000AF0023FB810023BB8100237B8101233B810123FB800023BB80FB895B089BB21A46BB895B011A447B89DB0213443B603A89FB88E2
:40B500005B011A44BB885B0213441B043A6813433B603B6818461437BD4680BC704700BF4FF6FF7070470000014B1868704700BF449CFF1F004870475C82010000F098BDD9
:40B5400037B501220DF10701054600F0A9FD9DF80740FF2C14BF0A240724284601220DF1070100F09DFD9DF80700FF2803D1013CE4B2002CF1D13EBD37B50469857828466A
:40B580000DF10701012200F08BFD9DF807300BB1002003E0013CF2D14FF0FF303EBD37B54FF0FF3305460C468DF8073006E028460DF10701012200F08FFD013C002CF6DC0C
:40B5C0003EBD000038B5094C2368032B02DD4FF0FF3509E0DDB2013323601420FDF7B4FC04EB850460608570284638BD449CFF1F08B5034B4FF400711B68984708BD00BFC9
:40B600002881FF1F4FEAD20CACEBD103CCF10F0C10B501336044002410F801CB013B4CEA0424F9D101F00703511A02228A40DC40013A04EA020010BD7FB5130E85788DF8B1
:40B640000530130C01F03F018DF80630130A41F040018DF8073000238DF808208DF804101A4601A911F802C000215B00DBB283EA0C0E1EF0800F18BF83F00903013108291B
:40B6800004D04FEA4C0C5FFA8CFCEEE70132052AE7D15B0043F001038DF809308678C4680122304603A900F0FBFC9DF80C30FF2B04D00CB9FF2009E0013CF1E7284601A9E6
:40B6C000062200F009FD2846FFF73AFF04B070BDF7B5847806460F4620460121FFF75FFF204600F011FC304609210022FFF7A4FF8DF8070028BBF6680546012220460DF12C
:40B70000060100F0CDFC9DF80630FE2B06D0FC2B04D00135ADB2B542EFD112E00DF1070520463946102200F0BBFC29462046012200F0B6FC29462046012200F0B1FC00252A
:40B7400000E0FF25204600F0F3FB20460121FFF726FF2846FEBD00002DE9F04F9B46494B89B003EB800305925C684A02029103924FF00309029AA578E678039B2846022ED4
:40B7800008BF13461E4600F0D3FB01212846FFF706FFBBF1010F0CBF4FF0110A4FF0120A284600F0B1FB204651463246FFF744FF002851D1059F5E46A378E268B446049241
:40B7C0004FF000081E460FE0012230460DF11F01CDF804C000F064FC9DF81F20DDF804C0FE2A05D008F10108049B9845ECD333E0284639464FF40072664600F051FC0222B6
:40B80000284607A900F04CFC9DF81C30384601939DF81D80FFF7ECFE4FF6FF729042019B0CD048EA0328404508D0BAF1120F13D120460C210022FFF7FFFE0DE0013E02D09D
:40B8400007F50077B8E7BAF1120F07D120460C213246FFF7F1FE01E04FF0FF36284600F067FB28460121FFF79AFE3EB1B9F1000F02D009F1FF397DE74FF0FF36304609B03C
:40B88000BDE8F08F449CFF1F2DE9F04F99464C4B87B0029203EB80039DF840205D68009103926B78002B40F085804B0201930327009BAC78EE78019A2046022E08BF1A46B4
:40B8C000164600F035FB01212046FFF768FEB9F1010F0CBF4FF0180A4FF0190A204600F013FB284651463246FFF7A6FE8DF81700002850D120460121FFF751FE029ECB46C2
:40B90000B8463046FFF774FE0DF11707BAF1180F0CBFFE23FC2301228DF817308DF81500030A394620468DF8143000F0D5FB204631464FF4007200F0CFFB0222204605A9AA
:40B9400000F0CAFB01222046394600F0A9FB9DF8173003F01F03052B1CD12846FFF70CFEC0B9039A0AB906F50076BBF1010BC8D1BAF1190F474611D106A96FF002032046A4
:40B9800001F8013D012200F0A7FB2846FFF7F4FD20B100E047464FF0FF3600E00026204600F0C6FA20460121FFF7F9FD26B10FB1013F7DE74FF0FF36304607B0BDE8F08F04
:40B9C000449CFF1F2DE9F04F877887B0044638460D4600F099FA20463A210022FFF72CFE064638B1384600F0A3FA38460121FFF7D6FD58E00DF1140804224146384600F007
:40BA00004FFB4046FDF742FA8046384600F090FA01213846FFF7C3FDB8F1000F28F07F02B8BF4FEA987BD2B240F272634FEA1828B8BF0BF0010B1FFA88F8002A14BF1A4666
:40BA40000022012111EA080F05D10136F6B24900102E89B2F6D140F27260824233460DD06422724302F5FA6208E011EA080F07D049000133013689B2DBB2F6B20F2EF4D987
:40BA800064214B434FF6FE7103F5FA6302EA01014FF6FC72384603EA020200F0B5FA10F0FF0F40F099804FF0FF3092E028467E217F22FFF7A7FD8246EB78DFF82C8103F09A
:40BAC000030203F0780308EBD30358F822101B7C3846594389B200F053FA0646002877D06B7803F00702DB1003F00F0308EB82024344126A93F810800292B8F1000F67D0BD
:40BB0000A978284603911C221A21FFF77BFD0190BAF1000F1FD1502153222846FFF772FD4FF0010909FA00F92F2131222846FFF769FD1FFA89F982463E21284649224FEA81
:40BB40005929FFF75FFD0AF1020A09FA0AF9013000FB09F910E0BAF1010F01D0012038E0284630214522FFF74DFD4FEA8029BBF1000F01D00223E37008FB06F2029B039981
:40BB8000B2FBF3F2642303FB01225A437343D208DB089A4294BFE260E360FA235E43019BF6089A400C21B24294BF2261266128460D22FFF727FD0546384600F0CDF94FF45E
:40BBC000007128436070A180C4F80890002000E0FF2007B0BDE8F08FE378A778012B3FF465AF4FF0000A67E7F4810100F0B5857887B004464FF4C871284600F0C1F9B0F5D4
:40BC0000C87F00F2CC804CF25033E3600026284600F08EF90A212846FFF7C1FC624B93E8030001902846ADF8081000F06DF9062201A9284600F050FA2846FFF781FC07463F
:40BC4000284600F075F901212846FFF7A8FC17F0010F03D10136052ED9D1A0E0284600F053F9082120464FF4D572FFF7E5FC10F0040F52D0284600F05BF9A5784FF4FA660E
:40BC8000284600F041F9002237212046FFF7D4FC28460121FFF783FC292100222046FFF7CBFC0746284600F043F928460121FFF776FC17B90123E3701EE017F0040F01D1A2
:40BCC000013EDDD14FF4FA66284600F01DF9012100222046FFF7B0FC0746284600F028F928460121FFF75BFC0FB9E77004E0012F55D1013EE8D152E001AD20462946FFF74F
:40BD0000E7FC00284BD120462946FFF75BFEC0B2002844D10123237043E00422A07805A900F0BEF9284600F003F99DF81730AA2B35D19DF8163003F00F03012B2FD1A57862
:40BD40004FF4FA66284600F0DFF8002237212046FFF772FC28460121FFF721FC29214FF080422046FFF768FC0746284600F0E0F828460121FFF713FC0FB1013EE2D101AE80
:40BD800020463146FFF7A4FC48B90125E57020463146FFF717FEC0B208B9257001E04FF0FF3007B0F0BD00BF3482010010B5084B03EB80035C6823783BB9FFF7BFFB20B15E
:40BDC0002046BDE81040FFF711BF4FF0FF3010BD449CFF1F38B51D46154BA1F57B7103EB80035C68072918D8DFE801F00A17171704041719204600211422FEF779FF0CE00D
:40BE0000237833B92046FFF7F1FE10B14FF0FF3038BDA3882B81A3686B60002038BD2046FDF77EF8024B00201A68013A1A6038BD449CFF1F80B582B000AF0346FB71FB79A4
:40BE4000002B11D1154B1B78002B1FD1134B01221A7000F075F901213B2000F08BF900F055F9FCF743FF11E00C4B1B78002B0FD10A4B01221A7000F063F901213B2000F039
:40BE800079F900F043F9FCF731FF01E000BF00E000BF00BF0837BD4680BD00BF589CFF1F80B584B000AF03460A46FB711346BB71FB79002B11D1BB791846FCF785FF00BF88
:40BEC000FCF766FF034603F00103DBB2002BF7D0FCF794FF0346FB7311E0BB791846FCF773FF00BFFCF754FF034603F00103DBB2002BF7D0FCF782FF0346FB7300BFFB7BE2
:40BF000018461037BD4680BD80B582B000AF0346FB71FB79002B03D10020FBF799F803E00020FBF795F800BF00BF0837BD4680BD80B582B000AF0346FB71FB79002B03D17E
:40BF40000120FBF785F803E00120FBF781F800BF00BF0837BD4680BD80B485B000AF0346FB71FB79002B02D10023FB6002E00023FB6000BFFB6818461437BD4680BC7047E7
:40BF800080B584B000AF03460A46FB711346BB80BB88B3F5C87F03D24FF4C873BB8006E0BB88B3F57A6F02D94FF47A63BB80BB885B00FB81FB8945F6C052B2FBF3F39BB255
:40BFC000BB60FB79002B0CD100F0BAF8BB689BB2013B9BB20121184600F0CCF800F096F80CE000F0ADF8BB689BB2013B9BB20121184600F0BFF800F089F800BFBB881846EB
:40C000001037BD4680BD00BF80B485B000AF0346FB710B46BB8013467B80FB790033032B0FD8BB8840F6E442934207D87B8840F6E342934202D90123FB6012E00023FB6001
:40C040000FE0BB8840F6E442934207D87B8840F6E342934202D90123FB6001E00023FB6000BFFB6818461437BD4680BC704700BF80B584B000AF0346FB71FB791846FFF77D
:40C08000D9FEFB790033032B02D80223FB6002E00223FB6000BFFB6818461037BD4680BD90B585B000AF0346B9607A60FB73BC68631CBB60FB7BFF211846FFF7F1FE03465E
:40C0C00023707B68013B7B607B68002BEFD100BF1437BD4690BD00BF80B584B000AF0346B9607A60FB73BB685A1CBA601A78FB7B11461846FFF7D4FE7B68013B7B607B68F5
:40C10000002BF0D100BF1037BD4680BD80B400AF094A094B1B78DBB243F00103DBB21370064A064B1B78DBB243F00103DBB2137000BFBD4680BC7047A2430040B2430040C5
:40C1400080B400AF094A094B1B78DBB223F00103DBB21370064A064B1B78DBB223F00103DBB2137000BFBD4680BC7047A2430040B243004080B584B000AF03460A46FB80CB
:40C1800013467B7100F0B4F80346FB7300F0A4F80346BB81FA88BB899A4200F08880464B1B78DBB203F00103FB72FB7B002B20D1BB89002B02D0FB88002B1AD1BB89002B4C
:40C1C0000BD13E4AFB8813803D4A3D4B1B78DBB223F04003DBB2137069E0394A384B1B78DBB243F04003DBB21370344AFB8813805DE0FB7A002B33D0324B00221A70324B21
:40C2000001221A70314B00221A70314A304B1B78DBB203F07F03DBB21370294B1B78DBB203F00803002B02D0FB88002B18D1294ABB891380234B07221A7000BF214B1B783F
:40C24000DBB203F00103002BF8D11B4A1A4B1B78DBB223F00103DBB213701A4B00221A70154B1B78DBB203F00103002B13D0194AFB881380134A7B79002B01D0032300E0D3
:40C280000123137000BF0F4B1B78DBB203F00103002BF8D10BE0094AFB8813800649064B1B78DAB2FB7A1343DBB20B70FFE700BF1037BD4680BD00BFA243004080400040BD
:40C2C00082400040014000401040004014400040084000400240004080B400AF034B1B889BB21846BD4680BC704700BF8040004080B400AF044B1B78DBB203F00703DBB27D
:40C300001846BD4680BC70478240004081F0004102E000BF83F0004330B54FEA41044FEA430594EA050F08BF90EA020F1FBF54EA000C55EA020C7FEA645C7FEA655C00F01E
:40C34000E2804FEA5454D4EB5555B8BF6D420CDD2C4480EA020281EA030382EA000083EA010180EA020281EA0303362D88BF30BD11F0004F4FEA01314FF4801C4CEA113150
:40C3800002D0404261EB410113F0004F4FEA03334CEA133302D0524263EB430394EA050F00F0A780A4F10104D5F1200E0DDB02FA0EFC22FA05F2801841F1000103FA0EF264
:40C3C000801843FA05F359410EE0A5F120050EF1200E012A03FA0EFC28BF4CF0020C43FA05F3C01851EBE37101F0004507D54FF0000EDCF1000C7EEB00006EEB0101B1F55E
:40C40000801F1BD3B1F5001F0CD349085FEA30004FEA3C0C04F101044FEA445212F5800F80F09A80BCF1004F08BF5FEA500C50F1000041EB045141EA050130BD5FEA4C0CAE
:40C44000404141EB010111F4801FA4F10104E9D191F0000F04BF01460020B1FA81F308BF2033A3F10B03B3F120020CDA0C3208DD02F1140CC2F10C0201FA0CF021FA02F1D8
:40C480000CE002F11402D8BFC2F1200C01FA02F120FA0CFCDCBF41EA0C019040E41AA2BF01EB0451294330BD6FEA04041F3C1CDA0C340EDC04F11404C4F1200220FA04F097
:40C4C00001FA02F340EA030021FA04F345EA030130BDC4F10C04C4F1200220FA02F001FA04F340EA0300294630BD21FA04F0294630BD94F0000F83F4801306BF81F48011F7
:40C500000134013D4EE77FEA645C18BF7FEA655C29D094EA050F08BF90EA020F05D054EA000C04BF1946104630BD91EA030F1EBF0021002030BD5FEA545C05D14000494197
:40C5400028BF41F0004130BD14F580043CBF01F5801130BD01F0004545F0FE4141F470014FF0000030BD7FEA645C1ABF194610467FEA655C1CBF0B46024650EA013406BF74
:40C5800052EA033591EA030F41F4002130BD00BF90F0000F04BF0021704730B54FF4806404F132044FF000054FF0000150E700BF90F0000F04BF0021704730B54FF4806467
:40C5C00004F1320410F0004548BF40424FF000013EE700BF42004FEAE2014FEA31014FEA02701FBF12F07F4393F07F4F81F06051704792F0000F14BF93F07F4F704730B58D
:40C600004FF4607401F0004521F0004120E700BF50EA010208BF704730B54FF000050AE050EA010208BF704730B511F0004502D5404261EB41014FF4806404F132045FEA5F
:40C64000915C3FF4DCAE4FF003025FEADC0C18BF03325FEADC0C18BF033202EBDC02C2F1200300FA03FC20FA02F001FA03FE40EA0E0021FA02F11444C1E600BF70B54FF048
:40C68000FF0C4CF4E06C1CEA11541DBF1CEA135594EA0C0F95EA0C0F00F0DEF82C4481EA030621EA4C5123EA4C5350EA013518BF52EA033541F4801143F4801338D0A0FB0F
:40C6C00002CE4FF00005E1FB02E506F00042E0FB03E54FF00006E1FB03569CF0000F18BF4EF0010EA4F1FF04B6F5007F64F5407404D25FEA4E0E6D4146EB060642EAC621E7
:40C7000041EA55514FEAC52040EA5E504FEACE2EB4F1FD0C88BFBCF5E06F1ED8BEF1004F08BF5FEA500E50F1000041EB045170BD06F0004646EA010140EA020081EA0301AE
:40C74000B4EB5C04C2BFD4EB0C0541EA045170BD41F480114FF0000E013C00F3AB8014F1360FDEBF002001F0004170BDC4F10004203C35DA0C341BDC04F11404C4F12005A6
:40C7800000FA05F320FA04F001FA05F240EA020001F0004221F0004110EBD37021FA04F642EB06015EEA430E08BF20EAD37070BDC4F10C04C4F1200500FA04F320FA05F0D6
:40C7C00001FA04F240EA020001F0004110EBD37041F100015EEA430E08BF20EAD37070BDC4F1200500FA05F24EEA020E20FA04F301FA05F243EA020321FA04F001F0004116
:40C8000021FA04F220EA020000EBD3705EEA430E08BF20EAD37070BD94F0000F0FD101F00046400041EB010111F4801F08BF013CF7D041EA060195F0000F18BF704703F005
:40C840000046520043EB030313F4801F08BF013DF7D043EA0603704794EA0C0F0CEA135518BF95EA0C0F0CD050EA410618BF52EA4306D1D181EA030101F000414FF00000EA
:40C8800070BD50EA410606BF1046194652EA430619D094EA0C0F02D150EA013613D195EA0C0F05D152EA03361CBF104619460AD181EA030101F0004141F0FE4141F470011A
:40C8C0004FF0000070BD41F0FE4141F4780170BD70B54FF0FF0C4CF4E06C1CEA11541DBF1CEA135594EA0C0F95EA0C0F00F0A7F8A4EB050481EA030E52EA03354FEA01311C
:40C9000000F088804FEA03334FF0805545EA131343EA12634FEA022245EA111545EA10654FEA00260EF000419D4208BF964244F1FD0404F5407402D25B084FEA3202B61ABC
:40C9400065EB03055B084FEA32024FF480104FF4002CB6EB020E75EB030E22BFB61A754640EA0C005B084FEA3202B6EB020E75EB030E22BFB61A754640EA5C005B084FEA09
:40C980003202B6EB020E75EB030E22BFB61A754640EA9C005B084FEA3202B6EB020E75EB030E22BFB61A754640EADC0055EA060E18D04FEA051545EA16754FEA06164FEAB5
:40C9C000C30343EA52734FEAC2025FEA1C1CC0D111F4801F0BD141EA00014FF000004FF0004CB6E711F4801F04BF01430020B4F1FD0C88BFBCF5E06F3FF6AFAEB5EB030C5C
:40CA000004BFB6EB020C5FEA500C50F1000041EB045170BD0EF0004E4EEA113114EB5C04C2BFD4EB0C0541EA045170BD41F480114FF0000E013C90E645EA060E8DE60CEA5B
:40CA4000135594EA0C0F08BF95EA0C0F3FF43BAF94EA0C0F0AD150EA01347FF434AF95EA0C0F7FF425AF104619462CE795EA0C0F06D152EA03353FF4FDAE1046194622E7D4
:40CA800050EA410618BF52EA43067FF4C5AE50EA41047FF40DAF52EA43057FF4EBAE12E74FF0FF3C06E000BF4FF0010C02E000BF4FF0010C4DF804CD4FEA410C7FEA6C5C57
:40CAC0004FEA430C18BF7FEA6C5C1BD001B050EA410C0CBF52EA430C91EA030F02BF90EA020F0020704710F1000F91EA030F58BF994208BF90422CBFD8176FEAE37040F09F
:40CB0000010070474FEA410C7FEA6C5C02D150EA013C07D14FEA430C7FEA6C5CD6D152EA033CD3D05DF8040B704700BF8446104662468C461946634600E000BF01B5FFF71F
:40CB4000B7FF002848BF10F1000F01BD4DF808EDFFF7F4FF0CBF012000205DF808FB00BF4DF808EDFFF7EAFF34BF012000205DF808FB00BF4DF808EDFFF7E0FF94BF0120D5
:40CB800000205DF808FB00BF4DF808EDFFF7CEFF94BF012000205DF808FB00BF4DF808EDFFF7C4FF34BF012000205DF808FB00BF4FEA410C7FEA6C5C02D150EA013C0AD17C
:40CBC0004FEA430C7FEA6C5C02D152EA033C02D14FF0000070474FF0010070474FEA410212F5001215D211D56FF47873B3EB625212D94FEAC12343F0004343EA505311F01D
:40CC0000004F23FA02F018BF404270474FF00000704750EA013005D111F0004008BF6FF0004070474FF00000704700BF4FEA4102B2F1E04324BFB3F5001CDCF1FE5C0DD946
:40CC400001F0004C4FEAC0024CEA5070B2F1004F40EB830008BF20F00100704711F0804F21D113F13872BCBF01F00040704741F480114FEA5252C2F11802C2F1200C10FA2B
:40CC80000CF320FA02F018BF40F001004FEAC1234FEAD32303FA0CFC40EA0C0023FA02F34FEA4303CCE77FEA625307D150EA01331EBF4FF0FE4040F44000704701F000407C
:40CCC00040F0FE4040F40000704700BF80F0004002E000BF81F0004142001FBF5FEA410392EA030F7FEA226C7FEA236C6AD04FEA1262D2EB1363C1BFD218414048404140E1
:40CD0000B8BF5B42192B88BF704710F0004F40F4000020F07F4018BF404211F0004F41F4000121F07F4118BF494292EA030F3FD0A2F1010241FA03FC10EB0C00C3F12003EE
:40CD400001FA03F100F0004302D5494260EB4000B0F5000F13D3B0F1807F06D340084FEA310102F10102FE2A51D2B1F1004F40EBC25008BF20F0010040EA0300704749006A
:40CD800040EB000010F4000FA2F10102EDD1B0FA80FCACF1080CB2EB0C0200FA0CF0AABF00EBC25052421843BCBFD0401843704792F0000F81F4000106BF80F40000013204
:40CDC000013BB5E74FEA41037FEA226C18BF7FEA236C21D092EA030F04D092F0000F08BF0846704790EA010F1CBF0020704712F07F4F04D1400028BF40F00040704712F136
:40CE000000723CBF00F50000704700F0004343F0FE4040F4000070477FEA226216BF08467FEA23630146420206BF5FEA412390EA010F40F4800070474FF0000304E000BF74
:40CE400010F0004348BF40425FEA000C08BF704743F0964301464FF000001CE050EA010208BF70474FF000030AE000BF50EA010208BF704711F0004302D5404261EB4101F9
:40CE80005FEA010C02BF84460146002043F0B64308BFA3F18053A3F50003BCFA8CF2083AA3EBC25310DB01FA02FC634400FA02FCC2F12002BCF1004F20FA02F243EB02008A
:40CEC00008BF20F00100704702F1200201FA02FCC2F1200250EA4C0021FA02F243EB020008BF20EADC7070474FF0FF0C1CEAD0521EBF1CEAD15392EA0C0F93EA0C0F6FD040
:40CF00001A4480EA010C400218BF5FEA41211ED04FF0006343EA501043EA5111A0FB01310CF00040B1F5000F3EBF490041EAD3715B0040EA010062F17F02FD2A1DD8B3F11F
:40CF4000004F40EBC25008BF20F00100704790F0000F0CF0004C08BF49024CEA502040EA51207F3AC2BFD2F1FF0340EAC250704740F400004FF00003013A5DDC12F1190F65
:40CF8000DCBF00F000407047C2F10002410021FA02F1C2F1200200FA02FC5FEA310040F1000053EA4C0308BF20EADC70704792F0000F00F0004C02BF400010F4000F013AF7
:40CFC000F9D040EA0C0093F0000F01F0004C02BF490011F4000F013BF9D041EA0C018FE70CEAD15392EA0C0F18BF93EA0C0F0AD030F0004C18BF31F0004CD8D180EA0100D4
:40D0000000F00040704790F0000F17BF90F0004F084691F0000F91F0004F14D092EA0C0F01D142020FD193EA0C0F03D14B0218BF084608D180EA010000F0004040F0FE40F6
:40D0400040F40000704740F0FE4040F4400070474FF0FF0C1CEAD0521EBF1CEAD15392EA0C0F93EA0C0F69D0A2EB030280EA010C49024FEA402037D04FF0805343EA1111F6
:40D0800043EA10130CF000408B4238BF5B0042F17D024FF4000C8B4224BF5B1A40EA0C00B3EB510F24BFA3EB510340EA5C00B3EB910F24BFA3EB910340EA9C00B3EBD10F99
:40D0C00024BFA3EBD10340EADC001B0118BF5FEA1C1CE0D1FD2A3FF650AF8B4240EBC25008BF20F0010070470CF0004C4CEA50207F32C2BFD2F1FF0340EAC250704740F4C0
:40D1000000004FF00003013A37E792F0000F00F0004C02BF400010F4000F013AF9D040EA0C0093F0000F01F0004C02BF490011F4000F013BF9D041EA0C0195E70CEAD15379
:40D1400092EA0C0F08D142027FF47DAF93EA0C0F7FF470AF084676E793EA0C0F04D14B023FF44CAF08466EE730F0004C18BF31F0004CCAD130F000427FF45CAF31F000436D
:40D180007FF43CAF5FE700BF4FF0FF3C06E000BF4FF0010C02E000BF4FF0010C4DF804CD4FEA40024FEA41037FEA226C18BF7FEA236C11D001B052EA530C18BF90EA010F52
:40D1C00058BFB2EB030088BFC81738BF6FEAE17018BF40F0010070477FEA226C02D15FEA402C05D17FEA236CE4D15FEA412CE1D05DF8040B704700BF844608466146FFE70A
:40D200000FB5FFF7C9FF002848BF10F1000F0FBD4DF808EDFFF7F4FF0CBF012000205DF808FB00BF4DF808EDFFF7EAFF34BF012000205DF808FB00BF4DF808EDFFF7E0FFA8
:40D2400094BF012000205DF808FB00BF4DF808EDFFF7D2FF94BF012000205DF808FB00BF4DF808EDFFF7C8FF34BF012000205DF808FB00BF0A22002101F0DEBA014B186873
:40D28000704700BF5885FF1F024B19687C3100F003B800BF5885FF1F0068624B2DE9F04783FB0043C217604C0344C2EB234304FB130EBEF1000FC0F2AB8003F52F2303F61D
:40D2C0006C235A4A40F26D1782FB03024FEAE37C5748CCEBE23C00FB0C38564D4FEA9802A5FB0205544808EBD525A0FB0242534EA5EBD2144FEA1812A6FB0252A4EB1212D1
:40D300004F4C504EA4FB02544F4D0333A5FB029508EBD5389508A0FB0550121B04EB5202A8EBD010120A07FB1200484D00EB80040234A5FB0454464D83FB066785FB0E5682
:40D3400006EB0E054FEAEE76C6EBE5264FF4616505FB16EE3F4DE4091F4485FB0E59DD17C5EBA70704EBC40505EB0515DFF8ECA0C7EBC7070235DB1BAAFB05A54FF4C8778B
:40D3800007FB0C2C092CF1444FEAEE778CBF6FF009084FF00208C7EB69178B61431C4444A3EB9505C7EB0713AEEB8303012C98BF0CF1010CB0F5997F8E6081E8880024D2EF
:40D3C000930717D0244B4FF4C876A3FB0273DB0906FB1322B2FA82F252093B300244ACF26C73002008624B61CA610C61CD600846BDE8F087184B6426A3FB02735B0906FB1C
:40D400001323002BDED00122E7E7A0F59972E6E70EF5A83E03F52F230EF5C07E03F66B234FE700BF07452EC280510100BD066B394FC5FDFF7F206B39D97CC65941D67200CA
:40D4400061F31967932449921F2BD3E5D7802BD6C5B3A291898888881F85EB51CDCCCCCC70B50F4E0F4D761BB61018BF002405D0013455F8043B9847A642F9D10A4E0B4D08
:40D480000BF0ACF9761BB61018BF002406D0013455F8043B9847A642F9D170BD70BD00BFE8870100E8870100F4870100E8870100931E222B10D80A2A10B506D000230C4643
:40D4C000194403F02FFF204610BD0028F6DA2D230B7040420123F2E700200870704700BFFFF7E6BF032A70B426D940EA01039B0711D004780D78AC4222D10244431C05E023
:40D5000013F8014B11F8015FAC4219D19342F7D1002070BC70470C4603461E6825681846AE42214603F1040304F10404E1D1043A032A18462146F0D8002ADAD11046E8E7B4
:40D54000601B70BC704700BF844641EA000313F0030349D1403A23D30B6803604B6843608B688360CB68C3600B6903614B6943618B698361CB69C3610B6A03624B6A436217
:40D580008B6A8362CB6AC3620B6B03634B6B43638B6B8363CB6BC36340304031403ADBD230320BD30B6803604B6843608B688360CB68C36010301031103AF3D20C3205D381
:40D5C00051F8043B40F8043B043AF9D2043208D0D2071CBF11F8013B00F8013B01D30B8803806046704700BF082A13D38B07B1D010F00303AED0C3F10403D21ADB071CBFCF
:40D6000011F8013B00F8013BA4D331F8023B20F8023B9FE7043AD9D3013A11F8013B00F8013BF9D20B7803704B7843708B7883706046704770B4840746D0541E002A41D01F
:40D64000CDB2034602E0621EE4B3144603F8015B9A07F8D1032C2ED9CDB245EA05250F2C45EA054519D9264603F11002103E0F2E42F8105C42F80C5C42F8085C42F8045C9D
:40D6800002F11002F2D8A4F1100222F00F0204F00F041032032C13440DD91E462246043A032A46F8045BFAD8221F22F003020432134404F003042CB1C9B21C4403F8011BC7
:40D6C000A342FBD170BC704714460346C2E700BF2DE9F043016883B03B29044600F2BA8041683B2900F2A980A168172900F2988021690B2900F2878063699F073ED1744D58
:40D70000DA1785FB03076426C2EB671206FB1232002A72D103F26C7385FB0325DA17C2EBE5154FF4C87202FB1533002B0CBF1D261C26E368002B25DD664FDFF894C14FF023
:40D74000000E4FF064084FF4C8794A1C07EB81000BE005689D42A3EB050336DA0C2AE360226135D00131013204300129F1D19E42A3EB060329DAE3602261F3E7E3681C2689
:40D78000002BD9DC5348524D64274FF4C87E07E001290CBF324650F821201344002B12DC11F1FF31F4D261694A1E9607626126D185FB026CD617C6EB6C1607FB1622002AFB
:40D7C00055D01D261CE02161E36003B0BDE8F0836169C4F810E04A1C9007626102D01C260021B2E78CFB0205D017C0EB651008FB1022002A49D01D26F2E71D2699E71C2603
:40D800000B211F22C9E70C22684603F023FE6269009B019913440029636153DB21616CE71822684603F016FEE168009B019A0B44002AE36041DBA2605AE73C22684603F00C
:40D8400009FEA3680099019A1944002AA1602FDB62604AE73C22684603F0FCFD6168009B019A1944002A61601DDB226039E701F26B7185FB0126CA17C2EBE6120EFB1211DC
:40D88000002914BF1C261D26BAE701F26D718CFB0120CA17C2EBE01209FB1211002914BF1C261D269CE73C3201392260616018E73C3201396260A16017E71832013BA26047
:40D8C000E36015E70C31013B2161636115E700BF1F85EB51988201002DE9F84F064604F0EBFD80463046FFF7F3FEC64C356973683168F26854F82540C3EB0313B06801EBD5
:40D9000083034FF4616E013A012D0EFB003E1444756902DDAF0700F0C18044F6206205F51C5310339342F46100F26381462D00F38C8053D0452D00F0348140F26D1AB24FD5
:40D9400045234FF0640C4FF4C8791BE087FB031BC2EB6B120CFB123203F26C70C117002A40F0C78087FB00B2C1EBE21109FB1100002814BF52464FF4B772013BAB42A4EB13
:40D9800002040AD099074FEAE372DFD040F26D12013BAB42A4EB0204F4D1AF0740F00181994AEB1782FB0501C3EB6113642101FB1353002B40F0078105F26C7082FB001258
:40D9C000C117C1EBE2124FF4C87101FB1202002A40F26D1308BF4FF4B773E41A8B4800FB04E903F001FB03F003FB894B1F68002F00F08280376A7069D8F80430012F00F25E
:40DA00006C70A8BF0127984257D003F025FA002853D1012F40F0D380D8F83C1009EB0105012703F0E3FA7B48043484FB0001E3176218C3EBA203C3EBC303E31A48BF073367
:40DA40003762B3612846BDE8F88F40F26D1A6E4F46234FF0640C4FF4C87918E087FB031BC2EB6B120CFB123203F26C70C1170ABB87FB00B2C1EBE21109FB1100002814BFEF
:40DA800052464FF4B7720133AB421444A6D098074FEAE372E2D040F26D12F4E75A4AEB1782FB0501C3EB6113642101FB135343B3013432E74FF4B772E5E7D8F82020D8F87A
:40DAC0003830D8F83C10C2EB030CE145104602DB5B1A99459DDBD8F81C30C1EB030ED8F80030EBB1F1455FDA002F80F2C180002704E04FF4B77240E7D8F8200009EB000575
:40DB00008FE705F26C7182FB0132CB17C3EBE2124FF4C87303FB1212002A7FF4FEAEC7E7F14541DB002FFFF679AF7FF477AF511A33688944194431603046F768FFF7C8FD48
:40DB4000F368DB1B3FF468AF0127012B40F383804FF0FF33F2691C449B185DD4AA074ED12948EA1780FB05E1C2EB6112642101FB1252002A73D105F26C7580FB0501E81702
:40DB8000C0EBE1104FF4C87101FB1051002940F26D1208BF4FF4B7729A42D8BF9B1AF36137E740F26D1318E7E145ACBF00230123002F02DB5F40012F08D01F4629E7D8F8C8
:40DBC000202010469AE74FF4B77306E7511A002BAED13368C1EB0909591A31603046F768FFF776FDF368DB1B07D1D8F820001F4684E74FF0FF30BDE8F88F0027A5E740F29C
:40DC00006D12C9E7688201001F85EB5180510100789CFF1F93244992681E810722D11849C21781FB00E3C2EB6312642303FB1203DBB905F26B7581FB0512E917C1EBE21161
:40DC40004FF4C87202FB1152002A40F26D1318BF4FF4B673A3E7981CD8BF01237AE74FF4B77299E74FF4B67399E740F26D1396E7012F02D00027104640E7511AA9E700BFE7
:40DC80001F85EB510CB4F0B5234B00299DB01D683CDB4FF402730C4602900690ADF814304FF6FF7723AE15D04C1E229A334602A9284604940794ADF81670019600F0C8FDB1
:40DCC000421C19DB029B00221A701DB0BDE8F04002B070473346229A02A9284604940794ADF81670019600F0B3FD431C07DB1DB0BDE8F04002B070478B232B60E2E78B239F
:40DD00002B601DB0BDE8F04002B070478B232B604FF0FF30EBE700BF5885FF1F0EB4F0B59CB021AC4FF4017254F8045BADF814200290069000F0E4F94FF6FF7E06460B4909
:40DD40000B4F2A4623460025086802A9019403960796ADF816E00A970E95139502F026F91CB0BDE8F04003B0704700BF5885FF1F75DD000000207047830710B5044610D165
:40DD80000268A2F1013323EA020313F0803F08D150F8042FA2F1013323EA020313F0803FF6D003781BB110F8013F002BFBD100F049F9204610BD00BF70B411F0FF0434D0D3
:40DDC00085070FD00378002B5AD09C422BD0431C05E013F8012B002A4FD0944223D09A071846F6D10E0206F47F462643036846EA064601E050F8043F86EA0305A5F10132F0
:40DE0000A3F1013122EA050221EA0303134313F0803FEFD0037823B932E010F8013F002B2ED09C42F9D170BC704784070BD00378002BF8D0431C03E002780133002AF2D00C
:40DE400099071846F8D10268A2F1013323EA020313F0803F08D150F8042FA2F1013323EA020313F0803FF6D00378002BDBD010F8013F002BFBD170BC7047104670BC704775
:40DE8000184670BC704700BF80EA010C1CF0030F37D110F0030C20F0030021F0030150F8042B08BF51F8043B0ED08CF0030C6FF07F434FEACC0C23FA0CFC51F8043B42EA54
:40DEC0000C0243EA0C0300BFA2F1013C9A4201BF2CEA020C1CF0803F50F8042B51F8043BF2D04FEA02604FEA1222012828BFB0EB036F08BF1B0AF4D003F0FF03000EC01A4B
:40DF0000704710F0030F0AD010F8012B11F8013B012A28BF9A42F4D0A2EB030070474DF8045D50F8042B01F0030521F0030151F8043B022D26D04DD822F07F45B5EB132F17
:40DF4000A2F1013C2CEA020C0DD11CF0803C08BF51F8043B0AD185EA0205B5EB036F0CD150F8042BE8E74FEA13235BE03CF07F4C54D10B784FEA126554E04FEA126503F062
:40DF8000FF034FE04FEA0245A2F1013C4FEA15452CEA020CB5EB134F18D11CF0803C08BF51F8043B07D185EA0205B5EB034F09D150F8042BE6E75FEA0C4C2FD10B884FEA5C
:40DFC00012452FE04FEA03434FEA12454FEA134328E000BF02F0FF05B5EB136FA2F1013C2CEA020C0DD11CF0803C08BF51F8043B0AD185EA0205B5EB032F0AD150F8042BE0
:40E00000E8E74FEA13630DE012F0FF0F06D051F8043B4FEA122523F07F4303E04FF0000020BC704705F0FF0203F0FF00012828BF904204BF2D0A1B0AF4D0A2EB000020BCF7
:40E04000704700BF80EA0102844612F0030F4FD111F0030F32D14DF8044D11F0040F51F8043B0BD0A3F101329A4312F0803F04BF4CF8043B51F8043B16D100BF51F8044B2B
:40E08000A3F101329A4312F0803FA4F101320BD14CF8043BA24312F0803F04BF51F8043B4CF8044BEAD023460CF8013B13F0FF0F4FEA3323F8D15DF8044B704711F0010F18
:40E0C00006D011F8012B0CF8012B002A08BF704711F0020FBFD031F8022B12F0FF0F16BF2CF8022B8CF8002012F47F4FB3D1704711F8012B0CF8012B002AF9D1704700BF8E
:40E1000020F0030110F00300C0F1000051F8043B00F1040C4FEACC0C6FF000021CBF22FA0CF213434FF0010C4CEA0C2C4CEA0C4CA3EB0C0222EA030212EACC1204BF51F8F6
:40E14000043B0430F4D0C2F1000102EA0102B2FA82F2C2F11F0200EBD200704740EA01039B0770B42BD1032A29D90C460346214654F8046BA6F1013525EA060515F0803FD6
:40E1800006D1043A032A43F8046B2146EFD8A2B10C78013A1C70013101333CB16AB111F8014B013A03F8014B002CF7D12AB11A44002103F8011B9A42FBD170BC7047034629
:40E1C000E5E700BF2DE9F0414FF0010E744600254FF0FF362B198B4200EB06070DD23F5D10F803C0BC452DD21D460124C6EB030E2B198B4200EB0607F1D34FF00108444674
:40E20000C2F800E000254FF0FF372B19994200EB070E0ED91EF804E010F803C0F44518D91D460124C7EB03082B19994200EB070EF0D80137701C874224BF3846C2F8008061
:40E24000BDE8F0810CD04FF0010E2E4674467544C0E70CD04FF001082F4644464544D4E7744509BFA64601341D460124B2E7444509BFA04601341D460124C6E72DE9F04FB0
:40E28000ADF2144D164605468B461046194603AA1C46FFF797FF814603AB0DF20C4243F8044F9342FBD14CB13246631E04A812F8011B40F8213013F1FF33F8D203994A4628
:40E2C00031443046FFF70EF9002871D109F1FF330093F3188246019323468046544658469A4608EB0A073A1A0021284404F004FC002858D1002F56D0EB1913F8012C04ABF5
:40E3000053F822304BB124B1039A934201D2C2EB0A03984400243846E3E74C45234638BF4B460AF1FF3E734513D208EB0302A85C16F803C02A44844506EB030106D02EE0F4
:40E3400011F801CF12F8010F844528D101337345F6D34C45009980F08B80009B019808EB0302AB5C00782A44984240F08180019B06EB040B06E013F801ED12F8010D86450C
:40E3800004D161469B4501F1FF3CF4D101348C4270D8039C3846A044C4EB0A04A1E7C9F101029044B5E700200DF2144DBDE8F08FC9EB04034B4538BF4B4609F1FF38013375
:40E3C000039306EB08035846CB4699464FF0000A0AEB04073A1A0021284404F08DFB0028E1D1002FDFD0EB1913F8012C04AB53F82230A3BB601E834515D20AEB0B0215F87D
:40E4000002E016F80B302A449E4506EB0B015B4606D027E011F801CF12F801EFF44521D101338342F6D3B8F1FF3F11D00AEB0802AB5C99F800102A4499420FD14B4605E017
:40E4400013F8010D12F8011D884207D1B342F7D105EB0A000DF2144DBDE8F08F039B9A443846B5E7CBF1010292449A443846AFE749468BE705EB080096E700BF0378002B86
:40E4800000F004812DE9F04F91F8008085B04446B8F1000F16D0864601F1010C012704E0624612F8014B64B194469C4214BF002707F001071EF8013F002BF1D19CF800308A
:40E4C0000BBB17B105B0BDE8F08F0E46054641460130C6EB0C04FFF76FFC074698B1012CF0D02819874294BFC7EB000B4FF0010B1F2C0CD92346324659463846FFF7BEFE74
:40E5000005B0BDE8F08F002005B0BDE8F08F03AA21463046FFF756FE03998046024631443046FEF7DFFF002858D181460546B246584608F1FF330193F31800936619321AAC
:40E540000021384404F0D8FA0028DCD1002EDAD0C845434638BF4B469C4212D95A19B85C1AF803103A4488420AEB030E06D02DE01EF8010F12F8011F884227D101339C42A3
:40E58000F6D8019BC845194640F283800098EA18BB5C00783A4498427BD1009B0AEB090B06E013F801CD12F801EDF44504D101465B4501F1FF30F4D109F10109894557D84C
:40E5C000039B30461D44C3EB0409B7E7C8F1010215441D444FF000093046AFE7C8EB0403434538BF434608F1FF390133039306EB090358469A46BB46002567193A1A002130
:40E60000584404F079FA00287FF47DAF002F3FF47AAF444515D908EB05021BF8020016F808305A44984206EB0801434606D023E011F801EF12F8010F86451DD101339C4207
:40E64000F6D8B9F1FF3F12D005EB09021BF802309AF800105A44994214D1534605E013F8010D12F8011D88420CD1B342F7D15F46781905B0BDE8F08FC8F1010215441D441A
:40E680003846BAE7039B38461D44B6E70B7813B97047414690E70020704700BF024A012312685C3200F002B85885FF1FF0B420B307460D4617F8016B01E0A64216D015F81C
:40E6C000014B002CF9D1EEB13E460C4616F8015B00E073B114F8013B9D42FAD15DB100233B70166006463046F0BC704763B13846DEE73746E8E72E46F3E710680028D7D153
:40E700000646F0E71660EEE7176006460370EAE72DE9F04F474C83460E46D4F800E000E02646344614F8015B0EEB0500407800F0080000F0FF080028F2D12D2D5CD02B2D17
:40E7400004BF7578B41C002B3ED0102B60D09A46B8F1000F0CBF6FF000404FF00040B0FBFAF90027BC460AFB19000CE0303DAB4219DD7E1C05D0CC4523D820D00AFB0C5CFB
:40E78000012714F8015B0EEB0506767816F0040FECD116F0030606D0012E14BF57263726AD1BAB42E5DC7B1C16D0B8F1000F10D16046002A39D0DFB91160BDE8F08F8542E7
:40E7C000DCDD4FF0FF37DCE7302D1AD00A239A46BEE7CCF1000CEBE7B8F1000F4FF022030CBF6FF000404FF00040CBF80030F2B1611E1160BDE8F08FB41C75784FF00108E0
:40E80000A1E7237803F0DF03582B08D008239EE7302D9CD1207800F0DF00582897D14FF0100A65785346023492E7BDE8F08FBDE8F08F00BF6485FF1F10B4044C13460A4673
:40E840000146206810BCFFF763BF00BF5885FF1F2DE9F04FC1B00C46099115460E930A9003F046FE036818461793FFF749FCA38916901E0603D52369002B01F05D81002387
:40E880001A46A8460DF1C009DFF860A4129319930B9325932493CDF88C901492159298F800304446EBB1252B02D11AE0252B03D014F8013F002BF9D1C8EB04058DB1249BBC
:40E8C000259A01332A44072BC9F80080C9F804502592249300F3328309F108090B9B2B440B932378002B00F0EA814FF0FF3B5D4600231A468DF86F3019460C930793637804
:40E9000004F1010808F10108A3F12000582800F24586DFE810F0F30343064306FC034306430643064306430643065900040443066600D0034306EC03BC05BC05BC05BC05C3
:40E94000BC05BC05BC05BC05BC054306430643064306430643064306430643064306E205F7044306F70443064306430643064205430643064A054306430643064306430619
:40E98000740543064306CD0543064306430643064306430643064306430643061D060E06F704F704F70415060E0643064306A3044306A805AE046D000A0443061204430645
:40E9C00035044306430670040E9C236818460C932346002803F104030E9306DA0C9B5B420C93079B43F00403079398F8003089E7AB460E9A0027079830217823BB45146849
:40EA00008DF8701002F104024FF000058DF871308DF86F7040F00201C0F23D8620F0800141F00201079154EA05010E921193AD4800F0318130AE230943EA0573290904F011
:40EA40000F020D461C46835C06F8013D54EA0503F1D130AB9B1B0D930D9B5B45B8BF5B4608930023139317B1089B01330893079B13F002030F9302D0089B02330893079B4B
:40EA800013F08403109340F018810C9B089A9D1A002D40F31281102D2599249A924F27DD189648461024B946099E2F460A9D04E0103F102F00F1080016DD01328A4B1031F6
:40EAC000072A2591249280E81800F1DD23AA3146284605F0A3FF002840F0F880103F102F30A82599249AE8DC3D464F468146189E01326C18072A25942492C9F80070C9F88E
:40EB0000045000F3D0809DF86F7009F1080977B1249B013401330DF16F010122072B2594249389E8060000F3208209F108090F9B6BB1249B023401331CA90222072B259462
:40EB4000249389E8060000F31C8209F10809109B802B00F02C810D9BC3EB0B07002F33DD624A102F249B0F9222DD22464FF0100B0A9D099C04E0103F102F09F1080916DD69
:40EB800001331032072B2592249389E8000CF2DD23AA2146284605F041FF002840F09680103F102F0DF1C009259A249BE8DC144601330F9A3C44072B2594249389E88400C9
:40EBC00000F3C78109F10809079BDA0500F19080249B0D9901330C44072B2594C9F80060C9F80410249300F3E28109F10809079B590736D50C9B089A9D1A002D31DD102DE6
:40EC0000249B394F22DD22461026DDF828B0099C04E0103D102D09F1080916DD013332491032072B2592249389E84200F1DD23AA2146584605F0F2FE002847D1103D102D9F
:40EC40000DF1C009259A249BE8DC144601332C44072B25942493C9F80070C9F8045000F392840B9B0C9A08998A42ACBF9B185B180B93002C40F05981002324930DF1C009DD
:40EC80000DE60027BB458DF86F70C0F20E85079B23F080030793BBF1000F00F06C84002400250027C6E623AA09990A9805F0B6FE60B99DF86F700DF1C009259C27E7259B6B
:40ECC00023B10A9823AA099905F0A8FE099B9B8913F0400F0B9B18BF4FF0FF33184641B0BDE8F08FFC820100C88201001C830100119B652B40F39F80149815990022002382
:40ED0000FDF724FF002800F06381249BAE49013301340122072B2594249389E8060000F3538409F108091D9B129A934203DB079BDB077FF55CAF249B16990133179A0C44D3
:40ED4000072B2594C9F80020C9F80410249300F3E68609F10809129B5D1E002D7FF747AF9A4A102D249B0F9240F3178110260A9FDDF824B005E009F10809103D102D40F38F
:40ED80000C8101331034072B25942493C9F800A0C9F80460EFDD23AA5946384605F03EFE002893D10DF1C009259C249BE5E70C9B089A9F1A002F7FF7CEAE844A102F249BB1
:40EDC0000F922BDD4A462146B946102537460A9C099E06E0A9F11009B9F1100F02F1080218DD01331031072B25912493C2F800A05560EFDD23AA3146204605F00FFE00285E
:40EE00007FF464AFA9F11009B9F1100F30AA2599249BE6DC3E460C464F46914601330F9A3C44072B2594249389E8840000F32B8509F108098FE6129B249D012B04F10104CA
:40EE400005F1010540F3E8840123072D2594C9F800602495C9F8043000F3F98409F10809169A0135179B1444072D25942495C9F80030C9F8042000F3F88409F10809002393
:40EE8000149815990022FDF761FE129B002800F0EA805E1E002E40F3F5804C4B102E0F932CDDCDF834801027B046DDF828B0099E06E0A8F11008B8F1100F09F108091ADD27
:40EEC00001351034072D25942495C9F800A0C9F80470EEDD23AA3146584605F09FFD00287FF4F4AEA8F11008B8F1100F0DF1C009259C249DE4DC4646DDF8348001350F9B6A
:40EF00003444072D2594249589E8480040F3B88023AA09990A9805F081FD00287FF4D6AE259C249D0DF1C009ACE023AA09990A9805F074FD00283FF49FAEC7E623AA0999DC
:40EF40000A9805F06BFD00287FF4C0AE0DF1C009C4E423AA09990A9805F060FD00287FF4B5AE0DF1C009259C2EE623AA09990A9805F054FD00287FF4A9AE0DF1C009259C4C
:40EF8000D5E523AA09990A9805F048FD00287FF49DAE0DF1C009259CD9E501330F9A2C44072B2594249389E824007FF71EAE23AA09990A9805F032FD00287FF487AE259C94
:40EFC0000DF1C00913E600BF188301001C8301001D9D002D40F30E83139B129A9342A8BF1346002B1D460DDD249B2C440133072B2594C9F80060C9F80450249300F315867B
:40F0000009F10809139B002DA8BF5B1B002B1D4640F3A083B94A102D249B0F9240F3458522461027DDF828B0099C05E009F10809103D102D40F3388501331032072B2592D2
:40F040002493C9F800A0C9F80470EFDD23AA2146584605F0E3FC00287FF438AE0DF1C009259A249BE4E7013B013501361C44072DC9F8006024952594C9F804303FF748AF4E
:40F0800009F10809199A013514441FAB072D25942495C9F80420C9F800307FF7A6AD23AA09990A9805F0BAFC00287FF40FAE0DF1C009259C9BE598F8003008F101042A2BC6
:40F0C00000F02B87A3F13000092898BF002500F2AF8614F8013B05EB850500EB4505A3F130000928F5D945EAE575A0460CE4079B43F08003079398F8003003E498F8003064
:40F1000000297FF4FFAB01222021FFF7FBBB079B43F00103079398F80030FFF7F3BB98F8003001222B21FFF7EDBB079B43F02003079398F80030FFF7E5BB0E9AAB461668D6
:40F14000002511938DF86F50141D002E00F0E585BBF1000FC0F23F855A462946304603F0CBFC002800F05886AB46831B0D9323EAE3730E940893CDF84CB09DF86F7072E409
:40F180001193AB46002A40F0ED86079A12F0200300F043810E9C0027073424F0070303F10801BB450E91D3E900458DF86F70C0F2C18222F08003079354EA050300F0488125
:40F1C000002D08BF0A2CC0F0488130AE204629460A22002307F0A8FA303206F8012D2046294600230A2207F09FFA04460D4654EA0503EBD12DE41193AB46002A40F0CA86A0
:40F20000079B3F489D0640F15D810E9C073424F0070303F108020E92D3E90045079A12F0010700F0468254EA05033FF42AAD9DF8442000278DF87120079A3023BB458DF8EF
:40F2400070308DF86F7042F00203C0F28D8522F0800343F002030793FFF7ECBB98F800306C2B00F05284079840F010000790FFF749BB1193AB46002A40F09486079A12F052
:40F28000200300F0A0800E9C0027073424F0070303F10801BB450E91D3E900458DF86F700BDB22F08003079354EA050306D1BBF1000F00F0A28500240025002730AEE208B4
:40F2C00042EA4572E90804F007030D461446303354EA050206F8013DF1D1079AD1077FF5B8AB302B3FF4B5AB3022731E06F8012C30AAD21A0D921E46FFF7AEBB1C830100D5
:40F30000FC8201001193AB46002A40F04786079B0E9C1A0704F1070440F16C8324F0070303F108020E921A685B6814921593159B149D23F00044284621464FF0FF32A94BC5
:40F34000FDF736FC002840F0CD82284621464FF0FF32A44BFDF70EFC002840F0C3821498159900220023FDF7FBFB002840F0F6849DF86F7007999C4E21F080019B4B079188
:40F38000119903224FF0000B08924729D8BF1E460D92CDF84CB0FFF766BB079B43F00803079398F80030FFF7ADBA1193AB46002A40F0EC85079B43F010030793079A12F09C
:40F3C00020037FF460AF079911F0100200F068820E98BBF1000F024604688DF86F3002F104024FF00005C0F2C28421F08001079154EA05010E923FF45AAF1F465EE71193D5
:40F40000AB46002A40F0BE85079B43F010030793079A12F020037FF4BDAE079911F0100200F026830E98BBF1000F024604688DF86F3002F104024FF00005C0F28C8421F083
:40F440008001079154EA05010E921F467FF4B8AEBBF1000F00F09080002440AE303406F8414DFFF7F6BA002A40F08885079B9B0640F1CA820E9A134604330E930B9B1168CF
:40F48000DD171A462B46C1E90023FFF708BAA3F1300000231C4618F8013B04EB840400EB4404A3F130000928F5D90C94FFF72CBA1193AB46002A40F05D85079B4C489D06DA
:40F4C0003FF5A3AE079BDC0640F1B5820E9A00251346043314680E93A0E61193AB46002A40F04485079B43F010030793079B980640F1F1800E9C073424F00704D4E900239B
:40F5000004F108011D4614460E91002A73F10003C0F2F280BBF1000F9DF86F70C0F20A81079B23F08003079354EA05037FF448AE8EE71193AB46002AD8D08DF86F10D5E733
:40F54000079B43F04003079398F80030FFF7DAB90E9911930A68002301201F468DF86F309B4613930B1D08908DF898200E930D9026AEFFF77CBA5F464FF0000BCDF834B0AC
:40F5800030AEFFF769BA23AA09990A9805F046FA00287FF49BAB259CFFF763BB1193002A40F0D384119A002A3FF489AB002301211F4608918DF898208DF86F309B4613939C
:40F5C0000D9126AEFFF753BA23AA09990A9805F025FA00287FF47AAB0DF1C009259CFFF7A2BB00BFFFFFEF7FDC820100D8820100E8820100249BB849013301340122072B08
:40F600002594249389E8060000F3C28209F108092DB9129B1BB9079BDF077FF5E8AA249B16990133179A0C44072B2594C9F80020C9F80410249300F3FF8309F108096D4282
:40F64000002D40F3DB82A54A102D0F9240F34B8322461027DDF828B0099C05E009F10809103D102D40F33E8301331032072B25922493C9F800A0C9F80470EFDD23AA2146F4
:40F68000584605F0CBF900287FF420AB0DF1C009259A249BE4E792480791119354EA05030E924FF000077FF4C5A900240025FFF7C1B9BBF1000F8DF86F70C0F2038222F039
:40F6C0008003079354EA05037FF4B4A9BBF1000F7FF4E5AA4FE7079BD90640F1BA810E9A13461C680433E51722460E932B46002A73F10003BFF60EAF64424FF02D0765EB59
:40F700004505BBF1000F8DF86F70FFF659AD079B23F08003079353E50E9ABBF1000F134614688DF86F7003F104034FF0000580F2E2810E9354EA05037FF442AD8DE623AA22
:40F7400009990A9805F06AF900287FF4BFAA259C0DF1C009139A1D9B32441746129A934249DB079AD50746D412990E44F51BCB1A9D42A8BF1D46002D2E460DDD249A2C4499
:40F780000132072A2594C9F80070C9F80450249200F3D28209F10809002EB4BF1D469D1B002D7FF724AA4D4A102D249B0F927FF7F4AB10260A9FDDF824B005E009F10809F0
:40F7C000103D102D7FF7E9AB01331034072B25942493C9F800A0C9F80460EFDD23AA5946384605F01BF900287FF470AA0DF1C009259C249BE4E7249A1698013217990444B8
:40F80000072A2594C9F80010C9F80400249200F3778209F10809A7E7079BD8073FF514AB0123072D2594C9F800602495C9F804307FF726AC23AA09990A9805F0EFF800285C
:40F840007FF444AA0DF1C009259C249D1AE423AA09990A9805F0E2F800287FF437AA0DF1C009259C249DFFF7FBBA23AA09990A9805F0D4F800287FF429AA0DF1C009259CC8
:40F88000249DFFF7FCBA23AA09990A9805F0C6F800287FF41BAA0DF1C009259CFFF75BB9079911F0400700F00F810E98BBF1000F034604888DF86F2003F104034FF0000534
:40F8C000C0F2738121F08001079154EA05010E933FF4EDAC1746F1E4188301001C830100FC820100149C22462046159C23462146FDF75EF9002840F0C182119BBBF1FF3F1F
:40F9000023F020030D9300F04982472B00F05081079B43F480731093159B1F1E149B0893B7BF3B46002303F100472D230F93119B662B00F01F82462B00F00D810D9B21A8E8
:40F94000452B18BF5D461EA908BF0BF10105049003911DA802213B460290089A019500910A9801F029FE119B0646672B40F03482079BDA0740F16F82741908983946002284
:40F980000023FDF7E3F8002840F04D81219B9C4206D930215A1C21921970219B9C42F9D89B1B12930D9B472B00F03681119B652B40F32182119B662B1D9B139300F0FE8110
:40F9C000139A12998A42C0F2EC81079BD90700F1448222EAE2730D92672211920F9A002A40F0EF800893109B934607939DF86F70FFF739B824F00704236814936368159315
:40FA000004F108030E9392E4079BDF060BD4079B5E0608D50E9A136804320E92BDF82C201A80FEF73CBF0E9A136804320E920B9A1A60FEF734BF0E9A079B002513F0400F21
:40FA4000134603F104030CBF146814880E93FFF7E5BB079B0E9A13F0400F13463FF441AEB2F900400433E5170E9322462B464CE5079911F040073FF44FAE0E98BBF1000FBF
:40FA8000034604888DF86F2003F104034FF00005C0F2948021F08001079154EA05010E9317467FF48DABD3E4144601330F9A2C44072B2594249389E824003FF740AE09F18E
:40FAC000080947E60E9AE9E50E9ABBF1000F134614688DF86F7003F104034FF0000564DB079A0E9322F08002079254EA05027FF4E5ABFFF7DCBB079A0E9322F08002079285
:40FB000054EA05027FF45CABA2E4079B08F1010843F02003079398F80030FEF7F3BE23AA09990A9804F07AFF00287FF4CFA80DF1C009259CFFF70FB940210A9802F0ECFCD3
:40FB4000099A10601061002800F0F581099A40235361FEF794BE21A81EA9049003911DA803210290089A3B46CDF804B000910A9801F022FD5D460646119B7419462B7FF454
:40FB8000FCAE3378302B00F097811D9D2C44F4E623AA09990A9804F041FF00287FF496A80DF1C0091D9D259C32E50E93FFF785BBBBF1000F08BF4FF0010BA9E60E931746E1
:40FBC000B8E50893109B2D2707938DF86F704FF0000BFEF749BF3046FEF792FAAB460346FFF7C4BA23AA09990A9804F017FF00287FF46CA8259C249B0DF1C00912990133F4
:40FC00000C44072B25942493C9F80060C9F804107EF7EBAFFFF7CBB91D9BDD1C12DB9B4510DB1393CCE62346BAE623AA09990A9804F0F4FE00287FF449A80DF1C009259C7E
:40FC4000FFF7E0B9119A023A1192013B9DF84420002B1D93B8BF5B428DF87C20B4BF2D222B22092B8DF87D2040F300810DF18B000446B84A82FB0321DA17C2EBA10101EB6B
:40FC80008102A3EB4202303209290B4604F8012DEFDC21463033DAB201F8012D884240F251810DF17E01234601E013F8012B984201F8012BF9D1431C1B1B0DF17E02134499
:40FCC0001FAA9B1A129A1993012A13440D9340F309810D9B169A134400220D93139223EAE3737BE6144601330F9A2C44072B2594249389E824003FF775AF09F108097DE7CE
:40FD000023AA09990A9804F089FE00287EF4DEAF0DF1C0091D9B259C26E55B46062B28BF06230D9323EAE373B346374613960E940893894EFEF797BE23AA09990A9804F05E
:40FD40006DFE00287EF4C2AF1D9B129A259CD31A0DF1C00920E50E921F46EBE42D231F468DF86F30FFF706BB0793FEF763BE0E92FFF7A3BA21A81EA9049003911DA8032187
:40FD80000290089A3B46CDF804B000910A9801F013FC5D46064600EB0B04F2E64FF0060BB6E5169A129B1344139A0D93002A40F39180672223EAE37311920FE6002B40F3E5
:40FDC0009B80BBF1000F6ED1079AD4076BD41A4623EAE3730D9201E6119B472B7FF4CCAD079BDB073FF5C8AE219B9B1B12930D9B472B3FF411AF1D9B27E7079B5F46DB079F
:40FE000005D540AE302306F8413DFEF722BECDF834B030AEFEF720BE2BEAEB73CDF834B0089383460E9413909DF86F70FEF71BBEA0460025FEF768BD23AA09990A9804F0CB
:40FE4000EDFD00287EF442AF0DF1C0091D9D259C249BFFF7F4BB219BA2E5169A139B134467220D93119223EAE373B7E5303330228DF87F308DF87E2020AB21E70799374EA0
:40FE800021F08001364B0791119903224FF0000B08924729D8BF1E460D92CDF84CB09DF86F70FEF7E0BD139B169A9D1805EB0B030D9323EAE37391E5089839460022002325
:40FEC000FCF744FE00287FF460AEC5F101051D952C4452E5139B0D9AC3F101031A4413460D9266E7079B13F001037FF4F2AE13930D9B23EAE37371E5BBF1000F02D1079B6C
:40FF0000D80707D5169B5D1C05EB0B030D9323EAE37363E501230D9360E50E9898F8013005680430002D0E90A046BEF6EBAC4FF0FF35FEF7E7BC0A9A0C2313604FF0FF30C7
:40FF4000FEF7CDBE0DF17E03BAE68DF86F10FFF729BB00BF6766666610830100E4820100E08201008DF86F10FFF70FB98DF86F10FFF7B8BA8DF86F10FFF79FBA8DF86F10C9
:40FF8000FFF774BA8DF86F10FFF73EBA8DF86F10FFF710BA8DF86F10FFF732B98DF86F10FFF7B5B98DF86F10FFF768B92DE9F04F8A46B1F90C10ADF52D7D8E04039006930A
:40FFC00009D4DAF8643041F4005123F40053AAF80C10CAF86430164616F8011B0023089304931F460793DFF8CCB4119171B3DBF8000043185B7803F0080303F0FF0553B3C7
:020000040001F9
:40000000DAF80430039C1A4611E0DAF80030DBF800101A7801330A44527815070FD5DAF804200137013ACAF80030CAF80420002AEBDC5146204604F0B7FD0028E5D03246DB
:40004000164616F8011B11910029D0D107980DF52D7DBDE8F08F252940F082802C465378721C782B00F25582DFE813F092005302530253025302530253025302530253020F
:40008000530253025302530253025302530253025302530253025302530253025302530253025302530253025302530253025302530253025302790053025302530253027C
:4000C000980053025302530253025302EE00EE00EE00EE00EE00EE00EE00EE00EE00EE005302530253025302530253025302530253025302E100190153021901530253020D
:4001000053025302140153025302070153025302530253025302530253025302F60053025302890153025302530253025302530253025C014D011901190119014801BD0129
:40014000530253024001530230012101D40053025302CC0053029D0053025302F6001646DAF80430002B40F34C82DAF8003016F8012C197891427FF469AFDAF8042001332C
:40018000013ACAF80420CAF800300137324657E74FF0FF300DF52D7DBDE8F08F737845F0100516465CE7DAF804300592002B40F37282BE4B032608930A230493DAF80030AA
:4001C00001E0CAF800301978421892F801E00EF0080202F0FF08002A00F07D82DAF804200137013A002ACAF8042003F10103E8DC5146039804F0D8FC002840F0AA81DBF837
:400200000000DBE7DAF804300592002B40F32D820226D3E7DAF804300592002B45F4087521DDA24B0326089310230493C6E7DAF804300592002B45F0010569DD9C4B032673
:4002400008930A230493B9E704EB840403EB4404303C7378164603E7DAF804300592002B45F40075DDDC5146039804F09DFC002840F06F81DBF80000D3E7DAF804300592D5
:40028000002B45F0010517DD884B032608930823049393E7737845F002051646E0E6DAF804300592002B40F3EB81042686E7DAF804300592002BE7DC5146039804F074FCA9
:4002C000002840F04681DBF80000DDE7EC06059200F1E080680740F1A781069916460B6832461F800B4604330693A9E673786C2B00F0958145F001051646B1E6737845F09B
:4003000004051646ACE6DAF804300592002B95DC5146039804F048FC002840F01A81DBF800008BE7DAF804300592002B40F39581002C08BF012415F0010360D1ED0640F164
:400340004A811D46039E0BE01A44CAF80020514630461D44E41A04F027FC002840F032819AE80C00A342EFDB1B1B2244CAF804302544CAF80020059E2F44324660E60DF109
:4003800050091146484603F07DF8DAF804300646002B40F38A81002CDAF8002008BF4FF0FF34E806117878D5A046002500E0117819F801300132002B00F00881DAF804302E
:4003C0000135013BA5428AE80C0000F0F880002BEDDC5146039804F0E7FB002840F0EE80DAF80020E3E7DAF804300592002B40F364812F4B0326089300230493DEE612ABE7
:400400001846082200210993FDF714F915F010030A9300F0B3804FF0000900250DF5A87802F060F8A84200F094809AE80C0012F8010B013BCAF80020099A6E1C00924946C7
:40044000CAF8043008F8050033464246039802F00FFB431C7DD0002840F097800A9B002B40F0A280C9F800303744013C09F10409DAF804300025002B7CDC5146039804F028
:4004800093FB002876D0002D63D10A9B13B9079B01330793059E3246D2E5069803460568043305932C44A84609E000BF0947010011E700006485FF1FDAF80020117819F827
:4004C0000130501CBBB1DAF80430CAF80000013BCAF80430137808F8013B44450CD0DAF80430002BE8DC5146039804F05DFB0028E2D045452DD04446651B3FF4A7AD059BC8
:40050000079A069301320023079223702F44324696E503445B78059203F00303012BDAF8043076D0002B3FF789AEF1E6023040F064842E46DAF80430002B00F3908351467C
:40054000039804F031FB002800F08983002E00F09083079A002A3FF41BAEBAF80C3013F0400F134618BF4FF0FF3318460DF52D7DBDE8F08F002C7FF453AF86E7069A13468E
:400580000433D2F80090069347E702300FD1DAF804303546002B3FF743AF5146039804F003FB0028E6D06EE73744013C60E70A9B3744013C002B3FF459AF59E7A84645462B
:4005C0002F44A4E7002D7FF4D6AEC2E7002D3FF43DAD2F449BE7069D234629680122CDF800A0039804F0FEFA05F104080028B0D0079B059E013307440793CDF81880324668
:400600001EE55146039804F0CFFA00283FF4ADAD9FE7002B45F001053FF710AE78E6B37845F0020502361BE5E9070DD4AA070BD53A460698FB170168059EC1E90023034682
:40064000043306933246FBE4069A059E13681F601346043306933246F2E45146039804F0A3FA00283FF464AE73E75146039804F09BFA00287FF46DAFDBF8000002269DE526
:400680005146039804F090FA00287FF462AFDBF80000042692E55146039804F085FA00287FF457AFDBF8000083E55146039804F07BFA00283FF46FAE4BE75146039804F07E
:4006C00073FA00287FF445AFAC4B04900893DBF80000032672E5032E00F0C381042E40F08F81039801F004FF631E0268B3F5AE7F0C9240F25F826FF4AE71631840F25D140E
:400700000E93002654AB0A939946B04633460F960D960B9645F4F065DAF800000178A1F12B0EBEF14E0F00F24A81DFE81EF0EE004801EE0048014801DF004F004F004F005A
:400740004F004F004F004F004F004F0048014801480148014801480148014301480148014801290121014801480111014801480148014801FE004801480148014801480102
:40078000F9004801480148014801F40048014801480148014801480148014301480148014801290121014801480111014801480148014801FE00480148014801480148018B
:4007C000F9004801480148014801F400F34215D125F4C07589F8001009F10109DAF80410013C0139002907F10107CAF8041040F3F4800130CAF80000002C8DD1CDF8248001
:400800009846099B002B40F0D28108F1FF38B8F1010F40F2FB82731E062B14D8022E40F2DD82032E0FD0341FE4B2E643DDF80C804E4419F8011D5246404604F06FF94E4530
:40084000F7D1013F3F1BE9051BD56A0500F1B78219F8011C09F1FF33652907F1FF340AD0452908D05246039804F058F919F8021CBC1EA9F10203524603982746994604F0D9
:400880004DF915F010027FF405AE05F4C063B3F5806F89F8002000F060820D9B002B40F06E820A990022039802F0EEFEEB078046894600F1BC8115F0020540F0B881069C92
:4008C00002460B46261D2468FCF772F9002840F0B98240464946FCF7A9F906962060079B059E013307933246FFF7AABBEA057FF56DAF0E9A25F0800508F10108002A3FF4D3
:400900006DAF013A0E92013468E72A067FF576AF25F080055EE7072E7FF470AF082659E7062E7FF46BAF072654E7002B64D1B8F1000F05D105F4E06EBEF5E06F00F0058288
:40094000012E02D0042E7FF459AF0136F6B241E7002E4CD1B8F1000F40F0268105F4E06EBEF5E06F00F0F581CDF8248098464CE7022E7FF443AF03262CE700BF11E7000037
:4009800005F4A06EBEF5806F05D06A057FF536AFB8F1000FE8D0AA0505D40B9ACDF83C90C2EB08020D9225F4F06545F4C0754FF000080FE7012B7FF421AF02230AE70C9A29
:4009C00092F800E071457FF419AFAA057FF516AF25F42075CDF82C80FCE651460398099304F0E2F8099B00283FF406AF06E7032EABD0052EA9D001E7022BA1D10323E9E6A2
:400A0000002C08BF4FF0FF3415F0010240F01681ED0640F1D2801546039E03E01A78024492F801E01EF0080F03F101037FF4A3ACDAF804200135013AAC42CAF80030CAF802
:400A400004203FF498AC002AE8DC5146304604F0ABF800287FF48FACDBF80000DAF80030DCE7621EB2F5AE7F88BF6FF4AE7054AA88BF04EB0009164688BF40F25D141846DE
:400A80003B46049F98BFC1460A9245F458654FF00008A1F12B024D2A60D8DFE802F0775F775F5F4E484848484848485A5A5F5F5F5F5F5F5F4343434343435F5F5F5F5F5F4A
:400AC0005F5F5F5F5F5F5F5F5F5F5F275F5F5F5F5F5F5F5F4343434343435F5F5F5F5F5F5F5F5F5F5F5F5F5F5F5F5F2705F4C062B2F5007F32D125F4007545F4A065102773
:400B000031700136DAF80420013A002ACAF8042041DD0130CAF80000013C1FD0DAF800000178B6E70A2F19DD25F43865E8E7B44A25F4386532F91770E2E72A05E0D517B9E0
:400B400045F4007508276A0540F1E28025F4B065D6E7AB4A32F91770082FE5DCE90504971F4607D50A9B9E4200F2E6800A9B9E423FF46CAA15F0100400F0B6800A9BF61AA3
:400B800046443744059E3246FFF75ABA2A06E5D525F08005B4E751460398049304F004F8049B0028B8D0D9E7CDF82480984625F480752AE6CDF83880A3E50699DDF80C90AA
:400BC0000D6801F104082C442E4607E0DAF80030DBF8002019780A4492F801E01EF0080F03F1010115D1DAF80420CAF80010013ACAF804201B7806F8013BB4420AD0DAF81F
:400C00000430002BE2DC5146484603F0CDFF0028DCD03446079A059E0132651B002307922F44CDF8188023703246FFF709BA069A136804320692C3E9008950E612AB414686
:400C4000184608220993FCF7F5FC15F0100970D1069A1346D2F80080043306930026DAF80030DBF800201B7813445B781B0700D434B9B9F1000F7FF40DACC8F8009006E420
:400C800001F030FC86423FF464AC9AE80C0012F8010B013BCAF80020099A751C009254AA9055CAF8043041462B46039801F0E0FE421C3FF44EAC00287FF438ACC8F800007F
:400CC00001F0FEFB002800F0B080002DD1D054AB039E5C19013D524614F8011D304603F01DFF002DF6D1C4E722463470049B0A990398089CA047AA0615D46B074AD5069A7D
:400D00001368043206921880079B0133079335E725F46075B9F1000F02D009F1FF39013408F10108EEE6069A1368043206921860EAE70DF1440891E7731E16F8011C524648
:400D400003981E4603F0EAFE10E725F4F065012340E525F4F06501263CE50B9A099B9B1A5A42002B3FF49DAD0DF2A323994528BF0DF2A2294846234902F0EEFB91E50F9CA9
:400D80000A23214603980131FDF7C2FC0D9BA146C21AE9E715F00102C5D1AC07C3D51A4B089903989942049B0A9951D003F0D2FB069A136804320692C3E90001A4E70A9B97
:400DC00099457FF643A919F8011D5246039803F0A5FE0A9B9945F6D1FFF738B90A9B99457FF634A919F8011D5246039803F096FE0A9B9945F6D1FFF729B9D8F800005FE795
:400E0000348301002C830100094701000A9B99457FF61CA919F8011D5246039803F07EFE0A9B9945F6D1FFF711B92F44013CB9F1000F04D108F104084E46FFF77BBB064612
:400E4000FFF778BB284602F057FB0696206046E503F000FDACE700BF2DE9F04F83B0804601F02AFB40F2B173984540F39A805A4A40F26D1C82FB083E4FEAE875C5EBEE16BE
:400E80004FF4C87303FB1686B6FA86F704466FF4F66141448910C5EB6E15A8F2B27E0CFB0E1CA8F26D736FF4C86E82FB03A908EB0E0182FB012E642202FB1585DA17A2EB18
:400EC0006913C9176344C1EBEE1103EB010C08F00303C0F804807F09019300F1380E237A4A2B63D0442B72D0019B002B54D03B464FEA430AE1689A44384B012903EB0A1AEE
:400F0000634667DD01F1804102394FEA81090AEB0908AAF1040252F8041F90450B44FAD109F104012E4A03F1040B8BFB02894FEAEB720BEB0908C2EBA802C2EBC20862694F
:400F4000C8EB0B0BB2EB0B0B226948BF0BF1070B013A5AF80110C2EBC2025A448A4202DB073A8A42FCDA1344226AA16900921D4A02FB0311009B194444F81C1F7445AED17E
:400F8000C369816B01228B42ACBF002301230360104603B0BDE8F08F002D0CBF3B460123A6E70022104603B0BDE8F08F636901990CEB030239B935B13B2BD4BF00230123F4
:400FC0001344013BD0E7002EF6D00023F8E763696344C9E70021A5E71F85EB51F48401009324499280510100704700BF704700BF014B186800F002B85885FF1F2DE9F0477A
:401000008AB0064601F058FABA490746304601F04BFAB94D0446002800F0F580296831B1FCF732FF10B90AB0BDE8F0872968084601F06AFA2046FDF763F8411C304601F02B
:401040006BFA286010B12146FCF7FCFF237808AD3A2B08BF01342B46A84AA949204602F04FFA0028DFDD089BE25C1C442D2A00F0C6802B2A08BF01344FF0010806AB029335
:401080000DF11603002600930395019505AA2B469C492046ADF81660ADF8186002F030FAB042C0DDBDF81630BDF81810BDF81420C3EB031301EB83034FF4616101FB0233B7
:4010C00008FB03F3089ADFF858921444DFF82CE2DFF83C823B6220464A462B468849C8F800E002F00DFAB0427FDD089BC8F80490E25C1C442D2A00F093802B2A08BF0134C6
:401100004FF0010806AB02930DF1160300260093039501952B4605AA7A492046ADF81460ADF81660ADF81860089602F0E9F9B0427ADDBDF81630BDF81810C3EB0313BDF87D
:40114000142001EB83034FF4616101FB023308FB03F3FB63B846089B4FF000091C4426782C2E04BF667801344D2E62D04A2E08BF01344FF00A0209A920460CBFB2464FF09F
:40118000440A03F05BFB099EADF81E00B44200F09A8080B2C8F8140088F808A000240223ADF81430ADF81640ADF81840089433782F2B6BD04FF4E15309F10109B9F1020FC4
:4011C000C8F81830344408F11C08C8D17868FFF743FE3A6AFB6B4C489B1A4C4918BF012303600A600AB0BDE8F087386A4749D8F80020454B0860C8F804201E6013E7013471
:401200004FF0FF383AE7424B424A3F493F4E286834600C601A605A6001F076F92C6002E701344FF0FF386DE73B6AA3F56163FB6390E70DF11E0207AB029200930395019556
:401240002B460DF11A023449204602F059F903287FF4E9AEBDF81A305A1E0B2A3FF6E3AEBDF81C20511E04293FF6DDAEBDF81E1006293FF6D8AE88F80860C8F80C30C8F857
:401280001020C8F81410089E264487E706AB02930DF11603009305AA2B46204903950195304602F02DF9BDF81620BDF81810C2EB0213BDF8142001EB83034FF4616101FB81
:4012C0000233089C78E7B9F1000F09D04D220B2387F82420BB6201220023FA623B635DE74D2303223B720223C7F81490FA603B6154E700BF58830100749CFF1F689CFF1F3D
:401300006083010070830100789CFF1F7C9CFF1F5C85FF1F5C83010084830100988301005C9CFF1FF0B58BB06F461546DFF870E004460E46BEE80F000FC7BEE80F000FC789
:401340009EE80300AB1E47F8040B222B397022D8711E0846002300E01346B4FBF5F205FB12440AAF3C4414F8287C144600F8017F5A1C002CF0D1B454F2184BB1013411F84E
:40138000015F1778181B84420F7002F80159F5DB30460BB0F0BD002030700BB0F0BD00BFAC83010070B5002A9AB005462DDB14461A464FF4027300910491ADF80C304FF603
:4013C000FF760FD0013C1E9B694602940594ADF80E60FDF73DFA421C10DB009B00221A701AB070BD1E9B694602940594ADF80E60FDF72EFA431C04DB1AB070BD8B232B60CC
:40140000EBE78B232B601AB070BD8B2303604FF0FF30F1E710B5064C82B00093246813460A4601462046FFF7BDFF02B010BD00BF5885FF1F024B13B1024800F005B87047EB
:401440000000000005240100002301461A46184604F08EB910B491FBF2F4002902FB141305DB002B0CDB0460436010BC7047002BC4BF04F1FF349B180460436010BC7047CD
:4014800001349B1A0460436010BC70472DE9F04F03690F6983B09F4200F38980013F01F1140600F1140A56F827305AF827200133B2FBF3F8BB00009306EB03095344019394
:4014C000B8F1000F3BD000231C46B446D6465CF804BBDEF800501FFA8BF208FB02324FEA1B4B130C08FB0B3392B2A41A1FFA83FBAAB22244CBEB154404EB224492B242EA5A
:401500000442E1454EF8042B4FEA24444FEA1343DDD2009B5AF803308BB9019C231F9A450CD254F8043C4BB9A4F1080302E01A68043B1AB99A4507F1FF37F8D307610446BB
:4015400001F07EFD00282EDB00235546194608F1010856F8042B2B6890B2081A120C99B2C2EB1343421803EB224392B242EA0342B14545F8042B4FEA2341EAD25AF8272019
:401580000AEB87037AB91A1F92450BD253F8042C42B9083B02E01A68043B1AB99A4507F1FF37F8D32761404603B0BDE8F08F002003B0BDE8F08F00BF2DE9F04F016C99B0DF
:4015C000814692469B46259C49B1426C012393408B604A6001F002FB0023C9F84030BBF1000FD84633DB00232360A34B1A4608EA0303934214D00022002350465946FBF73C
:40160000A5FA054648B3249A01231360269B002B00F0C58099481860013819B0BDE8F08F42F20F73249A1360BAF1000F00F0A2809348269B002BF0D0C378002B00F0B1800F
:4016400000F10803269A136019B0BDE8F08F01232BF000482360C346C7E716AA17AB0192009352465B46484601F02AFE5FEA1854099040F08880169D179C2C4404F232433E
:40168000202B40F38A82C3F1400304F2124008FA03F82AFA00F040EA0800FAF779FF0123013CA1F1F8710F930022764BFAF732FE6BA3D3E90023FAF7E1FF6BA3D3E9002308
:4016C000FAF72AFE064620460F46FAF771FF68A3D3E90023FAF7D2FF02460B4630463946FAF71AFE06460F46FBF778FA00220390002330463946FBF733FA002840F0298232
:40170000039E162E00F222825F49524601EBC6015B46D1E90001FBF741FA002800F04282731E039300230D932C1B631E049300F12B8200230693039B002BC0F21C82049A7C
:401740000C9311461944002304910B93229B092B29D8052B40F35286043B22930025229B023B032B00F22F86DFE813F02703200232035304424B454AC8F31300002814BF24
:401780001846104655E7CBF3130343F07F510F955046A4F2FF3441F44011169D84E73C483BE7C31C4EE70021C9F844104846229101F0ECF94FF0FF33229A07930E93012328
:4017C00008902392C9F840000A93179B002BC0F2CA80039A0E2A00F3C6802B4B03EBC20318CBCDE90434239B002BC0F2FC8256465F46DDE904AB304652465B463946FBF72E
:4018000067F8FBF7EBF90446FAF7D2FE52465B46FAF734FF02460B4630463946FAF77AFD079E089F04F13005012E3D7002460B4607F101055ED00022164BFAF71FFF00224A
:40184000002306460F46FBF781F9002878D1CDF81890DDF81CA0DDF820B0DDE9048928E061436F63A787D23FB3C8608B288AC63FFB799F501344D33F0000F07F198301001F
:40188000E48401000000F83F58850100D884010018830100000024400022C34BFAF7EEFE0022002306460F46FBF750F9002840F0B38342464B4630463946FBF709F8FBF79E
:4018C0008DF90446FAF774FE42464B46FAF7D6FE02460B4630463946FAF71CFD04F1300605F8016BCBEB0506564502460B46D3D1DDF8189010461946FAF70EFD06460F4643
:4019000002460B46DDE90401FBF72AF940B9DDE9040132463B46FBF719F988B1E3070FD515F8014C6B1E089A04E09A4200F02C8413F8014D392C03F10105F6D001341C7042
:401940000999484601F04AF90022039B2A70249A01331360269B002B00F0A88308981D6019B0BDE8F08F0A9A002A00F01281229A012A40F35A82079B0B9A5F1EBA42C0F27A
:401980009883D71B079B002BC0F28C84069D079B069A01211A440692049A48461A44049201F000FA064665B1049900290B4608DDA942A8BF2B46069AED1AD21ACB1A069252
:4019C00004930B9B002B40F3FD820A9A002A00F00382002F00F0008231463A46484601F089FADDF82480014642460646484601F0E3F941460446484601F0F0F80B9BDB1B2D
:401A00000B9340F0E8810121484601F0CBF90C9B8046002B00F01B8201461A46484601F069FA229B8046012B40F3F9820027D8F8103008EB8303186901F066F9C0F12000AD
:401A4000049A104410F01F0000F0F881C0F12003042B40F3CB84069BC0F11C00034406931346034405440493069B002B05DD21461A46484601F08EFA0446049B002B05DD27
:401A800041461A46484601F085FA80460D9B002B40F07D82079B002B40F396820A9B002B40F0F681DDF820A0079F554604E02146484601F09DF8044641462046FFF7E6FCA6
:401AC000303005F8010BCAEB0503BB424FF00A024FF00003EBDB089B079A8246012AACBF9B1801331D464FF0000B21460122484601F050FA4146099001F0A2FA002840F3DF
:401B00000E8315F8012C6B1E089904E08B4200F0798213F8012D392A03F10105F6D001321A704146484601F059F8002E3FF408AFBBF1000F05D0B34503D05946484601F013
:401B40004DF83146484601F049F8F9E601230D93EAE5DDF80C804046FAF72AFD02460B4630463946FAF7F2FF00287FF4C9AD08F1FF330393C4E5069A039BD21A5B420B9328
:401B8000002306920C93E1E55B42069300230493D1E50B9F069D0A9E05E7C3F120080AFA08F07AE50D90BFE50000244000230A93039B239A13440E930133002B079340F363
:401BC0008582079C26460021172EC9F844100BD9012204235B0003F11400B042114602F10102F7D9C9F84410484600F0CFFF0E2C0890C9F840003FF6E8AD002D3FF4E5ADC4
:401C00005746D8460399CDE91078002940F39382924B01F00F020E1103EBC203F006D3E9004540F14E828E4B5046D3E908235946FAF74EFE82468B4606F00F064FF00308D5
:401C400086B1874FF10709D5D7E9002320462946FAF714FD04460D4608F10108761007F10807EFD122462B4650465946FAF730FE06460F460D9B43B100227A4B3046394695
:401C8000FAF76EFF002840F023834046FAF790FC32463B46FAF7F2FC734B0022FAF73CFB079B0446A1F15075002B00F0E181039B1393079B12930A9B002B00F09882129A14
:401CC000664B002003EBC20353E902236749FAF7FFFD22462B46FAF71DFB82468B4630463946FAF77BFF0446FAF762FC02460B4630463946FAF70EFB3034089DE4B206467B
:401D00000F462C7002460B46504659460135FAF745FF00284ED132463B4600205149FAF7F9FA02460B4650465946FAF737FF002840F00E83129A012A40F3B481129B089A2F
:401D4000134498460FE032463B4600204549FAF7E1FA52465B46FAF703FF002840F0F882454500F09F81504659460022404BFAF785FC00223E4B82468B4630463946FAF7B6
:401D80007DFC0F460646FAF729FF0446FAF710FC02460B4630463946FAF7BCFA3034E4B205F8014B52465B4606460F46FAF7D8FE0028C8D0139B0393C2E500230A93239B67
:401DC000002B40F388811E461C460E930793FAE601230A93F3E709940B9A0999484601F089F804460FE6079B002B3FF700AD40F0D982DDE9040100221E4BFAF73FFC524688
:401E00005B46FAF7C1FEDDF81C804646002800F0F180239B089DDB4303934146484600F0DDFE002E3FF48CAD8BE60F9A002A00F0418203F233430B9F069DA9E51C20069B20
:401E4000054403440693049B034404930CE6229B012B40F381820C9F0120F1E558850100208601000000F03F00001C400000E03F0000244000001440314600230A224846CE
:401E800000F0B6FE0E9B0646002B40F397820793002D05DD31462A46484601F07BF80646002F40F07B810696079B089A013BD318099317460AF00103C246DDF818B00A93A9
:401EC00051462046FFF7E2FA31460546204601F0B7F85A4604905146484601F0D1F8C268804605F13003002A49D101462046079301F0A6F841460690484600F06FFE069A5D
:401F0000079B2AB9229919B90A99002900F0368204990029C0F2E48005D1229919B90A99002900F0DD80002A00F34C81099A07F1010897423B70454600F0538121460023D8
:401F40000A22484600F054FE5E45044631464FF000034FF00A0248460BD000F049FE5946064600230A22484600F042FE47468346A6E700F03DFE474606468346A0E701465E
:401F80004846069300F02AFE0122069BC0E74146204601F055F80028BFF67CAD2146039C0023013C0A224846039400F021FE0A9B0446002B7FF460AF0E9B002B40F3F68166
:401FC00007936FE5099C1EE5229B022B7FF766AD079B002B40F07A8141460522484600F007FE01468046204601F02AF8002809947FF70FAF039A08993123013203920B705B
:402000004D1C0AE7039A312301320392089A137087E501230A93CBE5DDF8189090E4BAF1000F7FF403ADCBF31303002B40F040812BF000473F0D3F0537B1069B01270133F6
:402040000693049B013304930C9B0120002B3FF4F7ACECE44046FAF7ABFA32463B46FAF70DFB0022BF4BFAF757F90446A1F15075304639460022BC4BFAF74CF922462B467B
:4020800006460F46FAF78AFD8046002840F00681224605F1004330463946FAF761FD08B14646B6E6DDE910ABFFF78FBB0898FFF7B4BA0B9B0C9AFB1A1A440B970C920027B1
:4020C00060E4DDE910AB4FF00208B9E51C460021C9F8441088E5012423940E940794F6E7002AD046CDF818B09A4611DD21460122484600F04FFF4146044600F0A1FF0028BF
:4021000040F34981BAF1390F00F0078105F1310AB34687F800A07D1C069E099401E504D11AF0010F01D0ECE4154615F8013C6A1E302BF9D0F5E4039B5C42002C00F0C180DB
:40214000DDE91001894B04F00F0203EBC203D3E90023FAF793FA241106460F4600F02B81834D4FF00208E20709D5D5E9002330463946FAF783FA06460F4608F101086410F2
:4021800005F10805EFD175E5089930220A70039A15F8014C01320392FFF7D0BB7168484600F0F4FC0546336906F10C019A1C92000C30FBF7C9F929460122484600F0EAFEF3
:4021C000069071E6392BCDF818B0D04600F0A58003F1010AB34687F800A07D1C069E09949FE45A46D046B3469A4616467DE4129B5E4903F1FF3A01EBCA012246D1E90001BB
:402200002B46FAF73BFACDE9140139463046FAF7E5FC0446FAF7CCF90B46024639463046FAF778F8129B0F4608993034012B06460C7001F101051FD0129B089AA846134410
:402240009B4600224B4B30463946FAF717FA0F460646FAF7C3FC0446FAF7AAF902460B4630463946FAF756F8303408F8014BC34506460F46E5D1554400223F4BDDE91401A3
:40228000FAF74AF832463B46FAF76AFC00284CD0139B039315F8014CFFF744BB4FF000084646A7E6069B079A9D1A0023FFF770BB0027C9E6169B0B9FC3F13603069DFFF770
:4022C00067BBDDE910674FF00208D3E40994A0E5079B002B3FF4BEAE0E9B002B7FF7E2AE0022244B30463946FAF7C8F906460F4608F10100FAF75CF932463B46FAF7BEF95D
:402300000022184BFAF708F8039A0E9B013A04461392A1F150751293CDE43922B3460994069E3A707D1CFFF7EEBBDDE9142300201149F9F7EFFF32463B46FAF72FFC08B968
:40234000B0E6154615F8013C6A1E302BF9D031E5139B0393FFF7E6BABAF1000F7FF47BAD61E600BF00001C40000014405885010020860100000024400000E03F392BCDF84A
:4023800018B0D046DDF810B09A46C6D0BBF1000F3FF7BCAEBCE67FF4BBAE1AF0010F3FF4B7AEAFE64FF00008464632E5229B022B21DC0E9B04E64FF002085BE4229B022B3E
:4023C00019DC0E9B63E50024C9F844402146484600F0DCFB4FF0FF3307930E93012308902394C9F840000A93FFF7EFB93FF43CABC0F13C0023E50E9B0793E9E50125FFF73B
:40240000AEB900BF38B5074D074C2C1BA41005D0013C55F8043D9847002CF9D1BDE8384006F0E8B904880100008801002DE9F0471C4F0E469146804603F01CFA3D68F5B1AB
:4024400034785CB13D2C18BF344602D117E03D2B15D014F8013F002BF9D1A41B286870B12246314601F09EF828B92868035D00EB040A3D2B09D055F8040F0028F0D14046E1
:4024800003F0FAF90020BDE8F0873B684046ED1AAD10C9F8005003F0EFF90AF10100BDE8F08700BF188AFF1F00B583B001AAFFF7BDFF03B05DF804FB004870476885FF1F34
:4024C000FF2807D8044B1B681844407800F00800C0B27047002070476485FF1F00487047E085FF1F014B1868704700BF0086FF1F00487047A885FF1F024B0146186800F03B
:402500000BB800BF5885FF1F024B0146186803F003BA00BF5885FF1F2DE9F04F01F10B05162D83B0064640F2A08035F0070500F1C080A94200F2BD8000F024FBB5F5FC7F85
:40254000C0F090826B0A00F0BB80042B00F27781A80900F1390E4FEA4E013830BE4F07EB81014C680839A14207D1AEE0002A80F2AE80E468A14200F0A880636823F0030353
:402580005A1B0F2AF2DDB4493C6901F1080E744500F0A881636823F003035A1B0F2A00F38E81002AC1F814E0C1F810E080F29380B3F5007F80F05C81DB084A684FEAA3099B
:4025C0004FF0010C013351F833800CFA09F901EBC30C49EA0202ACF1080CC4F80CC0C4F808804A6041F83340C8F80C40831001249C4094427CD8144206D120F00300640024
:40260000144200F10400FAD007EBC009CC468046DCF80C108C4507D166E1002A80F27481C9688C4500F060814B6823F003035A1B0F2AF2DD0C46CB6854F808CF45F001087F
:40264000C1F804800D4442F00101CCF80C303046C3F808C07D613D61C5F80CE0C5F808E06960AA5000F090FA1FE0102921D800F089FA102506230220774F07EB83035C6872
:40268000A3F10802944200F038816368E16823F0030323445A68A56842F00102E96030468D605A6000F070FA0834204603B0BDE8F08F002420460C23336003B0BDE8F08F09
:4026C00080214FF0400E3F2048E770465BE723445A68E168DFE723445A68304642F001025A60083400F050FA204603B0BDE8F08FBC68636823F00308A84504D3C5EB080321
:402700000F2B00F38C80554BDFF860911A68D9F800302A44013304EB080A00F0608102F580520F3222F47F6222F00F0211463046019200F095FEB0F1FF3F8346019A00F0C7
:402740005881824500F2FC80454BDA4519681144196000F05381D9F80000DFF810E101301BBFCAEB0B0A5144CEF800B019601BF0070100F01781C1F10800C1F580518344F4
:4027800008315A44C2F30B02C2EB010949463046019300F065FE431C019B00F03F81CBEB00024A4442F001021968BC424944C7F808B01960CBF80420DFF8A49016D0B8F13A
:4027C0000F0F40F2FD806268A8F10C0323F0070302F00102E0184FF0050E1A430F2B6260C0F804E0C0F808E000F21C811D4BBC681A68914288BF19601B4B1A6891426268F4
:4028000088BF196022F003029542A2EB050301D80F2B04DC304600F0B7F9002445E745F0010243F00103254462603046BD6008346B6000F0A9F9204603B0BDE8F08F142BBA
:4028400071D9542B00F2A480280B00F16F0E4FEA4E016E3082E600BF0486FF1F889CFF1F8C9CFF1F849CFF1F809CFF1F108AFF1F5A0A042A5ED9142A00F2B38002F15C01AF
:4028800049005B3207EB810C57F82110ACF1080C8C45DFF8D88100F088804A6822F00302934202D289688C45F7D1D1F80CC07A68C4F80CC0A160CCF80840CC6096E645F0B4
:4028C000010742F001032544676030464D610D61C5F80CE0C5F808E06B60AA50083400F053F9E2E64A6881E608F1010818F0030F0CF1080C7FF48CAE30E0DC68A34208BF92
:4029000002303FF440AEC0E60C460B445A68C96854F8085F42F001025A603046E9608D6000F032F9C1E603F15C0E03F15B004FEA4E0113E69A0902F1390149003832A1E7C1
:40294000BC424A4B3FF400AF9C68626822F003025AE759F80839994540F0828010F0030F00F1FF30F5D17B6823EA04037B6064009C423FF6BDAE002C3FF4BAAE1C424046C3
:402980007FF442AE64001C4200F10400FAD03BE6B3F5AA7F18D8E80B00F1780E4FEA4E017730DBE54FF48051EBE60121D8F80430921001FA02F21A43C8F80420614677E716
:4029C0000123CBF8043025E740F25452934220D8A80C00F17D0E4FEA4E017C30BEE51032A4E6542A26D81A0B02F16F0149006E3248E7BC68626822F0030205E7CAF30B0063
:402A000000287FF4A8AE4244BB6842F001025A60ECE6FE214FF07F0E7E209FE501224FF00009C1E604F10801304602F075FFD9F80010DBE6B2F5AA7F05D8DA0B02F17801A2
:402A4000490077321EE740F254518A4205D89A0C02F17D0149007C3214E7FE217E2211E77B6884E7E808431C5B0005E60486FF1F2DE9F04383B005460A9E1446B2B198468A
:402A8000104B0F46D3F80090FFF728FD43468DE84100224639462846C847431C03D100228A2332602B6003B0BDE8F083054B1F68FFF714FD21468DE841000123024A28468A
:402AC000B847EAE7148AFF1FF882010082B049B15AB16BB113780B601278101C18BF012002B0704701A9002AF3D1104602B070476FF00100F4E700BF830770B4CDB23DD0E4
:402B0000531E02B30278AA421ED0421C04E0D3B10478013BAC4217D012F0030F104602F10102F4D1032B11D853B30278AA420BD00344421C02E00178A94205D0934210465A
:402B400002F10102F7D1002070BC704704460E0206F47F462E4346EA0646226820467240A2F1013121EA020212F0803F04F10404DBD1043B032B2046EFD8D5E71346D1E747
:402B80001846E1E7704700BF704700BFC26C70B505460C4652B152F824308BB1196842F82410002218461A61DA6070BD2122042102F030FEE86402460028ECD1002070BD97
:402BC000012101FA04F6721D2846920002F022FE03460028F2D044608660E2E731B1C36C4A6853F82200086043F82210704700BFF0B50C4605460E6983B001F1140E0027F5
:402C0000DEF80000013781B202FB0131000C0B0C02FB003389B201EB0341BE424EF8041B4FEA1343ECDC3BB1A268964207DA04EB8602013653612661204603B0F0BD616883
:402C4000284601310193FFF7A1FF0746226904F10C01023292000C30FAF776FCEA6C6168019B52F82100206042F821403C46DEE72DE9F843234C1F46083384FB034EDB17A1
:402C8000C3EB6E0EBEF1010F06460C469046089D35DD012300215B009E4501F10101FADC3046FFF773FF0123B8F1090F4561036121DD04F109094D46444415F8013B014636
:402CC000303B0A223046FFF793FFA542F5D109EB0804083C47450CDDC8EB0707274414F8013B0146303B0A223046FFF781FFA742F5D1BDE8F8830A344FF00908EAE700214C
:402D0000CEE700BF398EE338030C1B04B3B90004102310F07F4F04BF0002083310F0704F04BF0001043310F0404F04BF80000233002807DB420003D4202070470023E8E7D1
:402D4000581C704718467047036813F0070207D0D90720D49A0720D49B0803600220704799B209B91B0C102213F0FF0F04BF1B0A0832190704BF1B090432990704BF9B08A1
:402D80000232D90704D45B0801D1202070470132036010467047002070475B0803600120704700BF10B50C460121FFF7EFFE01224461026110BD00BF2DE9F04F0D69166907
:402DC00085B0B5420C46914604DA2A464C46354689461646A36805EB060861689845C8BF0131FFF7D3FE00F1140A0AEB880BDA45019005D25346002143F8041B9B45FBD8E4
:402E000009F1140909EB860304F11402994502EB850C59D2CDF808B0CDF80C809B46904659F8047B1FFA87FEBEF1000F1FD047465646002100E00646304657F8045B346896
:402E4000ABB2A2B20EFB03222D0C240C0EFB0544531804EB13419AB242EA0142BC454FEA114140F8042BE6D8716059F8047C3F0C22D0DAF80030002255461E46404696463A
:402E800000E025462C460288360C07FB026699B206EB0E0241EA024344F8043B50F8041B6E68090CB3B207FB0131844501EB12434FEA134EE5D86B60CB450AF1040AAFD831
:402EC000DDF808B0DDF80C80B8F1000F0BDD5BF8043CABF1040B1BB105E05BF8043D13B9B8F10108F9D10198C0F8108005B0BDE8F08F00BF12F003032DE9F041144607460A
:402F00002ED10E46A4101CD0BD6C95B3E3074FF0000806D4641014D02868A8B10546E307F8D52A4631463846FFF746FFB6B17268FB6C641053F82210316043F8226006460C
:402F4000EAD13046BDE8F0812A4629463846FFF733FF2860C0F800800546E0E70646D9E70B4A013B52F823200023FFF741FE0646C8E701213846FFF709FE40F271210122B2
:402F80000023416102610546B8640360BEE700BF488601002DE9F84F0B69541104EB03088B6808F101059D420E4691468346496804DD5B009D4201F10101FADC5846FFF7CD
:402FC000E5FD002C00F1140237DD02EB8403002142F8041B9342FBD1346906F1140119F01F0901EB840E20D0C9F1200C00240F681A4607FA09FA4AEA040443F8044B51F8DD
:40300000044B8E4524FA0CF4F1D854600CB108F10205DBF84C307268013D53F822100561316043F82260BDE8F88F043B51F8042B8E4543F8042FF9D8EBE71346CCE700BFEC
:4030400002690B69D21A12D19B0014301431194410B4034401E098420BD253F8044D51F8042D9442F7D007D3012010BC704710467047002010BC70474FF0FF30F5E700BF94
:403080002DE9F0470B690C46116990465B1A002B18D1890004F1140602F114077318394401E09E4269D253F8045D51F8042D9542F7D06BD22346B24644463E4698464FF0ED
:4030C000010906E066DB04F1140602F1140A4FF000096168FFF75AFD5546D4F810E0D8F810303746C0F80C900AEB830C06EB8E0600F114044FF0000957F8042B55F8041BA5
:403100001FFA82F808EB09031FFA81F8090CC8EB0303C1EB124202EB23429BB243EA0243AC4544F8043B4FEA2249E5D8BE4218D9A046BC465CF8042B95B205EB09010B1403
:4031400003EB12428BB243EA0243664548F8043B4FEA2249EED8FF43374427F0030704373C44043C2BB954F8043D0EF1FF3E002BF9D0C0F810E0BDE8F0870021FFF706FD72
:403180000122002302614361BDE8F087BA464FF000099EE7234604F1140A08F1140644464FF00109984694E70F4B0B40A3F15073002B02DD0020194670475B421B15132BD7
:4031C0000BDD143B1E2BDDBFC3F11F03012202FA03F301230021184670474FF40022002042FA03F1704700BF0000F07F2DE9F041076900F1140606EB870757F8048C40462E
:40320000FFF782FDC0F120030A280B60A7F104031ADC9E4238BF57F8083CC0F10B0228FA02F138BF23FA02F200F1150341F07F5528BF002208FA03F345F4401543EA0204FE
:4032400020462946BDE8F0819E4220D2B0F10B0257F8081C1ED008FA02F040F07F50C2F1200EA7F1080340F4401021FA0EFC9E4240EA0C0520D257F80C3C01FA02F023FAB4
:403280000EF20243144620462946BDE8F0810B3809D101460C4648F07F5545F4401520462946BDE8F08108FA00F040F07F55002245F440151446E6E701FA02F21446E2E76A
:4032C000F0B5012183B01C46C3F30A551646FFF75DFCC4F3130407460DB144F48014019406B302A840F8086DFFF72EFD002830D19DE80C007A61002B0CBF01210221BB615B
:403300003961D5B9089A07EB8103A0F2324010601869FFF7F9FC099BC0EB41101860384603B0F0BD01A8FFF70FFD019B0122114620303A617B61002DE4D0A5F23343089A5F
:4033400003441360099BC0F135001860384603B0F0BD019BC0F12001009A03FA01F10A43C34001937A61C6E72DE9F04383B00E4669460746FFF73AFF04460D46304601A998
:40338000FFF734FF3A69366989469DE80A00961BC91A01EB4613002B80460BDD05EB03510D4642464B4620462946F9F791FA03B0BDE8F083A9EB0357B946F2E770B4146960
:4033C00002F1140301394E1103EB84040136A34200EB86060CD2011F53F8045B9C4241F8045FF9D8A31A153B23F0030304331844864204D9002340F8043B8642FBD870BC6F
:40340000704700BF03694A11934210B400F114040FDA04EB83039C421FD253F8040C043B18B114E053F8042D8AB99C42FAD310BC70470FDD11F01F010CD054F8220004EBF6
:40344000820320FA01F202FA01F18842E3D0012010BC704704EB8203DDE70020E7E700BF38B5074C0023054608462360F1F7C6F8431C00D038BD2368002BFBD02B6038BD7C
:40348000E00C002070B40D785E2D2FD0002216460131431E00F1FF0403F8012FA342FBD185B186F0010242554C1C14F8013C2D2B0ED05D2B09D013B11D462146F3E70846A8
:4034C00070BC7047481E70BC7047204670BC70474E785D2EF0D0B542EEDC023143190135AE4203F8012FFADC0234DEE701224D7816460231CDE700BF004870470000C07FAC
:403500000EB4F0B59CB021AC4FF4017254F8045BADF8142002900690FAF7F2FD4FF6FF7E06460B490B4F2A4623460025086802A9019403960796ADF816E00A970E951395A2
:4035400001F092FB1CB0BDE8F04003B0704700BF5885FF1F75DD00000EB40146F0B54FF6FF779CB021AC54F8042B0D4823466FF00045029106914FF4027602A900680194CA
:40358000ADF81670ADF8146004950795FBF760F9029B00221A701CB0BDE8F04003B070475885FF1F002A3FD040EA010313F00303F0B425D1032A23D904680D68AC421FD106
:4035C000043A33D0A4F1013525EA040414F0803F2FD1071D0D1D0DE057F8043B0E68A3F10134B34224EA03040AD1043A1ED014F0803F21D1032A2946384605F10405EBD83B
:4036000003780C78013A9C420BD17AB114B915E062B173B110F8013F11F8014F013AA342F6D0181BF0BC7047104670471046F0BC70471846F0BC70470020F3E72046F1E796
:403640002DE9F0410F469046FFF7AEFD04460D46B8F1000F11D0C7F30A53C3F16B03002B0BDD1B0503F17F55002405F5401522462B46F9F703F8BDE8F08120462946BDE806
:40368000F08100BF000000002DE9F04F0E4683469FB005920B4600220021CDE90212002219961A921A4613F8017B2D2F00F2EE80DFE817F02E00EC00EC00EC00EC00EC006C
:4036C000EC00EC00EC00DB00DB00DB00DB00DB00EC00EC00EC00EC00EC00EC00EC00EC00EC00EC00EC00EC00EC00EC00EC00EC00EC00EC00DB00EC00EC00EC00EC00EC00B0
:40370000EC00EC00EC00EC00EC004400EC00D800059B4FF000094FF0000A53B100230693059B1E60069B23B149460AF1004389469A46484651461FB0BDE8F08F0023069311
:40374000541C19945778002FE2D0302F00F0A48008944FF0000AA7F130034FF00008092B45462346444619D8082CC8BF08EB880805EB850203F1010307EB42021993C4BF5D
:4037800007EB4807A7F130081F78D8BFA2F13005A7F13002092A04F10104E5D958460793FEF7A6FED0F800905846FEF7A1FE0068FAF7A6FC079B024649461846FFF7F2FE3A
:4037C0008146002800F0E280002084468646A146652F73D0452F71D00023B9F1000F46D0B9F1100FCA46CCEB03032846A8BF4FF0100A0A93F8F7CCFE002C08BF4C46BAF123
:40380000090FCDE9020113DD724B03EBCA0353E91223F8F733FF064640460F46F8F7B8FE02460B4630463946F8F776FDCDE90201B9F10F0F00F3D6800A9B002B00F0A38054
:4038400040F35A850A98162800F39784DDE90223604901EBC001D1E90001F8F70FFF81468A460DE0012306936AE719931AE718B9BAF1000F00F0A0824FF000094FF0000AE2
:40388000059B002B3FF44EAF199E49E70023302F144606937FF45CAF6378582B00F04683782B00F04383013419942778302FFAD0002FE1D008944FF0010A4CE7B9F1000F67
:4038C00000F00682199E731C199377782B2F00F06A822D2F00F0618200230793A7F13003092B00F21982302F05D1199B013319931F78302FFAD0A7F13103082B3FF66CAFE9
:40390000199B19460A46013219920A93A7F130034F78A7F1300109290BD80132199203EB830307EB43031778303BA7F130010929F3D90A99521A082A00F3168444F61F6265
:403940009342A8BF1346079A002A3FF446AF5B42B9F1000F7FF444AF89E719A81E4902F09DFB00283FF4D4AE199B19A8013B1B49199302F093FB10B9199B01331993184B03
:40398000039300230293DDE9029A79E75846FEF7AFFD0068FAF7B4FB199A13181993175C002C40F0E881302F204605D1013319931F780130302FF9D0A7F13103082B40F252
:4039C0003C84652F00F080814FF00009CC464FF0010EFFE65885010094860100988601000000F07F0A9BCAEB090A9A44BAF1000F40F361831AF00F000AD0DDE90223BA4971
:403A000001EBC001D1E90001F8F738FECDE902013AF00F0640F028820023079300954B46224608995846FFF723F90E90002800F0C2820A9A0021002AC2F10003A8BF0B4634
:403A40000F468A460B9322EAE2730A930E9C58466168FFF79BF88046002800F0D282DDE90223214615461E4622690C31023292000C30CDE90856F9F767FD1CA81BA901905D
:403A80002A46334600915846FFF71AFC1A90002800F0448401215846FFF784F90746002800F0AF821B9B002BC0F22A810B9A0A99D51807981C9A1B1A13448C48013B834266
:403AC000C2F1360280F2E780C01A1F28A2EB000200F31A81012383400D9300230F93AE18B5422B46A8BF33460A4407998C18A342A8BF2346002B02DDF61AE41AED1A0B9B5E
:403B0000BBB139461A465846FFF7F4F90746002800F0778201461A9A5846FFF74DF9002800F06F820C901A995846FFF757F80C9B1A93002E08DD32461A995846FFF72AFA01
:403B40001A90002800F0EA830A9B43B141460A9A5846FFF7CFF98046002800F05282002C08DD414622465846FFF714FA8046002800F04782002D08DD39462A465846FFF766
:403B800009FA0746002800F03C8242461A995846FFF776FA8246002800F03382C36800263946C6600C93FFF74BFAB042C0F2B98300F00A8439465046FFF7D6FB00224FF0A0
:403BC000804304460D46F8F7D5FF002868D00C9B002B00F0AD80039B454D9946444B0D9600240F934A46434E434B16409E4200F0B881079B33B3B6F1D46F23D838A3D3E93A
:403C00000023DDF83C900D984946F8F7B3FFB0B10D98494602F068FD002800F0D082F8F7B7FC0D900F910C9B002B40F0C3820D9B12930F9B03F100431393DDE9124505F188
:403C4000D6639D1BDDE90801FFF7AEFA02460B4620462946F8F712FDDDE90823F8F75CFB0C46CDE90201079B23B9224B23409E4200F0E8811A995846FEF7B0FF4146584697
:403C8000FEF7ACFF39465846FEF7A8FF51465846FEF7A4FFDAE600230F9301230D931EE7164B204629460022F8F7E8FC0C9B0D900F91002B37D101F1004310901193039B37
:403CC000DDE9104599468DE74FF0000C4FF0010E00286ED1BAF1000F3FF41AAD8146F1E50000C0FFFFFFDF415885010002FCFFFF0000F03F0000F07F0000E07F0000E03F32
:403D00000A9A0B9DD11AD4E6B0480124C01A04FA00F30F930D94E2E619960023B9F1000F7FF45EADA3E50D9A0F9BCDE91023C6E7DDE90212002940F0DB80C2F313039146F7
:403D4000002B40F0DB800022A14B20462946F8F707FF002840F05F839E4B204629460022F8F78CFC01F100430D900F9116901793DDE9164536E74846A1468446A7F130031A
:403D8000092B13D8421C1F46002B40F02D821046199A531C19935778F0E701230793B31C1993B7789AE500230793F8E74FF0010E0EE54FF0000985E5BEF1000F7FF4A8AC52
:403DC000493F252F3FF6A4AC01A353F827F000BF5B390100113701001137010011370100113701000B3F0100113701001137010011370100113701001137010011370100E3
:403E000011370100113701001137010011370100113701001137010011370100113701001137010011370100113701001137010011370100113701001137010011370100F2
:403E4000113701001137010011370100113701005B390100113701001137010011370100113701000B3F0100B6F59A7F00F3A3803611012EDFF880A140F3E582DDE902016F
:403E800000235746984616F0010F08F101084FEA660604D0D7E90023F8F7F0FB0123012E07F10807EFD1002B40F04083039B0AEBC808A3F154730393DDE90223D8E90001DD
:403EC000F8F7DCFB21F000431B0D434A1B059342CDE902016FD8A2F58012934240F296823E4B0393002307934FF0FF33029395E5DDE90212012900F06681914600230D93E5
:403F0000334B0024364D0F936CE619A8354902F0C5F800283FF4FCAB199B1B78282B00F0D582314B0393002302932CE5069A1AAB019200932D4A1BAB19A9584601F028FE7D
:403F400010F0070605463FF497AC062E40F08381631C199300234FF000094FF0000A06938EE4A9F154730393DDE9022310461946FFF71AF902460B4620462946F8F77EFBAB
:403F8000DDE90223F8F7C8F921F000431B0D184A1B059342CDE90201DDE90801CDE9140140F2E6800D4B994228D00C4B03934FF0FF3302935EE60F4B00220393029222235B
:403FC000DDE9029ACBF800305AE400BFE2FBFFFF0000F03F0000E03F0000A07CFFFFEF7F0000F0BFA08601000000F8FF80860100FFFF9F7C0000F07F20860100149B0133D8
:40400000D3D1CDF828A01A98B14B0022039322230292CBF80030DDE9029A01465846FEF7DDFD41465846FEF7D9FD39465846FEF7D5FD0E995846FEF7D1FD0A995846FEF7F5
:40404000CDFD1DE40D9E0F9D30462946F8F7C6FDF8F7AEFA0B46024629463046F8F75AF90C9B05460E4693B9029B83B9C4F313046CB991A3D3E90023F8F772FD00283FF406
:40408000F9ADCDF828A01A98DDE9029AC5E78CA3D3E9002328463146F8F762FD0028F0D189A3D3E9002328463146F8F777FD00283FF4E0ADE5E73FF4AFACCAF1000616F087
:4040C0000F020AD0DDE90201824B03EBC203D3E90023F8F7FDFBCDE9020136113FF49CAC1F2E38DC16F0100300F0E0816A23002E079313DDDDE90201774F0023F20704D5B7
:40410000D7E90023F8F7BAFA0123761007F10807F4D1002B40F0FC81079B9BB1DDE90212C2F30A53C3F16B03002B11460ADD1F2B40F3C4810022342B029240F3EF814FF08D
:404140005C73039300220023DDE90201F8F7FEFC00283FF463AC2223CBF800304FF000094FF0000AFFF78CBB44F61F63FFF7EBBB039B03F15474039475E50A9EC9F1250346
:404180009E423FF72FACDDE90223524CC9F10F0904EBC901C9EB060904EBC904D1E90001F8F76CFAD4E90023F8F768FA81468A46FFF766BB0D9A0F9BCDE912233DE5474B9C
:4041C0000D900F932FE5DDE902129146002A7FF495AECDF828A02223CBF800301A984FF000094FF0000A18E7012A944418BF484403D188E1550081450FD009F1010909F139
:40420000FF32082A05EB8502F4DDB9F1100FDCBF08EB88084FEA4808EDE7199A09F10109082812DDB9F1100FD8BF08EB88084FF00000D8BF03EB4808ABE5199B303F1A46AF
:40424000089300F1010C4FF0010905EB850507EB450500209DE51A9A3AB135211CA8FFF7ADF858461A99FEF7B9FC062E0BD8DFE806F01D37181304371D006FF000430393D2
:404280004FF0FF33029329077FF57DAB039B43F000430393FFF777BB0D4B039300230293F1E71C9B02931D9B0393ECE7002303930293E8E7AFF300809535A094FFFFCF3F26
:4042C0009535A094FFFFDF3F35E5AF350000E03F0000F07F58850100588601000000F03F1B9A1D9B1C9902F2334223F4801343EA025302910393C6E70A9A12F11603FFF6EA
:4043000071ABDDE902018B4BA3EBC203D3E90023F8F7DEFA81468A46FFF7B2BACDF828A072E60C9E5546CDF828A0DDE9089A7EBBDDE9020160BBC1F313030C4643BB21F069
:4043400000431B0D1B05B3F1D66F21D96B6913B92B69012B1CDD0A9901225846FEF71AFE39460A90FEF76CFE002811DD079B002B40F0BE80704B2340A3F580136FEA135334
:404380006FEA035303934FF0FF330293DDE9029A079BBBB1694B48461593002314935146DDE91423F8F76AF903460C4681468A46CDE9023431B9029B23B922231A98CBF86D
:4043C00000302AE61A9828E60C9ECDF828A0DDE9089A4EB3DDE90245594BC5F3130199422A4645D00F9B4BB3039A1342D0D0DDE90201079A56B3FFF723F902460B4648465A
:404400005146F7F789FF81468A46C1E701F154730393FFF701BB4B4C0023CDE916340C9B0D93494B0F93A3E4DDE90212C2F313031446002BD6D10029D4D197E70D9B029A10
:404440001342A5D0D3E74FF000082FE5FFF7F8F802460B4648465146F7F75CFF0022002381468A46F8F772FB00287FF4B4AE8FE7079B0299FBB1304B2B40B3F1D46F1AD81D
:404480001B0DC3F16B034FF0FF3000FA03F38B42A8D12E498A423ED0274B134003F58013039300230293DDE9029A71E7002E07933FF720AE46E64FF0FF33E8E74FF0FF32BD
:4044C00002FA03F3029A1A4002923BE619A81CAA1F4901F0FBFD05287FF423AD1D9B43F0FF4343F4E00303931C9B0293FFF74BBA114B2340B3F1D66F3FF73EAFB3F15C7F69
:404500003FF748AF67E64846199A09F1010987E6CDE9020100E60133BED174E5203B4FF0FF3202FA03F30B4003930BE6CDE90201BCE400BF588501000000F07F0000503917
:40454000FFFF0F000000E0BF0000E03FFFFFEF7FA48601002DE9F04F0C4687B004916949029205909B462246D1F800A000E02A46154615F8014B0AEB04035B7803F0080308
:4045800003F0FF01002BF2D12D2C00F083802B2C08BF5478019108BF951CBBF1000F0CD0BBF1100F00F095805E46019BF7176BB94FF0FF386FF000490CE0302C7FD00A261C
:4045C00000274FF00A0B019B002BF1D04FF000084FF00049404632463B46494602F0A4F83B46039240463246494602F09DF8002200234FF0000EDDF80C801BE0303CA345E1
:404600002DDDBEF1FF3F13D0994208BF90423ED38B4208BF824238D002FB07FE06FB03EEA2FB06237344121943EBE4734FF0010E15F8014B0AEB040C9CF801C01CF0040F7A
:40464000DCD11CF0030C0AD0BCF1010F14BF4FF0570C4FF0370CCCEB0404A345D1DCBEF1FF3F1CD0019911B1524263EB43030299002940D0BEF1000F1DD110461946049D5D
:40468000029B1D6007B0BDE8F08F4445C4DD4FF0FF3ECDE70123951C547801937DE7019B2BBB4FF0FF306FF00041059A22231360029B13B9E6E710461946013DE0E72B7898
:4046C00003F0DF03582B0BD0082600274FF0080B79E7302C12D12B7803F0DF03582B0DD16C78102600274FF0100B02356BE700204FF00041D9E710461946C3E71026002728
:4047000061E700BF6485FF1F2DE9F04F494C82460E46D4F800E000E02646344614F8015B0EEB0500407800F0080000F0FF0C0028F2D12D2D54D02B2D04BF7578B41C5BB195
:40474000102B5ED04FF0FF38B8FBF3F803FB08FB99466FEA0B0B07E0302D46D00A239946DFF8D4804FF0050B002738460CE0303DAB4219DD7E1C05D0404522D81FD009FBCB
:404780000050012714F8015B0EEB0506767816F0040FECD116F0030606D0012E14BF57263726AD1BAB42E5DC002F0FDBBCF1000F00D0404242B17FB91160BDE8F08F5D4591
:4047C000DDDD4FF0FF37DDE7BDE8F08F2223CAF800304FF0FF305AB3611E1160BDE8F08FB41C75784FF0010CA9E7237803F0DF03582B0DD0082399464FF0070B6FF0604811
:40480000B2E7302D0ED1207800F0DF00582809D14FF0100965784B464FF00F0B02346FF07048A1E74FF00F0B6FF0704899469BE7BDE8F08F6485FF1F9999991910B4044CFA
:4048400013460A460146206810BCFFF75DBF00BF5885FF1F2DE9F04F8B466E4987B0924604901F465A460E6800E02A46154615F8014B33195B7803F0080303F0FF01002BEE
:40488000F3D12D2C00F08E802B2C08BF5478039108BF951CDFB1102F00F09A804FEAE7793A464B464FF0FF304FF0FF3101F03CFF3A46019005914B464FF0FF304FF0FF3146
:4048C00001F032FFB8460292019A059B0BE0302C6DD005230293504B4FF099324FF00A084FF000090A27002000214FF0000E01971CE0019F303CA7422EDDBEF1FF3F13D027
:404900008B4208BF82423ED3994208BF904237D000FB09FC08FB01CCA0FB08016144001941EBE4714FF0010E15F8014B06EB040C9CF801C01CF0040FDBD11CF0030C0BD022
:40494000BCF1010F14BF4FF0570C4FF0370C019FCCEB0404A742D0DCBEF1000F16DB039B13B1404261EB4101BAF1000F05D0BEF1000F15D15D46CAF8005007B0BDE8F08FAB
:40498000029FBC42C4DD4FF0FF3ECDE7049A222313604FF0FF304FF0FF31BAF1000FECD0013DE8E70123951C5478039372E72B7803F0DF03582B12D0072302934FF0FF3235
:4049C0006FF060434FF008084FF0000908278AE7302C14D12B7803F0DF03582B0FD10F2302934FF0FF3301936FF070436C78059302354FF010084FF00009102764E70F237E
:404A000002934FF0FF326FF070434FF010084FF0000968E76485FF1F999999192DE9F04F936883B09046002B72D04FF000090D464C468346166808688B68002C45D09C42CA
:404A40001F469A4646D3AB8913F4906F2DD06F69296907EB4707C1EB000A07EBD777601C7F105044B8423A4684BF07463A465B0533D511465846FDF74FFD002837D0524674
:404A800029690190F8F760FDAA89019B22F4906242F08002AA81CAEB070203EB0A006F61A24627462B612860AA605246494601F0CDFBD8F80820AB682868DB1B5044141BA4
:404AC000AB602860C8F8084014B3D6F8009074680836B2E72746A246E7E7584601F01AFC03460028D7D12969584600F015FF0C23CBF80030AB89002243F040034FF0FF30D2
:404B0000AB81C8F80820C8F8042003B0BDE8F08F0020C8F8040003B0BDE8F08FB1F1FF3F38D0F8B59389146B23F020039381CEB2BCB114465268636B0D469A4209DA236805
:404B400030465A1E226003F8015C636801336360F8BD214600F0CEFD0028F0D04FF0FF30F8BD136914682BB1A34203D214F8013C9E4212D0134657683046032502F1400641
:404B80009463D76316635563012403F8421F82E81800F8BD4FF0FF3070475368013C0133146030465360F8BD10B50C46096B69B104F14003994201D000F0AEFEE36B0020A5
:404BC0006360206313B1A36B236010BDA389216943F020030022A38184E806004FF0FF3010BD00BF2DE9F04F02FB03F983B001929A460C9CB9F1000F2AD007460E464D460C
:404C00004FF0000811E05A4621683046F8F79CFC2268C4F804805A44226021463846CBEB05055E44FFF7C0FFB0B9D4F804B05D45E9D82A4630462168F8F786FC50466268A4
:404C40002368521B2B446260236003B0BDE8F08F484603B0BDE8F08F019BC5EB0909B9FBF3F003B0BDE8F08F2DE9F04F8B46B1F90C10D9B007468804059309D4DBF8643056
:404C800041F4005123F40053ABF80C10CBF86430164616F8011B00230693039399460793DFF8D4A40B9179B3DAF800C00CEB01035B7803F0080303F0FF054BB3DBF804302C
:404CC0001A4612E0DBF80030DAF800101A7801330A445278120710D5DBF8042009F10109013ACBF80030CBF80420002AEADC59463846FFF759FF0028E4D03246164616F878
:404D0000011B0B910029CFD1079859B0BDE8F08F252940F082802C465378721C782B00F25F82DFE813F093005D025D025D025D025D025D025D025D025D025D025D025D0294
:404D40005D025D025D025D025D025D025D025D025D025D025D025D025D025D025D025D025D025D025D025D025D025D025D025D0279005D025D025D025D02A3015D025D02F4
:404D80005D025D025D029B019B019B019B019B019B019B019B019B019B015D025D025D025D025D025D025D025D025D025D0289015D025D025D025D025D025D025D02BA012A
:404DC0005D025D02A8015D025D025D025D025D025D025D025D0277015D025D0242015D025D025D025D025D025D025D02150109015D025D025D020401BF015D025D02FC0086
:404E00005D02EB00DF00D1005D025D02C9005D0298005D025D0277011646DBF80430002B40F33F82DBF8003016F8012C197891427FF46AAFDBF804200133013ACBF80420C7
:404E4000CBF8003009F10109324657E74FF0FF3059B0BDE8F08FDBF804300292002B40F35582C34B032606930A230393DBF8003001E0CBF8003093F800E00CEB0E02507876
:404E800000F0080202F0FF01002A00F06A82DBF8042009F10109013A002ACBF8042003F10103E6DC59463846FFF77EFE002840F08781DAF800C0D9E7DBF804300292002BF8
:404EC00040F32E820226D1E7DBF804300292002B45F4087540F3A680A54B0326069310230393C3E7DBF804300292002B40F3CB809F4B0326069308230393B7E7EB06029221
:404F000000F127816E0740F1DF81059916460B683246A3F800900B4604330593EEE673786C2B00F0C68145F001051646F5E6737845F004051646F0E6DBF804300292002B82
:404F400040F382808B4B032606930A2303938DE7DBF804300292002B40F3D081002C08BF012415F0010340F0A980EA0640F185811D460BE01A44CBF80020594638461D4435
:404F8000E41AFFF711FE002840F06E819BE80C00A342EFDB1B1B2244CBF804302544CBF80020029EA9443246A8E60DF1600811464046FEF767FADBF804300646002B40F3AD
:404FC000C881002CDBF8001008BF4FF0FF34EB06087840F1C1800294002500E0087818F800300131002B00F04381DBF804300135013BA5428BE80A0000F00F81002BEDDC80
:4050000059463846FFF7D0FD002840F00581DBF80010E3E7DBF804300292002B45F400753FF75AAF59463846FFF7BEFD002840F0C780DAF800C04FE7DBF804300292002B57
:4050400045F001053FF77EAF59463846FFF7ACFD002840F0B580DAF800C073E704EB840403EB4404303C7378164656E6737845F01005164651E6DBF804300292002B45F0FE
:4050800001053FF735AF59463846FFF78DFD002840F09680DAF800C02AE7737845F0020516463AE6DBF804300292002B40F34381304B0326069300230393D7E60CAB1846FA
:4050C000082200210893F8F7B5FA15F01003099300F0AA800023049300250DF13808FDF701FAA8426CD09BE80C0012F8010B013BCBF80020089A6E1C00920499CBF8043016
:4051000008F80500334642463846FDF7B1FC411C56D0002840F08F80099B002B40F09A80049AB1441360013C049B04330493DBF804300025002B73DC59463846FFF734FDAD
:4051400000286DD0002D3BD1099B13B9079B01330793029E3246D1E5059A1346156804332A1902932C46049503463D46174608E00947010011E700006485FF1FDBF8001010
:405180000B7818F80330481C002B36D0DBF80430CBF80000013BCBF804300B7804F8013BA7422AD0DBF80430002BE7DC59462846FFF7FAFC0028E1D02F46049DA5421ED146
:4051C000079A002A3FF442AEBBF80C3013F0400F134618BF4FF0FF33184659B0BDE8F08F63445B78029203F00303012BDBF8043064D0002B3FF7A6AE26E72F46049D651B8E
:405200003FF482AD029B00220593079B227001330793A944324671E50295029DA944F9E7002C7FF45CAF8FE7059A1368049313460433059350E702300FD1DBF80430354631
:40524000002B3FF74CAF59463846FFF7ADFC0028E6D077E7B144013C69E7099BB144013C002B3FF461AF62E7002D7FF49AAEA7E7002D3FF449ADA944CCE7059D23462968C3
:405280000122CDF800B03846FFF7ACFC0435002896D0079B029E013381440793059532462CE559463846FFF77FFC00283FF4BAAD86E7B37845F0020502362EE5002B45F0AC
:4052C00001053FF73FAEBFE6EC070DD4A8070BD54A460598D3170168029EC1E90023034604330593324609E5059A029E1368C3F800901346043305933246FFE4594638466D
:40530000FFF752FC00283FF429AE59E759463846FFF74AFC00287FF453AFDAF800C0A0E559463846FFF740FC00287FF449AFDAF800C002269AE559463846FFF735FC002823
:405340007FF43EAF8B4B0390DAF800C0069303268CE559463846FFF727FC00283FF431AE2EE7032E40F098800DF138084646621E262A98BF0A4618464FF000014B46B94632
:40538000039F88BFA4F1270245F4586588BF27240491AEF12B014D2950D8DFE801F0784F784F4F66727272727272724A4A4F4F4F4F4F4F4F4545454545454F4F4F4F4F4F72
:4053C0004F4F4F4F4F4F4F4F4F4F4F274F4F4F4F4F4F4F4F4545454545454F4F4F4F4F4F4F4F4F4F4F4F4F4F4F4F4F2705F4C061B1F5007F22D125F4007545F4A065102770
:4054000086F800E00136DBF8041001390029CBF804106EDD0130CBF80000013C0ED0DBF8000090F800E0B4E70A2F07DD25F43865E6E7514931F91770082FF7DCE80503970A
:405440004F46994605D5464500F2E18046453FF45BAC15F0100400F0B480049BC8EB06061E44B144029E324648E42905C8D517B945F400750827690540F1B78025F4B06589
:40548000BEE73D4925F4386531F91770B8E72906D4D525F08005B3E7002C08BF4FF0FF3415F001026AD1E9062ED51546614602E01A780A445078060703F101033FF571AD32
:4054C000DBF804200135013AAC42CBF80030CBF804203FF466AD002AEADC59463846FFF763FB00287FF45DADDAF80010DBF80030DEE75946484608920393FFF755FB039B45
:40550000089A002889D099E705990E680D1D3444B04606E0DBF80030DAF8002019780A445078000703F1010115D4DBF80420CBF80010013ACBF804201B7808F8013B444570
:4055400009D0DBF80430002BE4DC59463846FFF72BFB0028DED0C6EB0806079AB144029E013200230792059588F800303246FFF7C5BB00BF11E70000B88601000CAB18462A
:4055800008220893F8F756F815F0100304933BD1059A1346D2F80080043305930026DBF80030DAF800201B7813445B78180701D4002C4AD1049B002B7FF4CBADC8F8003065
:4055C000C4E5224641463470039B3846069CA047A90613D46A0723D5059A1368043205921880079B0133079337E725F460750AB1013A013404990131049104E7059A13683C
:40560000043205921860ECE70DF12C08C6E7731E16F8011C5A4638461E46FFF77FFA15E715F00102EAD1AB07E8D5314B069938469942039B414655D0FEF78CFF059A136840
:4056400004320592C3E90001CBE7FCF74BFF86423FF4B6AD9BE80C0012F8010B751CCBF80020089A013B00920EAA9055CBF8043041462B463846FDF7FBF9461C3FF4A0AD06
:4056800090B1023008BF2E462FD1DBF80430002B85DC59463846FFF787FA00283FF47FAF002E7FF48DAD85E7C8F80000FCF708FF70B1002D3FF47EAF0EAB5C19013D5A46D1
:4056C00014F8011D3846FFF729FA002DF6D171E7049BA944013C1BB908F104081E46D4E70646D2E7FFF7B6F8A8E7D8F80000DDE7094701002DE9F0410C46096B04F140037A
:40570000994214D0666B77003A4600F003FE054648B300EB0608324640462946F7F714FFC4F80080256367630020BDE8F0814FF48061FCF7F1FE0346A8B194F842204FF4A7
:4057400080612063616380F8FF2394F8411000F2FD3280F8FE1394F84010002083F8FD132260BDE8F0814FF0FF30BDE8F08100BF2DE9F047254C064625688846D5F84841C3
:4057800092469946C4B360681F2817DC411C76B104EB8003C3F888A0D4F88851012282401543022EC4F88851C3F808911ED0831C6160002044F82380BDE8F087144B03B367
:4057C0004FF4C870FCF798FE0446D0B1D5F84831002784E888003846C5F848410121C4F88871C4F88C71002EE1D0D1E7D4F88C311A43C4F88C21DAE705F5A674C5F8484124
:40580000C1E74FF0FF30BDE8F08700BF64820100F924010010B502FB01F1FCF77DFE0446D8B150F8042C22F00302043A242A18D8132A14D900231B2A0360436016D9242A9D
:405840008360C36011BF00F110020361436100F118020023136053609360204610BD0246F7E70021F7F7E6FE204610BD00F10802EFE700BF704700BF704700BFF8B50C4606
:40588000224F0646FDF77EF9BB685D6825F00305291B01F6EF7121F47F6121F00F01A1F58054B4F5805F07DB00213046FDF7D8FDBB682B44984204D03046FDF765F90020AE
:4058C000F8BD61423046FDF7CBFD01300DD0104BBA6819682D1B45F001053046091B55601960FDF751F90120F8BD00213046FDF7B7FDBA68831A0F2BDEDD064C0449246895
:4059000043F00103001B53600860D5E70486FF1F8C9CFF1F108AFF1F002945D02DE9F0410D468046FDF72EF955F8047C6A49A5F1080427F00103E2188E685068B24220F0F6
:40594000030062D0FE0750600BD455F8087C01F1080EE41BA5683B4475456FD0E768EF60BD6015186D68ED0742D543F001026260E350B3F5007F18D2DB0848689D1001229A
:40598000013351F8337002FA05F501EBC3022843083AE260A760486041F83340FC604046BDE8F041FDF7F0B870475A0A042A53D89A0902F139077F0002F1380501EB870016
:4059C00051F827200838904243494DD0516821F003018B4202D292689042F7D1D068E060A2608460D4604046BDE8F041FDF7CCB895683A4F0344BD423FD0D06843F00102AA
:405A0000E86085606260E350B3E7FF07034407D455F8085C641BE268A0682B44C26090602F4A43F001001268606093428C60B6D32C4B40461968FFF721FFB0E71118496849
:405A4000C90744D491680344D26843F00100CA6091606060E350A2E7142A17D802F15C077F0002F15B05A9E7AA104B68012505FA02F213434B600246B1E743F001024C61CA
:405A80000C61E560A5606260E35088E7542A06D81A0B02F16F077F0002F16E058EE7B2F5AA7F06D8DA0B02F178077F0002F1770584E740F25450824206D89A0C02F17D0794
:405AC0007F0002F17C0579E7FE277E2576E743F001026260E35062E70486FF1F0C86FF1F0C8AFF1F889CFF1F02694B1193422EDAF0B511F01F0100F1140606EB820206EB91
:405B0000830E29D056F823300EF10405AA4223FA01F4C1F1200C39D900F110072B6803FA0CF3234347F8043F55F8043BAA4223FA01F4F3D8CEEB0202053A22F00302043227
:405B40003244146004B10432931B9B1016E000230361002343617047724512D9714600F1100451F8045B8A4244F8045FF9D86FEA0E03134423F0030304339B10036113B1D6
:405B8000F0BD0023036100234361F0BD3246D8E72DE9F04F8BB08946039208930590FCF7A7FC036818461C460293F8F7A9FAD9F8003021189A780090302A11F801BC40F0CE
:405BC000A88103334FF000081C4613F8012B08F10108302AF8D0B24EB35C002B00F0EF804FF0000A55462378F35C274623B117F8013FF35C002BFAD1009A02993846FDF75F
:405C0000D1FC002800F094803B78002D00F07081ED1BAA000192502B00F09380702B00F090803D46C9F80070BAF1000F40F0B6802B1B013B072B514604DD5B10072B01F1BD
:405C40000101FADC0598FCF7A1FF0346A54203F114030490079340F2D1819946009B4FF00008C3F101034746069310E0202F00F09D803A46043715F8013C5546F35CA5426E
:405C800003F00F0303FA02F348EA030815D915F8013C05F1FF3A5B45E8D1069B5344A342E4D31846009A02990993FDF77BFC099B0028DBD11D46A542E9D8079B49F8048B8D
:405CC000C3EB0909049A4FEAA903136140464FEA4319FDF719F8039BC0EB09001E68B04200F3E080C0F206810027039B019A9B689A4200F39480039801994368994280F204
:405D0000B2805D1AAE4200F30C81C268022A00F07C81032A00F05981012A00F07A8105980499FCF75BFF149A0023136050203AE0002D00F016813B786AE7002301934FF0F7
:405D4000010A7B782B2B00F0A9802D2B72D0791C0025F35C524A581E18283FF662AF4878103B125C0131501E18280AD811F8010F03EB830302EB4303325C103B501E1828F9
:405D8000F4D905B15B423D460F46019AC9F800701A440192BAF1000F3FF44AAFB8F1000F0CBF062000200BB0BDE8F08FC9F800804FF00008424609F1040904275BE7009D7F
:405DC00002992A462046FDF7EDFB002836D027462378502BB1D0702BAFD0C9F80070DDE7049B9B68984580F23481434604985A1C012100EB8303022C0261596100F018816D
:405E0000904580F2DB8001210498FFF76DFE039B019A9B6801329A42019240F3D28005980499FCF7DBFE149A0023A32013600BB0BDE8F08F0125BB78B91C8AE7625D671974
:405E4000B35C002B69D0302A3C4604D114F8013F302BFBD0F35CB3FA83FA3D464FEA5A1A4FF00108C1E6012467B1039BDB68022B00F08580032B00F08680012B00F0B5803F
:405E800044F01004149B20461A46049B1360089B1A46019B13600BB0BDE8F08F0025CAE7DC860100841B21460498FDF7ABFA002835D0621E0799531151F82310012702F067
:405EC0001F0307FA03F30B420AD0BA4240F39B80A11E0498FDF796FA002800F094800327019B2146234404980193FFF7FDFDFCE6019590E6341A049922460598FDF74AF845
:405F0000019B04901B1B01930346143307930027EBE69C1C4FF000085DE6134659E70746DEE76C1E002F4ED124B121460498FDF769FA0746079A631152F8232004F01F044B
:405F4000012303FA04F414422946049818BF47F00207FFF7C9FD039B761B5B680224019382E7009ABB5CBD18F25C2F46002A3FF44FAE17F8013FF25C002AFAD148E6159BAC
:405F8000C3F101031593159B002B3FF479AF049A079DD2F810802B464FEA88070020E91904E043F8040B99427FF61AAF1A68B2F1FF3FF6D00132022C1A6039D016F01F06D5
:405FC0003DD121245EE70127B4E7159A002A3FF4A6AE089901220B60079B049962200A611A60149B1A461160DDE6BA077FF548AF079B1B683B43DB07C9D441E7DDF81C90D7
:406000004FF0000859E602276AE7159A002AE0D085E6AE427FF483AE012EDADD711E0498FDF7F0F900283FF47AAE039B5B68D0E7039B1B68013B9E4224D0222422E73D444E
:4060400055F8040CFCF760FEC6F12006B042B8DAD9E6049BDDF81490596848460131FCF795FD054604990C300B690C319A1C9200F7F76AFA04994846FCF7B0FD04952B69CD
:406080001435B3E6731155F8232006F01F060123B340134214BF21242224F3E630B4046808E014F8013FA3F14105192D98BF2033934208D111F8012B002AF2D10134046075
:4060C000012030BC7047002030BC70472DE9F04F0B6885B0591102EB810113F01F0301911CBF04310191019C0290A4F1040CE046604603930023194644F8043C9A469E46F2
:40610000029BDFF844911D6815F8013F23B319F80340002C43D1202B5DD8D645F4DD404513D2072911DC0346C1F1080189000668C1F1200B5F6807FA0BF4344327FA01F6B9
:406140001C6043F8046F9845F4D890423AD815F8013F0821002BDAD1BEF1000F3DD0404501D207295CDD90423BD9134650F8041B844543F8041BF9D2002143F8041B9C45A0
:40618000FBD2019B53F8043C2BB962453AD05CF8043D002BF9D0052005B0BDE8F08F013108290EF1010E06DD9042ADD9002340F8043C01210438036804F00F0444EA031473
:4061C0000460A1E70023A0F1040840F8043CF2464046194698E7292B1BD0042005B0BDE8F08F039B002BCCD0019C039B54F8041CC3F120034FF0FF3020FA03F30B4044F8BB
:40620000043CC1E701230520CCF8003005B0BDE8F08F029B01351D60BEF1000F9FD1DCE70446C1F108039B000568C3F12007666806FA07F1294326FA03F5216044F8045FCB
:40624000A045F4D88FE700BFDC8601008842F0B50DD98B1898420AD28118002A51D09A1A13F8014D934201F8014DF9D1F0BD0F2A48D941EA00039B0746D1154600F1100402
:4062800001F1100353F8106C103D44F8106C53F80C6C0F2D44F80C6C53F8086C04F1100444F8186C53F8046C03F1100344F8146CE8D8A2F1100323F00F0302F00F0E103377
:4062C000BEF1030F1944034421D90E4674461D1F56F8047B043C032C45F8047FF8D8AEF1040424F0030404342344214402F0030262B1013B0A4411F8014B8A4203F8014F63
:40630000F9D1F0BD0346F3E70346F2E7F0BD7246EEE700BF2DE9F04F174683B0002900F08F800D46814607F10B04FCF72BFC55F804EC162C2EF00306A5F108083CD81022CE
:406340001446A7423DD8964242DAC64B08EB060099688842416800F0D78021F0010303445B68DB074CD51EF0010F00F09D8039464846FCF7D1F8074600283AD055F8043CEA
:40638000A0F1080223F0010343449A4200F03E81321F242A00F22B81132A00F2FF8003462A46116819605168596092689A6029464846FFF7B1FA1CE024F00704002C2246D0
:4063C000BFDA0C230020C9F8003003B0BDE8F08F2F46331B0F2BD8F804201DD802F00102324308EB0601C8F804204B6843F001034B604846FCF7C8FB384603B0BDE8F08F91
:4064000021F003013144914220DBC36882682F46D3600E469A60DCE702F0010208EB0401144343F00102C8F804400B444A605A68083142F001025A604846FFF76DFAD8E72B
:40644000114603B0BDE8F04FFCF766B81EF0010F8DD155F8083CC3EB080ADAF8043023F0030C01EB0C0E964526DB5746C3688168321FCB60996057F8081FDAF80C30242A4E
:40648000CB60996000F2C980132A40F292802B681B2ACAF808306B68CAF80C3000F2CD8008350AF1100385E055F8083CC3EB080ADAF8043023F0030C06EB0C039342FFF627
:4064C00056AF5746DAF80C1057F8080F321F242AC160886000F2AA80132A40F2A58029681B2ACAF808106968CAF80C1000F2BC8008350AF1100229681E4611606968D0462A
:406500005160AB68936064E721F0030B04F11000B344834557DA1EF0010F7FF428AF55F8081CC1EB080ADAF8041021F0030CE3445845C1DC5746DAF80C1057F8080F321F05
:40654000242AC160886000F2B180132A40F2A28029681B2ACAF808106968CAF80C1000F2AC8008350AF110022968116069685160A9689160C4EB0B020AEB040142F00102D8
:4065800099604A60DAF80430484603F001031C43CAF80440FCF7F8FA38462EE72B681B2A03606B68436026D800F1080305F10802F7E63B462A6876461A606A68D0465A605D
:4065C000AA689A6005E7C4EB0B0B08EB04014BF0010299604A6055F8043C484603F001031C4345F8044CFCF7CFFA284605E72946FFF72CFEDBE6AB68242A8360EB68C360E7
:4066000027D000F1100305F11002CAE650F8043C2F4623F003031E44DBE6294638467646D046FFF713FED4E63A4664E7294638461E46D046FFF70AFECBE6AB68242ACAF8EA
:406640001030EB68CAF814301AD010350AF11803B0E72A6900F118030261696905F1180241619EE60486FF1FA968242ACAF81010E968CAF814100FD010350AF118023AE721
:406680002A690AF12003CAF818206A691835CAF81C208FE73A4667E729690AF12002CAF8181069691835CAF81C1024E7294638460193FFF7CBFD019B5CE7A968242ACAF8DD
:4066C0001010E968CAF8141003D010350AF118024AE729690AF12002CAF8181069691835CAF81C1040E700BF4A0011D212F5001211D20DD56FF47873B3EB62520ED44FEA93
:40670000C12343F0004343EA505323FA02F070474FF00000704750EA013002D14FF0FF3070474FF00000704753B94AB9002908BF00281CBF4FF0FF314FF0FF3000F082B910
:40674000ADF1080C6DE904CE00F006F8DDF804E0DDE9022304B070472DE9F04F8C460C460546099E002B4FD18A4217466BD9B2FA82FEBEF1000F0BD0CEF1200520FA05F562
:4067800001FA0EF345EA030C02FA0EF700FA0EF5390CBCFBF1F0BAB201FB10C300FB02F84FEA154C4CEA0344A04509D9E41900F1FF3380F02881A04540F2258102383C4406
:4067C000C8EB0404B4FBF1F301FB134C03FB02F2ACB244EA0C418A4209D9C91903F1FF3480F00F818A4240F20C81023B39448A1A43EA00400021002E63D022FA0EF2002357
:4068000086E80C00BDE8F08F8B4207D9002E56D0002186E811000846BDE8F08FB3FA83F1002940F09380A34202D3824200F2FE80851A64EB03039C460120002E41D086E888
:406840002010BDE8F08F12B90127B7FBF2F7B7FA87FEBEF1000F36D1E41B4FEA17481FFA87F90121B4FBF8F308FB134409FB03F24FEA154C4CEA0444A24207D9E41903F12F
:40688000FF3002D2A24200F2D3800346A41AB4FBF8F008FB104809FB00F9ACB244EA0842914507D9D21900F1FF3402D2914500F2BA802046C9EB020240EA03409BE73146C1
:4068C0003046BDE8F08F07FA0EF7CEF1200C24FA0CF34FEA1748B3FBF8FA1FFA87F908FB1A3520FA0CFC04FA0EF40AFB09FB4CEA040C4FEA1C4242EA05439B4500FA0EF574
:406900000AD9DB190AF1FF3280F08B809B4540F28880AAF1020A3B44CBEB0303B3FBF8F008FB103300FB09F41FFA8CFC4CEA03439C4207D9DB1900F1FF326ED29C426CD9B5
:4069400002383B441C1B40EA0A418BE7C1F1200E8B4022FA0EFC4CEA030C24FA0EF74FEA1C49B7FBF9FA1FFA8CF309FB1A7720FA0EF88C400AFB03F548EA04044FEA1448DF
:4069800048EA0747BD4202FA01F200FA01FB09D917EB0C070AF1FF3041D2BD423FD9AAF1020A67447F1BB7FBF9F509FB157705FB03F3A4B244EA0747BB4208D917EB0C0751
:4069C00005F1FF3027D2BB4225D9023D674445EA0A40A0FB0289FF1A4F4545464C4614D329D066B3BBEB050367EB040707FA0EFECB40CF404EEA030386E888000021BDE806
:406A0000F08F2346F3E61846DAE6B8EB020569EB0C040138E5E70546D9E7104692E78246C0E7924678E702383A4443E7084604E7023B3C442AE7C345E7D33C46D1E7314688
:406A4000BDE8F08F704700BF000000000CFDFF7F01000000000000004F4646004F4E0000256C6400256400006D6178626F7469785F64657074683D25730000006D617862A1
:406A80006F7469785F64657074680000612B0000646174612E74787400000000206D6178626F7469785F64657074683A2000000020000000436F756C64206E6F742067651C
:406AC000742076616C69642072656164696E67732066726F6D204D6178626F7469782E002D31000052000000544553545F4C4556454C5F53454E534F520000006E57414EC3
:406B00005445443D25642C6E52454345495645443D25642C6E56414C49443D25642C6E4D454449414E3D25642E000000252E38730000000072000000544553545F53445FFA
:406B40004341524400000000544553545F50415353000000770000005355434345535320575249544520524541442044454C4554452046494C4500004641494C4544205482
:406B80004F20575249544520524541442044454C4554452046494C4500000000544553545F4641494C000000746573742E747874000000007B2000002274696D65223A2299
:406BC000256C642220000000226576656E74223A226572726F7222202276616C7565223A22000000226576656E74223A227761726E696E6722202276616C7565223A2200BC
:406C0000226576656E74223A227374617274757022202276616C7565223A2200226576656E74223A226E6F74696622202276616C7565223A22000000227D0D0A00000000E9
:406C4000226576656E74223A2274657374222000226E616D65223A22257322200000000022737461747573223A2225642220000022726561736F6E223A2225732220000024
:406C80007D0D0A00544553545F414E414C4F475F564F4C544147455300000000564241543D252E33662C56534F4C3D252E33662C434852473D252E33660000005445535483
:406CC0005F50524553535552455F53454E534F520000000050524553535552453D252E33662C505245535F43555252454E543D252E33662C505245535F44455054483D2534
:406D00002E3366004F4B00004154235348444E0D00000000415445300D0000004D6F64656D20626F6F742074696D653A202564004D6F64656D20726561647920666F7220C3
:406D4000415420636F6D6D616E647320616674657220256420617474656D70742873292E000000004E6F20726573706F6E73652066726F6D206D6F64656D2E004D6F64651B
:406D80006D2073656E7420415420636F6D6D616E6420776974686F75742074696D656F75743A2025730D0A004D6F64656D20526563656976656420657870656374656420A9
:406DC000415420526573706F6E7365206F6E206669727374205472793A0A436F6D6D616E643A2025730A52656365697665643A2025730D0A000000004D6F64656D207265D3
:406E000071756972656420256420747269657320746F207265636569766520415420526573706F6E73653A2025730D0A00000000436F756C64206E6F7420777269746520D2
:406E4000415420636F6D6D616E643A2025730A2052656365697665643A2025730A000000544553545F4D4F44454D00004E6F207265706F6E73652066726F6D206D6F6465BC
:406E80006D2E00004D6F64656D20636F6E6E656374656420746F206E6574776F726B2E0054696D6520746F20636F6E6E65637420746F206E6574776F726B3A2025642073D8
:406EC00065636F6E647300004D6F64656D2074696D6564206F7574206F6E206E6574776F726B20636F6E6E6563740000416371756972656420495020616464726573733A21
:406F0000202564207365636F6E6473004D6F64656D2074696D6564206F7574206F6E204950206164647265737320616371756972652E0000436865636B696E672041542B0C
:406F4000435245473F00000041542B435245473F0D00000045787472616374696E6720737472696E672041542B435245473F0000756172745F72656365697665645F7374CC
:406F800072696E673A202573000000000D0000003A2000005265676973746572656420746F206E6574776F726B2C20435245473A20257300446F6E65206578747261636998
:406FC0006E6720737472696E672041542B435245473F0000302C3100302C350041542353474143543D312C310D0A0000312C310041542353474143543F0D000041542B4394
:407000004553510D000000000D0A2B434553513A2025642C25642C25642C25642C25642C2564252A730000004E6F64655F547970653A200053494D5F547970653A20000099
:4070400053616D706C655F467265713A200000005265706F72745F467265713A2000000044656275675F467265713A2000000000417070735F456E61626C65643A2000007E
:407080004170705F4C4544004C6576656C5F53656E736F720000000056616C76650000004175746F73616D706C657200536F6E74656B00004170705F4C45443A20000000FC
:4070C0004C6576656C5F53656E736F723A20000056616C76653A00004175746F73616D706C65723A00000000536F6E74656B3A00256400004E6F64652074797065206368DC
:40710000616E67656420746F3A2025640D0A0000436F756C64206E6F74206368616E6765206E6F646520747970652E0053494D2074797065206368616E67656420746F3A9D
:407140002025640D0A000000436F756C64206E6F74206368616E67652053494D20747970652E000053616D706C696E67206672657175656E6379206368616E67656420749D
:407180006F3A2025640D0A00436F756C64206E6F74207061727365206E65772073616D706C696E67206672657175656E63792076616C75652E0000005265706F7274696E2E
:4071C00067206672657175656E6379206368616E67656420746F3A2025640D0A00000000436F756C64206E6F74207061727365206E6577207265706F7274696E6720667250
:40720000657175656E63792076616C75652E00004465627567207072696E74696E67206672657175656E6379206368616E67656420746F3A2025640D0A000000436F756C0B
:4072400064206E6F74207061727365206E657720646562756767696E67206672657175656E63792076616C75652E0000467265713D0000004170705F4C454420667265717D
:4072800075656E6379206368616E67656420746F3A2025640D0A0000436F756C64206E6F74207061727365206E6577204170705F4C4544206672657175656E637920766158
:4072C0006C75652E000000004E6F204170705F4C4544206672657175656E63792076616C756520696E646963617465642E0000004C6576656C5F53656E736F722066726598
:407300007175656E6379206368616E67656420746F3A2025640D0A00436F756C64206E6F74207061727365206E6577204C6576656C5F53656E736F72206672657175656EBD
:4073400063792076616C75652E0000004E6F204C6576656C5F53656E736F72206672657175656E63792076616C756520696E646963617465642E00004175746F73616D70AC
:407380006C6572206672657175656E6379206368616E67656420746F3A2025640D0A0000436F756C64206E6F74207061727365206E6577204175746F73616D706C657220D7
:4073C0006672657175656E63792076616C75652E000000004E6F204175746F73616D706C6572206672657175656E63792076616C756520696E646963617465642E000000C4
:40740000536F6E74656B206672657175656E6379206368616E67656420746F3A2025640D0A000000436F756C64206E6F74207061727365206E657720536F6E74656B2066D8
:4074400072657175656E63792076616C75652E004E6F20536F6E74656B206672657175656E63792076616C756520696E646963617465642E0000000041542343474D4D0DD9
:40748000000000004D6F64656D204D6F64656C3A20257300415423434349440D0000000053494D2049443A202573000041542B4347534E0D00000000494D45493A20257369
:4074C0000000000041542B434744434F4E543D312C224950222C22776972656C6573732E7477696C696F2E636F6D220D0A00000041542B434744434F4E543D312C22495014
:40750000222C227375706572220D0A0041542B4346554E3F0D0000004346554E3A2025730000000041542B4346554E3D310D00004D6F64656D206E6F7420726561647920FE
:40754000746F206765742074696D652E204E6F7420636F6E6E6374656420746F206E6574776F726B2E00000041542B43434C4B3F0D000000220D00003A20220025642F2500
:40758000642F25642C25643A25643A25642D25640000000025642F25642F25642C25643A25643A25642B256400000000436F756C64206E6F74207061727365206D6F64656E
:4075C0006D2074696D652E004154234750494F3D352C312C312C300D000000004154245355504C5345433D310D0000004154245355504C563D320D0041542441475053455A
:407600004E3D310D00000000415424534C503D312C227375706C2E676F6F676C652E636F6D3A37323735220D0000000041542353474143543D312C300D0A00004154244CF3
:4076400043534C4B3D312C310D000000415424475053534C53523D312C312C2C2C2C2C320D0000004E0000004154244750534143500D0000244750534143503A200000002A
:40768000244750534143503A20252A662C25664E2C2566572C252A662C25662C252A73004154234750494F3D352C302C312C300D00000000415424475053523D300D000056
:4076C00054696D6520746F206C6F636B204750533A20256400000000257300004461746120737461636B2066756C6C2E20426567696E206F7665727772697465206F6620D8
:4077000063697263756C6172206275666665722E000000002573202F257320485454502F25730D0A0000000025732573257325732564257325732573257300000D0A00000F
:40774000436F6E6E656374696F6E3A20000000003A000000486F73743A2000002573257300000000474554002573257325732564257300000D0A0D0A00000000436F6E74B2
:40778000656E742D4C656E6774683A2000000000436F6E74656E742D547970653A20746578742F706C61696E0D0A0000257325730D0A0000257325732C2076616C75653D59
:4077C000257320256C643030303030303030300A00000000257325733F643D257326683D257300004170705F4C45445F53746174650000004170705F4C45445F5374617412
:40780000653A20004F4E0000310000000A0A2D2D2D2D2D2D2D2D2D2D2D2D2020424C494E4B204F4E202D2D2D2D2D2D2D2D2D2D2D2D2D2D2D0A0A00004F464600300000003C
:407840000A0A2D2D2D2D2D2D2D2D2D2D2D2D2020424C494E4B204F4646202D2D2D2D2D2D2D2D2D2D2D2D2D2D2D0A0A004F70656E3A0000002C00000056616C76655F547934
:4078800070653A004C696E41630000000D0A0D0A5741524E494E4720666F72204C696E656172204163747561746F72202854776F2D5769726520416374756174696F6E203B
:4078C000536368656D65290D0A0D0A446F206E6F7420636F6E6E6563742070726F6772616D6D657220616E64203132562062617474657279206174207468652073616D65EF
:407900002074696D652E2050726F6772616D6D6572206D6179206272696E67205644443120616E64205644443220626F746820686967682077686963682077696C6C2063A8
:407940006175736520612073686F72742E0D0A0D0A000000256600002575000056616C76655F6D6F76655F7375636365737366756C3A000056616C76655F44657369726561
:40798000645F506F736974696F6E3A0056616C76655F43757272656E745F506F736974696F6E3A004C696E41633200000A4475616C204C696E656172204163747561746F52
:4079C000720A00004F70656E323A000056616C7665325F6D6F76655F7375636365737366756C3A0056616C7665325F446573697265645F506F736974696F6E3A00000000B1
:407A000056616C7665325F43757272656E745F506F736974696F6E3A0000000043757272656E742056616C766520547970653A2025730000544553545F56414C5645000014
:407A4000706F736974696F6E733A25663A25663A25663A25663A25663A25663A25663A256600000076616C7665206A616D6D6564206F722062617474657279206465616480
:407A800000000000427574746572666C79000000416C726561647920617420636F6D6D616E64203A3A3A20706F736974696F6E207265717565737465643A202566203A209B
:407AC00063757272656E7420706F736974696F6E3A2025660000000063757272656E745F706F736974696F6E3A20256600000000707265765F706F733A2025662C206375D6
:407B00007272656E743A2025660000006D6F76696E672077726F6E6720646972656374696F6E00006D6F76655F76616C7665206661696C6564203A3A3A207265717565733B
:407B40007465645F706F736974696F6E3A2025660000000077656E74207061737420636F6D6D616E642E2073746F7070696E67006D6F76655F76616C766520737563636551
:407B8000737366756C203A3A3A20706F736974696F6E207265717565737465643A202566203A20706F736974696F6E20726561636865643A202566004F4E00000A0A2D2D93
:407BC0002D2D2D2D2D2D2D2D2D2D202053686F727420426C696E6B202D2D2D2D2D2D2D2D2D2D2D2D2D2D2D0A0A0000004F4646000A0A2D2D2D2D2D2D2D2D2D2D2D2D202041
:407C00004C6F6E6720426C696E6B202D2D2D2D2D2D2D2D2D2D2D2D2D2D2D0A0A000000004175746F73616D706C657220666C6173682074696D653A202564000025640000D7
:407C4000626F74746C655F636F756E743D2573006175746F73616D706C65725F626F74746C655F636F756E7400000000544553545F4155544F53414D504C45520000000013
:407C8000256C64006175746F73616D706C65725F74726967676572006973636F5F626F74746C650025582D25580000006563322D31382D3232322D3232392D3132342E758D
:407CC000732D656173742D322E636F6D707574652E616D617A6F6E6177732E636F6D00002D2D2D2D2D2D2D2D2D2D2D2D2D424547494E2054455354532D2D2D2D2D2D2D2D78
:407D00002D2D2D2D2D2D2D0A0A0000004D4549443D25732C2053494D49443D25732C2044455649434549443D257300000A0A2D2D2D2D2D2D2D2D2D2D2D2D2D454E44205463
:407D4000455354532D2D2D2D2D2D2D2D2D2D2D2D2D2D2D0A0A0000004D6F64656D2069732072656164792E0025640000727372700000000072736370000000007472795FF6
:407D8000636F756E74657200646174615F636F756E745F73656E7400646174615F636F756E745F646573697265640000426567696E204854545020706F73742E00000000CE
:407DC00034623838363733643262386361613865313435616663393034396162623766323462616635343136000000006170692F76312F7772697465000000004854545086
:407E000020726F7574653A2025730000312E310000000000436C6F7365000000504F53540000000046756C6C204854545020526571756573743A202573000000415423533C
:407E4000443D312C302C25642C222573222C302C302C310D00000000257300004F4B0000687474705F72657175657374206C656E3A2025640000000023206F66207061630D
:407E80006B6574733A202564000000003E0000004154235353454E443D310D0A000000001A0000006368756E6B2025643A202573000000005352494E470000004F532D4FC1
:407EC0004B00000041542353524543563D312C313030300D000000006D6F64656D5F74785F74696D650000004F532D4E4F3A20436F756C64206E6F742072656365697665F8
:407F000020646174612066726F6D207365727665722E0000256C640043757272656E745F4E6F64655F547970650000006D6178626F7469785F64657074683D25730000005B
:407F40006D6178626F7469785F64657074680000612B0000206D6178626F7469785F64657074683A2000000020000000436F756C64206E6F74206765742076616C69642003
:407F800072656164696E67732066726F6D204D6178626F7469782E00252E326600000000765F6261743D257300000000765F62617400000020766261743A2000707265734D
:407FC000737572655F63757272656E743D25730070726573737572655F63757272656E74000000002070726573737572655F63757272656E743A20007072657373757265E2
:408000005F64657074683D257300000070726573737572655F646570746800002070726573737572655F64657074683A20000000436F756C64206E6F7420676574207661E4
:408040006C69642072656164696E67732066726F6D204144432E00004572726F722073657474696E672073797374656D2074696D652E0000757067726164652E686578002B
:40808000D35A00400D5100402D5100403D5100402D5100402D5100400D5100400D5100402001400402044020005B0040005B0040005B0040005B0040005B0040201004402B
:4080C000020000000001020304020300035B0040244300404000000040510040300000000140000280020140800D00140140000800400140000A004C01400002005001404E
:408100002000000000020140200A0048800000000C061803303E4A0002010300040506001F1C1F1E1F1E1F1F1E1F1E1F000302050003050104060204B08101000800010025
:40814000B28101000A000100B581010014010001B781010016010001BA81010015000101BC81010017000101BF81010018000100C28101001A000100C68101001A0001005C
:40818000CA8101001C010001CD8101001E010001D18101001E010001D58101001D000101D88101001F000101DC8101001F00010172007262007700776200610061620072D7
:4081C0002B00722B620072622B00772B00772B620077622B00612B00612B620061622B00B1980000EF97000095970000000000002E2E00000A00000064000000E803000094
:4082000010270000000A0C0D0F14191E23282D32373C41508096980040420F00A086010010270000E8030000640000000A00000001000000400000000095000035B5000026
:40824000C5B5000059B7000089B80000D5BD0000ADBD00003DB5000029B500006D6D6300430000003081FF1F000000001F0000003B0000005A000000780000009700000055
:40828000B5000000D4000000F300000011010000300100004E0100001F0000001C0000001F0000001E0000001F0000001E0000001F0000001F0000001E0000001F00000080
:4082C0001E0000001F00000020202020202020202020202020202020494E4600696E66004E414E006E616E00303132333435363738394142434445460000000030313233A5
:4083000034353637383961626364656600000000286E756C6C290000300000003030303030303030303030303030303065256C64000000000A0001000200030004000500F2
:4083400006000700080009000A000B000C000D000E000F0010000000545A0000474D54002531305B5E302D392C2B2D5D256E0000256875256E3A256875256E3A25687525E0
:408380006E0000004D256875256E2E256875256E2E256875256E00002F256875256E3A256875256E3A256875256E0000303132333435363738396162636465666768696A81
:4083C0006B6C6D6E6F707172737475767778797A00000000002020202020202020202828282828202020202020202020202020202020202020881010101010101010101005
:4084000010101010100404040404040404040410101010101010414141414141010101010101010101010101010101010101010110101010101042424242424202020202C6
:40844000020202020202020202020202020202021010101020000000000000000000000000000000000000000000000000000000000000000000000000000000000000007C
:4084800000000000000000000000000000000000000000000000000000000000000000000000000000000000000000000000000000000000000000000000000000000000BC
:4084C000000000000000000000000000000000000000000000000000496E66696E697479000000004E614E00504F5349580000002E0000001F0000001C0000001F0000001A
:408500001E0000001F0000001E0000001F0000001F0000001E0000001F0000001E0000001F0000001F0000001D0000001F0000001E0000001F0000001E0000001F00000053
:408540001F0000001E0000001F0000001E0000001F00000000000000000000000000F03F000000000000244000000000000059400000000000408F40000000000088C3409C
:4085800000000000006AF8400000000080842E4100000000D01263410000000084D797410000000065CDCD41000000205FA00242000000E876483742000000A2941A6D422C
:4085C000000040E59C30A2420000901EC4BCD64200003426F56B0C430080E03779C3414300A0D8855734764300C84E676DC1AB43003D9160E458E143408CB5781DAF15447A
:4086000050EFE2D6E41A4B4492D54D06CFF08044F64AE1C7022DB544B49DD9794378EA440080E03779C34143176E05B5B5B89346F5F93FE9034F384D321D30F94877825A01
:408640003CBF737FDD4F157505000000190000007D00000000000000BC89D897B2D29C3C33A7A8D523F649393DA7F444FD0FA5329D978CCF08BA5B25436FAC642806681181
:4086800035000000CEFBFFFFCB03000001000000000000006E660000696E697479000000616E000034000000CEFBFFFFCB03000001000000000000000A0001000200030045
:4086C0000400050006000700080009000A000B000C000D000E000F0010000000000000000000000000000000000000000000000000000000000000000000000000000000F8
:4087000000000000000000000000000010111213141516171819000000000000001A1B1C1D1E1F00000000000000000000000000000000000000000000000000001A1B1C70
:408740001D1E1F000000000000000000000000000000000000000000000000000000000000000000000000000000000000000000000000000000000000000000000000009F
:4087800000000000000000000000000000000000000000000000000000000000000000000000000000000000000000000000000000000000000000000000000000000000B9
:4087C00000000000000000000000000000000000000000000000000000000000F8B500BFF8BC08BC9E467047351401004D000000E9460000F8B500BFF8BC08BC9E467047B5
:408800002900000018880100C880FF1F58090000C882000000000000000000003C8AFF1F646174612E74787400000000000000000000000000000000000000000000000051
:40884000E80C002000366E01C05D0000180000000000E02E000000010100010001006C07000000010100010001006C07000F01000030FFFFE081010021B500000000000098
:40888000000000001C84FF1F8484FF1FEC84FF1F00000000000000000000000000000000000000000000000000000000000000000000000060820100000000000000000063
:4088C0000000000000000000000000000000000000000000000000000000000000000000000000000000000000000000000000000000000000000000000000000000000078
:408900000000000000000000000000000000000000000000000000000000000000000000000000000000000001000000000000000E33CDAB34126DE6ECDE05000B0000000A
:4089400000000000000000000000000000000000000000000000000000000000000000000000000000000000000000000000000000000000000000000000000000000000F7
:4089800000000000000000000000000000000000000000000000000000000000000000000000000000000000000000000000000000000000000000000000000000000000B7
:4089C0000000000000000000000000000000000000000000000000000000000000000000000000000000000000000000000000000000000000000000000000000000000077
:408A00000000000000000000000000000000000000000000000000000000000000000000000000000000000000000000000000000000000000000000000000000000000036
:408A400000000000000000000000000000000000000000000000000000000000000000000000000000000000000000000000000000000000000000000000000000000000F6
:408A800000000000000000000000000000000000000000000000000000000000000000000000000000000000000000000000000000000000000000000000000000000000B6
:408AC0000000000000000000000000000000000000000000000000000000000000000000000000000000000000000000000000000000000000000000000000000000000076
:408B00000000000000000000000000000000000000000000000000000000000000000000000000000000000000000000000000000000000000000000000000000000000035
:408B400000000000000000000000000000000000000000000000000000000000000000000000000000000000000000000000000000000000000000000000000000000000F5
:408B800000000000000000000000000000000000000000000000000000000000000000000000000000000000000000000000000000000000000000000000000000000000B5
:408BC0000000000000000000000000000000000000000000000000000000000000000000000000000000000000000000000000000000000000000000000000000000000075
:408C00000000000000000000000000000000000000000000000000000000000000000000000000000000000000000000000000000000000000000000000000000000000034
:408C400000000000000000000000000000000000000000000000000000000000000000000000000000000000000000000000000000000000000000000000000000000000F4
:408C8000000000000000000000000000000000000000000000000000000000000000000000000000000000003081FF1F5C8301005C830100D48301000100000000000000CC
:408CC0004A0000000000000000000000000000000000000000000000000000004A000000000000000000000000000000000000000000000000000000F0840100F8820100F0
:408D0000F8820100F8820100F8820100F8820100F8820100F8820100F8820100F8820100FFFFFFFFFFFFFFFFFFFFFFFFFFFF00004153434949000000000000000000000000
:408D4000000000000000000000000000000000000100000000000000000000000486FF1F0486FF1F0C86FF1F0C86FF1F1486FF1F1486FF1F1C86FF1F1C86FF1F2486FF1F8A
:408D80002486FF1F2C86FF1F2C86FF1F3486FF1F3486FF1F3C86FF1F3C86FF1F4486FF1F4486FF1F4C86FF1F4C86FF1F5486FF1F5486FF1F5C86FF1F5C86FF1F6486FF1F33
:408DC0006486FF1F6C86FF1F6C86FF1F7486FF1F7486FF1F7C86FF1F7C86FF1F8486FF1F8486FF1F8C86FF1F8C86FF1F9486FF1F9486FF1F9C86FF1F9C86FF1FA486FF1FF3
:408E0000A486FF1FAC86FF1FAC86FF1FB486FF1FB486FF1FBC86FF1FBC86FF1FC486FF1FC486FF1FCC86FF1FCC86FF1FD486FF1FD486FF1FDC86FF1FDC86FF1FE486FF1FB2
:408E4000E486FF1FEC86FF1FEC86FF1FF486FF1FF486FF1FFC86FF1FFC86FF1F0487FF1F0487FF1F0C87FF1F0C87FF1F1487FF1F1487FF1F1C87FF1F1C87FF1F2487FF1F69
:408E80002487FF1F2C87FF1F2C87FF1F3487FF1F3487FF1F3C87FF1F3C87FF1F4487FF1F4487FF1F4C87FF1F4C87FF1F5487FF1F5487FF1F5C87FF1F5C87FF1F6487FF1F22
:408EC0006487FF1F6C87FF1F6C87FF1F7487FF1F7487FF1F7C87FF1F7C87FF1F8487FF1F8487FF1F8C87FF1F8C87FF1F9487FF1F9487FF1F9C87FF1F9C87FF1FA487FF1FE2
:408F0000A487FF1FAC87FF1FAC87FF1FB487FF1FB487FF1FBC87FF1FBC87FF1FC487FF1FC487FF1FCC87FF1FCC87FF1FD487FF1FD487FF1FDC87FF1FDC87FF1FE487FF1FA1
:408F4000E487FF1FEC87FF1FEC87FF1FF487FF1FF487FF1FFC87FF1FFC87FF1F0488FF1F0488FF1F0C88FF1F0C88FF1F1488FF1F1488FF1F1C88FF1F1C88FF1F2488FF1F58
:408F80002488FF1F2C88FF1F2C88FF1F3488FF1F3488FF1F3C88FF1F3C88FF1F4488FF1F4488FF1F4C88FF1F4C88FF1F5488FF1F5488FF1F5C88FF1F5C88FF1F6488FF1F11
:408FC0006488FF1F6C88FF1F6C88FF1F7488FF1F7488FF1F7C88FF1F7C88FF1F8488FF1F8488FF1F8C88FF1F8C88FF1F9488FF1F9488FF1F9C88FF1F9C88FF1FA488FF1FD1
:40900000A488FF1FAC88FF1FAC88FF1FB488FF1FB488FF1FBC88FF1FBC88FF1FC488FF1FC488FF1FCC88FF1FCC88FF1FD488FF1FD488FF1FDC88FF1FDC88FF1FE488FF1F90
:40904000E488FF1FEC88FF1FEC88FF1FF488FF1FF488FF1FFC88FF1FFC88FF1F0489FF1F0489FF1F0C89FF1F0C89FF1F1489FF1F1489FF1F1C89FF1F1C89FF1F2489FF1F47
:409080002489FF1F2C89FF1F2C89FF1F3489FF1F3489FF1F3C89FF1F3C89FF1F4489FF1F4489FF1F4C89FF1F4C89FF1F5489FF1F5489FF1F5C89FF1F5C89FF1F6489FF1F00
:4090C0006489FF1F6C89FF1F6C89FF1F7489FF1F7489FF1F7C89FF1F7C89FF1F8489FF1F8489FF1F8C89FF1F8C89FF1F9489FF1F9489FF1F9C89FF1F9C89FF1FA489FF1FC0
:40910000A489FF1FAC89FF1FAC89FF1FB489FF1FB489FF1FBC89FF1FBC89FF1FC489FF1FC489FF1FCC89FF1FCC89FF1FD489FF1FD489FF1FDC89FF1FDC89FF1FE489FF1F7F
:40914000E489FF1FEC89FF1FEC89FF1FF489FF1FF489FF1FFC89FF1FFC89FF1F00000200FFFFFFFFCD2A0100B49CFF1F00000000000000000000000000000000000000005E
:4091800000000000000000000000000000000000000000000000000000000000000000000000000000000000000000000000000000000000000000000000000000000000AF
:4091C000000000000000000000000000000000000000000000000000000000000000000000000000000000000000000000000000000000000000000000000000000000006F
:40920000000000000000000000000000000000000000000000000000000000000000000000000000000000000000000000000000000000000000000000000000000000002E
:4092400000000000000000000000000000000000000000000000000000000000000000000000000000000000000000000000000000000000000000000000000000000000EE
:4092800000000000000000000000000000000000000000000000000000000000000000000000000000000000000000000000000000000000000000000000000000000000AE
:4092C000000000000000000000000000000000000000000000000000000000000000000000000000000000000000000000000000000000000000000000000000000000006E
:40930000000000000000000000000000000000000000000000000000000000000000000000000000000000000000000000000000000000000000000000000000000000002D
:4093400000000000000000000000000000000000000000000000000000000000000000000000000000000000000000000000000000000000000000000000000000000000ED
:4093800000000000000000000000000000000000000000000000000000000000000000000000000000000000000000000000000000000000000000000000000000000000AD
:4093C000000000000000000000000000000000000000000000000000000000000000000000000000000000000000000000000000000000000000000000000000000000006D
:40940000000000000000000000000000000000000000000000000000000000000000000000000000000000000000000000000000000000000000000000000000000000002C
:4094400000000000000000000000000000000000000000000000000000000000000000000000000000000000000000000000000000000000000000000000000000000000EC
:4094800000000000000000000000000000000000000000000000000000000000000000000000000000000000000000000000000000000000000000000000000000000000AC
:4094C000000000000000000000000000000000000000000000000000000000000000000000000000000000000000000000000000000000000000000000000000000000006C
:40950000000000000000000000000000000000000000000000000000000000000000000000000000000000000000000000000000000000000000000000000000000000002B
:4095400000000000000000000000000000000000000000000000000000000000000000000000000000000000000000000000000000000000000000000000000000000000EB
:4095800000000000000000000000000000000000000000000000000000000000000000000000000000000000000000000000000000000000000000000000000000000000AB
:4095C000000000000000000000000000000000000000000000000000000000000000000000000000000000000000000000000000000000000000000000000000000000006B
:40960000000000000000000000000000000000000000000000000000000000000000000000000000000000000000000000000000000000000000000000000000000000002A
:4096400000000000000000000000000000000000000000000000000000000000000000000000000000000000000000000000000000000000000000000000000000000000EA
:4096800000000000000000000000000000000000000000000000000000000000000000000000000000000000000000000000000000000000000000000000000000000000AA
:4096C000000000000000000000000000000000000000000000000000000000000000000000000000000000000000000000000000000000000000000000000000000000006A
:409700000000000000000000000000000000000000000000000000000000000000000000000000000000000000000000000000000000000000000000000000000000000029
:4097400000000000000000000000000000000000000000000000000000000000000000000000000000000000000000000000000000000000000000000000000000000000E9
:4097800000000000000000000000000000000000000000000000000000000000000000000000000000000000000000000000000000000000000000000000000000000000A9
:4097C0000000000000000000000000000000000000000000000000000000000000000000000000000000000000000000000000000000000000000000000000000000000069
:409800000000000000000000000000000000000000000000000000000000000000000000000000000000000000000000000000000000000000000000000000000000000028
:4098400000000000000000000000000000000000000000000000000000000000000000000000000000000000000000000000000000000000000000000000000000000000E8
:4098800000000000000000000000000000000000000000000000000000000000000000000000000000000000000000000000000000000000000000000000000000000000A8
:4098C0000000000000000000000000000000000000000000000000000000000000000000000000000000000000000000000000000000000000000000000000000000000068
:409900000000000000000000000000000000000000000000000000000000000000000000000000000000000000000000000000000000000000000000000000000000000027
:4099400000000000000000000000000000000000000000000000000000000000000000000000000000000000000000000000000000000000000000000000000000000000E7
:4099800000000000000000000000000000000000000000000000000000000000000000000000000000000000000000000000000000000000000000000000000000000000A7
:4099C0000000000000000000000000000000000000000000000000000000000000000000000000000000000000000000000000000000000000000000000000000000000067
:409A00000000000000000000000000000000000000000000000000000000000000000000000000000000000000000000000000000000000000000000000000000000000026
:409A400000000000000000000000000000000000000000000000000000000000000000000000000000000000000000000000000000000000000000000000000000000000E6
:409A800000000000000000000000000000000000000000000000000000000000000000000000000000000000000000000000000000000000000000000000000000000000A6
:409AC0000000000000000000000000000000000000000000000000000000000000000000000000000000000000000000000000000000000000000000000000000000000066
:409B00000000000000000000000000000000000000000000000000000000000000000000000000000000000000000000000000000000000000000000000000000000000025
:409B400000000000000000000000000000000000000000000000000000000000000000000000000000000000000000000000000000000000000000000000000000000000E5
:409B800000000000000000000000000000000000000000000000000000000000000000000000000000000000000000000000000000000000000000000000000000000000A5
:409BC0000000000000000000000000000000000000000000000000000000000000000000000000000000000000000000000000000000000000000000000000000000000065
:409C00000000000000000000000000000000000000000000000000000000000000000000000000000000000000000000000000000000000000000000000000000000000024
:409C400000000000000000000000000000000000000000000000000000000000000000000000000000000000000000000000000000000000000000000000000000000000E4
:409C800000000000000000000000000000000000000000000000000000000000000000000000000000000000000000000000000000000000000000000000000000000000A4
:409CC0000000000000000000000000000000000000000000000000000000000000000000000000000000000000000000000000000000000000000000000000000000000064
:409D00000000000000000000000000000000000000000000000000000000000000000000000000000000000000000000000000000000000000000000000000000000000023
:409D400000000000000000000000000000000000000000000000000000000000000000000000000000000000000000000000000000000000000000000000000000000000E3
:409D800000000000000000000000000000000000000000000000000000000000000000000000000000000000000000000000000000000000000000000000000000000000A3
:409DC0000000000000000000000000000000000000000000000000000000000000000000000000000000000000000000000000000000000000000000000000000000000063
:409E00000000000000000000000000000000000000000000000000000000000000000000000000000000000000000000000000000000000000000000000000000000000022
:409E400000000000000000000000000000000000000000000000000000000000000000000000000000000000000000000000000000000000000000000000000000000000E2
:409E800000000000000000000000000000000000000000000000000000000000000000000000000000000000000000000000000000000000000000000000000000000000A2
:409EC0000000000000000000000000000000000000000000000000000000000000000000000000000000000000000000000000000000000000000000000000000000000062
:409F00000000000000000000000000000000000000000000000000000000000000000000000000000000000000000000000000000000000000000000000000000000000021
:409F400000000000000000000000000000000000000000000000000000000000000000000000000000000000000000000000000000000000000000000000000000000000E1
:409F800000000000000000000000000000000000000000000000000000000000000000000000000000000000000000000000000000000000000000000000000000000000A1
:409FC0000000000000000000000000000000000000000000000000000000000000000000000000000000000000000000000000000000000000000000000000000000000061
:40A000000000000000000000000000000000000000000000000000000000000000000000000000000000000000000000000000000000000000000000000000000000000020
:40A0400000000000000000000000000000000000000000000000000000000000000000000000000000000000000000000000000000000000000000000000000000000000E0
:40A0800000000000000000000000000000000000000000000000000000000000000000000000000000000000000000000000000000000000000000000000000000000000A0
:40A0C0000000000000000000000000000000000000000000000000000000000000000000000000000000000000000000000000000000000000000000000000000000000060
:40A10000000000000000000000000000000000000000000000000000000000000000000000000000000000000000000000000000000000000000000000000000000000001F
:40A1400000000000000000000000000000000000000000000000000000000000000000000000000000000000000000000000000000000000000000000000000000000000DF
:40A18000000000000000000000000000000000000000000000000000000000000000000000000000000000000000000000000000000000000000000000000000000000009F
:40A1C000000000000000000000000000000000000000000000000000000000000000000000000000000000000000000000000000000000000000000000000000000000005F
:40A20000000000000000000000000000000000000000000000000000000000000000000000000000000000000000000000000000000000000000000000000000000000001E
:40A2400000000000000000000000000000000000000000000000000000000000000000000000000000000000000000000000000000000000000000000000000000000000DE
:40A28000000000000000000000000000000000000000000000000000000000000000000000000000000000000000000000000000000000000000000000000000000000009E
:40A2C000000000000000000000000000000000000000000000000000000000000000000000000000000000000000000000000000000000000000000000000000000000005E
:40A30000000000000000000000000000000000000000000000000000000000000000000000000000000000000000000000000000000000000000000000000000000000001D
:40A3400000000000000000000000000000000000000000000000000000000000000000000000000000000000000000000000000000000000000000000000000000000000DD
:40A38000000000000000000000000000000000000000000000000000000000000000000000000000000000000000000000000000000000000000000000000000000000009D
:40A3C000000000000000000000000000000000000000000000000000000000000000000000000000000000000000000000000000000000000000000000000000000000005D
:40A40000000000000000000000000000000000000000000000000000000000000000000000000000000000000000000000000000000000000000000000000000000000001C
:40A4400000000000000000000000000000000000000000000000000000000000000000000000000000000000000000000000000000000000000000000000000000000000DC
:40A48000000000000000000000000000000000000000000000000000000000000000000000000000000000000000000000000000000000000000000000000000000000009C
:40A4C000000000000000000000000000000000000000000000000000000000000000000000000000000000000000000000000000000000000000000000000000000000005C
:40A50000000000000000000000000000000000000000000000000000000000000000000000000000000000000000000000000000000000000000000000000000000000001B
:40A5400000000000000000000000000000000000000000000000000000000000000000000000000000000000000000000000000000000000000000000000000000000000DB
:40A58000000000000000000000000000000000000000000000000000000000000000000000000000000000000000000000000000000000000000000000000000000000009B
:40A5C000000000000000000000000000000000000000000000000000000000000000000000000000000000000000000000000000000000000000000000000000000000005B
:40A60000000000000000000000000000000000000000000000000000000000000000000000000000000000000000000000000000000000000000000000000000000000001A
:40A6400000000000000000000000000000000000000000000000000000000000000000000000000000000000000000000000000000000000000000000000000000000000DA
:40A68000000000000000000000000000000000000000000000000000000000000000000000000000000000000000000000000000000000000000000000000000000000009A
:40A6C000000000000000000000000000000000000000000000000000000000000000000000000000000000000000000000000000000000000000000000000000000000005A
:40A700000000000000000000000000000000000000000000000000000000000000000000000000000000000000000000000000000000000000000000000000000000000019
:40A7400000000000000000000000000000000000000000000000000000000000000000000000000000000000000000000000000000000000000000000000000000000000D9
:40A780000000000000000000000000000000000000000000000000000000000000000000000000000000000000000000000000000000000000000000000000000000000099
:40A7C0000000000000000000000000000000000000000000000000000000000000000000000000000000000000000000000000000000000000000000000000000000000059
:40A800000000000000000000000000000000000000000000000000000000000000000000000000000000000000000000000000000000000000000000000000000000000018
:40A8400000000000000000000000000000000000000000000000000000000000000000000000000000000000000000000000000000000000000000000000000000000000D8
:40A880000000000000000000000000000000000000000000000000000000000000000000000000000000000000000000000000000000000000000000000000000000000098
:40A8C0000000000000000000000000000000000000000000000000000000000000000000000000000000000000000000000000000000000000000000000000000000000058
:40A900000000000000000000000000000000000000000000000000000000000000000000000000000000000000000000000000000000000000000000000000000000000017
:40A9400000000000000000000000000000000000000000000000000000000000000000000000000000000000000000000000000000000000000000000000000000000000D7
:40A980000000000000000000000000000000000000000000000000000000000000000000000000000000000000000000000000000000000000000000000000000000000097
:40A9C0000000000000000000000000000000000000000000000000000000000000000000000000000000000000000000000000000000000000000000000000000000000057
:40AA00000000000000000000000000000000000000000000000000000000000000000000000000000000000000000000000000000000000000000000000000000000000016
:40AA400000000000000000000000000000000000000000000000000000000000000000000000000000000000000000000000000000000000000000000000000000000000D6
:40AA80000000000000000000000000000000000000000000000000000000000000000000000000000000000000000000000000000000000000000000000000000000000096
:40AAC0000000000000000000000000000000000000000000000000000000000000000000000000000000000000000000000000000000000000000000000000000000000056
:40AB00000000000000000000000000000000000000000000000000000000000000000000000000000000000000000000000000000000000000000000000000000000000015
:40AB400000000000000000000000000000000000000000000000000000000000000000000000000000000000000000000000000000000000000000000000000000000000D5
:40AB80000000000000000000000000000000000000000000000000000000000000000000000000000000000000000000000000000000000000000000000000000000000095
:40ABC0000000000000000000000000000000000000000000000000000000000000000000000000000000000000000000000000000000000000000000000000000000000055
:40AC00000000000000000000000000000000000000000000000000000000000000000000000000000000000000000000000000000000000000000000000000000000000014
:40AC400000000000000000000000000000000000000000000000000000000000000000000000000000000000000000000000000000000000000000000000000000000000D4
:40AC80000000000000000000000000000000000000000000000000000000000000000000000000000000000000000000000000000000000000000000000000000000000094
:40ACC0000000000000000000000000000000000000000000000000000000000000000000000000000000000000000000000000000000000000000000000000000000000054
:40AD00000000000000000000000000000000000000000000000000000000000000000000000000000000000000000000000000000000000000000000000000000000000013
:40AD400000000000000000000000000000000000000000000000000000000000000000000000000000000000000000000000000000000000000000000000000000000000D3
:40AD80000000000000000000000000000000000000000000000000000000000000000000000000000000000000000000000000000000000000000000000000000000000093
:40ADC0000000000000000000000000000000000000000000000000000000000000000000000000000000000000000000000000000000000000000000000000000000000053
:40AE00000000000000000000000000000000000000000000000000000000000000000000000000000000000000000000000000000000000000000000000000000000000012
:40AE400000000000000000000000000000000000000000000000000000000000000000000000000000000000000000000000000000000000000000000000000000000000D2
:40AE80000000000000000000000000000000000000000000000000000000000000000000000000000000000000000000000000000000000000000000000000000000000092
:40AEC0000000000000000000000000000000000000000000000000000000000000000000000000000000000000000000000000000000000000000000000000000000000052
:40AF00000000000000000000000000000000000000000000000000000000000000000000000000000000000000000000000000000000000000000000000000000000000011
:40AF400000000000000000000000000000000000000000000000000000000000000000000000000000000000000000000000000000000000000000000000000000000000D1
:40AF80000000000000000000000000000000000000000000000000000000000000000000000000000000000000000000000000000000000000000000000000000000000091
:40AFC0000000000000000000000000000000000000000000000000000000000000000000000000000000000000000000000000000000000000000000000000000000000051
:40B000000000000000000000000000000000000000000000000000000000000000000000000000000000000000000000000000000000000000000000000000000000000010
:40B0400000000000000000000000000000000000000000000000000000000000000000000000000000000000000000000000000000000000000000000000000000000000D0
:40B080000000000000000000000000000000000000000000000000000000000000000000000000000000000000000000000000000000000000000000000000000000000090
:40B0C0000000000000000000000000000000000000000000000000000000000000000000000000000000000000000000000000000000000000000000000000000000000050
:40B10000000000000000000000000000000000000000000000000000000000000000000000000000000000000000000000000000000000000000000000000000000000000F
:40B1400000000000000000000000000000000000000000000000000000000000000000000000000000000000000000000000000000000000000000000000000000000000CF
:40B18000000000000000000000000000000000000000000000000000000000000000000000000000000000000000000000000000000000000000000000000000000000008F
:40B1C000000000000000000000000000000000000000000000000000000000000000000000000000000000000000000000000000000000000000000000000000000000004F
:40B20000000000000000000000000000000000000000000000000000000000000000000000000000000000000000000000000000000000000000000000000000000000000E
:40B2400000000000000000000000000000000000000000000000000000000000000000000000000000000000000000000000000000000000000000000000000000000000CE
:40B28000000000000000000000000000000000000000000000000000000000000000000000000000000000000000000000000000000000000000000000000000000000008E
:40B2C000000000000000000000000000000000000000000000000000000000000000000000000000000000000000000000000000000000000000000000000000000000004E
:40B30000000000000000000000000000000000000000000000000000000000000000000000000000000000000000000000000000000000000000000000000000000000000D
:40B3400000000000000000000000000000000000000000000000000000000000000000000000000000000000000000000000000000000000000000000000000000000000CD
:40B38000000000000000000000000000000000000000000000000000000000000000000000000000000000000000000000000000000000000000000000000000000000008D
:40B3C000000000000000000000000000000000000000000000000000000000000000000000000000000000000000000000000000000000000000000000000000000000004D
:40B40000000000000000000000000000000000000000000000000000000000000000000000000000000000000000000000000000000000000000000000000000000000000C
:40B4400000000000000000000000000000000000000000000000000000000000000000000000000000000000000000000000000000000000000000000000000000000000CC
:40B48000000000000000000000000000000000000000000000000000000000000000000000000000000000000000000000000000000000000000000000000000000000008C
:40B4C000000000000000000000000000000000000000000000000000000000000000000000000000000000000000000000000000000000000000000000000000000000004C
:40B50000000000000000000000000000000000000000000000000000000000000000000000000000000000000000000000000000000000000000000000000000000000000B
:40B5400000000000000000000000000000000000000000000000000000000000000000000000000000000000000000000000000000000000000000000000000000000000CB
:40B58000000000000000000000000000000000000000000000000000000000000000000000000000000000000000000000000000000000000000000000000000000000008B
:40B5C000000000000000000000000000000000000000000000000000000000000000000000000000000000000000000000000000000000000000000000000000000000004B
:40B60000000000000000000000000000000000000000000000000000000000000000000000000000000000000000000000000000000000000000000000000000000000000A
:40B6400000000000000000000000000000000000000000000000000000000000000000000000000000000000000000000000000000000000000000000000000000000000CA
:40B68000000000000000000000000000000000000000000000000000000000000000000000000000000000000000000000000000000000000000000000000000000000008A
:40B6C000000000000000000000000000000000000000000000000000000000000000000000000000000000000000000000000000000000000000000000000000000000004A
:40B700000000000000000000000000000000000000000000000000000000000000000000000000000000000000000000000000000000000000000000000000000000000009
:40B7400000000000000000000000000000000000000000000000000000000000000000000000000000000000000000000000000000000000000000000000000000000000C9
:40B780000000000000000000000000000000000000000000000000000000000000000000000000000000000000000000000000000000000000000000000000000000000089
:40B7C0000000000000000000000000000000000000000000000000000000000000000000000000000000000000000000000000000000000000000000000000000000000049
:40B800000000000000000000000000000000000000000000000000000000000000000000000000000000000000000000000000000000000000000000000000000000000008
:40B8400000000000000000000000000000000000000000000000000000000000000000000000000000000000000000000000000000000000000000000000000000000000C8
:40B880000000000000000000000000000000000000000000000000000000000000000000000000000000000000000000000000000000000000000000000000000000000088
:40B8C0000000000000000000000000000000000000000000000000000000000000000000000000000000000000000000000000000000000000000000000000000000000048
:40B900000000000000000000000000000000000000000000000000000000000000000000000000000000000000000000000000000000000000000000000000000000000007
:40B9400000000000000000000000000000000000000000000000000000000000000000000000000000000000000000000000000000000000000000000000000000000000C7
:40B980000000000000000000000000000000000000000000000000000000000000000000000000000000000000000000000000000000000000000000000000000000000087
:40B9C0000000000000000000000000000000000000000000000000000000000000000000000000000000000000000000000000000000000000000000000000000000000047
:40BA00000000000000000000000000000000000000000000000000000000000000000000000000000000000000000000000000000000000000000000000000000000000006
:40BA400000000000000000000000000000000000000000000000000000000000000000000000000000000000000000000000000000000000000000000000000000000000C6
:40BA80000000000000000000000000000000000000000000000000000000000000000000000000000000000000000000000000000000000000000000000000000000000086
:40BAC0000000000000000000000000000000000000000000000000000000000000000000000000000000000000000000000000000000000000000000000000000000000046
:40BB00000000000000000000000000000000000000000000000000000000000000000000000000000000000000000000000000000000000000000000000000000000000005
:40BB400000000000000000000000000000000000000000000000000000000000000000000000000000000000000000000000000000000000000000000000000000000000C5
:40BB80000000000000000000000000000000000000000000000000000000000000000000000000000000000000000000000000000000000000000000000000000000000085
:40BBC0000000000000000000000000000000000000000000000000000000000000000000000000000000000000000000000000000000000000000000000000000000000045
:40BC00000000000000000000000000000000000000000000000000000000000000000000000000000000000000000000000000000000000000000000000000000000000004
:40BC400000000000000000000000000000000000000000000000000000000000000000000000000000000000000000000000000000000000000000000000000000000000C4
:40BC80000000000000000000000000000000000000000000000000000000000000000000000000000000000000000000000000000000000000000000000000000000000084
:40BCC0000000000000000000000000000000000000000000000000000000000000000000000000000000000000000000000000000000000000000000000000000000000044
:40BD00000000000000000000000000000000000000000000000000000000000000000000000000000000000000000000000000000000000000000000000000000000000003
:40BD400000000000000000000000000000000000000000000000000000000000000000000000000000000000000000000000000000000000000000000000000000000000C3
:40BD80000000000000000000000000000000000000000000000000000000000000000000000000000000000000000000000000000000000000000000000000000000000083
:40BDC0000000000000000000000000000000000000000000000000000000000000000000000000000000000000000000000000000000000000000000000000000000000043
:40BE00000000000000000000000000000000000000000000000000000000000000000000000000000000000000000000000000000000000000000000000000000000000002
:40BE400000000000000000000000000000000000000000000000000000000000000000000000000000000000000000000000000000000000000000000000000000000000C2
:40BE80000000000000000000000000000000000000000000000000000000000000000000000000000000000000000000000000000000000000000000000000000000000082
:40BEC0000000000000000000000000000000000000000000000000000000000000000000000000000000000000000000000000000000000000000000000000000000000042
:40BF00000000000000000000000000000000000000000000000000000000000000000000000000000000000000000000000000000000000000000000000000000000000001
:40BF400000000000000000000000000000000000000000000000000000000000000000000000000000000000000000000000000000000000000000000000000000000000C1
:40BF80000000000000000000000000000000000000000000000000000000000000000000000000000000000000000000000000000000000000000000000000000000000081
:40BFC0000000000000000000000000000000000000000000000000000000000000000000000000000000000000000000000000000000000000000000000000000000000041
:40C000000000000000000000000000000000000000000000000000000000000000000000000000000000000000000000000000000000000000000000000000000000000000
:40C0400000000000000000000000000000000000000000000000000000000000000000000000000000000000000000000000000000000000000000000000000000000000C0
:40C080000000000000000000000000000000000000000000000000000000000000000000000000000000000000000000000000000000000000000000000000000000000080
:40C0C0000000000000000000000000000000000000000000000000000000000000000000000000000000000000000000000000000000000000000000000000000000000040
:40C1000000000000000000000000000000000000000000000000000000000000000000000000000000000000000000000000000000000000000000000000000000000000FF
:40C1400000000000000000000000000000000000000000000000000000000000000000000000000000000000000000000000000000000000000000000000000000000000BF
:40C18000000000000000000000000000000000000000000000000000000000000000000000000000000000000000000000000000000000000000000000000000000000007F
:40C1C000000000000000000000000000000000000000000000000000000000000000000000000000000000000000000000000000000000000000000000000000000000003F
:40C2000000000000000000000000000000000000000000000000000000000000000000000000000000000000000000000000000000000000000000000000000000000000FE
:40C2400000000000000000000000000000000000000000000000000000000000000000000000000000000000000000000000000000000000000000000000000000000000BE
:40C28000000000000000000000000000000000000000000000000000000000000000000000000000000000000000000000000000000000000000000000000000000000007E
:40C2C000000000000000000000000000000000000000000000000000000000000000000000000000000000000000000000000000000000000000000000000000000000003E
:40C3000000000000000000000000000000000000000000000000000000000000000000000000000000000000000000000000000000000000000000000000000000000000FD
:40C3400000000000000000000000000000000000000000000000000000000000000000000000000000000000000000000000000000000000000000000000000000000000BD
:40C38000000000000000000000000000000000000000000000000000000000000000000000000000000000000000000000000000000000000000000000000000000000007D
:40C3C000000000000000000000000000000000000000000000000000000000000000000000000000000000000000000000000000000000000000000000000000000000003D
:40C4000000000000000000000000000000000000000000000000000000000000000000000000000000000000000000000000000000000000000000000000000000000000FC
:40C4400000000000000000000000000000000000000000000000000000000000000000000000000000000000000000000000000000000000000000000000000000000000BC
:40C48000000000000000000000000000000000000000000000000000000000000000000000000000000000000000000000000000000000000000000000000000000000007C
:40C4C000000000000000000000000000000000000000000000000000000000000000000000000000000000000000000000000000000000000000000000000000000000003C
:40C5000000000000000000000000000000000000000000000000000000000000000000000000000000000000000000000000000000000000000000000000000000000000FB
:40C5400000000000000000000000000000000000000000000000000000000000000000000000000000000000000000000000000000000000000000000000000000000000BB
:40C58000000000000000000000000000000000000000000000000000000000000000000000000000000000000000000000000000000000000000000000000000000000007B
:40C5C000000000000000000000000000000000000000000000000000000000000000000000000000000000000000000000000000000000000000000000000000000000003B
:40C6000000000000000000000000000000000000000000000000000000000000000000000000000000000000000000000000000000000000000000000000000000000000FA
:40C6400000000000000000000000000000000000000000000000000000000000000000000000000000000000000000000000000000000000000000000000000000000000BA
:40C68000000000000000000000000000000000000000000000000000000000000000000000000000000000000000000000000000000000000000000000000000000000007A
:40C6C000000000000000000000000000000000000000000000000000000000000000000000000000000000000000000000000000000000000000000000000000000000003A
:40C7000000000000000000000000000000000000000000000000000000000000000000000000000000000000000000000000000000000000000000000000000000000000F9
:40C7400000000000000000000000000000000000000000000000000000000000000000000000000000000000000000000000000000000000000000000000000000000000B9
:40C780000000000000000000000000000000000000000000000000000000000000000000000000000000000000000000000000000000000000000000000000000000000079
:40C7C0000000000000000000000000000000000000000000000000000000000000000000000000000000000000000000000000000000000000000000000000000000000039
:40C8000000000000000000000000000000000000000000000000000000000000000000000000000000000000000000000000000000000000000000000000000000000000F8
:40C8400000000000000000000000000000000000000000000000000000000000000000000000000000000000000000000000000000000000000000000000000000000000B8
:40C880000000000000000000000000000000000000000000000000000000000000000000000000000000000000000000000000000000000000000000000000000000000078
:40C8C0000000000000000000000000000000000000000000000000000000000000000000000000000000000000000000000000000000000000000000000000000000000038
:40C9000000000000000000000000000000000000000000000000000000000000000000000000000000000000000000000000000000000000000000000000000000000000F7
:40C9400000000000000000000000000000000000000000000000000000000000000000000000000000000000000000000000000000000000000000000000000000000000B7
:40C980000000000000000000000000000000000000000000000000000000000000000000000000000000000000000000000000000000000000000000000000000000000077
:40C9C0000000000000000000000000000000000000000000000000000000000000000000000000000000000000000000000000000000000000000000000000000000000037
:40CA000000000000000000000000000000000000000000000000000000000000000000000000000000000000000000000000000000000000000000000000000000000000F6
:40CA400000000000000000000000000000000000000000000000000000000000000000000000000000000000000000000000000000000000000000000000000000000000B6
:40CA80000000000000000000000000000000000000000000000000000000000000000000000000000000000000000000000000000000000000000000000000000000000076
:40CAC0000000000000000000000000000000000000000000000000000000000000000000000000000000000000000000000000000000000000000000000000000000000036
:40CB000000000000000000000000000000000000000000000000000000000000000000000000000000000000000000000000000000000000000000000000000000000000F5
:40CB400000000000000000000000000000000000000000000000000000000000000000000000000000000000000000000000000000000000000000000000000000000000B5
:40CB80000000000000000000000000000000000000000000000000000000000000000000000000000000000000000000000000000000000000000000000000000000000075
:40CBC0000000000000000000000000000000000000000000000000000000000000000000000000000000000000000000000000000000000000000000000000000000000035
:40CC000000000000000000000000000000000000000000000000000000000000000000000000000000000000000000000000000000000000000000000000000000000000F4
:40CC400000000000000000000000000000000000000000000000000000000000000000000000000000000000000000000000000000000000000000000000000000000000B4
:40CC80000000000000000000000000000000000000000000000000000000000000000000000000000000000000000000000000000000000000000000000000000000000074
:40CCC0000000000000000000000000000000000000000000000000000000000000000000000000000000000000000000000000000000000000000000000000000000000034
:40CD000000000000000000000000000000000000000000000000000000000000000000000000000000000000000000000000000000000000000000000000000000000000F3
:40CD400000000000000000000000000000000000000000000000000000000000000000000000000000000000000000000000000000000000000000000000000000000000B3
:40CD80000000000000000000000000000000000000000000000000000000000000000000000000000000000000000000000000000000000000000000000000000000000073
:40CDC0000000000000000000000000000000000000000000000000000000000000000000000000000000000000000000000000000000000000000000000000000000000033
:40CE000000000000000000000000000000000000000000000000000000000000000000000000000000000000000000000000000000000000000000000000000000000000F2
:40CE400000000000000000000000000000000000000000000000000000000000000000000000000000000000000000000000000000000000000000000000000000000000B2
:40CE80000000000000000000000000000000000000000000000000000000000000000000000000000000000000000000000000000000000000000000000000000000000072
:40CEC0000000000000000000000000000000000000000000000000000000000000000000000000000000000000000000000000000000000000000000000000000000000032
:40CF000000000000000000000000000000000000000000000000000000000000000000000000000000000000000000000000000000000000000000000000000000000000F1
:40CF400000000000000000000000000000000000000000000000000000000000000000000000000000000000000000000000000000000000000000000000000000000000B1
:40CF80000000000000000000000000000000000000000000000000000000000000000000000000000000000000000000000000000000000000000000000000000000000071
:40CFC0000000000000000000000000000000000000000000000000000000000000000000000000000000000000000000000000000000000000000000000000000000000031
:40D0000000000000000000000000000000000000000000000000000000000000000000000000000000000000000000000000000000000000000000000000000000000000F0
:40D0400000000000000000000000000000000000000000000000000000000000000000000000000000000000000000000000000000000000000000000000000000000000B0
:40D080000000000000000000000000000000000000000000000000000000000000000000000000000000000000000000000000000000000000000000000000000000000070
:40D0C0000000000000000000000000000000000000000000000000000000000000000000000000000000000000000000000000000000000000000000000000000000000030
:40D1000000000000000000000000000000000000000000000000000000000000000000000000000000000000000000000000000000000000000000000000000000000000EF
:40D1400000000000000000000000000000000000000000000000000000000000000000000000000000000000000000000000000000000000000000000000000000000000AF
:40D18000000000000000000000000000000000000000000000000000000000000000000000000000000000000000000000000000000000000000000000000000000000006F
:40D1C000000000000000000000000000000000000000000000000000000000000000000000000000000000000000000000000000000000000000000000000000000000002F
:40D2000000000000000000000000000000000000000000000000000000000000000000000000000000000000000000000000000000000000000000000000000000000000EE
:40D2400000000000000000000000000000000000000000000000000000000000000000000000000000000000000000000000000000000000000000000000000000000000AE
:40D28000000000000000000000000000000000000000000000000000000000000000000000000000000000000000000000000000000000000000000000000000000000006E
:40D2C000000000000000000000000000000000000000000000000000000000000000000000000000000000000000000000000000000000000000000000000000000000002E
:40D3000000000000000000000000000000000000000000000000000000000000000000000000000000000000000000000000000000000000000000000000000000000000ED
:40D3400000000000000000000000000000000000000000000000000000000000000000000000000000000000000000000000000000000000000000000000000000000000AD
:40D38000000000000000000000000000000000000000000000000000000000000000000000000000000000000000000000000000000000000000000000000000000000006D
:40D3C000000000000000000000000000000000000000000000000000000000000000000000000000000000000000000000000000000000000000000000000000000000002D
:40D4000000000000000000000000000000000000000000000000000000000000000000000000000000000000000000000000000000000000000000000000000000000000EC
:40D4400000000000000000000000000000000000000000000000000000000000000000000000000000000000000000000000000000000000000000000000000000000000AC
:40D48000000000000000000000000000000000000000000000000000000000000000000000000000000000000000000000000000000000000000000000000000000000006C
:40D4C000000000000000000000000000000000000000000000000000000000000000000000000000000000000000000000000000000000000000000000000000000000002C
:40D5000000000000000000000000000000000000000000000000000000000000000000000000000000000000000000000000000000000000000000000000000000000000EB
:40D5400000000000000000000000000000000000000000000000000000000000000000000000000000000000000000000000000000000000000000000000000000000000AB
:40D58000000000000000000000000000000000000000000000000000000000000000000000000000000000000000000000000000000000000000000000000000000000006B
:40D5C000000000000000000000000000000000000000000000000000000000000000000000000000000000000000000000000000000000000000000000000000000000002B
:40D6000000000000000000000000000000000000000000000000000000000000000000000000000000000000000000000000000000000000000000000000000000000000EA
:40D6400000000000000000000000000000000000000000000000000000000000000000000000000000000000000000000000000000000000000000000000000000000000AA
:40D68000000000000000000000000000000000000000000000000000000000000000000000000000000000000000000000000000000000000000000000000000000000006A
:40D6C000000000000000000000000000000000000000000000000000000000000000000000000000000000000000000000000000000000000000000000000000000000002A
:40D7000000000000000000000000000000000000000000000000000000000000000000000000000000000000000000000000000000000000000000000000000000000000E9
:40D7400000000000000000000000000000000000000000000000000000000000000000000000000000000000000000000000000000000000000000000000000000000000A9
:40D780000000000000000000000000000000000000000000000000000000000000000000000000000000000000000000000000000000000000000000000000000000000069
:40D7C0000000000000000000000000000000000000000000000000000000000000000000000000000000000000000000000000000000000000000000000000000000000029
:40D8000000000000000000000000000000000000000000000000000000000000000000000000000000000000000000000000000000000000000000000000000000000000E8
:40D8400000000000000000000000000000000000000000000000000000000000000000000000000000000000000000000000000000000000000000000000000000000000A8
:40D880000000000000000000000000000000000000000000000000000000000000000000000000000000000000000000000000000000000000000000000000000000000068
:40D8C0000000000000000000000000000000000000000000000000000000000000000000000000000000000000000000000000000000000000000000000000000000000028
:40D9000000000000000000000000000000000000000000000000000000000000000000000000000000000000000000000000000000000000000000000000000000000000E7
:40D9400000000000000000000000000000000000000000000000000000000000000000000000000000000000000000000000000000000000000000000000000000000000A7
:40D980000000000000000000000000000000000000000000000000000000000000000000000000000000000000000000000000000000000000000000000000000000000067
:40D9C0000000000000000000000000000000000000000000000000000000000000000000000000000000000000000000000000000000000000000000000000000000000027
:40DA000000000000000000000000000000000000000000000000000000000000000000000000000000000000000000000000000000000000000000000000000000000000E6
:40DA400000000000000000000000000000000000000000000000000000000000000000000000000000000000000000000000000000000000000000000000000000000000A6
:40DA80000000000000000000000000000000000000000000000000000000000000000000000000000000000000000000000000000000000000000000000000000000000066
:40DAC0000000000000000000000000000000000000000000000000000000000000000000000000000000000000000000000000000000000000000000000000000000000026
:40DB000000000000000000000000000000000000000000000000000000000000000000000000000000000000000000000000000000000000000000000000000000000000E5
:40DB400000000000000000000000000000000000000000000000000000000000000000000000000000000000000000000000000000000000000000000000000000000000A5
:40DB80000000000000000000000000000000000000000000000000000000000000000000000000000000000000000000000000000000000000000000000000000000000065
:40DBC0000000000000000000000000000000000000000000000000000000000000000000000000000000000000000000000000000000000000000000000000000000000025
:40DC000000000000000000000000000000000000000000000000000000000000000000000000000000000000000000000000000000000000000000000000000000000000E4
:40DC400000000000000000000000000000000000000000000000000000000000000000000000000000000000000000000000000000000000000000000000000000000000A4
:40DC80000000000000000000000000000000000000000000000000000000000000000000000000000000000000000000000000000000000000000000000000000000000064
:40DCC0000000000000000000000000000000000000000000000000000000000000000000000000000000000000000000000000000000000000000000000000000000000024
:40DD000000000000000000000000000000000000000000000000000000000000000000000000000000000000000000000000000000000000000000000000000000000000E3
:40DD400000000000000000000000000000000000000000000000000000000000000000000000000000000000000000000000000000000000000000000000000000000000A3
:40DD80000000000000000000000000000000000000000000000000000000000000000000000000000000000000000000000000000000000000000000000000000000000063
:40DDC0000000000000000000000000000000000000000000000000000000000000000000000000000000000000000000000000000000000000000000000000000000000023
:40DE000000000000000000000000000000000000000000000000000000000000000000000000000000000000000000000000000000000000000000000000000000000000E2
:40DE400000000000000000000000000000000000000000000000000000000000000000000000000000000000000000000000000000000000000000000000000000000000A2
:40DE80000000000000000000000000000000000000000000000000000000000000000000000000000000000000000000000000000000000000000000000000000000000062
:40DEC0000000000000000000000000000000000000000000000000000000000000000000000000000000000000000000000000000000000000000000000000000000000022
:40DF000000000000000000000000000000000000000000000000000000000000000000000000000000000000000000000000000000000000000000000000000000000000E1
:40DF400000000000000000000000000000000000000000000000000000000000000000000000000000000000000000000000000000000000000000000000000000000000A1
:40DF80000000000000000000000000000000000000000000000000000000000000000000000000000000000000000000000000000000000000000000000000000000000061
:40DFC0000000000000000000000000000000000000000000000000000000000000000000000000000000000000000000000000000000000000000000000000000000000021
:40E0000000000000000000000000000000000000000000000000000000000000000000000000000000000000000000000000000000000000000000000000000000000000E0
:40E0400000000000000000000000000000000000000000000000000000000000000000000000000000000000000000000000000000000000000000000000000000000000A0
:40E080000000000000000000000000000000000000000000000000000000000000000000000000000000000000000000000000000000000000000000000000000000000060
:40E0C0000000000000000000000000000000000000000000000000000000000000000000000000000000000000000000000000000000000000000000000000000000000020
:40E1000000000000000000000000000000000000000000000000000000000000000000000000000000000000000000000000000000000000000000000000000000000000DF
:40E14000000000000000000000000000000000000000000000000000000000000000000000000000000000000000000000000000000000000000000000000000000000009F
:40E18000000000000000000000000000000000000000000000000000000000000000000000000000000000000000000000000000000000000000000000000000000000005F
:40E1C000000000000000000000000000000000000000000000000000000000000000000000000000000000000000000000000000000000000000000000000000000000001F
:40E2000000000000000000000000000000000000000000000000000000000000000000000000000000000000000000000000000000000000000000000000000000000000DE
:40E24000000000000000000000000000000000000000000000000000000000000000000000000000000000000000000000000000000000000000000000000000000000009E
:40E28000000000000000000000000000000000000000000000000000000000000000000000000000000000000000000000000000000000000000000000000000000000005E
:40E2C000000000000000000000000000000000000000000000000000000000000000000000000000000000000000000000000000000000000000000000000000000000001E
:40E3000000000000000000000000000000000000000000000000000000000000000000000000000000000000000000000000000000000000000000000000000000000000DD
:40E34000000000000000000000000000000000000000000000000000000000000000000000000000000000000000000000000000000000000000000000000000000000009D
:40E38000000000000000000000000000000000000000000000000000000000000000000000000000000000000000000000000000000000000000000000000000000000005D
:40E3C000000000000000000000000000000000000000000000000000000000000000000000000000000000000000000000000000000000000000000000000000000000001D
:40E4000000000000000000000000000000000000000000000000000000000000000000000000000000000000000000000000000000000000000000000000000000000000DC
:40E44000000000000000000000000000000000000000000000000000000000000000000000000000000000000000000000000000000000000000000000000000000000009C
:40E48000000000000000000000000000000000000000000000000000000000000000000000000000000000000000000000000000000000000000000000000000000000005C
:40E4C000000000000000000000000000000000000000000000000000000000000000000000000000000000000000000000000000000000000000000000000000000000001C
:40E5000000000000000000000000000000000000000000000000000000000000000000000000000000000000000000000000000000000000000000000000000000000000DB
:40E54000000000000000000000000000000000000000000000000000000000000000000000000000000000000000000000000000000000000000000000000000000000009B
:40E58000000000000000000000000000000000000000000000000000000000000000000000000000000000000000000000000000000000000000000000000000000000005B
:40E5C000000000000000000000000000000000000000000000000000000000000000000000000000000000000000000000000000000000000000000000000000000000001B
:40E6000000000000000000000000000000000000000000000000000000000000000000000000000000000000000000000000000000000000000000000000000000000000DA
:40E64000000000000000000000000000000000000000000000000000000000000000000000000000000000000000000000000000000000000000000000000000000000009A
:40E68000000000000000000000000000000000000000000000000000000000000000000000000000000000000000000000000000000000000000000000000000000000005A
:40E6C000000000000000000000000000000000000000000000000000000000000000000000000000000000000000000000000000000000000000000000000000000000001A
:40E7000000000000000000000000000000000000000000000000000000000000000000000000000000000000000000000000000000000000000000000000000000000000D9
:40E740000000000000000000000000000000000000000000000000000000000000000000000000000000000000000000000000000000000000000000000000000000000099
:40E780000000000000000000000000000000000000000000000000000000000000000000000000000000000000000000000000000000000000000000000000000000000059
:40E7C0000000000000000000000000000000000000000000000000000000000000000000000000000000000000000000000000000000000000000000000000000000000019
:40E8000000000000000000000000000000000000000000000000000000000000000000000000000000000000000000000000000000000000000000000000000000000000D8
:40E840000000000000000000000000000000000000000000000000000000000000000000000000000000000000000000000000000000000000000000000000000000000098
:40E880000000000000000000000000000000000000000000000000000000000000000000000000000000000000000000000000000000000000000000000000000000000058
:40E8C0000000000000000000000000000000000000000000000000000000000000000000000000000000000000000000000000000000000000000000000000000000000018
:40E9000000000000000000000000000000000000000000000000000000000000000000000000000000000000000000000000000000000000000000000000000000000000D7
:40E940000000000000000000000000000000000000000000000000000000000000000000000000000000000000000000000000000000000000000000000000000000000097
:40E980000000000000000000000000000000000000000000000000000000000000000000000000000000000000000000000000000000000000000000000000000000000057
:40E9C0000000000000000000000000000000000000000000000000000000000000000000000000000000000000000000000000000000000000000000000000000000000017
:40EA000000000000000000000000000000000000000000000000000000000000000000000000000000000000000000000000000000000000000000000000000000000000D6
:40EA40000000000000000000000000000000000000000000000000000000000000000000000000000000000000000000000000000000000000000000000000000000000096
:40EA80000000000000000000000000000000000000000000000000000000000000000000000000000000000000000000000000000000000000000000000000000000000056
:40EAC0000000000000000000000000000000000000000000000000000000000000000000000000000000000000000000000000000000000000000000000000000000000016
:40EB000000000000000000000000000000000000000000000000000000000000000000000000000000000000000000000000000000000000000000000000000000000000D5
:40EB40000000000000000000000000000000000000000000000000000000000000000000000000000000000000000000000000000000000000000000000000000000000095
:40EB80000000000000000000000000000000000000000000000000000000000000000000000000000000000000000000000000000000000000000000000000000000000055
:40EBC0000000000000000000000000000000000000000000000000000000000000000000000000000000000000000000000000000000000000000000000000000000000015
:40EC000000000000000000000000000000000000000000000000000000000000000000000000000000000000000000000000000000000000000000000000000000000000D4
:40EC40000000000000000000000000000000000000000000000000000000000000000000000000000000000000000000000000000000000000000000000000000000000094
:40EC80000000000000000000000000000000000000000000000000000000000000000000000000000000000000000000000000000000000000000000000000000000000054
:40ECC0000000000000000000000000000000000000000000000000000000000000000000000000000000000000000000000000000000000000000000000000000000000014
:40ED000000000000000000000000000000000000000000000000000000000000000000000000000000000000000000000000000000000000000000000000000000000000D3
:40ED40000000000000000000000000000000000000000000000000000000000000000000000000000000000000000000000000000000000000000000000000000000000093
:40ED80000000000000000000000000000000000000000000000000000000000000000000000000000000000000000000000000000000000000000000000000000000000053
:40EDC0000000000000000000000000000000000000000000000000000000000000000000000000000000000000000000000000000000000000000000000000000000000013
:40EE000000000000000000000000000000000000000000000000000000000000000000000000000000000000000000000000000000000000000000000000000000000000D2
:40EE40000000000000000000000000000000000000000000000000000000000000000000000000000000000000000000000000000000000000000000000000000000000092
:40EE80000000000000000000000000000000000000000000000000000000000000000000000000000000000000000000000000000000000000000000000000000000000052
:40EEC0000000000000000000000000000000000000000000000000000000000000000000000000000000000000000000000000000000000000000000000000000000000012
:40EF000000000000000000000000000000000000000000000000000000000000000000000000000000000000000000000000000000000000000000000000000000000000D1
:40EF40000000000000000000000000000000000000000000000000000000000000000000000000000000000000000000000000000000000000000000000000000000000091
:40EF80000000000000000000000000000000000000000000000000000000000000000000000000000000000000000000000000000000000000000000000000000000000051
:40EFC0000000000000000000000000000000000000000000000000000000000000000000000000000000000000000000000000000000000000000000000000000000000011
:40F0000000000000000000000000000000000000000000000000000000000000000000000000000000000000000000000000000000000000000000000000000000000000D0
:40F040000000000000000000000000000000000000000000000000000000000000000000000000000000000000000000000000000000000000000000000000000000000090
:40F080000000000000000000000000000000000000000000000000000000000000000000000000000000000000000000000000000000000000000000000000000000000050
:40F0C0000000000000000000000000000000000000000000000000000000000000000000000000000000000000000000000000000000000000000000000000000000000010
:40F1000000000000000000000000000000000000000000000000000000000000000000000000000000000000000000000000000000000000000000000000000000000000CF
:40F14000000000000000000000000000000000000000000000000000000000000000000000000000000000000000000000000000000000000000000000000000000000008F
:40F18000000000000000000000000000000000000000000000000000000000000000000000000000000000000000000000000000000000000000000000000000000000004F
:40F1C000000000000000000000000000000000000000000000000000000000000000000000000000000000000000000000000000000000000000000000000000000000000F
:40F2000000000000000000000000000000000000000000000000000000000000000000000000000000000000000000000000000000000000000000000000000000000000CE
:40F24000000000000000000000000000000000000000000000000000000000000000000000000000000000000000000000000000000000000000000000000000000000008E
:40F28000000000000000000000000000000000000000000000000000000000000000000000000000000000000000000000000000000000000000000000000000000000004E
:40F2C000000000000000000000000000000000000000000000000000000000000000000000000000000000000000000000000000000000000000000000000000000000000E
:40F3000000000000000000000000000000000000000000000000000000000000000000000000000000000000000000000000000000000000000000000000000000000000CD
:40F34000000000000000000000000000000000000000000000000000000000000000000000000000000000000000000000000000000000000000000000000000000000008D
:40F38000000000000000000000000000000000000000000000000000000000000000000000000000000000000000000000000000000000000000000000000000000000004D
:40F3C000000000000000000000000000000000000000000000000000000000000000000000000000000000000000000000000000000000000000000000000000000000000D
:40F4000000000000000000000000000000000000000000000000000000000000000000000000000000000000000000000000000000000000000000000000000000000000CC
:40F44000000000000000000000000000000000000000000000000000000000000000000000000000000000000000000000000000000000000000000000000000000000008C
:40F48000000000000000000000000000000000000000000000000000000000000000000000000000000000000000000000000000000000000000000000000000000000004C
:40F4C000000000000000000000000000000000000000000000000000000000000000000000000000000000000000000000000000000000000000000000000000000000000C
:40F5000000000000000000000000000000000000000000000000000000000000000000000000000000000000000000000000000000000000000000000000000000000000CB
:40F54000000000000000000000000000000000000000000000000000000000000000000000000000000000000000000000000000000000000000000000000000000000008B
:40F58000000000000000000000000000000000000000000000000000000000000000000000000000000000000000000000000000000000000000000000000000000000004B
:40F5C000000000000000000000000000000000000000000000000000000000000000000000000000000000000000000000000000000000000000000000000000000000000B
:40F6000000000000000000000000000000000000000000000000000000000000000000000000000000000000000000000000000000000000000000000000000000000000CA
:40F64000000000000000000000000000000000000000000000000000000000000000000000000000000000000000000000000000000000000000000000000000000000008A
:40F68000000000000000000000000000000000000000000000000000000000000000000000000000000000000000000000000000000000000000000000000000000000004A
:40F6C000000000000000000000000000000000000000000000000000000000000000000000000000000000000000000000000000000000000000000000000000000000000A
:40F7000000000000000000000000000000000000000000000000000000000000000000000000000000000000000000000000000000000000000000000000000000000000C9
:40F740000000000000000000000000000000000000000000000000000000000000000000000000000000000000000000000000000000000000000000000000000000000089
:40F780000000000000000000000000000000000000000000000000000000000000000000000000000000000000000000000000000000000000000000000000000000000049
:40F7C0000000000000000000000000000000000000000000000000000000000000000000000000000000000000000000000000000000000000000000000000000000000009
:40F8000000000000000000000000000000000000000000000000000000000000000000000000000000000000000000000000000000000000000000000000000000000000C8
:40F840000000000000000000000000000000000000000000000000000000000000000000000000000000000000000000000000000000000000000000000000000000000088
:40F880000000000000000000000000000000000000000000000000000000000000000000000000000000000000000000000000000000000000000000000000000000000048
:40F8C0000000000000000000000000000000000000000000000000000000000000000000000000000000000000000000000000000000000000000000000000000000000008
:40F9000000000000000000000000000000000000000000000000000000000000000000000000000000000000000000000000000000000000000000000000000000000000C7
:40F940000000000000000000000000000000000000000000000000000000000000000000000000000000000000000000000000000000000000000000000000000000000087
:40F980000000000000000000000000000000000000000000000000000000000000000000000000000000000000000000000000000000000000000000000000000000000047
:40F9C0000000000000000000000000000000000000000000000000000000000000000000000000000000000000000000000000000000000000000000000000000000000007
:40FA000000000000000000000000000000000000000000000000000000000000000000000000000000000000000000000000000000000000000000000000000000000000C6
:40FA40000000000000000000000000000000000000000000000000000000000000000000000000000000000000000000000000000000000000000000000000000000000086
:40FA80000000000000000000000000000000000000000000000000000000000000000000000000000000000000000000000000000000000000000000000000000000000046
:40FAC0000000000000000000000000000000000000000000000000000000000000000000000000000000000000000000000000000000000000000000000000000000000006
:40FB000000000000000000000000000000000000000000000000000000000000000000000000000000000000000000000000000000000000000000000000000000000000C5
:40FB40000000000000000000000000000000000000000000000000000000000000000000000000000000000000000000000000000000000000000000000000000000000085
:40FB80000000000000000000000000000000000000000000000000000000000000000000000000000000000000000000000000000000000000000000000000000000000045
:40FBC0000000000000000000000000000000000000000000000000000000000000000000000000000000000000000000000000000000000000000000000000000000000005
:40FC000000000000000000000000000000000000000000000000000000000000000000000000000000000000000000000000000000000000000000000000000000000000C4
:40FC40000000000000000000000000000000000000000000000000000000000000000000000000000000000000000000000000000000000000000000000000000000000084
:40FC80000000000000000000000000000000000000000000000000000000000000000000000000000000000000000000000000000000000000000000000000000000000044
:40FCC0000000000000000000000000000000000000000000000000000000000000000000000000000000000000000000000000000000000000000000000000000000000004
:40FD000000000000000000000000000000000000000000000000000000000000000000000000000000000000000000000000000000000000000000000000000000000000C3
:40FD40000000000000000000000000000000000000000000000000000000000000000000000000000000000000000000000000000000000000000000000000000000000083
:40FD80000000000000000000000000000000000000000000000000000000000000000000000000000000000000000000000000000000000000000000000000000000000043
:40FDC0000000000000000000000000000000000000000000000000000000000000000000000000000000000000000000000000000000000000000000000000000000000003
:40FE000000000000000000000000000000000000000000000000000000000000000000000000000000000000000000000000000000000000000000000000000000000000C2
:40FE40000000000000000000000000000000000000000000000000000000000000000000000000000000000000000000000000000000000000000000000000000000000082
:40FE80000000000000000000000000000000000000000000000000000000000000000000000000000000000000000000000000000000000000000000000000000000000042
:40FEC0000000000000000000000000000000000000000000000000000000000000000000000000000000000000000000000000000000000000000000000000000000000002
:40FF000000000000000000000000000000000000000000000000000000000000000000000000000000000000000000000000000000000000000000000000000000000000C1
:40FF40000000000000000000000000000000000000000000000000000000000000000000000000000000000000000000000000000000000000000000000000000000000081
:40FF80000000000000000000000000000000000000000000000000000000000000000000000000000000000000000000000000000000000000000000000000000000000041
:40FFC0000000000000000000000000000000000000000000000000000000000000000000000000000000000000000000000000000000000000000000000000000000000001
:020000040002F8
:4000000000000000000000000000000000000000000000000000000000000000000000000000000000000000000000000000000000000000000000000000000000000000C0
:400040000000000000000000000000000000000000000000000000000000000000000000000000000000000000000000000000000000000000000000000000000000000080
:400080000000000000000000000000000000000000000000000000000000000000000000000000000000000000000000000000000000000000000000000000000000000040
:4000C0000000000000000000000000000000000000000000000000000000000000000000000000000000000000000000000000000000000000000000000000000000000000
:4001000000000000000000000000000000000000000000000000000000000000000000000000000000000000000000000000000000000000000000000000000000000000BF
:40014000000000000000000000000000000000000000000000000000000000000000000000000000000000000000000000000000000000000000000000000000000000007F
:40018000000000000000000000000000000000000000000000000000000000000000000000000000000000000000000000000000000000000000000000000000000000003F
:4001C00000000000000000000000000000000000000000000000000000000000000000000000000000000000000000000000000000000000000000000000000000000000FF
:4002000000000000000000000000000000000000000000000000000000000000000000000000000000000000000000000000000000000000000000000000000000000000BE
:40024000000000000000000000000000000000000000000000000000000000000000000000000000000000000000000000000000000000000000000000000000000000007E
:40028000000000000000000000000000000000000000000000000000000000000000000000000000000000000000000000000000000000000000000000000000000000003E
:4002C00000000000000000000000000000000000000000000000000000000000000000000000000000000000000000000000000000000000000000000000000000000000FE
:4003000000000000000000000000000000000000000000000000000000000000000000000000000000000000000000000000000000000000000000000000000000000000BD
:40034000000000000000000000000000000000000000000000000000000000000000000000000000000000000000000000000000000000000000000000000000000000007D
:40038000000000000000000000000000000000000000000000000000000000000000000000000000000000000000000000000000000000000000000000000000000000003D
:4003C00000000000000000000000000000000000000000000000000000000000000000000000000000000000000000000000000000000000000000000000000000000000FD
:4004000000000000000000000000000000000000000000000000000000000000000000000000000000000000000000000000000000000000000000000000000000000000BC
:40044000000000000000000000000000000000000000000000000000000000000000000000000000000000000000000000000000000000000000000000000000000000007C
:40048000000000000000000000000000000000000000000000000000000000000000000000000000000000000000000000000000000000000000000000000000000000003C
:4004C00000000000000000000000000000000000000000000000000000000000000000000000000000000000000000000000000000000000000000000000000000000000FC
:4005000000000000000000000000000000000000000000000000000000000000000000000000000000000000000000000000000000000000000000000000000000000000BB
:40054000000000000000000000000000000000000000000000000000000000000000000000000000000000000000000000000000000000000000000000000000000000007B
:40058000000000000000000000000000000000000000000000000000000000000000000000000000000000000000000000000000000000000000000000000000000000003B
:4005C00000000000000000000000000000000000000000000000000000000000000000000000000000000000000000000000000000000000000000000000000000000000FB
:4006000000000000000000000000000000000000000000000000000000000000000000000000000000000000000000000000000000000000000000000000000000000000BA
:40064000000000000000000000000000000000000000000000000000000000000000000000000000000000000000000000000000000000000000000000000000000000007A
:40068000000000000000000000000000000000000000000000000000000000000000000000000000000000000000000000000000000000000000000000000000000000003A
:4006C00000000000000000000000000000000000000000000000000000000000000000000000000000000000000000000000000000000000000000000000000000000000FA
:4007000000000000000000000000000000000000000000000000000000000000000000000000000000000000000000000000000000000000000000000000000000000000B9
:400740000000000000000000000000000000000000000000000000000000000000000000000000000000000000000000000000000000000000000000000000000000000079
:400780000000000000000000000000000000000000000000000000000000000000000000000000000000000000000000000000000000000000000000000000000000000039
:4007C00000000000000000000000000000000000000000000000000000000000000000000000000000000000000000000000000000000000000000000000000000000000F9
:4008000000000000000000000000000000000000000000000000000000000000000000000000000000000000000000000000000000000000000000000000000000000000B8
:400840000000000000000000000000000000000000000000000000000000000000000000000000000000000000000000000000000000000000000000000000000000000078
:400880000000000000000000000000000000000000000000000000000000000000000000000000000000000000000000000000000000000000000000000000000000000038
:4008C00000000000000000000000000000000000000000000000000000000000000000000000000000000000000000000000000000000000000000000000000000000000F8
:4009000000000000000000000000000000000000000000000000000000000000000000000000000000000000000000000000000000000000000000000000000000000000B7
:400940000000000000000000000000000000000000000000000000000000000000000000000000000000000000000000000000000000000000000000000000000000000077
:400980000000000000000000000000000000000000000000000000000000000000000000000000000000000000000000000000000000000000000000000000000000000037
:4009C00000000000000000000000000000000000000000000000000000000000000000000000000000000000000000000000000000000000000000000000000000000000F7
:400A000000000000000000000000000000000000000000000000000000000000000000000000000000000000000000000000000000000000000000000000000000000000B6
:400A40000000000000000000000000000000000000000000000000000000000000000000000000000000000000000000000000000000000000000000000000000000000076
:400A80000000000000000000000000000000000000000000000000000000000000000000000000000000000000000000000000000000000000000000000000000000000036
:400AC00000000000000000000000000000000000000000000000000000000000000000000000000000000000000000000000000000000000000000000000000000000000F6
:400B000000000000000000000000000000000000000000000000000000000000000000000000000000000000000000000000000000000000000000000000000000000000B5
:400B40000000000000000000000000000000000000000000000000000000000000000000000000000000000000000000000000000000000000000000000000000000000075
:400B80000000000000000000000000000000000000000000000000000000000000000000000000000000000000000000000000000000000000000000000000000000000035
:400BC00000000000000000000000000000000000000000000000000000000000000000000000000000000000000000000000000000000000000000000000000000000000F5
:400C000000000000000000000000000000000000000000000000000000000000000000000000000000000000000000000000000000000000000000000000000000000000B4
:400C40000000000000000000000000000000000000000000000000000000000000000000000000000000000000000000000000000000000000000000000000000000000074
:400C80000000000000000000000000000000000000000000000000000000000000000000000000000000000000000000000000000000000000000000000000000000000034
:400CC00000000000000000000000000000000000000000000000000000000000000000000000000000000000000000000000000000000000000000000000000000000000F4
:400D000000000000000000000000000000000000000000000000000000000000000000000000000000000000000000000000000000000000000000000000000000000000B3
:400D40000000000000000000000000000000000000000000000000000000000000000000000000000000000000000000000000000000000000000000000000000000000073
:400D80000000000000000000000000000000000000000000000000000000000000000000000000000000000000000000000000000000000000000000000000000000000033
:400DC00000000000000000000000000000000000000000000000000000000000000000000000000000000000000000000000000000000000000000000000000000000000F3
:400E000000000000000000000000000000000000000000000000000000000000000000000000000000000000000000000000000000000000000000000000000000000000B2
:400E40000000000000000000000000000000000000000000000000000000000000000000000000000000000000000000000000000000000000000000000000000000000072
:400E80000000000000000000000000000000000000000000000000000000000000000000000000000000000000000000000000000000000000000000000000000000000032
:400EC00000000000000000000000000000000000000000000000000000000000000000000000000000000000000000000000000000000000000000000000000000000000F2
:400F000000000000000000000000000000000000000000000000000000000000000000000000000000000000000000000000000000000000000000000000000000000000B1
:400F40000000000000000000000000000000000000000000000000000000000000000000000000000000000000000000000000000000000000000000000000000000000071
:400F80000000000000000000000000000000000000000000000000000000000000000000000000000000000000000000000000000000000000000000000000000000000031
:400FC00000000000000000000000000000000000000000000000000000000000000000000000000000000000000000000000000000000000000000000000000000000000F1
:4010000000000000000000000000000000000000000000000000000000000000000000000000000000000000000000000000000000000000000000000000000000000000B0
:401040000000000000000000000000000000000000000000000000000000000000000000000000000000000000000000000000000000000000000000000000000000000070
:401080000000000000000000000000000000000000000000000000000000000000000000000000000000000000000000000000000000000000000000000000000000000030
:4010C00000000000000000000000000000000000000000000000000000000000000000000000000000000000000000000000000000000000000000000000000000000000F0
:4011000000000000000000000000000000000000000000000000000000000000000000000000000000000000000000000000000000000000000000000000000000000000AF
:40114000000000000000000000000000000000000000000000000000000000000000000000000000000000000000000000000000000000000000000000000000000000006F
:40118000000000000000000000000000000000000000000000000000000000000000000000000000000000000000000000000000000000000000000000000000000000002F
:4011C00000000000000000000000000000000000000000000000000000000000000000000000000000000000000000000000000000000000000000000000000000000000EF
:4012000000000000000000000000000000000000000000000000000000000000000000000000000000000000000000000000000000000000000000000000000000000000AE
:40124000000000000000000000000000000000000000000000000000000000000000000000000000000000000000000000000000000000000000000000000000000000006E
:40128000000000000000000000000000000000000000000000000000000000000000000000000000000000000000000000000000000000000000000000000000000000002E
:4012C00000000000000000000000000000000000000000000000000000000000000000000000000000000000000000000000000000000000000000000000000000000000EE
:4013000000000000000000000000000000000000000000000000000000000000000000000000000000000000000000000000000000000000000000000000000000000000AD
:40134000000000000000000000000000000000000000000000000000000000000000000000000000000000000000000000000000000000000000000000000000000000006D
:40138000000000000000000000000000000000000000000000000000000000000000000000000000000000000000000000000000000000000000000000000000000000002D
:4013C00000000000000000000000000000000000000000000000000000000000000000000000000000000000000000000000000000000000000000000000000000000000ED
:4014000000000000000000000000000000000000000000000000000000000000000000000000000000000000000000000000000000000000000000000000000000000000AC
:40144000000000000000000000000000000000000000000000000000000000000000000000000000000000000000000000000000000000000000000000000000000000006C
:40148000000000000000000000000000000000000000000000000000000000000000000000000000000000000000000000000000000000000000000000000000000000002C
:4014C00000000000000000000000000000000000000000000000000000000000000000000000000000000000000000000000000000000000000000000000000000000000EC
:4015000000000000000000000000000000000000000000000000000000000000000000000000000000000000000000000000000000000000000000000000000000000000AB
:40154000000000000000000000000000000000000000000000000000000000000000000000000000000000000000000000000000000000000000000000000000000000006B
:40158000000000000000000000000000000000000000000000000000000000000000000000000000000000000000000000000000000000000000000000000000000000002B
:4015C00000000000000000000000000000000000000000000000000000000000000000000000000000000000000000000000000000000000000000000000000000000000EB
:4016000000000000000000000000000000000000000000000000000000000000000000000000000000000000000000000000000000000000000000000000000000000000AA
:40164000000000000000000000000000000000000000000000000000000000000000000000000000000000000000000000000000000000000000000000000000000000006A
:40168000000000000000000000000000000000000000000000000000000000000000000000000000000000000000000000000000000000000000000000000000000000002A
:4016C00000000000000000000000000000000000000000000000000000000000000000000000000000000000000000000000000000000000000000000000000000000000EA
:4017000000000000000000000000000000000000000000000000000000000000000000000000000000000000000000000000000000000000000000000000000000000000A9
:401740000000000000000000000000000000000000000000000000000000000000000000000000000000000000000000000000000000000000000000000000000000000069
:401780000000000000000000000000000000000000000000000000000000000000000000000000000000000000000000000000000000000000000000000000000000000029
:4017C00000000000000000000000000000000000000000000000000000000000000000000000000000000000000000000000000000000000000000000000000000000000E9
:4018000000000000000000000000000000000000000000000000000000000000000000000000000000000000000000000000000000000000000000000000000000000000A8
:401840000000000000000000000000000000000000000000000000000000000000000000000000000000000000000000000000000000000000000000000000000000000068
:401880000000000000000000000000000000000000000000000000000000000000000000000000000000000000000000000000000000000000000000000000000000000028
:4018C00000000000000000000000000000000000000000000000000000000000000000000000000000000000000000000000000000000000000000000000000000000000E8
:4019000000000000000000000000000000000000000000000000000000000000000000000000000000000000000000000000000000000000000000000000000000000000A7
:401940000000000000000000000000000000000000000000000000000000000000000000000000000000000000000000000000000000000000000000000000000000000067
:401980000000000000000000000000000000000000000000000000000000000000000000000000000000000000000000000000000000000000000000000000000000000027
:4019C00000000000000000000000000000000000000000000000000000000000000000000000000000000000000000000000000000000000000000000000000000000000E7
:401A000000000000000000000000000000000000000000000000000000000000000000000000000000000000000000000000000000000000000000000000000000000000A6
:401A40000000000000000000000000000000000000000000000000000000000000000000000000000000000000000000000000000000000000000000000000000000000066
:401A80000000000000000000000000000000000000000000000000000000000000000000000000000000000000000000000000000000000000000000000000000000000026
:401AC00000000000000000000000000000000000000000000000000000000000000000000000000000000000000000000000000000000000000000000000000000000000E6
:401B000000000000000000000000000000000000000000000000000000000000000000000000000000000000000000000000000000000000000000000000000000000000A5
:401B40000000000000000000000000000000000000000000000000000000000000000000000000000000000000000000000000000000000000000000000000000000000065
:401B80000000000000000000000000000000000000000000000000000000000000000000000000000000000000000000000000000000000000000000000000000000000025
:401BC00000000000000000000000000000000000000000000000000000000000000000000000000000000000000000000000000000000000000000000000000000000000E5
:401C000000000000000000000000000000000000000000000000000000000000000000000000000000000000000000000000000000000000000000000000000000000000A4
:401C40000000000000000000000000000000000000000000000000000000000000000000000000000000000000000000000000000000000000000000000000000000000064
:401C80000000000000000000000000000000000000000000000000000000000000000000000000000000000000000000000000000000000000000000000000000000000024
:401CC00000000000000000000000000000000000000000000000000000000000000000000000000000000000000000000000000000000000000000000000000000000000E4
:401D000000000000000000000000000000000000000000000000000000000000000000000000000000000000000000000000000000000000000000000000000000000000A3
:401D40000000000000000000000000000000000000000000000000000000000000000000000000000000000000000000000000000000000000000000000000000000000063
:401D80000000000000000000000000000000000000000000000000000000000000000000000000000000000000000000000000000000000000000000000000000000000023
:401DC00000000000000000000000000000000000000000000000000000000000000000000000000000000000000000000000000000000000000000000000000000000000E3
:401E000000000000000000000000000000000000000000000000000000000000000000000000000000000000000000000000000000000000000000000000000000000000A2
:401E40000000000000000000000000000000000000000000000000000000000000000000000000000000000000000000000000000000000000000000000000000000000062
:401E80000000000000000000000000000000000000000000000000000000000000000000000000000000000000000000000000000000000000000000000000000000000022
:401EC00000000000000000000000000000000000000000000000000000000000000000000000000000000000000000000000000000000000000000000000000000000000E2
:401F000000000000000000000000000000000000000000000000000000000000000000000000000000000000000000000000000000000000000000000000000000000000A1
:401F40000000000000000000000000000000000000000000000000000000000000000000000000000000000000000000000000000000000000000000000000000000000061
:401F80000000000000000000000000000000000000000000000000000000000000000000000000000000000000000000000000000000000000000000000000000000000021
:401FC00000000000000000000000000000000000000000000000000000000000000000000000000000000000000000000000000000000000000000000000000000000000E1
:4020000000000000000000000000000000000000000000000000000000000000000000000000000000000000000000000000000000000000000000000000000000000000A0
:402040000000000000000000000000000000000000000000000000000000000000000000000000000000000000000000000000000000000000000000000000000000000060
:402080000000000000000000000000000000000000000000000000000000000000000000000000000000000000000000000000000000000000000000000000000000000020
:4020C00000000000000000000000000000000000000000000000000000000000000000000000000000000000000000000000000000000000000000000000000000000000E0
:40210000000000000000000000000000000000000000000000000000000000000000000000000000000000000000000000000000000000000000000000000000000000009F
:40214000000000000000000000000000000000000000000000000000000000000000000000000000000000000000000000000000000000000000000000000000000000005F
:40218000000000000000000000000000000000000000000000000000000000000000000000000000000000000000000000000000000000000000000000000000000000001F
:4021C00000000000000000000000000000000000000000000000000000000000000000000000000000000000000000000000000000000000000000000000000000000000DF
:40220000000000000000000000000000000000000000000000000000000000000000000000000000000000000000000000000000000000000000000000000000000000009E
:40224000000000000000000000000000000000000000000000000000000000000000000000000000000000000000000000000000000000000000000000000000000000005E
:40228000000000000000000000000000000000000000000000000000000000000000000000000000000000000000000000000000000000000000000000000000000000001E
:4022C00000000000000000000000000000000000000000000000000000000000000000000000000000000000000000000000000000000000000000000000000000000000DE
:40230000000000000000000000000000000000000000000000000000000000000000000000000000000000000000000000000000000000000000000000000000000000009D
:40234000000000000000000000000000000000000000000000000000000000000000000000000000000000000000000000000000000000000000000000000000000000005D
:40238000000000000000000000000000000000000000000000000000000000000000000000000000000000000000000000000000000000000000000000000000000000001D
:4023C00000000000000000000000000000000000000000000000000000000000000000000000000000000000000000000000000000000000000000000000000000000000DD
:40240000000000000000000000000000000000000000000000000000000000000000000000000000000000000000000000000000000000000000000000000000000000009C
:40244000000000000000000000000000000000000000000000000000000000000000000000000000000000000000000000000000000000000000000000000000000000005C
:40248000000000000000000000000000000000000000000000000000000000000000000000000000000000000000000000000000000000000000000000000000000000001C
:4024C00000000000000000000000000000000000000000000000000000000000000000000000000000000000000000000000000000000000000000000000000000000000DC
:40250000000000000000000000000000000000000000000000000000000000000000000000000000000000000000000000000000000000000000000000000000000000009B
:40254000000000000000000000000000000000000000000000000000000000000000000000000000000000000000000000000000000000000000000000000000000000005B
:40258000000000000000000000000000000000000000000000000000000000000000000000000000000000000000000000000000000000000000000000000000000000001B
:4025C00000000000000000000000000000000000000000000000000000000000000000000000000000000000000000000000000000000000000000000000000000000000DB
:40260000000000000000000000000000000000000000000000000000000000000000000000000000000000000000000000000000000000000000000000000000000000009A
:40264000000000000000000000000000000000000000000000000000000000000000000000000000000000000000000000000000000000000000000000000000000000005A
:40268000000000000000000000000000000000000000000000000000000000000000000000000000000000000000000000000000000000000000000000000000000000001A
:4026C00000000000000000000000000000000000000000000000000000000000000000000000000000000000000000000000000000000000000000000000000000000000DA
:402700000000000000000000000000000000000000000000000000000000000000000000000000000000000000000000000000000000000000000000000000000000000099
:402740000000000000000000000000000000000000000000000000000000000000000000000000000000000000000000000000000000000000000000000000000000000059
:402780000000000000000000000000000000000000000000000000000000000000000000000000000000000000000000000000000000000000000000000000000000000019
:4027C00000000000000000000000000000000000000000000000000000000000000000000000000000000000000000000000000000000000000000000000000000000000D9
:402800000000000000000000000000000000000000000000000000000000000000000000000000000000000000000000000000000000000000000000000000000000000098
:402840000000000000000000000000000000000000000000000000000000000000000000000000000000000000000000000000000000000000000000000000000000000058
:402880000000000000000000000000000000000000000000000000000000000000000000000000000000000000000000000000000000000000000000000000000000000018
:4028C00000000000000000000000000000000000000000000000000000000000000000000000000000000000000000000000000000000000000000000000000000000000D8
:402900000000000000000000000000000000000000000000000000000000000000000000000000000000000000000000000000000000000000000000000000000000000097
:402940000000000000000000000000000000000000000000000000000000000000000000000000000000000000000000000000000000000000000000000000000000000057
:402980000000000000000000000000000000000000000000000000000000000000000000000000000000000000000000000000000000000000000000000000000000000017
:4029C00000000000000000000000000000000000000000000000000000000000000000000000000000000000000000000000000000000000000000000000000000000000D7
:402A00000000000000000000000000000000000000000000000000000000000000000000000000000000000000000000000000000000000000000000000000000000000096
:402A40000000000000000000000000000000000000000000000000000000000000000000000000000000000000000000000000000000000000000000000000000000000056
:402A80000000000000000000000000000000000000000000000000000000000000000000000000000000000000000000000000000000000000000000000000000000000016
:402AC00000000000000000000000000000000000000000000000000000000000000000000000000000000000000000000000000000000000000000000000000000000000D6
:402B00000000000000000000000000000000000000000000000000000000000000000000000000000000000000000000000000000000000000000000000000000000000095
:402B40000000000000000000000000000000000000000000000000000000000000000000000000000000000000000000000000000000000000000000000000000000000055
:402B80000000000000000000000000000000000000000000000000000000000000000000000000000000000000000000000000000000000000000000000000000000000015
:402BC00000000000000000000000000000000000000000000000000000000000000000000000000000000000000000000000000000000000000000000000000000000000D5
:402C00000000000000000000000000000000000000000000000000000000000000000000000000000000000000000000000000000000000000000000000000000000000094
:402C40000000000000000000000000000000000000000000000000000000000000000000000000000000000000000000000000000000000000000000000000000000000054
:402C80000000000000000000000000000000000000000000000000000000000000000000000000000000000000000000000000000000000000000000000000000000000014
:402CC00000000000000000000000000000000000000000000000000000000000000000000000000000000000000000000000000000000000000000000000000000000000D4
:402D00000000000000000000000000000000000000000000000000000000000000000000000000000000000000000000000000000000000000000000000000000000000093
:402D40000000000000000000000000000000000000000000000000000000000000000000000000000000000000000000000000000000000000000000000000000000000053
:402D80000000000000000000000000000000000000000000000000000000000000000000000000000000000000000000000000000000000000000000000000000000000013
:402DC00000000000000000000000000000000000000000000000000000000000000000000000000000000000000000000000000000000000000000000000000000000000D3
:402E00000000000000000000000000000000000000000000000000000000000000000000000000000000000000000000000000000000000000000000000000000000000092
:402E40000000000000000000000000000000000000000000000000000000000000000000000000000000000000000000000000000000000000000000000000000000000052
:402E80000000000000000000000000000000000000000000000000000000000000000000000000000000000000000000000000000000000000000000000000000000000012
:402EC00000000000000000000000000000000000000000000000000000000000000000000000000000000000000000000000000000000000000000000000000000000000D2
:402F00000000000000000000000000000000000000000000000000000000000000000000000000000000000000000000000000000000000000000000000000000000000091
:402F40000000000000000000000000000000000000000000000000000000000000000000000000000000000000000000000000000000000000000000000000000000000051
:402F80000000000000000000000000000000000000000000000000000000000000000000000000000000000000000000000000000000000000000000000000000000000011
:402FC00000000000000000000000000000000000000000000000000000000000000000000000000000000000000000000000000000000000000000000000000000000000D1
:403000000000000000000000000000000000000000000000000000000000000000000000000000000000000000000000000000000000000000000000000000000000000090
:403040000000000000000000000000000000000000000000000000000000000000000000000000000000000000000000000000000000000000000000000000000000000050
:403080000000000000000000000000000000000000000000000000000000000000000000000000000000000000000000000000000000000000000000000000000000000010
:4030C00000000000000000000000000000000000000000000000000000000000000000000000000000000000000000000000000000000000000000000000000000000000D0
:40310000000000000000000000000000000000000000000000000000000000000000000000000000000000000000000000000000000000000000000000000000000000008F
:40314000000000000000000000000000000000000000000000000000000000000000000000000000000000000000000000000000000000000000000000000000000000004F
:40318000000000000000000000000000000000000000000000000000000000000000000000000000000000000000000000000000000000000000000000000000000000000F
:4031C00000000000000000000000000000000000000000000000000000000000000000000000000000000000000000000000000000000000000000000000000000000000CF
:40320000000000000000000000000000000000000000000000000000000000000000000000000000000000000000000000000000000000000000000000000000000000008E
:40324000000000000000000000000000000000000000000000000000000000000000000000000000000000000000000000000000000000000000000000000000000000004E
:40328000000000000000000000000000000000000000000000000000000000000000000000000000000000000000000000000000000000000000000000000000000000000E
:4032C00000000000000000000000000000000000000000000000000000000000000000000000000000000000000000000000000000000000000000000000000000000000CE
:40330000000000000000000000000000000000000000000000000000000000000000000000000000000000000000000000000000000000000000000000000000000000008D
:40334000000000000000000000000000000000000000000000000000000000000000000000000000000000000000000000000000000000000000000000000000000000004D
:40338000000000000000000000000000000000000000000000000000000000000000000000000000000000000000000000000000000000000000000000000000000000000D
:4033C00000000000000000000000000000000000000000000000000000000000000000000000000000000000000000000000000000000000000000000000000000000000CD
:40340000000000000000000000000000000000000000000000000000000000000000000000000000000000000000000000000000000000000000000000000000000000008C
:40344000000000000000000000000000000000000000000000000000000000000000000000000000000000000000000000000000000000000000000000000000000000004C
:40348000000000000000000000000000000000000000000000000000000000000000000000000000000000000000000000000000000000000000000000000000000000000C
:4034C00000000000000000000000000000000000000000000000000000000000000000000000000000000000000000000000000000000000000000000000000000000000CC
:40350000000000000000000000000000000000000000000000000000000000000000000000000000000000000000000000000000000000000000000000000000000000008B
:40354000000000000000000000000000000000000000000000000000000000000000000000000000000000000000000000000000000000000000000000000000000000004B
:40358000000000000000000000000000000000000000000000000000000000000000000000000000000000000000000000000000000000000000000000000000000000000B
:4035C00000000000000000000000000000000000000000000000000000000000000000000000000000000000000000000000000000000000000000000000000000000000CB
:40360000000000000000000000000000000000000000000000000000000000000000000000000000000000000000000000000000000000000000000000000000000000008A
:40364000000000000000000000000000000000000000000000000000000000000000000000000000000000000000000000000000000000000000000000000000000000004A
:40368000000000000000000000000000000000000000000000000000000000000000000000000000000000000000000000000000000000000000000000000000000000000A
:4036C00000000000000000000000000000000000000000000000000000000000000000000000000000000000000000000000000000000000000000000000000000000000CA
:403700000000000000000000000000000000000000000000000000000000000000000000000000000000000000000000000000000000000000000000000000000000000089
:403740000000000000000000000000000000000000000000000000000000000000000000000000000000000000000000000000000000000000000000000000000000000049
:403780000000000000000000000000000000000000000000000000000000000000000000000000000000000000000000000000000000000000000000000000000000000009
:4037C00000000000000000000000000000000000000000000000000000000000000000000000000000000000000000000000000000000000000000000000000000000000C9
:403800000000000000000000000000000000000000000000000000000000000000000000000000000000000000000000000000000000000000000000000000000000000088
:403840000000000000000000000000000000000000000000000000000000000000000000000000000000000000000000000000000000000000000000000000000000000048
:403880000000000000000000000000000000000000000000000000000000000000000000000000000000000000000000000000000000000000000000000000000000000008
:4038C00000000000000000000000000000000000000000000000000000000000000000000000000000000000000000000000000000000000000000000000000000000000C8
:403900000000000000000000000000000000000000000000000000000000000000000000000000000000000000000000000000000000000000000000000000000000000087
:403940000000000000000000000000000000000000000000000000000000000000000000000000000000000000000000000000000000000000000000000000000000000047
:403980000000000000000000000000000000000000000000000000000000000000000000000000000000000000000000000000000000000000000000000000000000000007
:4039C00000000000000000000000000000000000000000000000000000000000000000000000000000000000000000000000000000000000000000000000000000000000C7
:403A00000000000000000000000000000000000000000000000000000000000000000000000000000000000000000000000000000000000000000000000000000000000086
:403A40000000000000000000000000000000000000000000000000000000000000000000000000000000000000000000000000000000000000000000000000000000000046
:403A80000000000000000000000000000000000000000000000000000000000000000000000000000000000000000000000000000000000000000000000000000000000006
:403AC00000000000000000000000000000000000000000000000000000000000000000000000000000000000000000000000000000000000000000000000000000000000C6
:403B00000000000000000000000000000000000000000000000000000000000000000000000000000000000000000000000000000000000000000000000000000000000085
:403B40000000000000000000000000000000000000000000000000000000000000000000000000000000000000000000000000000000000000000000000000000000000045
:403B80000000000000000000000000000000000000000000000000000000000000000000000000000000000000000000000000000000000000000000000000000000000005
:403BC00000000000000000000000000000000000000000000000000000000000000000000000000000000000000000000000000000000000000000000000000000000000C5
:403C00000000000000000000000000000000000000000000000000000000000000000000000000000000000000000000000000000000000000000000000000000000000084
:403C40000000000000000000000000000000000000000000000000000000000000000000000000000000000000000000000000000000000000000000000000000000000044
:403C80000000000000000000000000000000000000000000000000000000000000000000000000000000000000000000000000000000000000000000000000000000000004
:403CC00000000000000000000000000000000000000000000000000000000000000000000000000000000000000000000000000000000000000000000000000000000000C4
:403D00000000000000000000000000000000000000000000000000000000000000000000000000000000000000000000000000000000000000000000000000000000000083
:403D40000000000000000000000000000000000000000000000000000000000000000000000000000000000000000000000000000000000000000000000000000000000043
:403D80000000000000000000000000000000000000000000000000000000000000000000000000000000000000000000000000000000000000000000000000000000000003
:403DC00000000000000000000000000000000000000000000000000000000000000000000000000000000000000000000000000000000000000000000000000000000000C3
:403E00000000000000000000000000000000000000000000000000000000000000000000000000000000000000000000000000000000000000000000000000000000000082
:403E40000000000000000000000000000000000000000000000000000000000000000000000000000000000000000000000000000000000000000000000000000000000042
:403E80000000000000000000000000000000000000000000000000000000000000000000000000000000000000000000000000000000000000000000000000000000000002
:403EC00000000000000000000000000000000000000000000000000000000000000000000000000000000000000000000000000000000000000000000000000000000000C2
:403F00000000000000000000000000000000000000000000000000000000000000000000000000000000000000000000000000000000000000000000000000000000000081
:403F40000000000000000000000000000000000000000000000000000000000000000000000000000000000000000000000000000000000000000000000000000000000041
:403F80000000000000000000000000000000000000000000000000000000000000000000000000000000000000000000000000000000000000000000000000000000000001
:403FC00000000000000000000000000000000000000000000000000000000000000000000000000000000000000000000000000000000000000000000000000000000000C1
:404000000000000000000000000000000000000000000000000000000000000000000000000000000000000000000000000000000000000000000000000000000000000080
:404040000000000000000000000000000000000000000000000000000000000000000000000000000000000000000000000000000000000000000000000000000000000040
:404080000000000000000000000000000000000000000000000000000000000000000000000000000000000000000000000000000000000000000000000000000000000000
:4040C00000000000000000000000000000000000000000000000000000000000000000000000000000000000000000000000000000000000000000000000000000000000C0
:40410000000000000000000000000000000000000000000000000000000000000000000000000000000000000000000000000000000000000000000000000000000000007F
:40414000000000000000000000000000000000000000000000000000000000000000000000000000000000000000000000000000000000000000000000000000000000003F
:4041800000000000000000000000000000000000000000000000000000000000000000000000000000000000000000000000000000000000000000000000000000000000FF
:4041C00000000000000000000000000000000000000000000000000000000000000000000000000000000000000000000000000000000000000000000000000000000000BF
:40420000000000000000000000000000000000000000000000000000000000000000000000000000000000000000000000000000000000000000000000000000000000007E
:40424000000000000000000000000000000000000000000000000000000000000000000000000000000000000000000000000000000000000000000000000000000000003E
:4042800000000000000000000000000000000000000000000000000000000000000000000000000000000000000000000000000000000000000000000000000000000000FE
:4042C00000000000000000000000000000000000000000000000000000000000000000000000000000000000000000000000000000000000000000000000000000000000BE
:40430000000000000000000000000000000000000000000000000000000000000000000000000000000000000000000000000000000000000000000000000000000000007D
:40434000000000000000000000000000000000000000000000000000000000000000000000000000000000000000000000000000000000000000000000000000000000003D
:4043800000000000000000000000000000000000000000000000000000000000000000000000000000000000000000000000000000000000000000000000000000000000FD
:4043C00000000000000000000000000000000000000000000000000000000000000000000000000000000000000000000000000000000000000000000000000000000000BD
:40440000000000000000000000000000000000000000000000000000000000000000000000000000000000000000000000000000000000000000000000000000000000007C
:40444000000000000000000000000000000000000000000000000000000000000000000000000000000000000000000000000000000000000000000000000000000000003C
:4044800000000000000000000000000000000000000000000000000000000000000000000000000000000000000000000000000000000000000000000000000000000000FC
:4044C00000000000000000000000000000000000000000000000000000000000000000000000000000000000000000000000000000000000000000000000000000000000BC
:40450000000000000000000000000000000000000000000000000000000000000000000000000000000000000000000000000000000000000000000000000000000000007B
:40454000000000000000000000000000000000000000000000000000000000000000000000000000000000000000000000000000000000000000000000000000000000003B
:4045800000000000000000000000000000000000000000000000000000000000000000000000000000000000000000000000000000000000000000000000000000000000FB
:4045C00000000000000000000000000000000000000000000000000000000000000000000000000000000000000000000000000000000000000000000000000000000000BB
:40460000000000000000000000000000000000000000000000000000000000000000000000000000000000000000000000000000000000000000000000000000000000007A
:40464000000000000000000000000000000000000000000000000000000000000000000000000000000000000000000000000000000000000000000000000000000000003A
:4046800000000000000000000000000000000000000000000000000000000000000000000000000000000000000000000000000000000000000000000000000000000000FA
:4046C00000000000000000000000000000000000000000000000000000000000000000000000000000000000000000000000000000000000000000000000000000000000BA
:404700000000000000000000000000000000000000000000000000000000000000000000000000000000000000000000000000000000000000000000000000000000000079
:404740000000000000000000000000000000000000000000000000000000000000000000000000000000000000000000000000000000000000000000000000000000000039
:4047800000000000000000000000000000000000000000000000000000000000000000000000000000000000000000000000000000000000000000000000000000000000F9
:4047C00000000000000000000000000000000000000000000000000000000000000000000000000000000000000000000000000000000000000000000000000000000000B9
:404800000000000000000000000000000000000000000000000000000000000000000000000000000000000000000000000000000000000000000000000000000000000078
:404840000000000000000000000000000000000000000000000000000000000000000000000000000000000000000000000000000000000000000000000000000000000038
:4048800000000000000000000000000000000000000000000000000000000000000000000000000000000000000000000000000000000000000000000000000000000000F8
:4048C00000000000000000000000000000000000000000000000000000000000000000000000000000000000000000000000000000000000000000000000000000000000B8
:404900000000000000000000000000000000000000000000000000000000000000000000000000000000000000000000000000000000000000000000000000000000000077
:404940000000000000000000000000000000000000000000000000000000000000000000000000000000000000000000000000000000000000000000000000000000000037
:4049800000000000000000000000000000000000000000000000000000000000000000000000000000000000000000000000000000000000000000000000000000000000F7
:4049C00000000000000000000000000000000000000000000000000000000000000000000000000000000000000000000000000000000000000000000000000000000000B7
:404A00000000000000000000000000000000000000000000000000000000000000000000000000000000000000000000000000000000000000000000000000000000000076
:404A40000000000000000000000000000000000000000000000000000000000000000000000000000000000000000000000000000000000000000000000000000000000036
:404A800000000000000000000000000000000000000000000000000000000000000000000000000000000000000000000000000000000000000000000000000000000000F6
:404AC00000000000000000000000000000000000000000000000000000000000000000000000000000000000000000000000000000000000000000000000000000000000B6
:404B00000000000000000000000000000000000000000000000000000000000000000000000000000000000000000000000000000000000000000000000000000000000075
:404B40000000000000000000000000000000000000000000000000000000000000000000000000000000000000000000000000000000000000000000000000000000000035
:404B800000000000000000000000000000000000000000000000000000000000000000000000000000000000000000000000000000000000000000000000000000000000F5
:404BC00000000000000000000000000000000000000000000000000000000000000000000000000000000000000000000000000000000000000000000000000000000000B5
:404C00000000000000000000000000000000000000000000000000000000000000000000000000000000000000000000000000000000000000000000000000000000000074
:404C40000000000000000000000000000000000000000000000000000000000000000000000000000000000000000000000000000000000000000000000000000000000034
:404C800000000000000000000000000000000000000000000000000000000000000000000000000000000000000000000000000000000000000000000000000000000000F4
:404CC00000000000000000000000000000000000000000000000000000000000000000000000000000000000000000000000000000000000000000000000000000000000B4
:404D00000000000000000000000000000000000000000000000000000000000000000000000000000000000000000000000000000000000000000000000000000000000073
:404D40000000000000000000000000000000000000000000000000000000000000000000000000000000000000000000000000000000000000000000000000000000000033
:404D800000000000000000000000000000000000000000000000000000000000000000000000000000000000000000000000000000000000000000000000000000000000F3
:404DC00000000000000000000000000000000000000000000000000000000000000000000000000000000000000000000000000000000000000000000000000000000000B3
:404E00000000000000000000000000000000000000000000000000000000000000000000000000000000000000000000000000000000000000000000000000000000000072
:404E40000000000000000000000000000000000000000000000000000000000000000000000000000000000000000000000000000000000000000000000000000000000032
:404E800000000000000000000000000000000000000000000000000000000000000000000000000000000000000000000000000000000000000000000000000000000000F2
:404EC00000000000000000000000000000000000000000000000000000000000000000000000000000000000000000000000000000000000000000000000000000000000B2
:404F00000000000000000000000000000000000000000000000000000000000000000000000000000000000000000000000000000000000000000000000000000000000071
:404F40000000000000000000000000000000000000000000000000000000000000000000000000000000000000000000000000000000000000000000000000000000000031
:404F800000000000000000000000000000000000000000000000000000000000000000000000000000000000000000000000000000000000000000000000000000000000F1
:404FC00000000000000000000000000000000000000000000000000000000000000000000000000000000000000000000000000000000000000000000000000000000000B1
:405000000000000000000000000000000000000000000000000000000000000000000000000000000000000000000000000000000000000000000000000000000000000070
:405040000000000000000000000000000000000000000000000000000000000000000000000000000000000000000000000000000000000000000000000000000000000030
:4050800000000000000000000000000000000000000000000000000000000000000000000000000000000000000000000000000000000000000000000000000000000000F0
:4050C00000000000000000000000000000000000000000000000000000000000000000000000000000000000000000000000000000000000000000000000000000000000B0
:40510000000000000000000000000000000000000000000000000000000000000000000000000000000000000000000000000000000000000000000000000000000000006F
:40514000000000000000000000000000000000000000000000000000000000000000000000000000000000000000000000000000000000000000000000000000000000002F
:4051800000000000000000000000000000000000000000000000000000000000000000000000000000000000000000000000000000000000000000000000000000000000EF
:4051C00000000000000000000000000000000000000000000000000000000000000000000000000000000000000000000000000000000000000000000000000000000000AF
:40520000000000000000000000000000000000000000000000000000000000000000000000000000000000000000000000000000000000000000000000000000000000006E
:40524000000000000000000000000000000000000000000000000000000000000000000000000000000000000000000000000000000000000000000000000000000000002E
:4052800000000000000000000000000000000000000000000000000000000000000000000000000000000000000000000000000000000000000000000000000000000000EE
:4052C00000000000000000000000000000000000000000000000000000000000000000000000000000000000000000000000000000000000000000000000000000000000AE
:40530000000000000000000000000000000000000000000000000000000000000000000000000000000000000000000000000000000000000000000000000000000000006D
:40534000000000000000000000000000000000000000000000000000000000000000000000000000000000000000000000000000000000000000000000000000000000002D
:4053800000000000000000000000000000000000000000000000000000000000000000000000000000000000000000000000000000000000000000000000000000000000ED
:4053C00000000000000000000000000000000000000000000000000000000000000000000000000000000000000000000000000000000000000000000000000000000000AD
:40540000000000000000000000000000000000000000000000000000000000000000000000000000000000000000000000000000000000000000000000000000000000006C
:40544000000000000000000000000000000000000000000000000000000000000000000000000000000000000000000000000000000000000000000000000000000000002C
:4054800000000000000000000000000000000000000000000000000000000000000000000000000000000000000000000000000000000000000000000000000000000000EC
:4054C00000000000000000000000000000000000000000000000000000000000000000000000000000000000000000000000000000000000000000000000000000000000AC
:40550000000000000000000000000000000000000000000000000000000000000000000000000000000000000000000000000000000000000000000000000000000000006B
:40554000000000000000000000000000000000000000000000000000000000000000000000000000000000000000000000000000000000000000000000000000000000002B
:4055800000000000000000000000000000000000000000000000000000000000000000000000000000000000000000000000000000000000000000000000000000000000EB
:4055C00000000000000000000000000000000000000000000000000000000000000000000000000000000000000000000000000000000000000000000000000000000000AB
:40560000000000000000000000000000000000000000000000000000000000000000000000000000000000000000000000000000000000000000000000000000000000006A
:40564000000000000000000000000000000000000000000000000000000000000000000000000000000000000000000000000000000000000000000000000000000000002A
:4056800000000000000000000000000000000000000000000000000000000000000000000000000000000000000000000000000000000000000000000000000000000000EA
:4056C00000000000000000000000000000000000000000000000000000000000000000000000000000000000000000000000000000000000000000000000000000000000AA
:405700000000000000000000000000000000000000000000000000000000000000000000000000000000000000000000000000000000000000000000000000000000000069
:405740000000000000000000000000000000000000000000000000000000000000000000000000000000000000000000000000000000000000000000000000000000000029
:4057800000000000000000000000000000000000000000000000000000000000000000000000000000000000000000000000000000000000000000000000000000000000E9
:4057C00000000000000000000000000000000000000000000000000000000000000000000000000000000000000000000000000000000000000000000000000000000000A9
:405800000000000000000000000000000000000000000000000000000000000000000000000000000000000000000000000000000000000000000000000000000000000068
:405840000000000000000000000000000000000000000000000000000000000000000000000000000000000000000000000000000000000000000000000000000000000028
:4058800000000000000000000000000000000000000000000000000000000000000000000000000000000000000000000000000000000000000000000000000000000000E8
:4058C00000000000000000000000000000000000000000000000000000000000000000000000000000000000000000000000000000000000000000000000000000000000A8
:405900000000000000000000000000000000000000000000000000000000000000000000000000000000000000000000000000000000000000000000000000000000000067
:405940000000000000000000000000000000000000000000000000000000000000000000000000000000000000000000000000000000000000000000000000000000000027
:4059800000000000000000000000000000000000000000000000000000000000000000000000000000000000000000000000000000000000000000000000000000000000E7
:4059C00000000000000000000000000000000000000000000000000000000000000000000000000000000000000000000000000000000000000000000000000000000000A7
:405A00000000000000000000000000000000000000000000000000000000000000000000000000000000000000000000000000000000000000000000000000000000000066
:405A40000000000000000000000000000000000000000000000000000000000000000000000000000000000000000000000000000000000000000000000000000000000026
:405A800000000000000000000000000000000000000000000000000000000000000000000000000000000000000000000000000000000000000000000000000000000000E6
:405AC00000000000000000000000000000000000000000000000000000000000000000000000000000000000000000000000000000000000000000000000000000000000A6
:405B00000000000000000000000000000000000000000000000000000000000000000000000000000000000000000000000000000000000000000000000000000000000065
:405B40000000000000000000000000000000000000000000000000000000000000000000000000000000000000000000000000000000000000000000000000000000000025
:405B800000000000000000000000000000000000000000000000000000000000000000000000000000000000000000000000000000000000000000000000000000000000E5
:405BC00000000000000000000000000000000000000000000000000000000000000000000000000000000000000000000000000000000000000000000000000000000000A5
:405C00000000000000000000000000000000000000000000000000000000000000000000000000000000000000000000000000000000000000000000000000000000000064
:405C40000000000000000000000000000000000000000000000000000000000000000000000000000000000000000000000000000000000000000000000000000000000024
:405C800000000000000000000000000000000000000000000000000000000000000000000000000000000000000000000000000000000000000000000000000000000000E4
:405CC00000000000000000000000000000000000000000000000000000000000000000000000000000000000000000000000000000000000000000000000000000000000A4
:405D00000000000000000000000000000000000000000000000000000000000000000000000000000000000000000000000000000000000000000000000000000000000063
:405D40000000000000000000000000000000000000000000000000000000000000000000000000000000000000000000000000000000000000000000000000000000000023
:405D800000000000000000000000000000000000000000000000000000000000000000000000000000000000000000000000000000000000000000000000000000000000E3
:405DC00000000000000000000000000000000000000000000000000000000000000000000000000000000000000000000000000000000000000000000000000000000000A3
:405E00000000000000000000000000000000000000000000000000000000000000000000000000000000000000000000000000000000000000000000000000000000000062
:405E40000000000000000000000000000000000000000000000000000000000000000000000000000000000000000000000000000000000000000000000000000000000022
:405E800000000000000000000000000000000000000000000000000000000000000000000000000000000000000000000000000000000000000000000000000000000000E2
:405EC00000000000000000000000000000000000000000000000000000000000000000000000000000000000000000000000000000000000000000000000000000000000A2
:405F00000000000000000000000000000000000000000000000000000000000000000000000000000000000000000000000000000000000000000000000000000000000061
:405F40000000000000000000000000000000000000000000000000000000000000000000000000000000000000000000000000000000000000000000000000000000000021
:405F800000000000000000000000000000000000000000000000000000000000000000000000000000000000000000000000000000000000000000000000000000000000E1
:405FC00000000000000000000000000000000000000000000000000000000000000000000000000000000000000000000000000000000000000000000000000000000000A1
:406000000000000000000000000000000000000000000000000000000000000000000000000000000000000000000000000000000000000000000000000000000000000060
:406040000000000000000000000000000000000000000000000000000000000000000000000000000000000000000000000000000000000000000000000000000000000020
:4060800000000000000000000000000000000000000000000000000000000000000000000000000000000000000000000000000000000000000000000000000000000000E0
:4060C00000000000000000000000000000000000000000000000000000000000000000000000000000000000000000000000000000000000000000000000000000000000A0
:40610000000000000000000000000000000000000000000000000000000000000000000000000000000000000000000000000000000000000000000000000000000000005F
:40614000000000000000000000000000000000000000000000000000000000000000000000000000000000000000000000000000000000000000000000000000000000001F
:4061800000000000000000000000000000000000000000000000000000000000000000000000000000000000000000000000000000000000000000000000000000000000DF
:4061C000000000000000000000000000000000000000000000000000000000000000000000000000000000000000000000000000000000000000000000000000000000009F
:40620000000000000000000000000000000000000000000000000000000000000000000000000000000000000000000000000000000000000000000000000000000000005E
:40624000000000000000000000000000000000000000000000000000000000000000000000000000000000000000000000000000000000000000000000000000000000001E
:4062800000000000000000000000000000000000000000000000000000000000000000000000000000000000000000000000000000000000000000000000000000000000DE
:4062C000000000000000000000000000000000000000000000000000000000000000000000000000000000000000000000000000000000000000000000000000000000009E
:40630000000000000000000000000000000000000000000000000000000000000000000000000000000000000000000000000000000000000000000000000000000000005D
:40634000000000000000000000000000000000000000000000000000000000000000000000000000000000000000000000000000000000000000000000000000000000001D
:4063800000000000000000000000000000000000000000000000000000000000000000000000000000000000000000000000000000000000000000000000000000000000DD
:4063C000000000000000000000000000000000000000000000000000000000000000000000000000000000000000000000000000000000000000000000000000000000009D
:40640000000000000000000000000000000000000000000000000000000000000000000000000000000000000000000000000000000000000000000000000000000000005C
:40644000000000000000000000000000000000000000000000000000000000000000000000000000000000000000000000000000000000000000000000000000000000001C
:4064800000000000000000000000000000000000000000000000000000000000000000000000000000000000000000000000000000000000000000000000000000000000DC
:4064C000000000000000000000000000000000000000000000000000000000000000000000000000000000000000000000000000000000000000000000000000000000009C
:40650000000000000000000000000000000000000000000000000000000000000000000000000000000000000000000000000000000000000000000000000000000000005B
:40654000000000000000000000000000000000000000000000000000000000000000000000000000000000000000000000000000000000000000000000000000000000001B
:4065800000000000000000000000000000000000000000000000000000000000000000000000000000000000000000000000000000000000000000000000000000000000DB
:4065C000000000000000000000000000000000000000000000000000000000000000000000000000000000000000000000000000000000000000000000000000000000009B
:40660000000000000000000000000000000000000000000000000000000000000000000000000000000000000000000000000000000000000000000000000000000000005A
:40664000000000000000000000000000000000000000000000000000000000000000000000000000000000000000000000000000000000000000000000000000000000001A
:4066800000000000000000000000000000000000000000000000000000000000000000000000000000000000000000000000000000000000000000000000000000000000DA
:4066C000000000000000000000000000000000000000000000000000000000000000000000000000000000000000000000000000000000000000000000000000000000009A
:406700000000000000000000000000000000000000000000000000000000000000000000000000000000000000000000000000000000000000000000000000000000000059
:406740000000000000000000000000000000000000000000000000000000000000000000000000000000000000000000000000000000000000000000000000000000000019
:4067800000000000000000000000000000000000000000000000000000000000000000000000000000000000000000000000000000000000000000000000000000000000D9
:4067C0000000000000000000000000000000000000000000000000000000000000000000000000000000000000000000000000000000000000000000000000000000000099
:406800000000000000000000000000000000000000000000000000000000000000000000000000000000000000000000000000000000000000000000000000000000000058
:406840000000000000000000000000000000000000000000000000000000000000000000000000000000000000000000000000000000000000000000000000000000000018
:4068800000000000000000000000000000000000000000000000000000000000000000000000000000000000000000000000000000000000000000000000000000000000D8
:4068C0000000000000000000000000000000000000000000000000000000000000000000000000000000000000000000000000000000000000000000000000000000000098
:406900000000000000000000000000000000000000000000000000000000000000000000000000000000000000000000000000000000000000000000000000000000000057
:406940000000000000000000000000000000000000000000000000000000000000000000000000000000000000000000000000000000000000000000000000000000000017
:4069800000000000000000000000000000000000000000000000000000000000000000000000000000000000000000000000000000000000000000000000000000000000D7
:4069C0000000000000000000000000000000000000000000000000000000000000000000000000000000000000000000000000000000000000000000000000000000000097
:406A00000000000000000000000000000000000000000000000000000000000000000000000000000000000000000000000000000000000000000000000000000000000056
:406A40000000000000000000000000000000000000000000000000000000000000000000000000000000000000000000000000000000000000000000000000000000000016
:406A800000000000000000000000000000000000000000000000000000000000000000000000000000000000000000000000000000000000000000000000000000000000D6
:406AC0000000000000000000000000000000000000000000000000000000000000000000000000000000000000000000000000000000000000000000000000000000000096
:406B00000000000000000000000000000000000000000000000000000000000000000000000000000000000000000000000000000000000000000000000000000000000055
:406B40000000000000000000000000000000000000000000000000000000000000000000000000000000000000000000000000000000000000000000000000000000000015
:406B800000000000000000000000000000000000000000000000000000000000000000000000000000000000000000000000000000000000000000000000000000000000D5
:406BC0000000000000000000000000000000000000000000000000000000000000000000000000000000000000000000000000000000000000000000000000000000000095
:406C00000000000000000000000000000000000000000000000000000000000000000000000000000000000000000000000000000000000000000000000000000000000054
:406C40000000000000000000000000000000000000000000000000000000000000000000000000000000000000000000000000000000000000000000000000000000000014
:406C800000000000000000000000000000000000000000000000000000000000000000000000000000000000000000000000000000000000000000000000000000000000D4
:406CC0000000000000000000000000000000000000000000000000000000000000000000000000000000000000000000000000000000000000000000000000000000000094
:406D00000000000000000000000000000000000000000000000000000000000000000000000000000000000000000000000000000000000000000000000000000000000053
:406D40000000000000000000000000000000000000000000000000000000000000000000000000000000000000000000000000000000000000000000000000000000000013
:406D800000000000000000000000000000000000000000000000000000000000000000000000000000000000000000000000000000000000000000000000000000000000D3
:406DC0000000000000000000000000000000000000000000000000000000000000000000000000000000000000000000000000000000000000000000000000000000000093
:406E00000000000000000000000000000000000000000000000000000000000000000000000000000000000000000000000000000000000000000000000000000000000052
:406E40000000000000000000000000000000000000000000000000000000000000000000000000000000000000000000000000000000000000000000000000000000000012
:406E800000000000000000000000000000000000000000000000000000000000000000000000000000000000000000000000000000000000000000000000000000000000D2
:406EC0000000000000000000000000000000000000000000000000000000000000000000000000000000000000000000000000000000000000000000000000000000000092
:406F00000000000000000000000000000000000000000000000000000000000000000000000000000000000000000000000000000000000000000000000000000000000051
:406F40000000000000000000000000000000000000000000000000000000000000000000000000000000000000000000000000000000000000000000000000000000000011
:406F800000000000000000000000000000000000000000000000000000000000000000000000000000000000000000000000000000000000000000000000000000000000D1
:406FC0000000000000000000000000000000000000000000000000000000000000000000000000000000000000000000000000000000000000000000000000000000000091
:407000000000000000000000000000000000000000000000000000000000000000000000000000000000000000000000000000000000000000000000000000000000000050
:407040000000000000000000000000000000000000000000000000000000000000000000000000000000000000000000000000000000000000000000000000000000000010
:4070800000000000000000000000000000000000000000000000000000000000000000000000000000000000000000000000000000000000000000000000000000000000D0
:4070C0000000000000000000000000000000000000000000000000000000000000000000000000000000000000000000000000000000000000000000000000000000000090
:40710000000000000000000000000000000000000000000000000000000000000000000000000000000000000000000000000000000000000000000000000000000000004F
:40714000000000000000000000000000000000000000000000000000000000000000000000000000000000000000000000000000000000000000000000000000000000000F
:4071800000000000000000000000000000000000000000000000000000000000000000000000000000000000000000000000000000000000000000000000000000000000CF
:4071C000000000000000000000000000000000000000000000000000000000000000000000000000000000000000000000000000000000000000000000000000000000008F
:40720000000000000000000000000000000000000000000000000000000000000000000000000000000000000000000000000000000000000000000000000000000000004E
:40724000000000000000000000000000000000000000000000000000000000000000000000000000000000000000000000000000000000000000000000000000000000000E
:4072800000000000000000000000000000000000000000000000000000000000000000000000000000000000000000000000000000000000000000000000000000000000CE
:4072C000000000000000000000000000000000000000000000000000000000000000000000000000000000000000000000000000000000000000000000000000000000008E
:40730000000000000000000000000000000000000000000000000000000000000000000000000000000000000000000000000000000000000000000000000000000000004D
:40734000000000000000000000000000000000000000000000000000000000000000000000000000000000000000000000000000000000000000000000000000000000000D
:4073800000000000000000000000000000000000000000000000000000000000000000000000000000000000000000000000000000000000000000000000000000000000CD
:4073C000000000000000000000000000000000000000000000000000000000000000000000000000000000000000000000000000000000000000000000000000000000008D
:40740000000000000000000000000000000000000000000000000000000000000000000000000000000000000000000000000000000000000000000000000000000000004C
:40744000000000000000000000000000000000000000000000000000000000000000000000000000000000000000000000000000000000000000000000000000000000000C
:4074800000000000000000000000000000000000000000000000000000000000000000000000000000000000000000000000000000000000000000000000000000000000CC
:4074C000000000000000000000000000000000000000000000000000000000000000000000000000000000000000000000000000000000000000000000000000000000008C
:40750000000000000000000000000000000000000000000000000000000000000000000000000000000000000000000000000000000000000000000000000000000000004B
:40754000000000000000000000000000000000000000000000000000000000000000000000000000000000000000000000000000000000000000000000000000000000000B
:4075800000000000000000000000000000000000000000000000000000000000000000000000000000000000000000000000000000000000000000000000000000000000CB
:4075C000000000000000000000000000000000000000000000000000000000000000000000000000000000000000000000000000000000000000000000000000000000008B
:40760000000000000000000000000000000000000000000000000000000000000000000000000000000000000000000000000000000000000000000000000000000000004A
:40764000000000000000000000000000000000000000000000000000000000000000000000000000000000000000000000000000000000000000000000000000000000000A
:4076800000000000000000000000000000000000000000000000000000000000000000000000000000000000000000000000000000000000000000000000000000000000CA
:4076C000000000000000000000000000000000000000000000000000000000000000000000000000000000000000000000000000000000000000000000000000000000008A
:407700000000000000000000000000000000000000000000000000000000000000000000000000000000000000000000000000000000000000000000000000000000000049
:407740000000000000000000000000000000000000000000000000000000000000000000000000000000000000000000000000000000000000000000000000000000000009
:4077800000000000000000000000000000000000000000000000000000000000000000000000000000000000000000000000000000000000000000000000000000000000C9
:4077C0000000000000000000000000000000000000000000000000000000000000000000000000000000000000000000000000000000000000000000000000000000000089
:407800000000000000000000000000000000000000000000000000000000000000000000000000000000000000000000000000000000000000000000000000000000000048
:407840000000000000000000000000000000000000000000000000000000000000000000000000000000000000000000000000000000000000000000000000000000000008
:4078800000000000000000000000000000000000000000000000000000000000000000000000000000000000000000000000000000000000000000000000000000000000C8
:4078C0000000000000000000000000000000000000000000000000000000000000000000000000000000000000000000000000000000000000000000000000000000000088
:407900000000000000000000000000000000000000000000000000000000000000000000000000000000000000000000000000000000000000000000000000000000000047
:407940000000000000000000000000000000000000000000000000000000000000000000000000000000000000000000000000000000000000000000000000000000000007
:4079800000000000000000000000000000000000000000000000000000000000000000000000000000000000000000000000000000000000000000000000000000000000C7
:4079C0000000000000000000000000000000000000000000000000000000000000000000000000000000000000000000000000000000000000000000000000000000000087
:407A00000000000000000000000000000000000000000000000000000000000000000000000000000000000000000000000000000000000000000000000000000000000046
:407A40000000000000000000000000000000000000000000000000000000000000000000000000000000000000000000000000000000000000000000000000000000000006
:407A800000000000000000000000000000000000000000000000000000000000000000000000000000000000000000000000000000000000000000000000000000000000C6
:407AC0000000000000000000000000000000000000000000000000000000000000000000000000000000000000000000000000000000000000000000000000000000000086
:407B00000000000000000000000000000000000000000000000000000000000000000000000000000000000000000000000000000000000000000000000000000000000045
:407B40000000000000000000000000000000000000000000000000000000000000000000000000000000000000000000000000000000000000000000000000000000000005
:407B800000000000000000000000000000000000000000000000000000000000000000000000000000000000000000000000000000000000000000000000000000000000C5
:407BC0000000000000000000000000000000000000000000000000000000000000000000000000000000000000000000000000000000000000000000000000000000000085
:407C00000000000000000000000000000000000000000000000000000000000000000000000000000000000000000000000000000000000000000000000000000000000044
:407C40000000000000000000000000000000000000000000000000000000000000000000000000000000000000000000000000000000000000000000000000000000000004
:407C800000000000000000000000000000000000000000000000000000000000000000000000000000000000000000000000000000000000000000000000000000000000C4
:407CC0000000000000000000000000000000000000000000000000000000000000000000000000000000000000000000000000000000000000000000000000000000000084
:407D00000000000000000000000000000000000000000000000000000000000000000000000000000000000000000000000000000000000000000000000000000000000043
:407D40000000000000000000000000000000000000000000000000000000000000000000000000000000000000000000000000000000000000000000000000000000000003
:407D800000000000000000000000000000000000000000000000000000000000000000000000000000000000000000000000000000000000000000000000000000000000C3
:407DC0000000000000000000000000000000000000000000000000000000000000000000000000000000000000000000000000000000000000000000000000000000000083
:407E00000000000000000000000000000000000000000000000000000000000000000000000000000000000000000000000000000000000000000000000000000000000042
:407E40000000000000000000000000000000000000000000000000000000000000000000000000000000000000000000000000000000000000000000000000000000000002
:407E800000000000000000000000000000000000000000000000000000000000000000000000000000000000000000000000000000000000000000000000000000000000C2
:407EC0000000000000000000000000000000000000000000000000000000000000000000000000000000000000000000000000000000000000000000000000000000000082
:407F00000000000000000000000000000000000000000000000000000000000000000000000000000000000000000000000000000000000000000000000000000000000041
:407F40000000000000000000000000000000000000000000000000000000000000000000000000000000000000000000000000000000000000000000000000000000000001
:407F800000000000000000000000000000000000000000000000000000000000000000000000000000000000000000000000000000000000000000000000000000000000C1
:407FC0000000000000000000000000000000000000000000000000000000000000000000000000000000000000000000000000000000000000000000000000000000000081
:408000000000000000000000000000000000000000000000000000000000000000000000000000000000000000000000000000000000000000000000000000000000000040
:408040000000000000000000000000000000000000000000000000000000000000000000000000000000000000000000000000000000000000000000000000000000000000
:4080800000000000000000000000000000000000000000000000000000000000000000000000000000000000000000000000000000000000000000000000000000000000C0
:4080C0000000000000000000000000000000000000000000000000000000000000000000000000000000000000000000000000000000000000000000000000000000000080
:40810000000000000000000000000000000000000000000000000000000000000000000000000000000000000000000000000000000000000000000000000000000000003F
:4081400000000000000000000000000000000000000000000000000000000000000000000000000000000000000000000000000000000000000000000000000000000000FF
:4081800000000000000000000000000000000000000000000000000000000000000000000000000000000000000000000000000000000000000000000000000000000000BF
:4081C000000000000000000000000000000000000000000000000000000000000000000000000000000000000000000000000000000000000000000000000000000000007F
:40820000000000000000000000000000000000000000000000000000000000000000000000000000000000000000000000000000000000000000000000000000000000003E
:4082400000000000000000000000000000000000000000000000000000000000000000000000000000000000000000000000000000000000000000000000000000000000FE
:4082800000000000000000000000000000000000000000000000000000000000000000000000000000000000000000000000000000000000000000000000000000000000BE
:4082C000000000000000000000000000000000000000000000000000000000000000000000000000000000000000000000000000000000000000000000000000000000007E
:40830000000000000000000000000000000000000000000000000000000000000000000000000000000000000000000000000000000000000000000000000000000000003D
:4083400000000000000000000000000000000000000000000000000000000000000000000000000000000000000000000000000000000000000000000000000000000000FD
:4083800000000000000000000000000000000000000000000000000000000000000000000000000000000000000000000000000000000000000000000000000000000000BD
:4083C000000000000000000000000000000000000000000000000000000000000000000000000000000000000000000000000000000000000000000000000000000000007D
:40840000000000000000000000000000000000000000000000000000000000000000000000000000000000000000000000000000000000000000000000000000000000003C
:4084400000000000000000000000000000000000000000000000000000000000000000000000000000000000000000000000000000000000000000000000000000000000FC
:4084800000000000000000000000000000000000000000000000000000000000000000000000000000000000000000000000000000000000000000000000000000000000BC
:4084C000000000000000000000000000000000000000000000000000000000000000000000000000000000000000000000000000000000000000000000000000000000007C
:40850000000000000000000000000000000000000000000000000000000000000000000000000000000000000000000000000000000000000000000000000000000000003B
:4085400000000000000000000000000000000000000000000000000000000000000000000000000000000000000000000000000000000000000000000000000000000000FB
:4085800000000000000000000000000000000000000000000000000000000000000000000000000000000000000000000000000000000000000000000000000000000000BB
:4085C000000000000000000000000000000000000000000000000000000000000000000000000000000000000000000000000000000000000000000000000000000000007B
:40860000000000000000000000000000000000000000000000000000000000000000000000000000000000000000000000000000000000000000000000000000000000003A
:4086400000000000000000000000000000000000000000000000000000000000000000000000000000000000000000000000000000000000000000000000000000000000FA
:4086800000000000000000000000000000000000000000000000000000000000000000000000000000000000000000000000000000000000000000000000000000000000BA
:4086C000000000000000000000000000000000000000000000000000000000000000000000000000000000000000000000000000000000000000000000000000000000007A
:408700000000000000000000000000000000000000000000000000000000000000000000000000000000000000000000000000000000000000000000000000000000000039
:4087400000000000000000000000000000000000000000000000000000000000000000000000000000000000000000000000000000000000000000000000000000000000F9
:4087800000000000000000000000000000000000000000000000000000000000000000000000000000000000000000000000000000000000000000000000000000000000B9
:4087C0000000000000000000000000000000000000000000000000000000000000000000000000000000000000000000000000000000000000000000000000000000000079
:408800000000000000000000000000000000000000000000000000000000000000000000000000000000000000000000000000000000000000000000000000000000000038
:4088400000000000000000000000000000000000000000000000000000000000000000000000000000000000000000000000000000000000000000000000000000000000F8
:4088800000000000000000000000000000000000000000000000000000000000000000000000000000000000000000000000000000000000000000000000000000000000B8
:4088C0000000000000000000000000000000000000000000000000000000000000000000000000000000000000000000000000000000000000000000000000000000000078
:408900000000000000000000000000000000000000000000000000000000000000000000000000000000000000000000000000000000000000000000000000000000000037
:4089400000000000000000000000000000000000000000000000000000000000000000000000000000000000000000000000000000000000000000000000000000000000F7
:4089800000000000000000000000000000000000000000000000000000000000000000000000000000000000000000000000000000000000000000000000000000000000B7
:4089C0000000000000000000000000000000000000000000000000000000000000000000000000000000000000000000000000000000000000000000000000000000000077
:408A00000000000000000000000000000000000000000000000000000000000000000000000000000000000000000000000000000000000000000000000000000000000036
:408A400000000000000000000000000000000000000000000000000000000000000000000000000000000000000000000000000000000000000000000000000000000000F6
:408A800000000000000000000000000000000000000000000000000000000000000000000000000000000000000000000000000000000000000000000000000000000000B6
:408AC0000000000000000000000000000000000000000000000000000000000000000000000000000000000000000000000000000000000000000000000000000000000076
:408B00000000000000000000000000000000000000000000000000000000000000000000000000000000000000000000000000000000000000000000000000000000000035
:408B400000000000000000000000000000000000000000000000000000000000000000000000000000000000000000000000000000000000000000000000000000000000F5
:408B800000000000000000000000000000000000000000000000000000000000000000000000000000000000000000000000000000000000000000000000000000000000B5
:408BC0000000000000000000000000000000000000000000000000000000000000000000000000000000000000000000000000000000000000000000000000000000000075
:408C00000000000000000000000000000000000000000000000000000000000000000000000000000000000000000000000000000000000000000000000000000000000034
:408C400000000000000000000000000000000000000000000000000000000000000000000000000000000000000000000000000000000000000000000000000000000000F4
:408C800000000000000000000000000000000000000000000000000000000000000000000000000000000000000000000000000000000000000000000000000000000000B4
:408CC0000000000000000000000000000000000000000000000000000000000000000000000000000000000000000000000000000000000000000000000000000000000074
:408D00000000000000000000000000000000000000000000000000000000000000000000000000000000000000000000000000000000000000000000000000000000000033
:408D400000000000000000000000000000000000000000000000000000000000000000000000000000000000000000000000000000000000000000000000000000000000F3
:408D800000000000000000000000000000000000000000000000000000000000000000000000000000000000000000000000000000000000000000000000000000000000B3
:408DC0000000000000000000000000000000000000000000000000000000000000000000000000000000000000000000000000000000000000000000000000000000000073
:408E00000000000000000000000000000000000000000000000000000000000000000000000000000000000000000000000000000000000000000000000000000000000032
:408E400000000000000000000000000000000000000000000000000000000000000000000000000000000000000000000000000000000000000000000000000000000000F2
:408E800000000000000000000000000000000000000000000000000000000000000000000000000000000000000000000000000000000000000000000000000000000000B2
:408EC0000000000000000000000000000000000000000000000000000000000000000000000000000000000000000000000000000000000000000000000000000000000072
:408F00000000000000000000000000000000000000000000000000000000000000000000000000000000000000000000000000000000000000000000000000000000000031
:408F400000000000000000000000000000000000000000000000000000000000000000000000000000000000000000000000000000000000000000000000000000000000F1
:408F800000000000000000000000000000000000000000000000000000000000000000000000000000000000000000000000000000000000000000000000000000000000B1
:408FC0000000000000000000000000000000000000000000000000000000000000000000000000000000000000000000000000000000000000000000000000000000000071
:409000000000000000000000000000000000000000000000000000000000000000000000000000000000000000000000000000000000000000000000000000000000000030
:4090400000000000000000000000000000000000000000000000000000000000000000000000000000000000000000000000000000000000000000000000000000000000F0
:4090800000000000000000000000000000000000000000000000000000000000000000000000000000000000000000000000000000000000000000000000000000000000B0
:4090C0000000000000000000000000000000000000000000000000000000000000000000000000000000000000000000000000000000000000000000000000000000000070
:40910000000000000000000000000000000000000000000000000000000000000000000000000000000000000000000000000000000000000000000000000000000000002F
:4091400000000000000000000000000000000000000000000000000000000000000000000000000000000000000000000000000000000000000000000000000000000000EF
:4091800000000000000000000000000000000000000000000000000000000000000000000000000000000000000000000000000000000000000000000000000000000000AF
:4091C000000000000000000000000000000000000000000000000000000000000000000000000000000000000000000000000000000000000000000000000000000000006F
:40920000000000000000000000000000000000000000000000000000000000000000000000000000000000000000000000000000000000000000000000000000000000002E
:4092400000000000000000000000000000000000000000000000000000000000000000000000000000000000000000000000000000000000000000000000000000000000EE
:4092800000000000000000000000000000000000000000000000000000000000000000000000000000000000000000000000000000000000000000000000000000000000AE
:4092C000000000000000000000000000000000000000000000000000000000000000000000000000000000000000000000000000000000000000000000000000000000006E
:40930000000000000000000000000000000000000000000000000000000000000000000000000000000000000000000000000000000000000000000000000000000000002D
:4093400000000000000000000000000000000000000000000000000000000000000000000000000000000000000000000000000000000000000000000000000000000000ED
:4093800000000000000000000000000000000000000000000000000000000000000000000000000000000000000000000000000000000000000000000000000000000000AD
:4093C000000000000000000000000000000000000000000000000000000000000000000000000000000000000000000000000000000000000000000000000000000000006D
:40940000000000000000000000000000000000000000000000000000000000000000000000000000000000000000000000000000000000000000000000000000000000002C
:4094400000000000000000000000000000000000000000000000000000000000000000000000000000000000000000000000000000000000000000000000000000000000EC
:4094800000000000000000000000000000000000000000000000000000000000000000000000000000000000000000000000000000000000000000000000000000000000AC
:4094C000000000000000000000000000000000000000000000000000000000000000000000000000000000000000000000000000000000000000000000000000000000006C
:40950000000000000000000000000000000000000000000000000000000000000000000000000000000000000000000000000000000000000000000000000000000000002B
:4095400000000000000000000000000000000000000000000000000000000000000000000000000000000000000000000000000000000000000000000000000000000000EB
:4095800000000000000000000000000000000000000000000000000000000000000000000000000000000000000000000000000000000000000000000000000000000000AB
:4095C000000000000000000000000000000000000000000000000000000000000000000000000000000000000000000000000000000000000000000000000000000000006B
:40960000000000000000000000000000000000000000000000000000000000000000000000000000000000000000000000000000000000000000000000000000000000002A
:4096400000000000000000000000000000000000000000000000000000000000000000000000000000000000000000000000000000000000000000000000000000000000EA
:4096800000000000000000000000000000000000000000000000000000000000000000000000000000000000000000000000000000000000000000000000000000000000AA
:4096C000000000000000000000000000000000000000000000000000000000000000000000000000000000000000000000000000000000000000000000000000000000006A
:409700000000000000000000000000000000000000000000000000000000000000000000000000000000000000000000000000000000000000000000000000000000000029
:4097400000000000000000000000000000000000000000000000000000000000000000000000000000000000000000000000000000000000000000000000000000000000E9
:4097800000000000000000000000000000000000000000000000000000000000000000000000000000000000000000000000000000000000000000000000000000000000A9
:4097C0000000000000000000000000000000000000000000000000000000000000000000000000000000000000000000000000000000000000000000000000000000000069
:409800000000000000000000000000000000000000000000000000000000000000000000000000000000000000000000000000000000000000000000000000000000000028
:4098400000000000000000000000000000000000000000000000000000000000000000000000000000000000000000000000000000000000000000000000000000000000E8
:4098800000000000000000000000000000000000000000000000000000000000000000000000000000000000000000000000000000000000000000000000000000000000A8
:4098C0000000000000000000000000000000000000000000000000000000000000000000000000000000000000000000000000000000000000000000000000000000000068
:409900000000000000000000000000000000000000000000000000000000000000000000000000000000000000000000000000000000000000000000000000000000000027
:4099400000000000000000000000000000000000000000000000000000000000000000000000000000000000000000000000000000000000000000000000000000000000E7
:4099800000000000000000000000000000000000000000000000000000000000000000000000000000000000000000000000000000000000000000000000000000000000A7
:4099C0000000000000000000000000000000000000000000000000000000000000000000000000000000000000000000000000000000000000000000000000000000000067
:409A00000000000000000000000000000000000000000000000000000000000000000000000000000000000000000000000000000000000000000000000000000000000026
:409A400000000000000000000000000000000000000000000000000000000000000000000000000000000000000000000000000000000000000000000000000000000000E6
:409A800000000000000000000000000000000000000000000000000000000000000000000000000000000000000000000000000000000000000000000000000000000000A6
:409AC0000000000000000000000000000000000000000000000000000000000000000000000000000000000000000000000000000000000000000000000000000000000066
:409B00000000000000000000000000000000000000000000000000000000000000000000000000000000000000000000000000000000000000000000000000000000000025
:409B400000000000000000000000000000000000000000000000000000000000000000000000000000000000000000000000000000000000000000000000000000000000E5
:409B800000000000000000000000000000000000000000000000000000000000000000000000000000000000000000000000000000000000000000000000000000000000A5
:409BC0000000000000000000000000000000000000000000000000000000000000000000000000000000000000000000000000000000000000000000000000000000000065
:409C00000000000000000000000000000000000000000000000000000000000000000000000000000000000000000000000000000000000000000000000000000000000024
:409C400000000000000000000000000000000000000000000000000000000000000000000000000000000000000000000000000000000000000000000000000000000000E4
:409C800000000000000000000000000000000000000000000000000000000000000000000000000000000000000000000000000000000000000000000000000000000000A4
:409CC0000000000000000000000000000000000000000000000000000000000000000000000000000000000000000000000000000000000000000000000000000000000064
:409D00000000000000000000000000000000000000000000000000000000000000000000000000000000000000000000000000000000000000000000000000000000000023
:409D400000000000000000000000000000000000000000000000000000000000000000000000000000000000000000000000000000000000000000000000000000000000E3
:409D800000000000000000000000000000000000000000000000000000000000000000000000000000000000000000000000000000000000000000000000000000000000A3
:409DC0000000000000000000000000000000000000000000000000000000000000000000000000000000000000000000000000000000000000000000000000000000000063
:409E00000000000000000000000000000000000000000000000000000000000000000000000000000000000000000000000000000000000000000000000000000000000022
:409E400000000000000000000000000000000000000000000000000000000000000000000000000000000000000000000000000000000000000000000000000000000000E2
:409E800000000000000000000000000000000000000000000000000000000000000000000000000000000000000000000000000000000000000000000000000000000000A2
:409EC0000000000000000000000000000000000000000000000000000000000000000000000000000000000000000000000000000000000000000000000000000000000062
:409F00000000000000000000000000000000000000000000000000000000000000000000000000000000000000000000000000000000000000000000000000000000000021
:409F400000000000000000000000000000000000000000000000000000000000000000000000000000000000000000000000000000000000000000000000000000000000E1
:409F800000000000000000000000000000000000000000000000000000000000000000000000000000000000000000000000000000000000000000000000000000000000A1
:409FC0000000000000000000000000000000000000000000000000000000000000000000000000000000000000000000000000000000000000000000000000000000000061
:40A000000000000000000000000000000000000000000000000000000000000000000000000000000000000000000000000000000000000000000000000000000000000020
:40A0400000000000000000000000000000000000000000000000000000000000000000000000000000000000000000000000000000000000000000000000000000000000E0
:40A0800000000000000000000000000000000000000000000000000000000000000000000000000000000000000000000000000000000000000000000000000000000000A0
:40A0C0000000000000000000000000000000000000000000000000000000000000000000000000000000000000000000000000000000000000000000000000000000000060
:40A10000000000000000000000000000000000000000000000000000000000000000000000000000000000000000000000000000000000000000000000000000000000001F
:40A1400000000000000000000000000000000000000000000000000000000000000000000000000000000000000000000000000000000000000000000000000000000000DF
:40A18000000000000000000000000000000000000000000000000000000000000000000000000000000000000000000000000000000000000000000000000000000000009F
:40A1C000000000000000000000000000000000000000000000000000000000000000000000000000000000000000000000000000000000000000000000000000000000005F
:40A20000000000000000000000000000000000000000000000000000000000000000000000000000000000000000000000000000000000000000000000000000000000001E
:40A2400000000000000000000000000000000000000000000000000000000000000000000000000000000000000000000000000000000000000000000000000000000000DE
:40A28000000000000000000000000000000000000000000000000000000000000000000000000000000000000000000000000000000000000000000000000000000000009E
:40A2C000000000000000000000000000000000000000000000000000000000000000000000000000000000000000000000000000000000000000000000000000000000005E
:40A30000000000000000000000000000000000000000000000000000000000000000000000000000000000000000000000000000000000000000000000000000000000001D
:40A3400000000000000000000000000000000000000000000000000000000000000000000000000000000000000000000000000000000000000000000000000000000000DD
:40A38000000000000000000000000000000000000000000000000000000000000000000000000000000000000000000000000000000000000000000000000000000000009D
:40A3C000000000000000000000000000000000000000000000000000000000000000000000000000000000000000000000000000000000000000000000000000000000005D
:40A40000000000000000000000000000000000000000000000000000000000000000000000000000000000000000000000000000000000000000000000000000000000001C
:40A4400000000000000000000000000000000000000000000000000000000000000000000000000000000000000000000000000000000000000000000000000000000000DC
:40A48000000000000000000000000000000000000000000000000000000000000000000000000000000000000000000000000000000000000000000000000000000000009C
:40A4C000000000000000000000000000000000000000000000000000000000000000000000000000000000000000000000000000000000000000000000000000000000005C
:40A50000000000000000000000000000000000000000000000000000000000000000000000000000000000000000000000000000000000000000000000000000000000001B
:40A5400000000000000000000000000000000000000000000000000000000000000000000000000000000000000000000000000000000000000000000000000000000000DB
:40A58000000000000000000000000000000000000000000000000000000000000000000000000000000000000000000000000000000000000000000000000000000000009B
:40A5C000000000000000000000000000000000000000000000000000000000000000000000000000000000000000000000000000000000000000000000000000000000005B
:40A60000000000000000000000000000000000000000000000000000000000000000000000000000000000000000000000000000000000000000000000000000000000001A
:40A6400000000000000000000000000000000000000000000000000000000000000000000000000000000000000000000000000000000000000000000000000000000000DA
:40A68000000000000000000000000000000000000000000000000000000000000000000000000000000000000000000000000000000000000000000000000000000000009A
:40A6C000000000000000000000000000000000000000000000000000000000000000000000000000000000000000000000000000000000000000000000000000000000005A
:40A700000000000000000000000000000000000000000000000000000000000000000000000000000000000000000000000000000000000000000000000000000000000019
:40A7400000000000000000000000000000000000000000000000000000000000000000000000000000000000000000000000000000000000000000000000000000000000D9
:40A780000000000000000000000000000000000000000000000000000000000000000000000000000000000000000000000000000000000000000000000000000000000099
:40A7C0000000000000000000000000000000000000000000000000000000000000000000000000000000000000000000000000000000000000000000000000000000000059
:40A800000000000000000000000000000000000000000000000000000000000000000000000000000000000000000000000000000000000000000000000000000000000018
:40A8400000000000000000000000000000000000000000000000000000000000000000000000000000000000000000000000000000000000000000000000000000000000D8
:40A880000000000000000000000000000000000000000000000000000000000000000000000000000000000000000000000000000000000000000000000000000000000098
:40A8C0000000000000000000000000000000000000000000000000000000000000000000000000000000000000000000000000000000000000000000000000000000000058
:40A900000000000000000000000000000000000000000000000000000000000000000000000000000000000000000000000000000000000000000000000000000000000017
:40A9400000000000000000000000000000000000000000000000000000000000000000000000000000000000000000000000000000000000000000000000000000000000D7
:40A980000000000000000000000000000000000000000000000000000000000000000000000000000000000000000000000000000000000000000000000000000000000097
:40A9C0000000000000000000000000000000000000000000000000000000000000000000000000000000000000000000000000000000000000000000000000000000000057
:40AA00000000000000000000000000000000000000000000000000000000000000000000000000000000000000000000000000000000000000000000000000000000000016
:40AA400000000000000000000000000000000000000000000000000000000000000000000000000000000000000000000000000000000000000000000000000000000000D6
:40AA80000000000000000000000000000000000000000000000000000000000000000000000000000000000000000000000000000000000000000000000000000000000096
:40AAC0000000000000000000000000000000000000000000000000000000000000000000000000000000000000000000000000000000000000000000000000000000000056
:40AB00000000000000000000000000000000000000000000000000000000000000000000000000000000000000000000000000000000000000000000000000000000000015
:40AB400000000000000000000000000000000000000000000000000000000000000000000000000000000000000000000000000000000000000000000000000000000000D5
:40AB80000000000000000000000000000000000000000000000000000000000000000000000000000000000000000000000000000000000000000000000000000000000095
:40ABC0000000000000000000000000000000000000000000000000000000000000000000000000000000000000000000000000000000000000000000000000000000000055
:40AC00000000000000000000000000000000000000000000000000000000000000000000000000000000000000000000000000000000000000000000000000000000000014
:40AC400000000000000000000000000000000000000000000000000000000000000000000000000000000000000000000000000000000000000000000000000000000000D4
:40AC80000000000000000000000000000000000000000000000000000000000000000000000000000000000000000000000000000000000000000000000000000000000094
:40ACC0000000000000000000000000000000000000000000000000000000000000000000000000000000000000000000000000000000000000000000000000000000000054
:40AD00000000000000000000000000000000000000000000000000000000000000000000000000000000000000000000000000000000000000000000000000000000000013
:40AD400000000000000000000000000000000000000000000000000000000000000000000000000000000000000000000000000000000000000000000000000000000000D3
:40AD80000000000000000000000000000000000000000000000000000000000000000000000000000000000000000000000000000000000000000000000000000000000093
:40ADC0000000000000000000000000000000000000000000000000000000000000000000000000000000000000000000000000000000000000000000000000000000000053
:40AE00000000000000000000000000000000000000000000000000000000000000000000000000000000000000000000000000000000000000000000000000000000000012
:40AE400000000000000000000000000000000000000000000000000000000000000000000000000000000000000000000000000000000000000000000000000000000000D2
:40AE80000000000000000000000000000000000000000000000000000000000000000000000000000000000000000000000000000000000000000000000000000000000092
:40AEC0000000000000000000000000000000000000000000000000000000000000000000000000000000000000000000000000000000000000000000000000000000000052
:40AF00000000000000000000000000000000000000000000000000000000000000000000000000000000000000000000000000000000000000000000000000000000000011
:40AF400000000000000000000000000000000000000000000000000000000000000000000000000000000000000000000000000000000000000000000000000000000000D1
:40AF80000000000000000000000000000000000000000000000000000000000000000000000000000000000000000000000000000000000000000000000000000000000091
:40AFC0000000000000000000000000000000000000000000000000000000000000000000000000000000000000000000000000000000000000000000000000000000000051
:40B000000000000000000000000000000000000000000000000000000000000000000000000000000000000000000000000000000000000000000000000000000000000010
:40B0400000000000000000000000000000000000000000000000000000000000000000000000000000000000000000000000000000000000000000000000000000000000D0
:40B080000000000000000000000000000000000000000000000000000000000000000000000000000000000000000000000000000000000000000000000000000000000090
:40B0C0000000000000000000000000000000000000000000000000000000000000000000000000000000000000000000000000000000000000000000000000000000000050
:40B10000000000000000000000000000000000000000000000000000000000000000000000000000000000000000000000000000000000000000000000000000000000000F
:40B1400000000000000000000000000000000000000000000000000000000000000000000000000000000000000000000000000000000000000000000000000000000000CF
:40B18000000000000000000000000000000000000000000000000000000000000000000000000000000000000000000000000000000000000000000000000000000000008F
:40B1C000000000000000000000000000000000000000000000000000000000000000000000000000000000000000000000000000000000000000000000000000000000004F
:40B20000000000000000000000000000000000000000000000000000000000000000000000000000000000000000000000000000000000000000000000000000000000000E
:40B2400000000000000000000000000000000000000000000000000000000000000000000000000000000000000000000000000000000000000000000000000000000000CE
:40B28000000000000000000000000000000000000000000000000000000000000000000000000000000000000000000000000000000000000000000000000000000000008E
:40B2C000000000000000000000000000000000000000000000000000000000000000000000000000000000000000000000000000000000000000000000000000000000004E
:40B30000000000000000000000000000000000000000000000000000000000000000000000000000000000000000000000000000000000000000000000000000000000000D
:40B3400000000000000000000000000000000000000000000000000000000000000000000000000000000000000000000000000000000000000000000000000000000000CD
:40B38000000000000000000000000000000000000000000000000000000000000000000000000000000000000000000000000000000000000000000000000000000000008D
:40B3C000000000000000000000000000000000000000000000000000000000000000000000000000000000000000000000000000000000000000000000000000000000004D
:40B40000000000000000000000000000000000000000000000000000000000000000000000000000000000000000000000000000000000000000000000000000000000000C
:40B4400000000000000000000000000000000000000000000000000000000000000000000000000000000000000000000000000000000000000000000000000000000000CC
:40B48000000000000000000000000000000000000000000000000000000000000000000000000000000000000000000000000000000000000000000000000000000000008C
:40B4C000000000000000000000000000000000000000000000000000000000000000000000000000000000000000000000000000000000000000000000000000000000004C
:40B50000000000000000000000000000000000000000000000000000000000000000000000000000000000000000000000000000000000000000000000000000000000000B
:40B5400000000000000000000000000000000000000000000000000000000000000000000000000000000000000000000000000000000000000000000000000000000000CB
:40B58000000000000000000000000000000000000000000000000000000000000000000000000000000000000000000000000000000000000000000000000000000000008B
:40B5C000000000000000000000000000000000000000000000000000000000000000000000000000000000000000000000000000000000000000000000000000000000004B
:40B60000000000000000000000000000000000000000000000000000000000000000000000000000000000000000000000000000000000000000000000000000000000000A
:40B6400000000000000000000000000000000000000000000000000000000000000000000000000000000000000000000000000000000000000000000000000000000000CA
:40B68000000000000000000000000000000000000000000000000000000000000000000000000000000000000000000000000000000000000000000000000000000000008A
:40B6C000000000000000000000000000000000000000000000000000000000000000000000000000000000000000000000000000000000000000000000000000000000004A
:40B700000000000000000000000000000000000000000000000000000000000000000000000000000000000000000000000000000000000000000000000000000000000009
:40B7400000000000000000000000000000000000000000000000000000000000000000000000000000000000000000000000000000000000000000000000000000000000C9
:40B780000000000000000000000000000000000000000000000000000000000000000000000000000000000000000000000000000000000000000000000000000000000089
:40B7C0000000000000000000000000000000000000000000000000000000000000000000000000000000000000000000000000000000000000000000000000000000000049
:40B800000000000000000000000000000000000000000000000000000000000000000000000000000000000000000000000000000000000000000000000000000000000008
:40B8400000000000000000000000000000000000000000000000000000000000000000000000000000000000000000000000000000000000000000000000000000000000C8
:40B880000000000000000000000000000000000000000000000000000000000000000000000000000000000000000000000000000000000000000000000000000000000088
:40B8C0000000000000000000000000000000000000000000000000000000000000000000000000000000000000000000000000000000000000000000000000000000000048
:40B900000000000000000000000000000000000000000000000000000000000000000000000000000000000000000000000000000000000000000000000000000000000007
:40B9400000000000000000000000000000000000000000000000000000000000000000000000000000000000000000000000000000000000000000000000000000000000C7
:40B980000000000000000000000000000000000000000000000000000000000000000000000000000000000000000000000000000000000000000000000000000000000087
:40B9C0000000000000000000000000000000000000000000000000000000000000000000000000000000000000000000000000000000000000000000000000000000000047
:40BA00000000000000000000000000000000000000000000000000000000000000000000000000000000000000000000000000000000000000000000000000000000000006
:40BA400000000000000000000000000000000000000000000000000000000000000000000000000000000000000000000000000000000000000000000000000000000000C6
:40BA80000000000000000000000000000000000000000000000000000000000000000000000000000000000000000000000000000000000000000000000000000000000086
:40BAC0000000000000000000000000000000000000000000000000000000000000000000000000000000000000000000000000000000000000000000000000000000000046
:40BB00000000000000000000000000000000000000000000000000000000000000000000000000000000000000000000000000000000000000000000000000000000000005
:40BB400000000000000000000000000000000000000000000000000000000000000000000000000000000000000000000000000000000000000000000000000000000000C5
:40BB80000000000000000000000000000000000000000000000000000000000000000000000000000000000000000000000000000000000000000000000000000000000085
:40BBC0000000000000000000000000000000000000000000000000000000000000000000000000000000000000000000000000000000000000000000000000000000000045
:40BC00000000000000000000000000000000000000000000000000000000000000000000000000000000000000000000000000000000000000000000000000000000000004
:40BC400000000000000000000000000000000000000000000000000000000000000000000000000000000000000000000000000000000000000000000000000000000000C4
:40BC80000000000000000000000000000000000000000000000000000000000000000000000000000000000000000000000000000000000000000000000000000000000084
:40BCC0000000000000000000000000000000000000000000000000000000000000000000000000000000000000000000000000000000000000000000000000000000000044
:40BD00000000000000000000000000000000000000000000000000000000000000000000000000000000000000000000000000000000000000000000000000000000000003
:40BD400000000000000000000000000000000000000000000000000000000000000000000000000000000000000000000000000000000000000000000000000000000000C3
:40BD80000000000000000000000000000000000000000000000000000000000000000000000000000000000000000000000000000000000000000000000000000000000083
:40BDC0000000000000000000000000000000000000000000000000000000000000000000000000000000000000000000000000000000000000000000000000000000000043
:40BE00000000000000000000000000000000000000000000000000000000000000000000000000000000000000000000000000000000000000000000000000000000000002
:40BE400000000000000000000000000000000000000000000000000000000000000000000000000000000000000000000000000000000000000000000000000000000000C2
:40BE80000000000000000000000000000000000000000000000000000000000000000000000000000000000000000000000000000000000000000000000000000000000082
:40BEC0000000000000000000000000000000000000000000000000000000000000000000000000000000000000000000000000000000000000000000000000000000000042
:40BF00000000000000000000000000000000000000000000000000000000000000000000000000000000000000000000000000000000000000000000000000000000000001
:40BF400000000000000000000000000000000000000000000000000000000000000000000000000000000000000000000000000000000000000000000000000000000000C1
:40BF80000000000000000000000000000000000000000000000000000000000000000000000000000000000000000000000000000000000000000000000000000000000081
:40BFC0000000000000000000000000000000000000000000000000000000000000000000000000000000000000000000000000000000000000000000000000000000000041
:40C000000000000000000000000000000000000000000000000000000000000000000000000000000000000000000000000000000000000000000000000000000000000000
:40C0400000000000000000000000000000000000000000000000000000000000000000000000000000000000000000000000000000000000000000000000000000000000C0
:40C080000000000000000000000000000000000000000000000000000000000000000000000000000000000000000000000000000000000000000000000000000000000080
:40C0C0000000000000000000000000000000000000000000000000000000000000000000000000000000000000000000000000000000000000000000000000000000000040
:40C1000000000000000000000000000000000000000000000000000000000000000000000000000000000000000000000000000000000000000000000000000000000000FF
:40C1400000000000000000000000000000000000000000000000000000000000000000000000000000000000000000000000000000000000000000000000000000000000BF
:40C18000000000000000000000000000000000000000000000000000000000000000000000000000000000000000000000000000000000000000000000000000000000007F
:40C1C000000000000000000000000000000000000000000000000000000000000000000000000000000000000000000000000000000000000000000000000000000000003F
:40C2000000000000000000000000000000000000000000000000000000000000000000000000000000000000000000000000000000000000000000000000000000000000FE
:40C2400000000000000000000000000000000000000000000000000000000000000000000000000000000000000000000000000000000000000000000000000000000000BE
:40C28000000000000000000000000000000000000000000000000000000000000000000000000000000000000000000000000000000000000000000000000000000000007E
:40C2C000000000000000000000000000000000000000000000000000000000000000000000000000000000000000000000000000000000000000000000000000000000003E
:40C3000000000000000000000000000000000000000000000000000000000000000000000000000000000000000000000000000000000000000000000000000000000000FD
:40C3400000000000000000000000000000000000000000000000000000000000000000000000000000000000000000000000000000000000000000000000000000000000BD
:40C38000000000000000000000000000000000000000000000000000000000000000000000000000000000000000000000000000000000000000000000000000000000007D
:40C3C000000000000000000000000000000000000000000000000000000000000000000000000000000000000000000000000000000000000000000000000000000000003D
:40C4000000000000000000000000000000000000000000000000000000000000000000000000000000000000000000000000000000000000000000000000000000000000FC
:40C4400000000000000000000000000000000000000000000000000000000000000000000000000000000000000000000000000000000000000000000000000000000000BC
:40C48000000000000000000000000000000000000000000000000000000000000000000000000000000000000000000000000000000000000000000000000000000000007C
:40C4C000000000000000000000000000000000000000000000000000000000000000000000000000000000000000000000000000000000000000000000000000000000003C
:40C5000000000000000000000000000000000000000000000000000000000000000000000000000000000000000000000000000000000000000000000000000000000000FB
:40C5400000000000000000000000000000000000000000000000000000000000000000000000000000000000000000000000000000000000000000000000000000000000BB
:40C58000000000000000000000000000000000000000000000000000000000000000000000000000000000000000000000000000000000000000000000000000000000007B
:40C5C000000000000000000000000000000000000000000000000000000000000000000000000000000000000000000000000000000000000000000000000000000000003B
:40C6000000000000000000000000000000000000000000000000000000000000000000000000000000000000000000000000000000000000000000000000000000000000FA
:40C6400000000000000000000000000000000000000000000000000000000000000000000000000000000000000000000000000000000000000000000000000000000000BA
:40C68000000000000000000000000000000000000000000000000000000000000000000000000000000000000000000000000000000000000000000000000000000000007A
:40C6C000000000000000000000000000000000000000000000000000000000000000000000000000000000000000000000000000000000000000000000000000000000003A
:40C7000000000000000000000000000000000000000000000000000000000000000000000000000000000000000000000000000000000000000000000000000000000000F9
:40C7400000000000000000000000000000000000000000000000000000000000000000000000000000000000000000000000000000000000000000000000000000000000B9
:40C780000000000000000000000000000000000000000000000000000000000000000000000000000000000000000000000000000000000000000000000000000000000079
:40C7C0000000000000000000000000000000000000000000000000000000000000000000000000000000000000000000000000000000000000000000000000000000000039
:40C8000000000000000000000000000000000000000000000000000000000000000000000000000000000000000000000000000000000000000000000000000000000000F8
:40C8400000000000000000000000000000000000000000000000000000000000000000000000000000000000000000000000000000000000000000000000000000000000B8
:40C880000000000000000000000000000000000000000000000000000000000000000000000000000000000000000000000000000000000000000000000000000000000078
:40C8C0000000000000000000000000000000000000000000000000000000000000000000000000000000000000000000000000000000000000000000000000000000000038
:40C9000000000000000000000000000000000000000000000000000000000000000000000000000000000000000000000000000000000000000000000000000000000000F7
:40C9400000000000000000000000000000000000000000000000000000000000000000000000000000000000000000000000000000000000000000000000000000000000B7
:40C980000000000000000000000000000000000000000000000000000000000000000000000000000000000000000000000000000000000000000000000000000000000077
:40C9C0000000000000000000000000000000000000000000000000000000000000000000000000000000000000000000000000000000000000000000000000000000000037
:40CA000000000000000000000000000000000000000000000000000000000000000000000000000000000000000000000000000000000000000000000000000000000000F6
:40CA400000000000000000000000000000000000000000000000000000000000000000000000000000000000000000000000000000000000000000000000000000000000B6
:40CA80000000000000000000000000000000000000000000000000000000000000000000000000000000000000000000000000000000000000000000000000000000000076
:40CAC0000000000000000000000000000000000000000000000000000000000000000000000000000000000000000000000000000000000000000000000000000000000036
:40CB000000000000000000000000000000000000000000000000000000000000000000000000000000000000000000000000000000000000000000000000000000000000F5
:40CB400000000000000000000000000000000000000000000000000000000000000000000000000000000000000000000000000000000000000000000000000000000000B5
:40CB80000000000000000000000000000000000000000000000000000000000000000000000000000000000000000000000000000000000000000000000000000000000075
:40CBC0000000000000000000000000000000000000000000000000000000000000000000000000000000000000000000000000000000000000000000000000000000000035
:40CC000000000000000000000000000000000000000000000000000000000000000000000000000000000000000000000000000000000000000000000000000000000000F4
:40CC400000000000000000000000000000000000000000000000000000000000000000000000000000000000000000000000000000000000000000000000000000000000B4
:40CC80000000000000000000000000000000000000000000000000000000000000000000000000000000000000000000000000000000000000000000000000000000000074
:40CCC0000000000000000000000000000000000000000000000000000000000000000000000000000000000000000000000000000000000000000000000000000000000034
:40CD000000000000000000000000000000000000000000000000000000000000000000000000000000000000000000000000000000000000000000000000000000000000F3
:40CD400000000000000000000000000000000000000000000000000000000000000000000000000000000000000000000000000000000000000000000000000000000000B3
:40CD80000000000000000000000000000000000000000000000000000000000000000000000000000000000000000000000000000000000000000000000000000000000073
:40CDC0000000000000000000000000000000000000000000000000000000000000000000000000000000000000000000000000000000000000000000000000000000000033
:40CE000000000000000000000000000000000000000000000000000000000000000000000000000000000000000000000000000000000000000000000000000000000000F2
:40CE400000000000000000000000000000000000000000000000000000000000000000000000000000000000000000000000000000000000000000000000000000000000B2
:40CE80000000000000000000000000000000000000000000000000000000000000000000000000000000000000000000000000000000000000000000000000000000000072
:40CEC0000000000000000000000000000000000000000000000000000000000000000000000000000000000000000000000000000000000000000000000000000000000032
:40CF000000000000000000000000000000000000000000000000000000000000000000000000000000000000000000000000000000000000000000000000000000000000F1
:40CF400000000000000000000000000000000000000000000000000000000000000000000000000000000000000000000000000000000000000000000000000000000000B1
:40CF80000000000000000000000000000000000000000000000000000000000000000000000000000000000000000000000000000000000000000000000000000000000071
:40CFC0000000000000000000000000000000000000000000000000000000000000000000000000000000000000000000000000000000000000000000000000000000000031
:40D0000000000000000000000000000000000000000000000000000000000000000000000000000000000000000000000000000000000000000000000000000000000000F0
:40D0400000000000000000000000000000000000000000000000000000000000000000000000000000000000000000000000000000000000000000000000000000000000B0
:40D080000000000000000000000000000000000000000000000000000000000000000000000000000000000000000000000000000000000000000000000000000000000070
:40D0C0000000000000000000000000000000000000000000000000000000000000000000000000000000000000000000000000000000000000000000000000000000000030
:40D1000000000000000000000000000000000000000000000000000000000000000000000000000000000000000000000000000000000000000000000000000000000000EF
:40D1400000000000000000000000000000000000000000000000000000000000000000000000000000000000000000000000000000000000000000000000000000000000AF
:40D18000000000000000000000000000000000000000000000000000000000000000000000000000000000000000000000000000000000000000000000000000000000006F
:40D1C000000000000000000000000000000000000000000000000000000000000000000000000000000000000000000000000000000000000000000000000000000000002F
:40D2000000000000000000000000000000000000000000000000000000000000000000000000000000000000000000000000000000000000000000000000000000000000EE
:40D2400000000000000000000000000000000000000000000000000000000000000000000000000000000000000000000000000000000000000000000000000000000000AE
:40D28000000000000000000000000000000000000000000000000000000000000000000000000000000000000000000000000000000000000000000000000000000000006E
:40D2C000000000000000000000000000000000000000000000000000000000000000000000000000000000000000000000000000000000000000000000000000000000002E
:40D3000000000000000000000000000000000000000000000000000000000000000000000000000000000000000000000000000000000000000000000000000000000000ED
:40D3400000000000000000000000000000000000000000000000000000000000000000000000000000000000000000000000000000000000000000000000000000000000AD
:40D38000000000000000000000000000000000000000000000000000000000000000000000000000000000000000000000000000000000000000000000000000000000006D
:40D3C000000000000000000000000000000000000000000000000000000000000000000000000000000000000000000000000000000000000000000000000000000000002D
:40D4000000000000000000000000000000000000000000000000000000000000000000000000000000000000000000000000000000000000000000000000000000000000EC
:40D4400000000000000000000000000000000000000000000000000000000000000000000000000000000000000000000000000000000000000000000000000000000000AC
:40D48000000000000000000000000000000000000000000000000000000000000000000000000000000000000000000000000000000000000000000000000000000000006C
:40D4C000000000000000000000000000000000000000000000000000000000000000000000000000000000000000000000000000000000000000000000000000000000002C
:40D5000000000000000000000000000000000000000000000000000000000000000000000000000000000000000000000000000000000000000000000000000000000000EB
:40D5400000000000000000000000000000000000000000000000000000000000000000000000000000000000000000000000000000000000000000000000000000000000AB
:40D58000000000000000000000000000000000000000000000000000000000000000000000000000000000000000000000000000000000000000000000000000000000006B
:40D5C000000000000000000000000000000000000000000000000000000000000000000000000000000000000000000000000000000000000000000000000000000000002B
:40D6000000000000000000000000000000000000000000000000000000000000000000000000000000000000000000000000000000000000000000000000000000000000EA
:40D6400000000000000000000000000000000000000000000000000000000000000000000000000000000000000000000000000000000000000000000000000000000000AA
:40D68000000000000000000000000000000000000000000000000000000000000000000000000000000000000000000000000000000000000000000000000000000000006A
:40D6C000000000000000000000000000000000000000000000000000000000000000000000000000000000000000000000000000000000000000000000000000000000002A
:40D7000000000000000000000000000000000000000000000000000000000000000000000000000000000000000000000000000000000000000000000000000000000000E9
:40D7400000000000000000000000000000000000000000000000000000000000000000000000000000000000000000000000000000000000000000000000000000000000A9
:40D780000000000000000000000000000000000000000000000000000000000000000000000000000000000000000000000000000000000000000000000000000000000069
:40D7C0000000000000000000000000000000000000000000000000000000000000000000000000000000000000000000000000000000000000000000000000000000000029
:40D8000000000000000000000000000000000000000000000000000000000000000000000000000000000000000000000000000000000000000000000000000000000000E8
:40D8400000000000000000000000000000000000000000000000000000000000000000000000000000000000000000000000000000000000000000000000000000000000A8
:40D880000000000000000000000000000000000000000000000000000000000000000000000000000000000000000000000000000000000000000000000000000000000068
:40D8C0000000000000000000000000000000000000000000000000000000000000000000000000000000000000000000000000000000000000000000000000000000000028
:40D9000000000000000000000000000000000000000000000000000000000000000000000000000000000000000000000000000000000000000000000000000000000000E7
:40D9400000000000000000000000000000000000000000000000000000000000000000000000000000000000000000000000000000000000000000000000000000000000A7
:40D980000000000000000000000000000000000000000000000000000000000000000000000000000000000000000000000000000000000000000000000000000000000067
:40D9C0000000000000000000000000000000000000000000000000000000000000000000000000000000000000000000000000000000000000000000000000000000000027
:40DA000000000000000000000000000000000000000000000000000000000000000000000000000000000000000000000000000000000000000000000000000000000000E6
:40DA400000000000000000000000000000000000000000000000000000000000000000000000000000000000000000000000000000000000000000000000000000000000A6
:40DA80000000000000000000000000000000000000000000000000000000000000000000000000000000000000000000000000000000000000000000000000000000000066
:40DAC0000000000000000000000000000000000000000000000000000000000000000000000000000000000000000000000000000000000000000000000000000000000026
:40DB000000000000000000000000000000000000000000000000000000000000000000000000000000000000000000000000000000000000000000000000000000000000E5
:40DB400000000000000000000000000000000000000000000000000000000000000000000000000000000000000000000000000000000000000000000000000000000000A5
:40DB80000000000000000000000000000000000000000000000000000000000000000000000000000000000000000000000000000000000000000000000000000000000065
:40DBC0000000000000000000000000000000000000000000000000000000000000000000000000000000000000000000000000000000000000000000000000000000000025
:40DC000000000000000000000000000000000000000000000000000000000000000000000000000000000000000000000000000000000000000000000000000000000000E4
:40DC400000000000000000000000000000000000000000000000000000000000000000000000000000000000000000000000000000000000000000000000000000000000A4
:40DC80000000000000000000000000000000000000000000000000000000000000000000000000000000000000000000000000000000000000000000000000000000000064
:40DCC0000000000000000000000000000000000000000000000000000000000000000000000000000000000000000000000000000000000000000000000000000000000024
:40DD000000000000000000000000000000000000000000000000000000000000000000000000000000000000000000000000000000000000000000000000000000000000E3
:40DD400000000000000000000000000000000000000000000000000000000000000000000000000000000000000000000000000000000000000000000000000000000000A3
:40DD80000000000000000000000000000000000000000000000000000000000000000000000000000000000000000000000000000000000000000000000000000000000063
:40DDC0000000000000000000000000000000000000000000000000000000000000000000000000000000000000000000000000000000000000000000000000000000000023
:40DE000000000000000000000000000000000000000000000000000000000000000000000000000000000000000000000000000000000000000000000000000000000000E2
:40DE400000000000000000000000000000000000000000000000000000000000000000000000000000000000000000000000000000000000000000000000000000000000A2
:40DE80000000000000000000000000000000000000000000000000000000000000000000000000000000000000000000000000000000000000000000000000000000000062
:40DEC0000000000000000000000000000000000000000000000000000000000000000000000000000000000000000000000000000000000000000000000000000000000022
:40DF000000000000000000000000000000000000000000000000000000000000000000000000000000000000000000000000000000000000000000000000000000000000E1
:40DF400000000000000000000000000000000000000000000000000000000000000000000000000000000000000000000000000000000000000000000000000000000000A1
:40DF80000000000000000000000000000000000000000000000000000000000000000000000000000000000000000000000000000000000000000000000000000000000061
:40DFC0000000000000000000000000000000000000000000000000000000000000000000000000000000000000000000000000000000000000000000000000000000000021
:40E0000000000000000000000000000000000000000000000000000000000000000000000000000000000000000000000000000000000000000000000000000000000000E0
:40E0400000000000000000000000000000000000000000000000000000000000000000000000000000000000000000000000000000000000000000000000000000000000A0
:40E080000000000000000000000000000000000000000000000000000000000000000000000000000000000000000000000000000000000000000000000000000000000060
:40E0C0000000000000000000000000000000000000000000000000000000000000000000000000000000000000000000000000000000000000000000000000000000000020
:40E1000000000000000000000000000000000000000000000000000000000000000000000000000000000000000000000000000000000000000000000000000000000000DF
:40E14000000000000000000000000000000000000000000000000000000000000000000000000000000000000000000000000000000000000000000000000000000000009F
:40E18000000000000000000000000000000000000000000000000000000000000000000000000000000000000000000000000000000000000000000000000000000000005F
:40E1C000000000000000000000000000000000000000000000000000000000000000000000000000000000000000000000000000000000000000000000000000000000001F
:40E2000000000000000000000000000000000000000000000000000000000000000000000000000000000000000000000000000000000000000000000000000000000000DE
:40E24000000000000000000000000000000000000000000000000000000000000000000000000000000000000000000000000000000000000000000000000000000000009E
:40E28000000000000000000000000000000000000000000000000000000000000000000000000000000000000000000000000000000000000000000000000000000000005E
:40E2C000000000000000000000000000000000000000000000000000000000000000000000000000000000000000000000000000000000000000000000000000000000001E
:40E3000000000000000000000000000000000000000000000000000000000000000000000000000000000000000000000000000000000000000000000000000000000000DD
:40E34000000000000000000000000000000000000000000000000000000000000000000000000000000000000000000000000000000000000000000000000000000000009D
:40E38000000000000000000000000000000000000000000000000000000000000000000000000000000000000000000000000000000000000000000000000000000000005D
:40E3C000000000000000000000000000000000000000000000000000000000000000000000000000000000000000000000000000000000000000000000000000000000001D
:40E4000000000000000000000000000000000000000000000000000000000000000000000000000000000000000000000000000000000000000000000000000000000000DC
:40E44000000000000000000000000000000000000000000000000000000000000000000000000000000000000000000000000000000000000000000000000000000000009C
:40E48000000000000000000000000000000000000000000000000000000000000000000000000000000000000000000000000000000000000000000000000000000000005C
:40E4C000000000000000000000000000000000000000000000000000000000000000000000000000000000000000000000000000000000000000000000000000000000001C
:40E5000000000000000000000000000000000000000000000000000000000000000000000000000000000000000000000000000000000000000000000000000000000000DB
:40E54000000000000000000000000000000000000000000000000000000000000000000000000000000000000000000000000000000000000000000000000000000000009B
:40E58000000000000000000000000000000000000000000000000000000000000000000000000000000000000000000000000000000000000000000000000000000000005B
:40E5C000000000000000000000000000000000000000000000000000000000000000000000000000000000000000000000000000000000000000000000000000000000001B
:40E6000000000000000000000000000000000000000000000000000000000000000000000000000000000000000000000000000000000000000000000000000000000000DA
:40E64000000000000000000000000000000000000000000000000000000000000000000000000000000000000000000000000000000000000000000000000000000000009A
:40E68000000000000000000000000000000000000000000000000000000000000000000000000000000000000000000000000000000000000000000000000000000000005A
:40E6C000000000000000000000000000000000000000000000000000000000000000000000000000000000000000000000000000000000000000000000000000000000001A
:40E7000000000000000000000000000000000000000000000000000000000000000000000000000000000000000000000000000000000000000000000000000000000000D9
:40E740000000000000000000000000000000000000000000000000000000000000000000000000000000000000000000000000000000000000000000000000000000000099
:40E780000000000000000000000000000000000000000000000000000000000000000000000000000000000000000000000000000000000000000000000000000000000059
:40E7C0000000000000000000000000000000000000000000000000000000000000000000000000000000000000000000000000000000000000000000000000000000000019
:40E8000000000000000000000000000000000000000000000000000000000000000000000000000000000000000000000000000000000000000000000000000000000000D8
:40E840000000000000000000000000000000000000000000000000000000000000000000000000000000000000000000000000000000000000000000000000000000000098
:40E880000000000000000000000000000000000000000000000000000000000000000000000000000000000000000000000000000000000000000000000000000000000058
:40E8C0000000000000000000000000000000000000000000000000000000000000000000000000000000000000000000000000000000000000000000000000000000000018
:40E9000000000000000000000000000000000000000000000000000000000000000000000000000000000000000000000000000000000000000000000000000000000000D7
:40E940000000000000000000000000000000000000000000000000000000000000000000000000000000000000000000000000000000000000000000000000000000000097
:40E980000000000000000000000000000000000000000000000000000000000000000000000000000000000000000000000000000000000000000000000000000000000057
:40E9C0000000000000000000000000000000000000000000000000000000000000000000000000000000000000000000000000000000000000000000000000000000000017
:40EA000000000000000000000000000000000000000000000000000000000000000000000000000000000000000000000000000000000000000000000000000000000000D6
:40EA40000000000000000000000000000000000000000000000000000000000000000000000000000000000000000000000000000000000000000000000000000000000096
:40EA80000000000000000000000000000000000000000000000000000000000000000000000000000000000000000000000000000000000000000000000000000000000056
:40EAC0000000000000000000000000000000000000000000000000000000000000000000000000000000000000000000000000000000000000000000000000000000000016
:40EB000000000000000000000000000000000000000000000000000000000000000000000000000000000000000000000000000000000000000000000000000000000000D5
:40EB40000000000000000000000000000000000000000000000000000000000000000000000000000000000000000000000000000000000000000000000000000000000095
:40EB80000000000000000000000000000000000000000000000000000000000000000000000000000000000000000000000000000000000000000000000000000000000055
:40EBC0000000000000000000000000000000000000000000000000000000000000000000000000000000000000000000000000000000000000000000000000000000000015
:40EC000000000000000000000000000000000000000000000000000000000000000000000000000000000000000000000000000000000000000000000000000000000000D4
:40EC40000000000000000000000000000000000000000000000000000000000000000000000000000000000000000000000000000000000000000000000000000000000094
:40EC80000000000000000000000000000000000000000000000000000000000000000000000000000000000000000000000000000000000000000000000000000000000054
:40ECC0000000000000000000000000000000000000000000000000000000000000000000000000000000000000000000000000000000000000000000000000000000000014
:40ED000000000000000000000000000000000000000000000000000000000000000000000000000000000000000000000000000000000000000000000000000000000000D3
:40ED40000000000000000000000000000000000000000000000000000000000000000000000000000000000000000000000000000000000000000000000000000000000093
:40ED80000000000000000000000000000000000000000000000000000000000000000000000000000000000000000000000000000000000000000000000000000000000053
:40EDC0000000000000000000000000000000000000000000000000000000000000000000000000000000000000000000000000000000000000000000000000000000000013
:40EE000000000000000000000000000000000000000000000000000000000000000000000000000000000000000000000000000000000000000000000000000000000000D2
:40EE40000000000000000000000000000000000000000000000000000000000000000000000000000000000000000000000000000000000000000000000000000000000092
:40EE80000000000000000000000000000000000000000000000000000000000000000000000000000000000000000000000000000000000000000000000000000000000052
:40EEC0000000000000000000000000000000000000000000000000000000000000000000000000000000000000000000000000000000000000000000000000000000000012
:40EF000000000000000000000000000000000000000000000000000000000000000000000000000000000000000000000000000000000000000000000000000000000000D1
:40EF40000000000000000000000000000000000000000000000000000000000000000000000000000000000000000000000000000000000000000000000000000000000091
:40EF80000000000000000000000000000000000000000000000000000000000000000000000000000000000000000000000000000000000000000000000000000000000051
:40EFC0000000000000000000000000000000000000000000000000000000000000000000000000000000000000000000000000000000000000000000000000000000000011
:40F0000000000000000000000000000000000000000000000000000000000000000000000000000000000000000000000000000000000000000000000000000000000000D0
:40F040000000000000000000000000000000000000000000000000000000000000000000000000000000000000000000000000000000000000000000000000000000000090
:40F080000000000000000000000000000000000000000000000000000000000000000000000000000000000000000000000000000000000000000000000000000000000050
:40F0C0000000000000000000000000000000000000000000000000000000000000000000000000000000000000000000000000000000000000000000000000000000000010
:40F1000000000000000000000000000000000000000000000000000000000000000000000000000000000000000000000000000000000000000000000000000000000000CF
:40F14000000000000000000000000000000000000000000000000000000000000000000000000000000000000000000000000000000000000000000000000000000000008F
:40F18000000000000000000000000000000000000000000000000000000000000000000000000000000000000000000000000000000000000000000000000000000000004F
:40F1C000000000000000000000000000000000000000000000000000000000000000000000000000000000000000000000000000000000000000000000000000000000000F
:40F2000000000000000000000000000000000000000000000000000000000000000000000000000000000000000000000000000000000000000000000000000000000000CE
:40F24000000000000000000000000000000000000000000000000000000000000000000000000000000000000000000000000000000000000000000000000000000000008E
:40F28000000000000000000000000000000000000000000000000000000000000000000000000000000000000000000000000000000000000000000000000000000000004E
:40F2C000000000000000000000000000000000000000000000000000000000000000000000000000000000000000000000000000000000000000000000000000000000000E
:40F3000000000000000000000000000000000000000000000000000000000000000000000000000000000000000000000000000000000000000000000000000000000000CD
:40F34000000000000000000000000000000000000000000000000000000000000000000000000000000000000000000000000000000000000000000000000000000000008D
:40F38000000000000000000000000000000000000000000000000000000000000000000000000000000000000000000000000000000000000000000000000000000000004D
:40F3C000000000000000000000000000000000000000000000000000000000000000000000000000000000000000000000000000000000000000000000000000000000000D
:40F4000000000000000000000000000000000000000000000000000000000000000000000000000000000000000000000000000000000000000000000000000000000000CC
:40F44000000000000000000000000000000000000000000000000000000000000000000000000000000000000000000000000000000000000000000000000000000000008C
:40F48000000000000000000000000000000000000000000000000000000000000000000000000000000000000000000000000000000000000000000000000000000000004C
:40F4C000000000000000000000000000000000000000000000000000000000000000000000000000000000000000000000000000000000000000000000000000000000000C
:40F5000000000000000000000000000000000000000000000000000000000000000000000000000000000000000000000000000000000000000000000000000000000000CB
:40F54000000000000000000000000000000000000000000000000000000000000000000000000000000000000000000000000000000000000000000000000000000000008B
:40F58000000000000000000000000000000000000000000000000000000000000000000000000000000000000000000000000000000000000000000000000000000000004B
:40F5C000000000000000000000000000000000000000000000000000000000000000000000000000000000000000000000000000000000000000000000000000000000000B
:40F6000000000000000000000000000000000000000000000000000000000000000000000000000000000000000000000000000000000000000000000000000000000000CA
:40F64000000000000000000000000000000000000000000000000000000000000000000000000000000000000000000000000000000000000000000000000000000000008A
:40F68000000000000000000000000000000000000000000000000000000000000000000000000000000000000000000000000000000000000000000000000000000000004A
:40F6C000000000000000000000000000000000000000000000000000000000000000000000000000000000000000000000000000000000000000000000000000000000000A
:40F7000000000000000000000000000000000000000000000000000000000000000000000000000000000000000000000000000000000000000000000000000000000000C9
:40F740000000000000000000000000000000000000000000000000000000000000000000000000000000000000000000000000000000000000000000000000000000000089
:40F780000000000000000000000000000000000000000000000000000000000000000000000000000000000000000000000000000000000000000000000000000000000049
:40F7C0000000000000000000000000000000000000000000000000000000000000000000000000000000000000000000000000000000000000000000000000000000000009
:40F8000000000000000000000000000000000000000000000000000000000000000000000000000000000000000000000000000000000000000000000000000000000000C8
:40F840000000000000000000000000000000000000000000000000000000000000000000000000000000000000000000000000000000000000000000000000000000000088
:40F880000000000000000000000000000000000000000000000000000000000000000000000000000000000000000000000000000000000000000000000000000000000048
:40F8C0000000000000000000000000000000000000000000000000000000000000000000000000000000000000000000000000000000000000000000000000000000000008
:40F9000000000000000000000000000000000000000000000000000000000000000000000000000000000000000000000000000000000000000000000000000000000000C7
:40F940000000000000000000000000000000000000000000000000000000000000000000000000000000000000000000000000000000000000000000000000000000000087
:40F980000000000000000000000000000000000000000000000000000000000000000000000000000000000000000000000000000000000000000000000000000000000047
:40F9C0000000000000000000000000000000000000000000000000000000000000000000000000000000000000000000000000000000000000000000000000000000000007
:40FA000000000000000000000000000000000000000000000000000000000000000000000000000000000000000000000000000000000000000000000000000000000000C6
:40FA40000000000000000000000000000000000000000000000000000000000000000000000000000000000000000000000000000000000000000000000000000000000086
:40FA80000000000000000000000000000000000000000000000000000000000000000000000000000000000000000000000000000000000000000000000000000000000046
:40FAC0000000000000000000000000000000000000000000000000000000000000000000000000000000000000000000000000000000000000000000000000000000000006
:40FB000000000000000000000000000000000000000000000000000000000000000000000000000000000000000000000000000000000000000000000000000000000000C5
:40FB40000000000000000000000000000000000000000000000000000000000000000000000000000000000000000000000000000000000000000000000000000000000085
:40FB80000000000000000000000000000000000000000000000000000000000000000000000000000000000000000000000000000000000000000000000000000000000045
:40FBC0000000000000000000000000000000000000000000000000000000000000000000000000000000000000000000000000000000000000000000000000000000000005
:40FC000000000000000000000000000000000000000000000000000000000000000000000000000000000000000000000000000000000000000000000000000000000000C4
:40FC40000000000000000000000000000000000000000000000000000000000000000000000000000000000000000000000000000000000000000000000000000000000084
:40FC80000000000000000000000000000000000000000000000000000000000000000000000000000000000000000000000000000000000000000000000000000000000044
:40FCC0000000000000000000000000000000000000000000000000000000000000000000000000000000000000000000000000000000000000000000000000000000000004
:40FD000000000000000000000000000000000000000000000000000000000000000000000000000000000000000000000000000000000000000000000000000000000000C3
:40FD40000000000000000000000000000000000000000000000000000000000000000000000000000000000000000000000000000000000000000000000000000000000083
:40FD80000000000000000000000000000000000000000000000000000000000000000000000000000000000000000000000000000000000000000000000000000000000043
:40FDC0000000000000000000000000000000000000000000000000000000000000000000000000000000000000000000000000000000000000000000000000000000000003
:40FE000000000000000000000000000000000000000000000000000000000000000000000000000000000000000000000000000000000000000000000000000000000000C2
:40FE40000000000000000000000000000000000000000000000000000000000000000000000000000000000000000000000000000000000000000000000000000000000082
:40FE80000000000000000000000000000000000000000000000000000000000000000000000000000000000000000000000000000000000000000000000000000000000042
:40FEC0000000000000000000000000000000000000000000000000000000000000000000000000000000000000000000000000000000000000000000000000000000000002
:40FF000000000000000000000000000000000000000000000000000000000000000000000000000000000000000000000000000000000000000000000000000000000000C1
:40FF40000000000000000000000000000000000000000000000000000000000000000000000000000000000000000000000000000000000000000000000000000000000081
:40FF80000000000000000000000000000000000000000000000000000000000000000000000000000000000000000000000000000000000000000000000000000000000041
:40FFC0000000000000000000000000000000000000000000000000000000000000000000000000000000000000000000000000000000000000000000000000000000000001
:020000040003F7
:4000000000000000000000000000000000000000000000000000000000000000000000000000000000000000000000000000000000000000000000000000000000000000C0
:400040000000000000000000000000000000000000000000000000000000000000000000000000000000000000000000000000000000000000000000000000000000000080
:400080000000000000000000000000000000000000000000000000000000000000000000000000000000000000000000000000000000000000000000000000000000000040
:4000C0000000000000000000000000000000000000000000000000000000000000000000000000000000000000000000000000000000000000000000000000000000000000
:4001000000000000000000000000000000000000000000000000000000000000000000000000000000000000000000000000000000000000000000000000000000000000BF
:40014000000000000000000000000000000000000000000000000000000000000000000000000000000000000000000000000000000000000000000000000000000000007F
:40018000000000000000000000000000000000000000000000000000000000000000000000000000000000000000000000000000000000000000000000000000000000003F
:4001C00000000000000000000000000000000000000000000000000000000000000000000000000000000000000000000000000000000000000000000000000000000000FF
:4002000000000000000000000000000000000000000000000000000000000000000000000000000000000000000000000000000000000000000000000000000000000000BE
:40024000000000000000000000000000000000000000000000000000000000000000000000000000000000000000000000000000000000000000000000000000000000007E
:40028000000000000000000000000000000000000000000000000000000000000000000000000000000000000000000000000000000000000000000000000000000000003E
:4002C00000000000000000000000000000000000000000000000000000000000000000000000000000000000000000000000000000000000000000000000000000000000FE
:4003000000000000000000000000000000000000000000000000000000000000000000000000000000000000000000000000000000000000000000000000000000000000BD
:40034000000000000000000000000000000000000000000000000000000000000000000000000000000000000000000000000000000000000000000000000000000000007D
:40038000000000000000000000000000000000000000000000000000000000000000000000000000000000000000000000000000000000000000000000000000000000003D
:4003C00000000000000000000000000000000000000000000000000000000000000000000000000000000000000000000000000000000000000000000000000000000000FD
:4004000000000000000000000000000000000000000000000000000000000000000000000000000000000000000000000000000000000000000000000000000000000000BC
:40044000000000000000000000000000000000000000000000000000000000000000000000000000000000000000000000000000000000000000000000000000000000007C
:40048000000000000000000000000000000000000000000000000000000000000000000000000000000000000000000000000000000000000000000000000000000000003C
:4004C00000000000000000000000000000000000000000000000000000000000000000000000000000000000000000000000000000000000000000000000000000000000FC
:4005000000000000000000000000000000000000000000000000000000000000000000000000000000000000000000000000000000000000000000000000000000000000BB
:40054000000000000000000000000000000000000000000000000000000000000000000000000000000000000000000000000000000000000000000000000000000000007B
:40058000000000000000000000000000000000000000000000000000000000000000000000000000000000000000000000000000000000000000000000000000000000003B
:4005C00000000000000000000000000000000000000000000000000000000000000000000000000000000000000000000000000000000000000000000000000000000000FB
:4006000000000000000000000000000000000000000000000000000000000000000000000000000000000000000000000000000000000000000000000000000000000000BA
:40064000000000000000000000000000000000000000000000000000000000000000000000000000000000000000000000000000000000000000000000000000000000007A
:40068000000000000000000000000000000000000000000000000000000000000000000000000000000000000000000000000000000000000000000000000000000000003A
:4006C00000000000000000000000000000000000000000000000000000000000000000000000000000000000000000000000000000000000000000000000000000000000FA
:4007000000000000000000000000000000000000000000000000000000000000000000000000000000000000000000000000000000000000000000000000000000000000B9
:400740000000000000000000000000000000000000000000000000000000000000000000000000000000000000000000000000000000000000000000000000000000000079
:400780000000000000000000000000000000000000000000000000000000000000000000000000000000000000000000000000000000000000000000000000000000000039
:4007C00000000000000000000000000000000000000000000000000000000000000000000000000000000000000000000000000000000000000000000000000000000000F9
:4008000000000000000000000000000000000000000000000000000000000000000000000000000000000000000000000000000000000000000000000000000000000000B8
:400840000000000000000000000000000000000000000000000000000000000000000000000000000000000000000000000000000000000000000000000000000000000078
:400880000000000000000000000000000000000000000000000000000000000000000000000000000000000000000000000000000000000000000000000000000000000038
:4008C00000000000000000000000000000000000000000000000000000000000000000000000000000000000000000000000000000000000000000000000000000000000F8
:4009000000000000000000000000000000000000000000000000000000000000000000000000000000000000000000000000000000000000000000000000000000000000B7
:400940000000000000000000000000000000000000000000000000000000000000000000000000000000000000000000000000000000000000000000000000000000000077
:400980000000000000000000000000000000000000000000000000000000000000000000000000000000000000000000000000000000000000000000000000000000000037
:4009C00000000000000000000000000000000000000000000000000000000000000000000000000000000000000000000000000000000000000000000000000000000000F7
:400A000000000000000000000000000000000000000000000000000000000000000000000000000000000000000000000000000000000000000000000000000000000000B6
:400A40000000000000000000000000000000000000000000000000000000000000000000000000000000000000000000000000000000000000000000000000000000000076
:400A80000000000000000000000000000000000000000000000000000000000000000000000000000000000000000000000000000000000000000000000000000000000036
:400AC00000000000000000000000000000000000000000000000000000000000000000000000000000000000000000000000000000000000000000000000000000000000F6
:400B000000000000000000000000000000000000000000000000000000000000000000000000000000000000000000000000000000000000000000000000000000000000B5
:400B40000000000000000000000000000000000000000000000000000000000000000000000000000000000000000000000000000000000000000000000000000000000075
:400B80000000000000000000000000000000000000000000000000000000000000000000000000000000000000000000000000000000000000000000000000000000000035
:400BC00000000000000000000000000000000000000000000000000000000000000000000000000000000000000000000000000000000000000000000000000000000000F5
:400C000000000000000000000000000000000000000000000000000000000000000000000000000000000000000000000000000000000000000000000000000000000000B4
:400C40000000000000000000000000000000000000000000000000000000000000000000000000000000000000000000000000000000000000000000000000000000000074
:400C80000000000000000000000000000000000000000000000000000000000000000000000000000000000000000000000000000000000000000000000000000000000034
:400CC00000000000000000000000000000000000000000000000000000000000000000000000000000000000000000000000000000000000000000000000000000000000F4
:400D000000000000000000000000000000000000000000000000000000000000000000000000000000000000000000000000000000000000000000000000000000000000B3
:400D40000000000000000000000000000000000000000000000000000000000000000000000000000000000000000000000000000000000000000000000000000000000073
:400D80000000000000000000000000000000000000000000000000000000000000000000000000000000000000000000000000000000000000000000000000000000000033
:400DC00000000000000000000000000000000000000000000000000000000000000000000000000000000000000000000000000000000000000000000000000000000000F3
:400E000000000000000000000000000000000000000000000000000000000000000000000000000000000000000000000000000000000000000000000000000000000000B2
:400E40000000000000000000000000000000000000000000000000000000000000000000000000000000000000000000000000000000000000000000000000000000000072
:400E80000000000000000000000000000000000000000000000000000000000000000000000000000000000000000000000000000000000000000000000000000000000032
:400EC00000000000000000000000000000000000000000000000000000000000000000000000000000000000000000000000000000000000000000000000000000000000F2
:400F000000000000000000000000000000000000000000000000000000000000000000000000000000000000000000000000000000000000000000000000000000000000B1
:400F40000000000000000000000000000000000000000000000000000000000000000000000000000000000000000000000000000000000000000000000000000000000071
:400F80000000000000000000000000000000000000000000000000000000000000000000000000000000000000000000000000000000000000000000000000000000000031
:400FC00000000000000000000000000000000000000000000000000000000000000000000000000000000000000000000000000000000000000000000000000000000000F1
:4010000000000000000000000000000000000000000000000000000000000000000000000000000000000000000000000000000000000000000000000000000000000000B0
:401040000000000000000000000000000000000000000000000000000000000000000000000000000000000000000000000000000000000000000000000000000000000070
:401080000000000000000000000000000000000000000000000000000000000000000000000000000000000000000000000000000000000000000000000000000000000030
:4010C00000000000000000000000000000000000000000000000000000000000000000000000000000000000000000000000000000000000000000000000000000000000F0
:4011000000000000000000000000000000000000000000000000000000000000000000000000000000000000000000000000000000000000000000000000000000000000AF
:40114000000000000000000000000000000000000000000000000000000000000000000000000000000000000000000000000000000000000000000000000000000000006F
:40118000000000000000000000000000000000000000000000000000000000000000000000000000000000000000000000000000000000000000000000000000000000002F
:4011C00000000000000000000000000000000000000000000000000000000000000000000000000000000000000000000000000000000000000000000000000000000000EF
:4012000000000000000000000000000000000000000000000000000000000000000000000000000000000000000000000000000000000000000000000000000000000000AE
:40124000000000000000000000000000000000000000000000000000000000000000000000000000000000000000000000000000000000000000000000000000000000006E
:40128000000000000000000000000000000000000000000000000000000000000000000000000000000000000000000000000000000000000000000000000000000000002E
:4012C00000000000000000000000000000000000000000000000000000000000000000000000000000000000000000000000000000000000000000000000000000000000EE
:4013000000000000000000000000000000000000000000000000000000000000000000000000000000000000000000000000000000000000000000000000000000000000AD
:40134000000000000000000000000000000000000000000000000000000000000000000000000000000000000000000000000000000000000000000000000000000000006D
:40138000000000000000000000000000000000000000000000000000000000000000000000000000000000000000000000000000000000000000000000000000000000002D
:4013C00000000000000000000000000000000000000000000000000000000000000000000000000000000000000000000000000000000000000000000000000000000000ED
:4014000000000000000000000000000000000000000000000000000000000000000000000000000000000000000000000000000000000000000000000000000000000000AC
:40144000000000000000000000000000000000000000000000000000000000000000000000000000000000000000000000000000000000000000000000000000000000006C
:40148000000000000000000000000000000000000000000000000000000000000000000000000000000000000000000000000000000000000000000000000000000000002C
:4014C00000000000000000000000000000000000000000000000000000000000000000000000000000000000000000000000000000000000000000000000000000000000EC
:4015000000000000000000000000000000000000000000000000000000000000000000000000000000000000000000000000000000000000000000000000000000000000AB
:40154000000000000000000000000000000000000000000000000000000000000000000000000000000000000000000000000000000000000000000000000000000000006B
:40158000000000000000000000000000000000000000000000000000000000000000000000000000000000000000000000000000000000000000000000000000000000002B
:4015C00000000000000000000000000000000000000000000000000000000000000000000000000000000000000000000000000000000000000000000000000000000000EB
:4016000000000000000000000000000000000000000000000000000000000000000000000000000000000000000000000000000000000000000000000000000000000000AA
:40164000000000000000000000000000000000000000000000000000000000000000000000000000000000000000000000000000000000000000000000000000000000006A
:40168000000000000000000000000000000000000000000000000000000000000000000000000000000000000000000000000000000000000000000000000000000000002A
:4016C00000000000000000000000000000000000000000000000000000000000000000000000000000000000000000000000000000000000000000000000000000000000EA
:4017000000000000000000000000000000000000000000000000000000000000000000000000000000000000000000000000000000000000000000000000000000000000A9
:401740000000000000000000000000000000000000000000000000000000000000000000000000000000000000000000000000000000000000000000000000000000000069
:401780000000000000000000000000000000000000000000000000000000000000000000000000000000000000000000000000000000000000000000000000000000000029
:4017C00000000000000000000000000000000000000000000000000000000000000000000000000000000000000000000000000000000000000000000000000000000000E9
:4018000000000000000000000000000000000000000000000000000000000000000000000000000000000000000000000000000000000000000000000000000000000000A8
:401840000000000000000000000000000000000000000000000000000000000000000000000000000000000000000000000000000000000000000000000000000000000068
:401880000000000000000000000000000000000000000000000000000000000000000000000000000000000000000000000000000000000000000000000000000000000028
:4018C00000000000000000000000000000000000000000000000000000000000000000000000000000000000000000000000000000000000000000000000000000000000E8
:4019000000000000000000000000000000000000000000000000000000000000000000000000000000000000000000000000000000000000000000000000000000000000A7
:401940000000000000000000000000000000000000000000000000000000000000000000000000000000000000000000000000000000000000000000000000000000000067
:401980000000000000000000000000000000000000000000000000000000000000000000000000000000000000000000000000000000000000000000000000000000000027
:4019C00000000000000000000000000000000000000000000000000000000000000000000000000000000000000000000000000000000000000000000000000000000000E7
:401A000000000000000000000000000000000000000000000000000000000000000000000000000000000000000000000000000000000000000000000000000000000000A6
:401A40000000000000000000000000000000000000000000000000000000000000000000000000000000000000000000000000000000000000000000000000000000000066
:401A80000000000000000000000000000000000000000000000000000000000000000000000000000000000000000000000000000000000000000000000000000000000026
:401AC00000000000000000000000000000000000000000000000000000000000000000000000000000000000000000000000000000000000000000000000000000000000E6
:401B000000000000000000000000000000000000000000000000000000000000000000000000000000000000000000000000000000000000000000000000000000000000A5
:401B40000000000000000000000000000000000000000000000000000000000000000000000000000000000000000000000000000000000000000000000000000000000065
:401B80000000000000000000000000000000000000000000000000000000000000000000000000000000000000000000000000000000000000000000000000000000000025
:401BC00000000000000000000000000000000000000000000000000000000000000000000000000000000000000000000000000000000000000000000000000000000000E5
:401C000000000000000000000000000000000000000000000000000000000000000000000000000000000000000000000000000000000000000000000000000000000000A4
:401C40000000000000000000000000000000000000000000000000000000000000000000000000000000000000000000000000000000000000000000000000000000000064
:401C80000000000000000000000000000000000000000000000000000000000000000000000000000000000000000000000000000000000000000000000000000000000024
:401CC00000000000000000000000000000000000000000000000000000000000000000000000000000000000000000000000000000000000000000000000000000000000E4
:401D000000000000000000000000000000000000000000000000000000000000000000000000000000000000000000000000000000000000000000000000000000000000A3
:401D40000000000000000000000000000000000000000000000000000000000000000000000000000000000000000000000000000000000000000000000000000000000063
:401D80000000000000000000000000000000000000000000000000000000000000000000000000000000000000000000000000000000000000000000000000000000000023
:401DC00000000000000000000000000000000000000000000000000000000000000000000000000000000000000000000000000000000000000000000000000000000000E3
:401E000000000000000000000000000000000000000000000000000000000000000000000000000000000000000000000000000000000000000000000000000000000000A2
:401E40000000000000000000000000000000000000000000000000000000000000000000000000000000000000000000000000000000000000000000000000000000000062
:401E80000000000000000000000000000000000000000000000000000000000000000000000000000000000000000000000000000000000000000000000000000000000022
:401EC00000000000000000000000000000000000000000000000000000000000000000000000000000000000000000000000000000000000000000000000000000000000E2
:401F000000000000000000000000000000000000000000000000000000000000000000000000000000000000000000000000000000000000000000000000000000000000A1
:401F40000000000000000000000000000000000000000000000000000000000000000000000000000000000000000000000000000000000000000000000000000000000061
:401F80000000000000000000000000000000000000000000000000000000000000000000000000000000000000000000000000000000000000000000000000000000000021
:401FC00000000000000000000000000000000000000000000000000000000000000000000000000000000000000000000000000000000000000000000000000000000000E1
:4020000000000000000000000000000000000000000000000000000000000000000000000000000000000000000000000000000000000000000000000000000000000000A0
:402040000000000000000000000000000000000000000000000000000000000000000000000000000000000000000000000000000000000000000000000000000000000060
:402080000000000000000000000000000000000000000000000000000000000000000000000000000000000000000000000000000000000000000000000000000000000020
:4020C00000000000000000000000000000000000000000000000000000000000000000000000000000000000000000000000000000000000000000000000000000000000E0
:40210000000000000000000000000000000000000000000000000000000000000000000000000000000000000000000000000000000000000000000000000000000000009F
:40214000000000000000000000000000000000000000000000000000000000000000000000000000000000000000000000000000000000000000000000000000000000005F
:40218000000000000000000000000000000000000000000000000000000000000000000000000000000000000000000000000000000000000000000000000000000000001F
:4021C00000000000000000000000000000000000000000000000000000000000000000000000000000000000000000000000000000000000000000000000000000000000DF
:40220000000000000000000000000000000000000000000000000000000000000000000000000000000000000000000000000000000000000000000000000000000000009E
:40224000000000000000000000000000000000000000000000000000000000000000000000000000000000000000000000000000000000000000000000000000000000005E
:40228000000000000000000000000000000000000000000000000000000000000000000000000000000000000000000000000000000000000000000000000000000000001E
:4022C00000000000000000000000000000000000000000000000000000000000000000000000000000000000000000000000000000000000000000000000000000000000DE
:40230000000000000000000000000000000000000000000000000000000000000000000000000000000000000000000000000000000000000000000000000000000000009D
:40234000000000000000000000000000000000000000000000000000000000000000000000000000000000000000000000000000000000000000000000000000000000005D
:40238000000000000000000000000000000000000000000000000000000000000000000000000000000000000000000000000000000000000000000000000000000000001D
:4023C00000000000000000000000000000000000000000000000000000000000000000000000000000000000000000000000000000000000000000000000000000000000DD
:40240000000000000000000000000000000000000000000000000000000000000000000000000000000000000000000000000000000000000000000000000000000000009C
:40244000000000000000000000000000000000000000000000000000000000000000000000000000000000000000000000000000000000000000000000000000000000005C
:40248000000000000000000000000000000000000000000000000000000000000000000000000000000000000000000000000000000000000000000000000000000000001C
:4024C00000000000000000000000000000000000000000000000000000000000000000000000000000000000000000000000000000000000000000000000000000000000DC
:40250000000000000000000000000000000000000000000000000000000000000000000000000000000000000000000000000000000000000000000000000000000000009B
:40254000000000000000000000000000000000000000000000000000000000000000000000000000000000000000000000000000000000000000000000000000000000005B
:40258000000000000000000000000000000000000000000000000000000000000000000000000000000000000000000000000000000000000000000000000000000000001B
:4025C00000000000000000000000000000000000000000000000000000000000000000000000000000000000000000000000000000000000000000000000000000000000DB
:40260000000000000000000000000000000000000000000000000000000000000000000000000000000000000000000000000000000000000000000000000000000000009A
:40264000000000000000000000000000000000000000000000000000000000000000000000000000000000000000000000000000000000000000000000000000000000005A
:40268000000000000000000000000000000000000000000000000000000000000000000000000000000000000000000000000000000000000000000000000000000000001A
:4026C00000000000000000000000000000000000000000000000000000000000000000000000000000000000000000000000000000000000000000000000000000000000DA
:402700000000000000000000000000000000000000000000000000000000000000000000000000000000000000000000000000000000000000000000000000000000000099
:402740000000000000000000000000000000000000000000000000000000000000000000000000000000000000000000000000000000000000000000000000000000000059
:402780000000000000000000000000000000000000000000000000000000000000000000000000000000000000000000000000000000000000000000000000000000000019
:4027C00000000000000000000000000000000000000000000000000000000000000000000000000000000000000000000000000000000000000000000000000000000000D9
:402800000000000000000000000000000000000000000000000000000000000000000000000000000000000000000000000000000000000000000000000000000000000098
:402840000000000000000000000000000000000000000000000000000000000000000000000000000000000000000000000000000000000000000000000000000000000058
:402880000000000000000000000000000000000000000000000000000000000000000000000000000000000000000000000000000000000000000000000000000000000018
:4028C00000000000000000000000000000000000000000000000000000000000000000000000000000000000000000000000000000000000000000000000000000000000D8
:402900000000000000000000000000000000000000000000000000000000000000000000000000000000000000000000000000000000000000000000000000000000000097
:402940000000000000000000000000000000000000000000000000000000000000000000000000000000000000000000000000000000000000000000000000000000000057
:402980000000000000000000000000000000000000000000000000000000000000000000000000000000000000000000000000000000000000000000000000000000000017
:4029C00000000000000000000000000000000000000000000000000000000000000000000000000000000000000000000000000000000000000000000000000000000000D7
:402A00000000000000000000000000000000000000000000000000000000000000000000000000000000000000000000000000000000000000000000000000000000000096
:402A40000000000000000000000000000000000000000000000000000000000000000000000000000000000000000000000000000000000000000000000000000000000056
:402A80000000000000000000000000000000000000000000000000000000000000000000000000000000000000000000000000000000000000000000000000000000000016
:402AC00000000000000000000000000000000000000000000000000000000000000000000000000000000000000000000000000000000000000000000000000000000000D6
:402B00000000000000000000000000000000000000000000000000000000000000000000000000000000000000000000000000000000000000000000000000000000000095
:402B40000000000000000000000000000000000000000000000000000000000000000000000000000000000000000000000000000000000000000000000000000000000055
:402B80000000000000000000000000000000000000000000000000000000000000000000000000000000000000000000000000000000000000000000000000000000000015
:402BC00000000000000000000000000000000000000000000000000000000000000000000000000000000000000000000000000000000000000000000000000000000000D5
:402C00000000000000000000000000000000000000000000000000000000000000000000000000000000000000000000000000000000000000000000000000000000000094
:402C40000000000000000000000000000000000000000000000000000000000000000000000000000000000000000000000000000000000000000000000000000000000054
:402C80000000000000000000000000000000000000000000000000000000000000000000000000000000000000000000000000000000000000000000000000000000000014
:402CC00000000000000000000000000000000000000000000000000000000000000000000000000000000000000000000000000000000000000000000000000000000000D4
:402D00000000000000000000000000000000000000000000000000000000000000000000000000000000000000000000000000000000000000000000000000000000000093
:402D40000000000000000000000000000000000000000000000000000000000000000000000000000000000000000000000000000000000000000000000000000000000053
:402D80000000000000000000000000000000000000000000000000000000000000000000000000000000000000000000000000000000000000000000000000000000000013
:402DC00000000000000000000000000000000000000000000000000000000000000000000000000000000000000000000000000000000000000000000000000000000000D3
:402E00000000000000000000000000000000000000000000000000000000000000000000000000000000000000000000000000000000000000000000000000000000000092
:402E40000000000000000000000000000000000000000000000000000000000000000000000000000000000000000000000000000000000000000000000000000000000052
:402E80000000000000000000000000000000000000000000000000000000000000000000000000000000000000000000000000000000000000000000000000000000000012
:402EC00000000000000000000000000000000000000000000000000000000000000000000000000000000000000000000000000000000000000000000000000000000000D2
:402F00000000000000000000000000000000000000000000000000000000000000000000000000000000000000000000000000000000000000000000000000000000000091
:402F40000000000000000000000000000000000000000000000000000000000000000000000000000000000000000000000000000000000000000000000000000000000051
:402F80000000000000000000000000000000000000000000000000000000000000000000000000000000000000000000000000000000000000000000000000000000000011
:402FC00000000000000000000000000000000000000000000000000000000000000000000000000000000000000000000000000000000000000000000000000000000000D1
:403000000000000000000000000000000000000000000000000000000000000000000000000000000000000000000000000000000000000000000000000000000000000090
:403040000000000000000000000000000000000000000000000000000000000000000000000000000000000000000000000000000000000000000000000000000000000050
:403080000000000000000000000000000000000000000000000000000000000000000000000000000000000000000000000000000000000000000000000000000000000010
:4030C00000000000000000000000000000000000000000000000000000000000000000000000000000000000000000000000000000000000000000000000000000000000D0
:40310000000000000000000000000000000000000000000000000000000000000000000000000000000000000000000000000000000000000000000000000000000000008F
:40314000000000000000000000000000000000000000000000000000000000000000000000000000000000000000000000000000000000000000000000000000000000004F
:40318000000000000000000000000000000000000000000000000000000000000000000000000000000000000000000000000000000000000000000000000000000000000F
:4031C00000000000000000000000000000000000000000000000000000000000000000000000000000000000000000000000000000000000000000000000000000000000CF
:40320000000000000000000000000000000000000000000000000000000000000000000000000000000000000000000000000000000000000000000000000000000000008E
:40324000000000000000000000000000000000000000000000000000000000000000000000000000000000000000000000000000000000000000000000000000000000004E
:40328000000000000000000000000000000000000000000000000000000000000000000000000000000000000000000000000000000000000000000000000000000000000E
:4032C00000000000000000000000000000000000000000000000000000000000000000000000000000000000000000000000000000000000000000000000000000000000CE
:40330000000000000000000000000000000000000000000000000000000000000000000000000000000000000000000000000000000000000000000000000000000000008D
:40334000000000000000000000000000000000000000000000000000000000000000000000000000000000000000000000000000000000000000000000000000000000004D
:40338000000000000000000000000000000000000000000000000000000000000000000000000000000000000000000000000000000000000000000000000000000000000D
:4033C00000000000000000000000000000000000000000000000000000000000000000000000000000000000000000000000000000000000000000000000000000000000CD
:40340000000000000000000000000000000000000000000000000000000000000000000000000000000000000000000000000000000000000000000000000000000000008C
:40344000000000000000000000000000000000000000000000000000000000000000000000000000000000000000000000000000000000000000000000000000000000004C
:40348000000000000000000000000000000000000000000000000000000000000000000000000000000000000000000000000000000000000000000000000000000000000C
:4034C00000000000000000000000000000000000000000000000000000000000000000000000000000000000000000000000000000000000000000000000000000000000CC
:40350000000000000000000000000000000000000000000000000000000000000000000000000000000000000000000000000000000000000000000000000000000000008B
:40354000000000000000000000000000000000000000000000000000000000000000000000000000000000000000000000000000000000000000000000000000000000004B
:40358000000000000000000000000000000000000000000000000000000000000000000000000000000000000000000000000000000000000000000000000000000000000B
:4035C00000000000000000000000000000000000000000000000000000000000000000000000000000000000000000000000000000000000000000000000000000000000CB
:40360000000000000000000000000000000000000000000000000000000000000000000000000000000000000000000000000000000000000000000000000000000000008A
:40364000000000000000000000000000000000000000000000000000000000000000000000000000000000000000000000000000000000000000000000000000000000004A
:40368000000000000000000000000000000000000000000000000000000000000000000000000000000000000000000000000000000000000000000000000000000000000A
:4036C00000000000000000000000000000000000000000000000000000000000000000000000000000000000000000000000000000000000000000000000000000000000CA
:403700000000000000000000000000000000000000000000000000000000000000000000000000000000000000000000000000000000000000000000000000000000000089
:403740000000000000000000000000000000000000000000000000000000000000000000000000000000000000000000000000000000000000000000000000000000000049
:403780000000000000000000000000000000000000000000000000000000000000000000000000000000000000000000000000000000000000000000000000000000000009
:4037C00000000000000000000000000000000000000000000000000000000000000000000000000000000000000000000000000000000000000000000000000000000000C9
:403800000000000000000000000000000000000000000000000000000000000000000000000000000000000000000000000000000000000000000000000000000000000088
:403840000000000000000000000000000000000000000000000000000000000000000000000000000000000000000000000000000000000000000000000000000000000048
:403880000000000000000000000000000000000000000000000000000000000000000000000000000000000000000000000000000000000000000000000000000000000008
:4038C00000000000000000000000000000000000000000000000000000000000000000000000000000000000000000000000000000000000000000000000000000000000C8
:403900000000000000000000000000000000000000000000000000000000000000000000000000000000000000000000000000000000000000000000000000000000000087
:403940000000000000000000000000000000000000000000000000000000000000000000000000000000000000000000000000000000000000000000000000000000000047
:403980000000000000000000000000000000000000000000000000000000000000000000000000000000000000000000000000000000000000000000000000000000000007
:4039C00000000000000000000000000000000000000000000000000000000000000000000000000000000000000000000000000000000000000000000000000000000000C7
:403A00000000000000000000000000000000000000000000000000000000000000000000000000000000000000000000000000000000000000000000000000000000000086
:403A40000000000000000000000000000000000000000000000000000000000000000000000000000000000000000000000000000000000000000000000000000000000046
:403A80000000000000000000000000000000000000000000000000000000000000000000000000000000000000000000000000000000000000000000000000000000000006
:403AC00000000000000000000000000000000000000000000000000000000000000000000000000000000000000000000000000000000000000000000000000000000000C6
:403B00000000000000000000000000000000000000000000000000000000000000000000000000000000000000000000000000000000000000000000000000000000000085
:403B40000000000000000000000000000000000000000000000000000000000000000000000000000000000000000000000000000000000000000000000000000000000045
:403B80000000000000000000000000000000000000000000000000000000000000000000000000000000000000000000000000000000000000000000000000000000000005
:403BC00000000000000000000000000000000000000000000000000000000000000000000000000000000000000000000000000000000000000000000000000000000000C5
:403C00000000000000000000000000000000000000000000000000000000000000000000000000000000000000000000000000000000000000000000000000000000000084
:403C40000000000000000000000000000000000000000000000000000000000000000000000000000000000000000000000000000000000000000000000000000000000044
:403C80000000000000000000000000000000000000000000000000000000000000000000000000000000000000000000000000000000000000000000000000000000000004
:403CC00000000000000000000000000000000000000000000000000000000000000000000000000000000000000000000000000000000000000000000000000000000000C4
:403D00000000000000000000000000000000000000000000000000000000000000000000000000000000000000000000000000000000000000000000000000000000000083
:403D40000000000000000000000000000000000000000000000000000000000000000000000000000000000000000000000000000000000000000000000000000000000043
:403D80000000000000000000000000000000000000000000000000000000000000000000000000000000000000000000000000000000000000000000000000000000000003
:403DC00000000000000000000000000000000000000000000000000000000000000000000000000000000000000000000000000000000000000000000000000000000000C3
:403E00000000000000000000000000000000000000000000000000000000000000000000000000000000000000000000000000000000000000000000000000000000000082
:403E40000000000000000000000000000000000000000000000000000000000000000000000000000000000000000000000000000000000000000000000000000000000042
:403E80000000000000000000000000000000000000000000000000000000000000000000000000000000000000000000000000000000000000000000000000000000000002
:403EC00000000000000000000000000000000000000000000000000000000000000000000000000000000000000000000000000000000000000000000000000000000000C2
:403F00000000000000000000000000000000000000000000000000000000000000000000000000000000000000000000000000000000000000000000000000000000000081
:403F40000000000000000000000000000000000000000000000000000000000000000000000000000000000000000000000000000000000000000000000000000000000041
:403F80000000000000000000000000000000000000000000000000000000000000000000000000000000000000000000000000000000000000000000000000000000000001
:403FC00000000000000000000000000000000000000000000000000000000000000000000000000000000000000000000000000000000000000000000000000000000000C1
:404000000000000000000000000000000000000000000000000000000000000000000000000000000000000000000000000000000000000000000000000000000000000080
:404040000000000000000000000000000000000000000000000000000000000000000000000000000000000000000000000000000000000000000000000000000000000040
:404080000000000000000000000000000000000000000000000000000000000000000000000000000000000000000000000000000000000000000000000000000000000000
:4040C00000000000000000000000000000000000000000000000000000000000000000000000000000000000000000000000000000000000000000000000000000000000C0
:40410000000000000000000000000000000000000000000000000000000000000000000000000000000000000000000000000000000000000000000000000000000000007F
:40414000000000000000000000000000000000000000000000000000000000000000000000000000000000000000000000000000000000000000000000000000000000003F
:4041800000000000000000000000000000000000000000000000000000000000000000000000000000000000000000000000000000000000000000000000000000000000FF
:4041C00000000000000000000000000000000000000000000000000000000000000000000000000000000000000000000000000000000000000000000000000000000000BF
:40420000000000000000000000000000000000000000000000000000000000000000000000000000000000000000000000000000000000000000000000000000000000007E
:40424000000000000000000000000000000000000000000000000000000000000000000000000000000000000000000000000000000000000000000000000000000000003E
:4042800000000000000000000000000000000000000000000000000000000000000000000000000000000000000000000000000000000000000000000000000000000000FE
:4042C00000000000000000000000000000000000000000000000000000000000000000000000000000000000000000000000000000000000000000000000000000000000BE
:40430000000000000000000000000000000000000000000000000000000000000000000000000000000000000000000000000000000000000000000000000000000000007D
:40434000000000000000000000000000000000000000000000000000000000000000000000000000000000000000000000000000000000000000000000000000000000003D
:4043800000000000000000000000000000000000000000000000000000000000000000000000000000000000000000000000000000000000000000000000000000000000FD
:4043C00000000000000000000000000000000000000000000000000000000000000000000000000000000000000000000000000000000000000000000000000000000000BD
:40440000000000000000000000000000000000000000000000000000000000000000000000000000000000000000000000000000000000000000000000000000000000007C
:40444000000000000000000000000000000000000000000000000000000000000000000000000000000000000000000000000000000000000000000000000000000000003C
:4044800000000000000000000000000000000000000000000000000000000000000000000000000000000000000000000000000000000000000000000000000000000000FC
:4044C00000000000000000000000000000000000000000000000000000000000000000000000000000000000000000000000000000000000000000000000000000000000BC
:40450000000000000000000000000000000000000000000000000000000000000000000000000000000000000000000000000000000000000000000000000000000000007B
:40454000000000000000000000000000000000000000000000000000000000000000000000000000000000000000000000000000000000000000000000000000000000003B
:4045800000000000000000000000000000000000000000000000000000000000000000000000000000000000000000000000000000000000000000000000000000000000FB
:4045C00000000000000000000000000000000000000000000000000000000000000000000000000000000000000000000000000000000000000000000000000000000000BB
:40460000000000000000000000000000000000000000000000000000000000000000000000000000000000000000000000000000000000000000000000000000000000007A
:40464000000000000000000000000000000000000000000000000000000000000000000000000000000000000000000000000000000000000000000000000000000000003A
:4046800000000000000000000000000000000000000000000000000000000000000000000000000000000000000000000000000000000000000000000000000000000000FA
:4046C00000000000000000000000000000000000000000000000000000000000000000000000000000000000000000000000000000000000000000000000000000000000BA
:404700000000000000000000000000000000000000000000000000000000000000000000000000000000000000000000000000000000000000000000000000000000000079
:404740000000000000000000000000000000000000000000000000000000000000000000000000000000000000000000000000000000000000000000000000000000000039
:4047800000000000000000000000000000000000000000000000000000000000000000000000000000000000000000000000000000000000000000000000000000000000F9
:4047C00000000000000000000000000000000000000000000000000000000000000000000000000000000000000000000000000000000000000000000000000000000000B9
:404800000000000000000000000000000000000000000000000000000000000000000000000000000000000000000000000000000000000000000000000000000000000078
:404840000000000000000000000000000000000000000000000000000000000000000000000000000000000000000000000000000000000000000000000000000000000038
:4048800000000000000000000000000000000000000000000000000000000000000000000000000000000000000000000000000000000000000000000000000000000000F8
:4048C00000000000000000000000000000000000000000000000000000000000000000000000000000000000000000000000000000000000000000000000000000000000B8
:404900000000000000000000000000000000000000000000000000000000000000000000000000000000000000000000000000000000000000000000000000000000000077
:404940000000000000000000000000000000000000000000000000000000000000000000000000000000000000000000000000000000000000000000000000000000000037
:4049800000000000000000000000000000000000000000000000000000000000000000000000000000000000000000000000000000000000000000000000000000000000F7
:4049C00000000000000000000000000000000000000000000000000000000000000000000000000000000000000000000000000000000000000000000000000000000000B7
:404A00000000000000000000000000000000000000000000000000000000000000000000000000000000000000000000000000000000000000000000000000000000000076
:404A40000000000000000000000000000000000000000000000000000000000000000000000000000000000000000000000000000000000000000000000000000000000036
:404A800000000000000000000000000000000000000000000000000000000000000000000000000000000000000000000000000000000000000000000000000000000000F6
:404AC00000000000000000000000000000000000000000000000000000000000000000000000000000000000000000000000000000000000000000000000000000000000B6
:404B00000000000000000000000000000000000000000000000000000000000000000000000000000000000000000000000000000000000000000000000000000000000075
:404B40000000000000000000000000000000000000000000000000000000000000000000000000000000000000000000000000000000000000000000000000000000000035
:404B800000000000000000000000000000000000000000000000000000000000000000000000000000000000000000000000000000000000000000000000000000000000F5
:404BC00000000000000000000000000000000000000000000000000000000000000000000000000000000000000000000000000000000000000000000000000000000000B5
:404C00000000000000000000000000000000000000000000000000000000000000000000000000000000000000000000000000000000000000000000000000000000000074
:404C40000000000000000000000000000000000000000000000000000000000000000000000000000000000000000000000000000000000000000000000000000000000034
:404C800000000000000000000000000000000000000000000000000000000000000000000000000000000000000000000000000000000000000000000000000000000000F4
:404CC00000000000000000000000000000000000000000000000000000000000000000000000000000000000000000000000000000000000000000000000000000000000B4
:404D00000000000000000000000000000000000000000000000000000000000000000000000000000000000000000000000000000000000000000000000000000000000073
:404D40000000000000000000000000000000000000000000000000000000000000000000000000000000000000000000000000000000000000000000000000000000000033
:404D800000000000000000000000000000000000000000000000000000000000000000000000000000000000000000000000000000000000000000000000000000000000F3
:404DC00000000000000000000000000000000000000000000000000000000000000000000000000000000000000000000000000000000000000000000000000000000000B3
:404E00000000000000000000000000000000000000000000000000000000000000000000000000000000000000000000000000000000000000000000000000000000000072
:404E40000000000000000000000000000000000000000000000000000000000000000000000000000000000000000000000000000000000000000000000000000000000032
:404E800000000000000000000000000000000000000000000000000000000000000000000000000000000000000000000000000000000000000000000000000000000000F2
:404EC00000000000000000000000000000000000000000000000000000000000000000000000000000000000000000000000000000000000000000000000000000000000B2
:404F00000000000000000000000000000000000000000000000000000000000000000000000000000000000000000000000000000000000000000000000000000000000071
:404F40000000000000000000000000000000000000000000000000000000000000000000000000000000000000000000000000000000000000000000000000000000000031
:404F800000000000000000000000000000000000000000000000000000000000000000000000000000000000000000000000000000000000000000000000000000000000F1
:404FC00000000000000000000000000000000000000000000000000000000000000000000000000000000000000000000000000000000000000000000000000000000000B1
:405000000000000000000000000000000000000000000000000000000000000000000000000000000000000000000000000000000000000000000000000000000000000070
:405040000000000000000000000000000000000000000000000000000000000000000000000000000000000000000000000000000000000000000000000000000000000030
:4050800000000000000000000000000000000000000000000000000000000000000000000000000000000000000000000000000000000000000000000000000000000000F0
:4050C00000000000000000000000000000000000000000000000000000000000000000000000000000000000000000000000000000000000000000000000000000000000B0
:40510000000000000000000000000000000000000000000000000000000000000000000000000000000000000000000000000000000000000000000000000000000000006F
:40514000000000000000000000000000000000000000000000000000000000000000000000000000000000000000000000000000000000000000000000000000000000002F
:4051800000000000000000000000000000000000000000000000000000000000000000000000000000000000000000000000000000000000000000000000000000000000EF
:4051C00000000000000000000000000000000000000000000000000000000000000000000000000000000000000000000000000000000000000000000000000000000000AF
:40520000000000000000000000000000000000000000000000000000000000000000000000000000000000000000000000000000000000000000000000000000000000006E
:40524000000000000000000000000000000000000000000000000000000000000000000000000000000000000000000000000000000000000000000000000000000000002E
:4052800000000000000000000000000000000000000000000000000000000000000000000000000000000000000000000000000000000000000000000000000000000000EE
:4052C00000000000000000000000000000000000000000000000000000000000000000000000000000000000000000000000000000000000000000000000000000000000AE
:40530000000000000000000000000000000000000000000000000000000000000000000000000000000000000000000000000000000000000000000000000000000000006D
:40534000000000000000000000000000000000000000000000000000000000000000000000000000000000000000000000000000000000000000000000000000000000002D
:4053800000000000000000000000000000000000000000000000000000000000000000000000000000000000000000000000000000000000000000000000000000000000ED
:4053C00000000000000000000000000000000000000000000000000000000000000000000000000000000000000000000000000000000000000000000000000000000000AD
:40540000000000000000000000000000000000000000000000000000000000000000000000000000000000000000000000000000000000000000000000000000000000006C
:40544000000000000000000000000000000000000000000000000000000000000000000000000000000000000000000000000000000000000000000000000000000000002C
:4054800000000000000000000000000000000000000000000000000000000000000000000000000000000000000000000000000000000000000000000000000000000000EC
:4054C00000000000000000000000000000000000000000000000000000000000000000000000000000000000000000000000000000000000000000000000000000000000AC
:40550000000000000000000000000000000000000000000000000000000000000000000000000000000000000000000000000000000000000000000000000000000000006B
:40554000000000000000000000000000000000000000000000000000000000000000000000000000000000000000000000000000000000000000000000000000000000002B
:4055800000000000000000000000000000000000000000000000000000000000000000000000000000000000000000000000000000000000000000000000000000000000EB
:4055C00000000000000000000000000000000000000000000000000000000000000000000000000000000000000000000000000000000000000000000000000000000000AB
:40560000000000000000000000000000000000000000000000000000000000000000000000000000000000000000000000000000000000000000000000000000000000006A
:40564000000000000000000000000000000000000000000000000000000000000000000000000000000000000000000000000000000000000000000000000000000000002A
:4056800000000000000000000000000000000000000000000000000000000000000000000000000000000000000000000000000000000000000000000000000000000000EA
:4056C00000000000000000000000000000000000000000000000000000000000000000000000000000000000000000000000000000000000000000000000000000000000AA
:405700000000000000000000000000000000000000000000000000000000000000000000000000000000000000000000000000000000000000000000000000000000000069
:405740000000000000000000000000000000000000000000000000000000000000000000000000000000000000000000000000000000000000000000000000000000000029
:4057800000000000000000000000000000000000000000000000000000000000000000000000000000000000000000000000000000000000000000000000000000000000E9
:4057C00000000000000000000000000000000000000000000000000000000000000000000000000000000000000000000000000000000000000000000000000000000000A9
:405800000000000000000000000000000000000000000000000000000000000000000000000000000000000000000000000000000000000000000000000000000000000068
:405840000000000000000000000000000000000000000000000000000000000000000000000000000000000000000000000000000000000000000000000000000000000028
:4058800000000000000000000000000000000000000000000000000000000000000000000000000000000000000000000000000000000000000000000000000000000000E8
:4058C00000000000000000000000000000000000000000000000000000000000000000000000000000000000000000000000000000000000000000000000000000000000A8
:405900000000000000000000000000000000000000000000000000000000000000000000000000000000000000000000000000000000000000000000000000000000000067
:405940000000000000000000000000000000000000000000000000000000000000000000000000000000000000000000000000000000000000000000000000000000000027
:4059800000000000000000000000000000000000000000000000000000000000000000000000000000000000000000000000000000000000000000000000000000000000E7
:4059C00000000000000000000000000000000000000000000000000000000000000000000000000000000000000000000000000000000000000000000000000000000000A7
:405A00000000000000000000000000000000000000000000000000000000000000000000000000000000000000000000000000000000000000000000000000000000000066
:405A40000000000000000000000000000000000000000000000000000000000000000000000000000000000000000000000000000000000000000000000000000000000026
:405A800000000000000000000000000000000000000000000000000000000000000000000000000000000000000000000000000000000000000000000000000000000000E6
:405AC00000000000000000000000000000000000000000000000000000000000000000000000000000000000000000000000000000000000000000000000000000000000A6
:405B00000000000000000000000000000000000000000000000000000000000000000000000000000000000000000000000000000000000000000000000000000000000065
:405B40000000000000000000000000000000000000000000000000000000000000000000000000000000000000000000000000000000000000000000000000000000000025
:405B800000000000000000000000000000000000000000000000000000000000000000000000000000000000000000000000000000000000000000000000000000000000E5
:405BC00000000000000000000000000000000000000000000000000000000000000000000000000000000000000000000000000000000000000000000000000000000000A5
:405C00000000000000000000000000000000000000000000000000000000000000000000000000000000000000000000000000000000000000000000000000000000000064
:405C40000000000000000000000000000000000000000000000000000000000000000000000000000000000000000000000000000000000000000000000000000000000024
:405C800000000000000000000000000000000000000000000000000000000000000000000000000000000000000000000000000000000000000000000000000000000000E4
:405CC00000000000000000000000000000000000000000000000000000000000000000000000000000000000000000000000000000000000000000000000000000000000A4
:405D00000000000000000000000000000000000000000000000000000000000000000000000000000000000000000000000000000000000000000000000000000000000063
:405D40000000000000000000000000000000000000000000000000000000000000000000000000000000000000000000000000000000000000000000000000000000000023
:405D800000000000000000000000000000000000000000000000000000000000000000000000000000000000000000000000000000000000000000000000000000000000E3
:405DC00000000000000000000000000000000000000000000000000000000000000000000000000000000000000000000000000000000000000000000000000000000000A3
:405E00000000000000000000000000000000000000000000000000000000000000000000000000000000000000000000000000000000000000000000000000000000000062
:405E40000000000000000000000000000000000000000000000000000000000000000000000000000000000000000000000000000000000000000000000000000000000022
:405E800000000000000000000000000000000000000000000000000000000000000000000000000000000000000000000000000000000000000000000000000000000000E2
:405EC00000000000000000000000000000000000000000000000000000000000000000000000000000000000000000000000000000000000000000000000000000000000A2
:405F00000000000000000000000000000000000000000000000000000000000000000000000000000000000000000000000000000000000000000000000000000000000061
:405F40000000000000000000000000000000000000000000000000000000000000000000000000000000000000000000000000000000000000000000000000000000000021
:405F800000000000000000000000000000000000000000000000000000000000000000000000000000000000000000000000000000000000000000000000000000000000E1
:405FC00000000000000000000000000000000000000000000000000000000000000000000000000000000000000000000000000000000000000000000000000000000000A1
:406000000000000000000000000000000000000000000000000000000000000000000000000000000000000000000000000000000000000000000000000000000000000060
:406040000000000000000000000000000000000000000000000000000000000000000000000000000000000000000000000000000000000000000000000000000000000020
:4060800000000000000000000000000000000000000000000000000000000000000000000000000000000000000000000000000000000000000000000000000000000000E0
:4060C00000000000000000000000000000000000000000000000000000000000000000000000000000000000000000000000000000000000000000000000000000000000A0
:40610000000000000000000000000000000000000000000000000000000000000000000000000000000000000000000000000000000000000000000000000000000000005F
:40614000000000000000000000000000000000000000000000000000000000000000000000000000000000000000000000000000000000000000000000000000000000001F
:4061800000000000000000000000000000000000000000000000000000000000000000000000000000000000000000000000000000000000000000000000000000000000DF
:4061C000000000000000000000000000000000000000000000000000000000000000000000000000000000000000000000000000000000000000000000000000000000009F
:40620000000000000000000000000000000000000000000000000000000000000000000000000000000000000000000000000000000000000000000000000000000000005E
:40624000000000000000000000000000000000000000000000000000000000000000000000000000000000000000000000000000000000000000000000000000000000001E
:4062800000000000000000000000000000000000000000000000000000000000000000000000000000000000000000000000000000000000000000000000000000000000DE
:4062C000000000000000000000000000000000000000000000000000000000000000000000000000000000000000000000000000000000000000000000000000000000009E
:40630000000000000000000000000000000000000000000000000000000000000000000000000000000000000000000000000000000000000000000000000000000000005D
:40634000000000000000000000000000000000000000000000000000000000000000000000000000000000000000000000000000000000000000000000000000000000001D
:4063800000000000000000000000000000000000000000000000000000000000000000000000000000000000000000000000000000000000000000000000000000000000DD
:4063C000000000000000000000000000000000000000000000000000000000000000000000000000000000000000000000000000000000000000000000000000000000009D
:40640000000000000000000000000000000000000000000000000000000000000000000000000000000000000000000000000000000000000000000000000000000000005C
:40644000000000000000000000000000000000000000000000000000000000000000000000000000000000000000000000000000000000000000000000000000000000001C
:4064800000000000000000000000000000000000000000000000000000000000000000000000000000000000000000000000000000000000000000000000000000000000DC
:4064C000000000000000000000000000000000000000000000000000000000000000000000000000000000000000000000000000000000000000000000000000000000009C
:40650000000000000000000000000000000000000000000000000000000000000000000000000000000000000000000000000000000000000000000000000000000000005B
:40654000000000000000000000000000000000000000000000000000000000000000000000000000000000000000000000000000000000000000000000000000000000001B
:4065800000000000000000000000000000000000000000000000000000000000000000000000000000000000000000000000000000000000000000000000000000000000DB
:4065C000000000000000000000000000000000000000000000000000000000000000000000000000000000000000000000000000000000000000000000000000000000009B
:40660000000000000000000000000000000000000000000000000000000000000000000000000000000000000000000000000000000000000000000000000000000000005A
:40664000000000000000000000000000000000000000000000000000000000000000000000000000000000000000000000000000000000000000000000000000000000001A
:4066800000000000000000000000000000000000000000000000000000000000000000000000000000000000000000000000000000000000000000000000000000000000DA
:4066C000000000000000000000000000000000000000000000000000000000000000000000000000000000000000000000000000000000000000000000000000000000009A
:406700000000000000000000000000000000000000000000000000000000000000000000000000000000000000000000000000000000000000000000000000000000000059
:406740000000000000000000000000000000000000000000000000000000000000000000000000000000000000000000000000000000000000000000000000000000000019
:4067800000000000000000000000000000000000000000000000000000000000000000000000000000000000000000000000000000000000000000000000000000000000D9
:4067C0000000000000000000000000000000000000000000000000000000000000000000000000000000000000000000000000000000000000000000000000000000000099
:406800000000000000000000000000000000000000000000000000000000000000000000000000000000000000000000000000000000000000000000000000000000000058
:406840000000000000000000000000000000000000000000000000000000000000000000000000000000000000000000000000000000000000000000000000000000000018
:4068800000000000000000000000000000000000000000000000000000000000000000000000000000000000000000000000000000000000000000000000000000000000D8
:4068C0000000000000000000000000000000000000000000000000000000000000000000000000000000000000000000000000000000000000000000000000000000000098
:406900000000000000000000000000000000000000000000000000000000000000000000000000000000000000000000000000000000000000000000000000000000000057
:406940000000000000000000000000000000000000000000000000000000000000000000000000000000000000000000000000000000000000000000000000000000000017
:4069800000000000000000000000000000000000000000000000000000000000000000000000000000000000000000000000000000000000000000000000000000000000D7
:4069C0000000000000000000000000000000000000000000000000000000000000000000000000000000000000000000000000000000000000000000000000000000000097
:406A00000000000000000000000000000000000000000000000000000000000000000000000000000000000000000000000000000000000000000000000000000000000056
:406A40000000000000000000000000000000000000000000000000000000000000000000000000000000000000000000000000000000000000000000000000000000000016
:406A800000000000000000000000000000000000000000000000000000000000000000000000000000000000000000000000000000000000000000000000000000000000D6
:406AC0000000000000000000000000000000000000000000000000000000000000000000000000000000000000000000000000000000000000000000000000000000000096
:406B00000000000000000000000000000000000000000000000000000000000000000000000000000000000000000000000000000000000000000000000000000000000055
:406B40000000000000000000000000000000000000000000000000000000000000000000000000000000000000000000000000000000000000000000000000000000000015
:406B800000000000000000000000000000000000000000000000000000000000000000000000000000000000000000000000000000000000000000000000000000000000D5
:406BC0000000000000000000000000000000000000000000000000000000000000000000000000000000000000000000000000000000000000000000000000000000000095
:406C00000000000000000000000000000000000000000000000000000000000000000000000000000000000000000000000000000000000000000000000000000000000054
:406C40000000000000000000000000000000000000000000000000000000000000000000000000000000000000000000000000000000000000000000000000000000000014
:406C800000000000000000000000000000000000000000000000000000000000000000000000000000000000000000000000000000000000000000000000000000000000D4
:406CC0000000000000000000000000000000000000000000000000000000000000000000000000000000000000000000000000000000000000000000000000000000000094
:406D00000000000000000000000000000000000000000000000000000000000000000000000000000000000000000000000000000000000000000000000000000000000053
:406D40000000000000000000000000000000000000000000000000000000000000000000000000000000000000000000000000000000000000000000000000000000000013
:406D800000000000000000000000000000000000000000000000000000000000000000000000000000000000000000000000000000000000000000000000000000000000D3
:406DC0000000000000000000000000000000000000000000000000000000000000000000000000000000000000000000000000000000000000000000000000000000000093
:406E00000000000000000000000000000000000000000000000000000000000000000000000000000000000000000000000000000000000000000000000000000000000052
:406E40000000000000000000000000000000000000000000000000000000000000000000000000000000000000000000000000000000000000000000000000000000000012
:406E800000000000000000000000000000000000000000000000000000000000000000000000000000000000000000000000000000000000000000000000000000000000D2
:406EC0000000000000000000000000000000000000000000000000000000000000000000000000000000000000000000000000000000000000000000000000000000000092
:406F00000000000000000000000000000000000000000000000000000000000000000000000000000000000000000000000000000000000000000000000000000000000051
:406F40000000000000000000000000000000000000000000000000000000000000000000000000000000000000000000000000000000000000000000000000000000000011
:406F800000000000000000000000000000000000000000000000000000000000000000000000000000000000000000000000000000000000000000000000000000000000D1
:406FC0000000000000000000000000000000000000000000000000000000000000000000000000000000000000000000000000000000000000000000000000000000000091
:407000000000000000000000000000000000000000000000000000000000000000000000000000000000000000000000000000000000000000000000000000000000000050
:407040000000000000000000000000000000000000000000000000000000000000000000000000000000000000000000000000000000000000000000000000000000000010
:4070800000000000000000000000000000000000000000000000000000000000000000000000000000000000000000000000000000000000000000000000000000000000D0
:4070C0000000000000000000000000000000000000000000000000000000000000000000000000000000000000000000000000000000000000000000000000000000000090
:40710000000000000000000000000000000000000000000000000000000000000000000000000000000000000000000000000000000000000000000000000000000000004F
:40714000000000000000000000000000000000000000000000000000000000000000000000000000000000000000000000000000000000000000000000000000000000000F
:4071800000000000000000000000000000000000000000000000000000000000000000000000000000000000000000000000000000000000000000000000000000000000CF
:4071C000000000000000000000000000000000000000000000000000000000000000000000000000000000000000000000000000000000000000000000000000000000008F
:40720000000000000000000000000000000000000000000000000000000000000000000000000000000000000000000000000000000000000000000000000000000000004E
:40724000000000000000000000000000000000000000000000000000000000000000000000000000000000000000000000000000000000000000000000000000000000000E
:4072800000000000000000000000000000000000000000000000000000000000000000000000000000000000000000000000000000000000000000000000000000000000CE
:4072C000000000000000000000000000000000000000000000000000000000000000000000000000000000000000000000000000000000000000000000000000000000008E
:40730000000000000000000000000000000000000000000000000000000000000000000000000000000000000000000000000000000000000000000000000000000000004D
:40734000000000000000000000000000000000000000000000000000000000000000000000000000000000000000000000000000000000000000000000000000000000000D
:4073800000000000000000000000000000000000000000000000000000000000000000000000000000000000000000000000000000000000000000000000000000000000CD
:4073C000000000000000000000000000000000000000000000000000000000000000000000000000000000000000000000000000000000000000000000000000000000008D
:40740000000000000000000000000000000000000000000000000000000000000000000000000000000000000000000000000000000000000000000000000000000000004C
:40744000000000000000000000000000000000000000000000000000000000000000000000000000000000000000000000000000000000000000000000000000000000000C
:4074800000000000000000000000000000000000000000000000000000000000000000000000000000000000000000000000000000000000000000000000000000000000CC
:4074C000000000000000000000000000000000000000000000000000000000000000000000000000000000000000000000000000000000000000000000000000000000008C
:40750000000000000000000000000000000000000000000000000000000000000000000000000000000000000000000000000000000000000000000000000000000000004B
:40754000000000000000000000000000000000000000000000000000000000000000000000000000000000000000000000000000000000000000000000000000000000000B
:4075800000000000000000000000000000000000000000000000000000000000000000000000000000000000000000000000000000000000000000000000000000000000CB
:4075C000000000000000000000000000000000000000000000000000000000000000000000000000000000000000000000000000000000000000000000000000000000008B
:40760000000000000000000000000000000000000000000000000000000000000000000000000000000000000000000000000000000000000000000000000000000000004A
:40764000000000000000000000000000000000000000000000000000000000000000000000000000000000000000000000000000000000000000000000000000000000000A
:4076800000000000000000000000000000000000000000000000000000000000000000000000000000000000000000000000000000000000000000000000000000000000CA
:4076C000000000000000000000000000000000000000000000000000000000000000000000000000000000000000000000000000000000000000000000000000000000008A
:407700000000000000000000000000000000000000000000000000000000000000000000000000000000000000000000000000000000000000000000000000000000000049
:407740000000000000000000000000000000000000000000000000000000000000000000000000000000000000000000000000000000000000000000000000000000000009
:4077800000000000000000000000000000000000000000000000000000000000000000000000000000000000000000000000000000000000000000000000000000000000C9
:4077C0000000000000000000000000000000000000000000000000000000000000000000000000000000000000000000000000000000000000000000000000000000000089
:407800000000000000000000000000000000000000000000000000000000000000000000000000000000000000000000000000000000000000000000000000000000000048
:407840000000000000000000000000000000000000000000000000000000000000000000000000000000000000000000000000000000000000000000000000000000000008
:4078800000000000000000000000000000000000000000000000000000000000000000000000000000000000000000000000000000000000000000000000000000000000C8
:4078C0000000000000000000000000000000000000000000000000000000000000000000000000000000000000000000000000000000000000000000000000000000000088
:407900000000000000000000000000000000000000000000000000000000000000000000000000000000000000000000000000000000000000000000000000000000000047
:407940000000000000000000000000000000000000000000000000000000000000000000000000000000000000000000000000000000000000000000000000000000000007
:4079800000000000000000000000000000000000000000000000000000000000000000000000000000000000000000000000000000000000000000000000000000000000C7
:4079C0000000000000000000000000000000000000000000000000000000000000000000000000000000000000000000000000000000000000000000000000000000000087
:407A00000000000000000000000000000000000000000000000000000000000000000000000000000000000000000000000000000000000000000000000000000000000046
:407A40000000000000000000000000000000000000000000000000000000000000000000000000000000000000000000000000000000000000000000000000000000000006
:407A800000000000000000000000000000000000000000000000000000000000000000000000000000000000000000000000000000000000000000000000000000000000C6
:407AC0000000000000000000000000000000000000000000000000000000000000000000000000000000000000000000000000000000000000000000000000000000000086
:407B00000000000000000000000000000000000000000000000000000000000000000000000000000000000000000000000000000000000000000000000000000000000045
:407B40000000000000000000000000000000000000000000000000000000000000000000000000000000000000000000000000000000000000000000000000000000000005
:407B800000000000000000000000000000000000000000000000000000000000000000000000000000000000000000000000000000000000000000000000000000000000C5
:407BC0000000000000000000000000000000000000000000000000000000000000000000000000000000000000000000000000000000000000000000000000000000000085
:407C00000000000000000000000000000000000000000000000000000000000000000000000000000000000000000000000000000000000000000000000000000000000044
:407C40000000000000000000000000000000000000000000000000000000000000000000000000000000000000000000000000000000000000000000000000000000000004
:407C800000000000000000000000000000000000000000000000000000000000000000000000000000000000000000000000000000000000000000000000000000000000C4
:407CC0000000000000000000000000000000000000000000000000000000000000000000000000000000000000000000000000000000000000000000000000000000000084
:407D00000000000000000000000000000000000000000000000000000000000000000000000000000000000000000000000000000000000000000000000000000000000043
:407D40000000000000000000000000000000000000000000000000000000000000000000000000000000000000000000000000000000000000000000000000000000000003
:407D800000000000000000000000000000000000000000000000000000000000000000000000000000000000000000000000000000000000000000000000000000000000C3
:407DC0000000000000000000000000000000000000000000000000000000000000000000000000000000000000000000000000000000000000000000000000000000000083
:407E00000000000000000000000000000000000000000000000000000000000000000000000000000000000000000000000000000000000000000000000000000000000042
:407E40000000000000000000000000000000000000000000000000000000000000000000000000000000000000000000000000000000000000000000000000000000000002
:407E800000000000000000000000000000000000000000000000000000000000000000000000000000000000000000000000000000000000000000000000000000000000C2
:407EC0000000000000000000000000000000000000000000000000000000000000000000000000000000000000000000000000000000000000000000000000000000000082
:407F00000000000000000000000000000000000000000000000000000000000000000000000000000000000000000000000000000000000000000000000000000000000041
:407F40000000000000000000000000000000000000000000000000000000000000000000000000000000000000000000000000000000000000000000000000000000000001
:407F800000000000000000000000000000000000000000000000000000000000000000000000000000000000000000000000000000000000000000000000000000000000C1
:407FC0000000000000000000000000000000000000000000000000000000000000000000000000000000000000000000000000000000000000000000000000000000000081
:408000000000000000000000000000000000000000000000000000000000000000000000000000000000000000000000000000000000000000000000000000000000000040
:408040000000000000000000000000000000000000000000000000000000000000000000000000000000000000000000000000000000000000000000000000000000000000
:4080800000000000000000000000000000000000000000000000000000000000000000000000000000000000000000000000000000000000000000000000000000000000C0
:4080C0000000000000000000000000000000000000000000000000000000000000000000000000000000000000000000000000000000000000000000000000000000000080
:40810000000000000000000000000000000000000000000000000000000000000000000000000000000000000000000000000000000000000000000000000000000000003F
:4081400000000000000000000000000000000000000000000000000000000000000000000000000000000000000000000000000000000000000000000000000000000000FF
:4081800000000000000000000000000000000000000000000000000000000000000000000000000000000000000000000000000000000000000000000000000000000000BF
:4081C000000000000000000000000000000000000000000000000000000000000000000000000000000000000000000000000000000000000000000000000000000000007F
:40820000000000000000000000000000000000000000000000000000000000000000000000000000000000000000000000000000000000000000000000000000000000003E
:4082400000000000000000000000000000000000000000000000000000000000000000000000000000000000000000000000000000000000000000000000000000000000FE
:4082800000000000000000000000000000000000000000000000000000000000000000000000000000000000000000000000000000000000000000000000000000000000BE
:4082C000000000000000000000000000000000000000000000000000000000000000000000000000000000000000000000000000000000000000000000000000000000007E
:40830000000000000000000000000000000000000000000000000000000000000000000000000000000000000000000000000000000000000000000000000000000000003D
:4083400000000000000000000000000000000000000000000000000000000000000000000000000000000000000000000000000000000000000000000000000000000000FD
:4083800000000000000000000000000000000000000000000000000000000000000000000000000000000000000000000000000000000000000000000000000000000000BD
:4083C000000000000000000000000000000000000000000000000000000000000000000000000000000000000000000000000000000000000000000000000000000000007D
:40840000000000000000000000000000000000000000000000000000000000000000000000000000000000000000000000000000000000000000000000000000000000003C
:4084400000000000000000000000000000000000000000000000000000000000000000000000000000000000000000000000000000000000000000000000000000000000FC
:4084800000000000000000000000000000000000000000000000000000000000000000000000000000000000000000000000000000000000000000000000000000000000BC
:4084C000000000000000000000000000000000000000000000000000000000000000000000000000000000000000000000000000000000000000000000000000000000007C
:40850000000000000000000000000000000000000000000000000000000000000000000000000000000000000000000000000000000000000000000000000000000000003B
:4085400000000000000000000000000000000000000000000000000000000000000000000000000000000000000000000000000000000000000000000000000000000000FB
:4085800000000000000000000000000000000000000000000000000000000000000000000000000000000000000000000000000000000000000000000000000000000000BB
:4085C000000000000000000000000000000000000000000000000000000000000000000000000000000000000000000000000000000000000000000000000000000000007B
:40860000000000000000000000000000000000000000000000000000000000000000000000000000000000000000000000000000000000000000000000000000000000003A
:4086400000000000000000000000000000000000000000000000000000000000000000000000000000000000000000000000000000000000000000000000000000000000FA
:4086800000000000000000000000000000000000000000000000000000000000000000000000000000000000000000000000000000000000000000000000000000000000BA
:4086C000000000000000000000000000000000000000000000000000000000000000000000000000000000000000000000000000000000000000000000000000000000007A
:408700000000000000000000000000000000000000000000000000000000000000000000000000000000000000000000000000000000000000000000000000000000000039
:4087400000000000000000000000000000000000000000000000000000000000000000000000000000000000000000000000000000000000000000000000000000000000F9
:4087800000000000000000000000000000000000000000000000000000000000000000000000000000000000000000000000000000000000000000000000000000000000B9
:4087C0000000000000000000000000000000000000000000000000000000000000000000000000000000000000000000000000000000000000000000000000000000000079
:408800000000000000000000000000000000000000000000000000000000000000000000000000000000000000000000000000000000000000000000000000000000000038
:4088400000000000000000000000000000000000000000000000000000000000000000000000000000000000000000000000000000000000000000000000000000000000F8
:4088800000000000000000000000000000000000000000000000000000000000000000000000000000000000000000000000000000000000000000000000000000000000B8
:4088C0000000000000000000000000000000000000000000000000000000000000000000000000000000000000000000000000000000000000000000000000000000000078
:408900000000000000000000000000000000000000000000000000000000000000000000000000000000000000000000000000000000000000000000000000000000000037
:4089400000000000000000000000000000000000000000000000000000000000000000000000000000000000000000000000000000000000000000000000000000000000F7
:4089800000000000000000000000000000000000000000000000000000000000000000000000000000000000000000000000000000000000000000000000000000000000B7
:4089C0000000000000000000000000000000000000000000000000000000000000000000000000000000000000000000000000000000000000000000000000000000000077
:408A00000000000000000000000000000000000000000000000000000000000000000000000000000000000000000000000000000000000000000000000000000000000036
:408A400000000000000000000000000000000000000000000000000000000000000000000000000000000000000000000000000000000000000000000000000000000000F6
:408A800000000000000000000000000000000000000000000000000000000000000000000000000000000000000000000000000000000000000000000000000000000000B6
:408AC0000000000000000000000000000000000000000000000000000000000000000000000000000000000000000000000000000000000000000000000000000000000076
:408B00000000000000000000000000000000000000000000000000000000000000000000000000000000000000000000000000000000000000000000000000000000000035
:408B400000000000000000000000000000000000000000000000000000000000000000000000000000000000000000000000000000000000000000000000000000000000F5
:408B800000000000000000000000000000000000000000000000000000000000000000000000000000000000000000000000000000000000000000000000000000000000B5
:408BC0000000000000000000000000000000000000000000000000000000000000000000000000000000000000000000000000000000000000000000000000000000000075
:408C00000000000000000000000000000000000000000000000000000000000000000000000000000000000000000000000000000000000000000000000000000000000034
:408C400000000000000000000000000000000000000000000000000000000000000000000000000000000000000000000000000000000000000000000000000000000000F4
:408C800000000000000000000000000000000000000000000000000000000000000000000000000000000000000000000000000000000000000000000000000000000000B4
:408CC0000000000000000000000000000000000000000000000000000000000000000000000000000000000000000000000000000000000000000000000000000000000074
:408D00000000000000000000000000000000000000000000000000000000000000000000000000000000000000000000000000000000000000000000000000000000000033
:408D400000000000000000000000000000000000000000000000000000000000000000000000000000000000000000000000000000000000000000000000000000000000F3
:408D800000000000000000000000000000000000000000000000000000000000000000000000000000000000000000000000000000000000000000000000000000000000B3
:408DC0000000000000000000000000000000000000000000000000000000000000000000000000000000000000000000000000000000000000000000000000000000000073
:408E00000000000000000000000000000000000000000000000000000000000000000000000000000000000000000000000000000000000000000000000000000000000032
:408E400000000000000000000000000000000000000000000000000000000000000000000000000000000000000000000000000000000000000000000000000000000000F2
:408E800000000000000000000000000000000000000000000000000000000000000000000000000000000000000000000000000000000000000000000000000000000000B2
:408EC0000000000000000000000000000000000000000000000000000000000000000000000000000000000000000000000000000000000000000000000000000000000072
:408F00000000000000000000000000000000000000000000000000000000000000000000000000000000000000000000000000000000000000000000000000000000000031
:408F400000000000000000000000000000000000000000000000000000000000000000000000000000000000000000000000000000000000000000000000000000000000F1
:408F800000000000000000000000000000000000000000000000000000000000000000000000000000000000000000000000000000000000000000000000000000000000B1
:408FC0000000000000000000000000000000000000000000000000000000000000000000000000000000000000000000000000000000000000000000000000000000000071
:409000000000000000000000000000000000000000000000000000000000000000000000000000000000000000000000000000000000000000000000000000000000000030
:4090400000000000000000000000000000000000000000000000000000000000000000000000000000000000000000000000000000000000000000000000000000000000F0
:4090800000000000000000000000000000000000000000000000000000000000000000000000000000000000000000000000000000000000000000000000000000000000B0
:4090C0000000000000000000000000000000000000000000000000000000000000000000000000000000000000000000000000000000000000000000000000000000000070
:40910000000000000000000000000000000000000000000000000000000000000000000000000000000000000000000000000000000000000000000000000000000000002F
:4091400000000000000000000000000000000000000000000000000000000000000000000000000000000000000000000000000000000000000000000000000000000000EF
:4091800000000000000000000000000000000000000000000000000000000000000000000000000000000000000000000000000000000000000000000000000000000000AF
:4091C000000000000000000000000000000000000000000000000000000000000000000000000000000000000000000000000000000000000000000000000000000000006F
:40920000000000000000000000000000000000000000000000000000000000000000000000000000000000000000000000000000000000000000000000000000000000002E
:4092400000000000000000000000000000000000000000000000000000000000000000000000000000000000000000000000000000000000000000000000000000000000EE
:4092800000000000000000000000000000000000000000000000000000000000000000000000000000000000000000000000000000000000000000000000000000000000AE
:4092C000000000000000000000000000000000000000000000000000000000000000000000000000000000000000000000000000000000000000000000000000000000006E
:40930000000000000000000000000000000000000000000000000000000000000000000000000000000000000000000000000000000000000000000000000000000000002D
:4093400000000000000000000000000000000000000000000000000000000000000000000000000000000000000000000000000000000000000000000000000000000000ED
:4093800000000000000000000000000000000000000000000000000000000000000000000000000000000000000000000000000000000000000000000000000000000000AD
:4093C000000000000000000000000000000000000000000000000000000000000000000000000000000000000000000000000000000000000000000000000000000000006D
:40940000000000000000000000000000000000000000000000000000000000000000000000000000000000000000000000000000000000000000000000000000000000002C
:4094400000000000000000000000000000000000000000000000000000000000000000000000000000000000000000000000000000000000000000000000000000000000EC
:4094800000000000000000000000000000000000000000000000000000000000000000000000000000000000000000000000000000000000000000000000000000000000AC
:4094C000000000000000000000000000000000000000000000000000000000000000000000000000000000000000000000000000000000000000000000000000000000006C
:40950000000000000000000000000000000000000000000000000000000000000000000000000000000000000000000000000000000000000000000000000000000000002B
:4095400000000000000000000000000000000000000000000000000000000000000000000000000000000000000000000000000000000000000000000000000000000000EB
:4095800000000000000000000000000000000000000000000000000000000000000000000000000000000000000000000000000000000000000000000000000000000000AB
:4095C000000000000000000000000000000000000000000000000000000000000000000000000000000000000000000000000000000000000000000000000000000000006B
:40960000000000000000000000000000000000000000000000000000000000000000000000000000000000000000000000000000000000000000000000000000000000002A
:4096400000000000000000000000000000000000000000000000000000000000000000000000000000000000000000000000000000000000000000000000000000000000EA
:4096800000000000000000000000000000000000000000000000000000000000000000000000000000000000000000000000000000000000000000000000000000000000AA
:4096C000000000000000000000000000000000000000000000000000000000000000000000000000000000000000000000000000000000000000000000000000000000006A
:409700000000000000000000000000000000000000000000000000000000000000000000000000000000000000000000000000000000000000000000000000000000000029
:4097400000000000000000000000000000000000000000000000000000000000000000000000000000000000000000000000000000000000000000000000000000000000E9
:4097800000000000000000000000000000000000000000000000000000000000000000000000000000000000000000000000000000000000000000000000000000000000A9
:4097C0000000000000000000000000000000000000000000000000000000000000000000000000000000000000000000000000000000000000000000000000000000000069
:409800000000000000000000000000000000000000000000000000000000000000000000000000000000000000000000000000000000000000000000000000000000000028
:4098400000000000000000000000000000000000000000000000000000000000000000000000000000000000000000000000000000000000000000000000000000000000E8
:4098800000000000000000000000000000000000000000000000000000000000000000000000000000000000000000000000000000000000000000000000000000000000A8
:4098C0000000000000000000000000000000000000000000000000000000000000000000000000000000000000000000000000000000000000000000000000000000000068
:409900000000000000000000000000000000000000000000000000000000000000000000000000000000000000000000000000000000000000000000000000000000000027
:4099400000000000000000000000000000000000000000000000000000000000000000000000000000000000000000000000000000000000000000000000000000000000E7
:4099800000000000000000000000000000000000000000000000000000000000000000000000000000000000000000000000000000000000000000000000000000000000A7
:4099C0000000000000000000000000000000000000000000000000000000000000000000000000000000000000000000000000000000000000000000000000000000000067
:409A00000000000000000000000000000000000000000000000000000000000000000000000000000000000000000000000000000000000000000000000000000000000026
:409A400000000000000000000000000000000000000000000000000000000000000000000000000000000000000000000000000000000000000000000000000000000000E6
:409A800000000000000000000000000000000000000000000000000000000000000000000000000000000000000000000000000000000000000000000000000000000000A6
:409AC0000000000000000000000000000000000000000000000000000000000000000000000000000000000000000000000000000000000000000000000000000000000066
:409B00000000000000000000000000000000000000000000000000000000000000000000000000000000000000000000000000000000000000000000000000000000000025
:409B400000000000000000000000000000000000000000000000000000000000000000000000000000000000000000000000000000000000000000000000000000000000E5
:409B800000000000000000000000000000000000000000000000000000000000000000000000000000000000000000000000000000000000000000000000000000000000A5
:409BC0000000000000000000000000000000000000000000000000000000000000000000000000000000000000000000000000000000000000000000000000000000000065
:409C00000000000000000000000000000000000000000000000000000000000000000000000000000000000000000000000000000000000000000000000000000000000024
:409C400000000000000000000000000000000000000000000000000000000000000000000000000000000000000000000000000000000000000000000000000000000000E4
:409C800000000000000000000000000000000000000000000000000000000000000000000000000000000000000000000000000000000000000000000000000000000000A4
:409CC0000000000000000000000000000000000000000000000000000000000000000000000000000000000000000000000000000000000000000000000000000000000064
:409D00000000000000000000000000000000000000000000000000000000000000000000000000000000000000000000000000000000000000000000000000000000000023
:409D400000000000000000000000000000000000000000000000000000000000000000000000000000000000000000000000000000000000000000000000000000000000E3
:409D800000000000000000000000000000000000000000000000000000000000000000000000000000000000000000000000000000000000000000000000000000000000A3
:409DC0000000000000000000000000000000000000000000000000000000000000000000000000000000000000000000000000000000000000000000000000000000000063
:409E00000000000000000000000000000000000000000000000000000000000000000000000000000000000000000000000000000000000000000000000000000000000022
:409E400000000000000000000000000000000000000000000000000000000000000000000000000000000000000000000000000000000000000000000000000000000000E2
:409E800000000000000000000000000000000000000000000000000000000000000000000000000000000000000000000000000000000000000000000000000000000000A2
:409EC0000000000000000000000000000000000000000000000000000000000000000000000000000000000000000000000000000000000000000000000000000000000062
:409F00000000000000000000000000000000000000000000000000000000000000000000000000000000000000000000000000000000000000000000000000000000000021
:409F400000000000000000000000000000000000000000000000000000000000000000000000000000000000000000000000000000000000000000000000000000000000E1
:409F800000000000000000000000000000000000000000000000000000000000000000000000000000000000000000000000000000000000000000000000000000000000A1
:409FC0000000000000000000000000000000000000000000000000000000000000000000000000000000000000000000000000000000000000000000000000000000000061
:40A000000000000000000000000000000000000000000000000000000000000000000000000000000000000000000000000000000000000000000000000000000000000020
:40A0400000000000000000000000000000000000000000000000000000000000000000000000000000000000000000000000000000000000000000000000000000000000E0
:40A0800000000000000000000000000000000000000000000000000000000000000000000000000000000000000000000000000000000000000000000000000000000000A0
:40A0C0000000000000000000000000000000000000000000000000000000000000000000000000000000000000000000000000000000000000000000000000000000000060
:40A10000000000000000000000000000000000000000000000000000000000000000000000000000000000000000000000000000000000000000000000000000000000001F
:40A1400000000000000000000000000000000000000000000000000000000000000000000000000000000000000000000000000000000000000000000000000000000000DF
:40A18000000000000000000000000000000000000000000000000000000000000000000000000000000000000000000000000000000000000000000000000000000000009F
:40A1C000000000000000000000000000000000000000000000000000000000000000000000000000000000000000000000000000000000000000000000000000000000005F
:40A20000000000000000000000000000000000000000000000000000000000000000000000000000000000000000000000000000000000000000000000000000000000001E
:40A2400000000000000000000000000000000000000000000000000000000000000000000000000000000000000000000000000000000000000000000000000000000000DE
:40A28000000000000000000000000000000000000000000000000000000000000000000000000000000000000000000000000000000000000000000000000000000000009E
:40A2C000000000000000000000000000000000000000000000000000000000000000000000000000000000000000000000000000000000000000000000000000000000005E
:40A30000000000000000000000000000000000000000000000000000000000000000000000000000000000000000000000000000000000000000000000000000000000001D
:40A3400000000000000000000000000000000000000000000000000000000000000000000000000000000000000000000000000000000000000000000000000000000000DD
:40A38000000000000000000000000000000000000000000000000000000000000000000000000000000000000000000000000000000000000000000000000000000000009D
:40A3C000000000000000000000000000000000000000000000000000000000000000000000000000000000000000000000000000000000000000000000000000000000005D
:40A40000000000000000000000000000000000000000000000000000000000000000000000000000000000000000000000000000000000000000000000000000000000001C
:40A4400000000000000000000000000000000000000000000000000000000000000000000000000000000000000000000000000000000000000000000000000000000000DC
:40A48000000000000000000000000000000000000000000000000000000000000000000000000000000000000000000000000000000000000000000000000000000000009C
:40A4C000000000000000000000000000000000000000000000000000000000000000000000000000000000000000000000000000000000000000000000000000000000005C
:40A50000000000000000000000000000000000000000000000000000000000000000000000000000000000000000000000000000000000000000000000000000000000001B
:40A5400000000000000000000000000000000000000000000000000000000000000000000000000000000000000000000000000000000000000000000000000000000000DB
:40A58000000000000000000000000000000000000000000000000000000000000000000000000000000000000000000000000000000000000000000000000000000000009B
:40A5C000000000000000000000000000000000000000000000000000000000000000000000000000000000000000000000000000000000000000000000000000000000005B
:40A60000000000000000000000000000000000000000000000000000000000000000000000000000000000000000000000000000000000000000000000000000000000001A
:40A6400000000000000000000000000000000000000000000000000000000000000000000000000000000000000000000000000000000000000000000000000000000000DA
:40A68000000000000000000000000000000000000000000000000000000000000000000000000000000000000000000000000000000000000000000000000000000000009A
:40A6C000000000000000000000000000000000000000000000000000000000000000000000000000000000000000000000000000000000000000000000000000000000005A
:40A700000000000000000000000000000000000000000000000000000000000000000000000000000000000000000000000000000000000000000000000000000000000019
:40A7400000000000000000000000000000000000000000000000000000000000000000000000000000000000000000000000000000000000000000000000000000000000D9
:40A780000000000000000000000000000000000000000000000000000000000000000000000000000000000000000000000000000000000000000000000000000000000099
:40A7C0000000000000000000000000000000000000000000000000000000000000000000000000000000000000000000000000000000000000000000000000000000000059
:40A800000000000000000000000000000000000000000000000000000000000000000000000000000000000000000000000000000000000000000000000000000000000018
:40A8400000000000000000000000000000000000000000000000000000000000000000000000000000000000000000000000000000000000000000000000000000000000D8
:40A880000000000000000000000000000000000000000000000000000000000000000000000000000000000000000000000000000000000000000000000000000000000098
:40A8C0000000000000000000000000000000000000000000000000000000000000000000000000000000000000000000000000000000000000000000000000000000000058
:40A900000000000000000000000000000000000000000000000000000000000000000000000000000000000000000000000000000000000000000000000000000000000017
:40A9400000000000000000000000000000000000000000000000000000000000000000000000000000000000000000000000000000000000000000000000000000000000D7
:40A980000000000000000000000000000000000000000000000000000000000000000000000000000000000000000000000000000000000000000000000000000000000097
:40A9C0000000000000000000000000000000000000000000000000000000000000000000000000000000000000000000000000000000000000000000000000000000000057
:40AA00000000000000000000000000000000000000000000000000000000000000000000000000000000000000000000000000000000000000000000000000000000000016
:40AA400000000000000000000000000000000000000000000000000000000000000000000000000000000000000000000000000000000000000000000000000000000000D6
:40AA80000000000000000000000000000000000000000000000000000000000000000000000000000000000000000000000000000000000000000000000000000000000096
:40AAC0000000000000000000000000000000000000000000000000000000000000000000000000000000000000000000000000000000000000000000000000000000000056
:40AB00000000000000000000000000000000000000000000000000000000000000000000000000000000000000000000000000000000000000000000000000000000000015
:40AB400000000000000000000000000000000000000000000000000000000000000000000000000000000000000000000000000000000000000000000000000000000000D5
:40AB80000000000000000000000000000000000000000000000000000000000000000000000000000000000000000000000000000000000000000000000000000000000095
:40ABC0000000000000000000000000000000000000000000000000000000000000000000000000000000000000000000000000000000000000000000000000000000000055
:40AC00000000000000000000000000000000000000000000000000000000000000000000000000000000000000000000000000000000000000000000000000000000000014
:40AC400000000000000000000000000000000000000000000000000000000000000000000000000000000000000000000000000000000000000000000000000000000000D4
:40AC80000000000000000000000000000000000000000000000000000000000000000000000000000000000000000000000000000000000000000000000000000000000094
:40ACC0000000000000000000000000000000000000000000000000000000000000000000000000000000000000000000000000000000000000000000000000000000000054
:40AD00000000000000000000000000000000000000000000000000000000000000000000000000000000000000000000000000000000000000000000000000000000000013
:40AD400000000000000000000000000000000000000000000000000000000000000000000000000000000000000000000000000000000000000000000000000000000000D3
:40AD80000000000000000000000000000000000000000000000000000000000000000000000000000000000000000000000000000000000000000000000000000000000093
:40ADC0000000000000000000000000000000000000000000000000000000000000000000000000000000000000000000000000000000000000000000000000000000000053
:40AE00000000000000000000000000000000000000000000000000000000000000000000000000000000000000000000000000000000000000000000000000000000000012
:40AE400000000000000000000000000000000000000000000000000000000000000000000000000000000000000000000000000000000000000000000000000000000000D2
:40AE80000000000000000000000000000000000000000000000000000000000000000000000000000000000000000000000000000000000000000000000000000000000092
:40AEC0000000000000000000000000000000000000000000000000000000000000000000000000000000000000000000000000000000000000000000000000000000000052
:40AF00000000000000000000000000000000000000000000000000000000000000000000000000000000000000000000000000000000000000000000000000000000000011
:40AF400000000000000000000000000000000000000000000000000000000000000000000000000000000000000000000000000000000000000000000000000000000000D1
:40AF80000000000000000000000000000000000000000000000000000000000000000000000000000000000000000000000000000000000000000000000000000000000091
:40AFC0000000000000000000000000000000000000000000000000000000000000000000000000000000000000000000000000000000000000000000000000000000000051
:40B000000000000000000000000000000000000000000000000000000000000000000000000000000000000000000000000000000000000000000000000000000000000010
:40B0400000000000000000000000000000000000000000000000000000000000000000000000000000000000000000000000000000000000000000000000000000000000D0
:40B080000000000000000000000000000000000000000000000000000000000000000000000000000000000000000000000000000000000000000000000000000000000090
:40B0C0000000000000000000000000000000000000000000000000000000000000000000000000000000000000000000000000000000000000000000000000000000000050
:40B10000000000000000000000000000000000000000000000000000000000000000000000000000000000000000000000000000000000000000000000000000000000000F
:40B1400000000000000000000000000000000000000000000000000000000000000000000000000000000000000000000000000000000000000000000000000000000000CF
:40B18000000000000000000000000000000000000000000000000000000000000000000000000000000000000000000000000000000000000000000000000000000000008F
:40B1C000000000000000000000000000000000000000000000000000000000000000000000000000000000000000000000000000000000000000000000000000000000004F
:40B20000000000000000000000000000000000000000000000000000000000000000000000000000000000000000000000000000000000000000000000000000000000000E
:40B2400000000000000000000000000000000000000000000000000000000000000000000000000000000000000000000000000000000000000000000000000000000000CE
:40B28000000000000000000000000000000000000000000000000000000000000000000000000000000000000000000000000000000000000000000000000000000000008E
:40B2C000000000000000000000000000000000000000000000000000000000000000000000000000000000000000000000000000000000000000000000000000000000004E
:40B30000000000000000000000000000000000000000000000000000000000000000000000000000000000000000000000000000000000000000000000000000000000000D
:40B3400000000000000000000000000000000000000000000000000000000000000000000000000000000000000000000000000000000000000000000000000000000000CD
:40B38000000000000000000000000000000000000000000000000000000000000000000000000000000000000000000000000000000000000000000000000000000000008D
:40B3C000000000000000000000000000000000000000000000000000000000000000000000000000000000000000000000000000000000000000000000000000000000004D
:40B40000000000000000000000000000000000000000000000000000000000000000000000000000000000000000000000000000000000000000000000000000000000000C
:40B4400000000000000000000000000000000000000000000000000000000000000000000000000000000000000000000000000000000000000000000000000000000000CC
:40B48000000000000000000000000000000000000000000000000000000000000000000000000000000000000000000000000000000000000000000000000000000000008C
:40B4C000000000000000000000000000000000000000000000000000000000000000000000000000000000000000000000000000000000000000000000000000000000004C
:40B50000000000000000000000000000000000000000000000000000000000000000000000000000000000000000000000000000000000000000000000000000000000000B
:40B5400000000000000000000000000000000000000000000000000000000000000000000000000000000000000000000000000000000000000000000000000000000000CB
:40B58000000000000000000000000000000000000000000000000000000000000000000000000000000000000000000000000000000000000000000000000000000000008B
:40B5C000000000000000000000000000000000000000000000000000000000000000000000000000000000000000000000000000000000000000000000000000000000004B
:40B60000000000000000000000000000000000000000000000000000000000000000000000000000000000000000000000000000000000000000000000000000000000000A
:40B6400000000000000000000000000000000000000000000000000000000000000000000000000000000000000000000000000000000000000000000000000000000000CA
:40B68000000000000000000000000000000000000000000000000000000000000000000000000000000000000000000000000000000000000000000000000000000000008A
:40B6C000000000000000000000000000000000000000000000000000000000000000000000000000000000000000000000000000000000000000000000000000000000004A
:40B700000000000000000000000000000000000000000000000000000000000000000000000000000000000000000000000000000000000000000000000000000000000009
:40B7400000000000000000000000000000000000000000000000000000000000000000000000000000000000000000000000000000000000000000000000000000000000C9
:40B780000000000000000000000000000000000000000000000000000000000000000000000000000000000000000000000000000000000000000000000000000000000089
:40B7C0000000000000000000000000000000000000000000000000000000000000000000000000000000000000000000000000000000000000000000000000000000000049
:40B800000000000000000000000000000000000000000000000000000000000000000000000000000000000000000000000000000000000000000000000000000000000008
:40B8400000000000000000000000000000000000000000000000000000000000000000000000000000000000000000000000000000000000000000000000000000000000C8
:40B880000000000000000000000000000000000000000000000000000000000000000000000000000000000000000000000000000000000000000000000000000000000088
:40B8C0000000000000000000000000000000000000000000000000000000000000000000000000000000000000000000000000000000000000000000000000000000000048
:40B900000000000000000000000000000000000000000000000000000000000000000000000000000000000000000000000000000000000000000000000000000000000007
:40B9400000000000000000000000000000000000000000000000000000000000000000000000000000000000000000000000000000000000000000000000000000000000C7
:40B980000000000000000000000000000000000000000000000000000000000000000000000000000000000000000000000000000000000000000000000000000000000087
:40B9C0000000000000000000000000000000000000000000000000000000000000000000000000000000000000000000000000000000000000000000000000000000000047
:40BA00000000000000000000000000000000000000000000000000000000000000000000000000000000000000000000000000000000000000000000000000000000000006
:40BA400000000000000000000000000000000000000000000000000000000000000000000000000000000000000000000000000000000000000000000000000000000000C6
:40BA80000000000000000000000000000000000000000000000000000000000000000000000000000000000000000000000000000000000000000000000000000000000086
:40BAC0000000000000000000000000000000000000000000000000000000000000000000000000000000000000000000000000000000000000000000000000000000000046
:40BB00000000000000000000000000000000000000000000000000000000000000000000000000000000000000000000000000000000000000000000000000000000000005
:40BB400000000000000000000000000000000000000000000000000000000000000000000000000000000000000000000000000000000000000000000000000000000000C5
:40BB80000000000000000000000000000000000000000000000000000000000000000000000000000000000000000000000000000000000000000000000000000000000085
:40BBC0000000000000000000000000000000000000000000000000000000000000000000000000000000000000000000000000000000000000000000000000000000000045
:40BC00000000000000000000000000000000000000000000000000000000000000000000000000000000000000000000000000000000000000000000000000000000000004
:40BC400000000000000000000000000000000000000000000000000000000000000000000000000000000000000000000000000000000000000000000000000000000000C4
:40BC80000000000000000000000000000000000000000000000000000000000000000000000000000000000000000000000000000000000000000000000000000000000084
:40BCC0000000000000000000000000000000000000000000000000000000000000000000000000000000000000000000000000000000000000000000000000000000000044
:40BD00000000000000000000000000000000000000000000000000000000000000000000000000000000000000000000000000000000000000000000000000000000000003
:40BD400000000000000000000000000000000000000000000000000000000000000000000000000000000000000000000000000000000000000000000000000000000000C3
:40BD80000000000000000000000000000000000000000000000000000000000000000000000000000000000000000000000000000000000000000000000000000000000083
:40BDC0000000000000000000000000000000000000000000000000000000000000000000000000000000000000000000000000000000000000000000000000000000000043
:40BE00000000000000000000000000000000000000000000000000000000000000000000000000000000000000000000000000000000000000000000000000000000000002
:40BE400000000000000000000000000000000000000000000000000000000000000000000000000000000000000000000000000000000000000000000000000000000000C2
:40BE80000000000000000000000000000000000000000000000000000000000000000000000000000000000000000000000000000000000000000000000000000000000082
:40BEC0000000000000000000000000000000000000000000000000000000000000000000000000000000000000000000000000000000000000000000000000000000000042
:40BF00000000000000000000000000000000000000000000000000000000000000000000000000000000000000000000000000000000000000000000000000000000000001
:40BF400000000000000000000000000000000000000000000000000000000000000000000000000000000000000000000000000000000000000000000000000000000000C1
:40BF80000000000000000000000000000000000000000000000000000000000000000000000000000000000000000000000000000000000000000000000000000000000081
:40BFC0000000000000000000000000000000000000000000000000000000000000000000000000000000000000000000000000000000000000000000000000000000000041
:40C000000000000000000000000000000000000000000000000000000000000000000000000000000000000000000000000000000000000000000000000000000000000000
:40C0400000000000000000000000000000000000000000000000000000000000000000000000000000000000000000000000000000000000000000000000000000000000C0
:40C080000000000000000000000000000000000000000000000000000000000000000000000000000000000000000000000000000000000000000000000000000000000080
:40C0C0000000000000000000000000000000000000000000000000000000000000000000000000000000000000000000000000000000000000000000000000000000000040
:40C1000000000000000000000000000000000000000000000000000000000000000000000000000000000000000000000000000000000000000000000000000000000000FF
:40C1400000000000000000000000000000000000000000000000000000000000000000000000000000000000000000000000000000000000000000000000000000000000BF
:40C18000000000000000000000000000000000000000000000000000000000000000000000000000000000000000000000000000000000000000000000000000000000007F
:40C1C000000000000000000000000000000000000000000000000000000000000000000000000000000000000000000000000000000000000000000000000000000000003F
:40C2000000000000000000000000000000000000000000000000000000000000000000000000000000000000000000000000000000000000000000000000000000000000FE
:40C2400000000000000000000000000000000000000000000000000000000000000000000000000000000000000000000000000000000000000000000000000000000000BE
:40C28000000000000000000000000000000000000000000000000000000000000000000000000000000000000000000000000000000000000000000000000000000000007E
:40C2C000000000000000000000000000000000000000000000000000000000000000000000000000000000000000000000000000000000000000000000000000000000003E
:40C3000000000000000000000000000000000000000000000000000000000000000000000000000000000000000000000000000000000000000000000000000000000000FD
:40C3400000000000000000000000000000000000000000000000000000000000000000000000000000000000000000000000000000000000000000000000000000000000BD
:40C38000000000000000000000000000000000000000000000000000000000000000000000000000000000000000000000000000000000000000000000000000000000007D
:40C3C000000000000000000000000000000000000000000000000000000000000000000000000000000000000000000000000000000000000000000000000000000000003D
:40C4000000000000000000000000000000000000000000000000000000000000000000000000000000000000000000000000000000000000000000000000000000000000FC
:40C4400000000000000000000000000000000000000000000000000000000000000000000000000000000000000000000000000000000000000000000000000000000000BC
:40C48000000000000000000000000000000000000000000000000000000000000000000000000000000000000000000000000000000000000000000000000000000000007C
:40C4C000000000000000000000000000000000000000000000000000000000000000000000000000000000000000000000000000000000000000000000000000000000003C
:40C5000000000000000000000000000000000000000000000000000000000000000000000000000000000000000000000000000000000000000000000000000000000000FB
:40C5400000000000000000000000000000000000000000000000000000000000000000000000000000000000000000000000000000000000000000000000000000000000BB
:40C58000000000000000000000000000000000000000000000000000000000000000000000000000000000000000000000000000000000000000000000000000000000007B
:40C5C000000000000000000000000000000000000000000000000000000000000000000000000000000000000000000000000000000000000000000000000000000000003B
:40C6000000000000000000000000000000000000000000000000000000000000000000000000000000000000000000000000000000000000000000000000000000000000FA
:40C6400000000000000000000000000000000000000000000000000000000000000000000000000000000000000000000000000000000000000000000000000000000000BA
:40C68000000000000000000000000000000000000000000000000000000000000000000000000000000000000000000000000000000000000000000000000000000000007A
:40C6C000000000000000000000000000000000000000000000000000000000000000000000000000000000000000000000000000000000000000000000000000000000003A
:40C7000000000000000000000000000000000000000000000000000000000000000000000000000000000000000000000000000000000000000000000000000000000000F9
:40C7400000000000000000000000000000000000000000000000000000000000000000000000000000000000000000000000000000000000000000000000000000000000B9
:40C780000000000000000000000000000000000000000000000000000000000000000000000000000000000000000000000000000000000000000000000000000000000079
:40C7C0000000000000000000000000000000000000000000000000000000000000000000000000000000000000000000000000000000000000000000000000000000000039
:40C8000000000000000000000000000000000000000000000000000000000000000000000000000000000000000000000000000000000000000000000000000000000000F8
:40C8400000000000000000000000000000000000000000000000000000000000000000000000000000000000000000000000000000000000000000000000000000000000B8
:40C880000000000000000000000000000000000000000000000000000000000000000000000000000000000000000000000000000000000000000000000000000000000078
:40C8C0000000000000000000000000000000000000000000000000000000000000000000000000000000000000000000000000000000000000000000000000000000000038
:40C9000000000000000000000000000000000000000000000000000000000000000000000000000000000000000000000000000000000000000000000000000000000000F7
:40C9400000000000000000000000000000000000000000000000000000000000000000000000000000000000000000000000000000000000000000000000000000000000B7
:40C980000000000000000000000000000000000000000000000000000000000000000000000000000000000000000000000000000000000000000000000000000000000077
:40C9C0000000000000000000000000000000000000000000000000000000000000000000000000000000000000000000000000000000000000000000000000000000000037
:40CA000000000000000000000000000000000000000000000000000000000000000000000000000000000000000000000000000000000000000000000000000000000000F6
:40CA400000000000000000000000000000000000000000000000000000000000000000000000000000000000000000000000000000000000000000000000000000000000B6
:40CA80000000000000000000000000000000000000000000000000000000000000000000000000000000000000000000000000000000000000000000000000000000000076
:40CAC0000000000000000000000000000000000000000000000000000000000000000000000000000000000000000000000000000000000000000000000000000000000036
:40CB000000000000000000000000000000000000000000000000000000000000000000000000000000000000000000000000000000000000000000000000000000000000F5
:40CB400000000000000000000000000000000000000000000000000000000000000000000000000000000000000000000000000000000000000000000000000000000000B5
:40CB80000000000000000000000000000000000000000000000000000000000000000000000000000000000000000000000000000000000000000000000000000000000075
:40CBC0000000000000000000000000000000000000000000000000000000000000000000000000000000000000000000000000000000000000000000000000000000000035
:40CC000000000000000000000000000000000000000000000000000000000000000000000000000000000000000000000000000000000000000000000000000000000000F4
:40CC400000000000000000000000000000000000000000000000000000000000000000000000000000000000000000000000000000000000000000000000000000000000B4
:40CC80000000000000000000000000000000000000000000000000000000000000000000000000000000000000000000000000000000000000000000000000000000000074
:40CCC0000000000000000000000000000000000000000000000000000000000000000000000000000000000000000000000000000000000000000000000000000000000034
:40CD000000000000000000000000000000000000000000000000000000000000000000000000000000000000000000000000000000000000000000000000000000000000F3
:40CD400000000000000000000000000000000000000000000000000000000000000000000000000000000000000000000000000000000000000000000000000000000000B3
:40CD80000000000000000000000000000000000000000000000000000000000000000000000000000000000000000000000000000000000000000000000000000000000073
:40CDC0000000000000000000000000000000000000000000000000000000000000000000000000000000000000000000000000000000000000000000000000000000000033
:40CE000000000000000000000000000000000000000000000000000000000000000000000000000000000000000000000000000000000000000000000000000000000000F2
:40CE400000000000000000000000000000000000000000000000000000000000000000000000000000000000000000000000000000000000000000000000000000000000B2
:40CE80000000000000000000000000000000000000000000000000000000000000000000000000000000000000000000000000000000000000000000000000000000000072
:40CEC0000000000000000000000000000000000000000000000000000000000000000000000000000000000000000000000000000000000000000000000000000000000032
:40CF000000000000000000000000000000000000000000000000000000000000000000000000000000000000000000000000000000000000000000000000000000000000F1
:40CF400000000000000000000000000000000000000000000000000000000000000000000000000000000000000000000000000000000000000000000000000000000000B1
:40CF80000000000000000000000000000000000000000000000000000000000000000000000000000000000000000000000000000000000000000000000000000000000071
:40CFC0000000000000000000000000000000000000000000000000000000000000000000000000000000000000000000000000000000000000000000000000000000000031
:40D0000000000000000000000000000000000000000000000000000000000000000000000000000000000000000000000000000000000000000000000000000000000000F0
:40D0400000000000000000000000000000000000000000000000000000000000000000000000000000000000000000000000000000000000000000000000000000000000B0
:40D080000000000000000000000000000000000000000000000000000000000000000000000000000000000000000000000000000000000000000000000000000000000070
:40D0C0000000000000000000000000000000000000000000000000000000000000000000000000000000000000000000000000000000000000000000000000000000000030
:40D1000000000000000000000000000000000000000000000000000000000000000000000000000000000000000000000000000000000000000000000000000000000000EF
:40D1400000000000000000000000000000000000000000000000000000000000000000000000000000000000000000000000000000000000000000000000000000000000AF
:40D18000000000000000000000000000000000000000000000000000000000000000000000000000000000000000000000000000000000000000000000000000000000006F
:40D1C000000000000000000000000000000000000000000000000000000000000000000000000000000000000000000000000000000000000000000000000000000000002F
:40D2000000000000000000000000000000000000000000000000000000000000000000000000000000000000000000000000000000000000000000000000000000000000EE
:40D2400000000000000000000000000000000000000000000000000000000000000000000000000000000000000000000000000000000000000000000000000000000000AE
:40D28000000000000000000000000000000000000000000000000000000000000000000000000000000000000000000000000000000000000000000000000000000000006E
:40D2C000000000000000000000000000000000000000000000000000000000000000000000000000000000000000000000000000000000000000000000000000000000002E
:40D3000000000000000000000000000000000000000000000000000000000000000000000000000000000000000000000000000000000000000000000000000000000000ED
:40D3400000000000000000000000000000000000000000000000000000000000000000000000000000000000000000000000000000000000000000000000000000000000AD
:40D38000000000000000000000000000000000000000000000000000000000000000000000000000000000000000000000000000000000000000000000000000000000006D
:40D3C000000000000000000000000000000000000000000000000000000000000000000000000000000000000000000000000000000000000000000000000000000000002D
:40D4000000000000000000000000000000000000000000000000000000000000000000000000000000000000000000000000000000000000000000000000000000000000EC
:40D4400000000000000000000000000000000000000000000000000000000000000000000000000000000000000000000000000000000000000000000000000000000000AC
:40D48000000000000000000000000000000000000000000000000000000000000000000000000000000000000000000000000000000000000000000000000000000000006C
:40D4C000000000000000000000000000000000000000000000000000000000000000000000000000000000000000000000000000000000000000000000000000000000002C
:40D5000000000000000000000000000000000000000000000000000000000000000000000000000000000000000000000000000000000000000000000000000000000000EB
:40D5400000000000000000000000000000000000000000000000000000000000000000000000000000000000000000000000000000000000000000000000000000000000AB
:40D58000000000000000000000000000000000000000000000000000000000000000000000000000000000000000000000000000000000000000000000000000000000006B
:40D5C000000000000000000000000000000000000000000000000000000000000000000000000000000000000000000000000000000000000000000000000000000000002B
:40D6000000000000000000000000000000000000000000000000000000000000000000000000000000000000000000000000000000000000000000000000000000000000EA
:40D6400000000000000000000000000000000000000000000000000000000000000000000000000000000000000000000000000000000000000000000000000000000000AA
:40D68000000000000000000000000000000000000000000000000000000000000000000000000000000000000000000000000000000000000000000000000000000000006A
:40D6C000000000000000000000000000000000000000000000000000000000000000000000000000000000000000000000000000000000000000000000000000000000002A
:40D7000000000000000000000000000000000000000000000000000000000000000000000000000000000000000000000000000000000000000000000000000000000000E9
:40D7400000000000000000000000000000000000000000000000000000000000000000000000000000000000000000000000000000000000000000000000000000000000A9
:40D780000000000000000000000000000000000000000000000000000000000000000000000000000000000000000000000000000000000000000000000000000000000069
:40D7C0000000000000000000000000000000000000000000000000000000000000000000000000000000000000000000000000000000000000000000000000000000000029
:40D8000000000000000000000000000000000000000000000000000000000000000000000000000000000000000000000000000000000000000000000000000000000000E8
:40D8400000000000000000000000000000000000000000000000000000000000000000000000000000000000000000000000000000000000000000000000000000000000A8
:40D880000000000000000000000000000000000000000000000000000000000000000000000000000000000000000000000000000000000000000000000000000000000068
:40D8C0000000000000000000000000000000000000000000000000000000000000000000000000000000000000000000000000000000000000000000000000000000000028
:40D9000000000000000000000000000000000000000000000000000000000000000000000000000000000000000000000000000000000000000000000000000000000000E7
:40D9400000000000000000000000000000000000000000000000000000000000000000000000000000000000000000000000000000000000000000000000000000000000A7
:40D980000000000000000000000000000000000000000000000000000000000000000000000000000000000000000000000000000000000000000000000000000000000067
:40D9C0000000000000000000000000000000000000000000000000000000000000000000000000000000000000000000000000000000000000000000000000000000000027
:40DA000000000000000000000000000000000000000000000000000000000000000000000000000000000000000000000000000000000000000000000000000000000000E6
:40DA400000000000000000000000000000000000000000000000000000000000000000000000000000000000000000000000000000000000000000000000000000000000A6
:40DA80000000000000000000000000000000000000000000000000000000000000000000000000000000000000000000000000000000000000000000000000000000000066
:40DAC0000000000000000000000000000000000000000000000000000000000000000000000000000000000000000000000000000000000000000000000000000000000026
:40DB000000000000000000000000000000000000000000000000000000000000000000000000000000000000000000000000000000000000000000000000000000000000E5
:40DB400000000000000000000000000000000000000000000000000000000000000000000000000000000000000000000000000000000000000000000000000000000000A5
:40DB80000000000000000000000000000000000000000000000000000000000000000000000000000000000000000000000000000000000000000000000000000000000065
:40DBC0000000000000000000000000000000000000000000000000000000000000000000000000000000000000000000000000000000000000000000000000000000000025
:40DC000000000000000000000000000000000000000000000000000000000000000000000000000000000000000000000000000000000000000000000000000000000000E4
:40DC400000000000000000000000000000000000000000000000000000000000000000000000000000000000000000000000000000000000000000000000000000000000A4
:40DC80000000000000000000000000000000000000000000000000000000000000000000000000000000000000000000000000000000000000000000000000000000000064
:40DCC0000000000000000000000000000000000000000000000000000000000000000000000000000000000000000000000000000000000000000000000000000000000024
:40DD000000000000000000000000000000000000000000000000000000000000000000000000000000000000000000000000000000000000000000000000000000000000E3
:40DD400000000000000000000000000000000000000000000000000000000000000000000000000000000000000000000000000000000000000000000000000000000000A3
:40DD80000000000000000000000000000000000000000000000000000000000000000000000000000000000000000000000000000000000000000000000000000000000063
:40DDC0000000000000000000000000000000000000000000000000000000000000000000000000000000000000000000000000000000000000000000000000000000000023
:40DE000000000000000000000000000000000000000000000000000000000000000000000000000000000000000000000000000000000000000000000000000000000000E2
:40DE400000000000000000000000000000000000000000000000000000000000000000000000000000000000000000000000000000000000000000000000000000000000A2
:40DE80000000000000000000000000000000000000000000000000000000000000000000000000000000000000000000000000000000000000000000000000000000000062
:40DEC0000000000000000000000000000000000000000000000000000000000000000000000000000000000000000000000000000000000000000000000000000000000022
:40DF000000000000000000000000000000000000000000000000000000000000000000000000000000000000000000000000000000000000000000000000000000000000E1
:40DF400000000000000000000000000000000000000000000000000000000000000000000000000000000000000000000000000000000000000000000000000000000000A1
:40DF80000000000000000000000000000000000000000000000000000000000000000000000000000000000000000000000000000000000000000000000000000000000061
:40DFC0000000000000000000000000000000000000000000000000000000000000000000000000000000000000000000000000000000000000000000000000000000000021
:40E0000000000000000000000000000000000000000000000000000000000000000000000000000000000000000000000000000000000000000000000000000000000000E0
:40E0400000000000000000000000000000000000000000000000000000000000000000000000000000000000000000000000000000000000000000000000000000000000A0
:40E080000000000000000000000000000000000000000000000000000000000000000000000000000000000000000000000000000000000000000000000000000000000060
:40E0C0000000000000000000000000000000000000000000000000000000000000000000000000000000000000000000000000000000000000000000000000000000000020
:40E1000000000000000000000000000000000000000000000000000000000000000000000000000000000000000000000000000000000000000000000000000000000000DF
:40E14000000000000000000000000000000000000000000000000000000000000000000000000000000000000000000000000000000000000000000000000000000000009F
:40E18000000000000000000000000000000000000000000000000000000000000000000000000000000000000000000000000000000000000000000000000000000000005F
:40E1C000000000000000000000000000000000000000000000000000000000000000000000000000000000000000000000000000000000000000000000000000000000001F
:40E2000000000000000000000000000000000000000000000000000000000000000000000000000000000000000000000000000000000000000000000000000000000000DE
:40E24000000000000000000000000000000000000000000000000000000000000000000000000000000000000000000000000000000000000000000000000000000000009E
:40E28000000000000000000000000000000000000000000000000000000000000000000000000000000000000000000000000000000000000000000000000000000000005E
:40E2C000000000000000000000000000000000000000000000000000000000000000000000000000000000000000000000000000000000000000000000000000000000001E
:40E3000000000000000000000000000000000000000000000000000000000000000000000000000000000000000000000000000000000000000000000000000000000000DD
:40E34000000000000000000000000000000000000000000000000000000000000000000000000000000000000000000000000000000000000000000000000000000000009D
:40E38000000000000000000000000000000000000000000000000000000000000000000000000000000000000000000000000000000000000000000000000000000000005D
:40E3C000000000000000000000000000000000000000000000000000000000000000000000000000000000000000000000000000000000000000000000000000000000001D
:40E4000000000000000000000000000000000000000000000000000000000000000000000000000000000000000000000000000000000000000000000000000000000000DC
:40E44000000000000000000000000000000000000000000000000000000000000000000000000000000000000000000000000000000000000000000000000000000000009C
:40E48000000000000000000000000000000000000000000000000000000000000000000000000000000000000000000000000000000000000000000000000000000000005C
:40E4C000000000000000000000000000000000000000000000000000000000000000000000000000000000000000000000000000000000000000000000000000000000001C
:40E5000000000000000000000000000000000000000000000000000000000000000000000000000000000000000000000000000000000000000000000000000000000000DB
:40E54000000000000000000000000000000000000000000000000000000000000000000000000000000000000000000000000000000000000000000000000000000000009B
:40E58000000000000000000000000000000000000000000000000000000000000000000000000000000000000000000000000000000000000000000000000000000000005B
:40E5C000000000000000000000000000000000000000000000000000000000000000000000000000000000000000000000000000000000000000000000000000000000001B
:40E6000000000000000000000000000000000000000000000000000000000000000000000000000000000000000000000000000000000000000000000000000000000000DA
:40E64000000000000000000000000000000000000000000000000000000000000000000000000000000000000000000000000000000000000000000000000000000000009A
:40E68000000000000000000000000000000000000000000000000000000000000000000000000000000000000000000000000000000000000000000000000000000000005A
:40E6C000000000000000000000000000000000000000000000000000000000000000000000000000000000000000000000000000000000000000000000000000000000001A
:40E7000000000000000000000000000000000000000000000000000000000000000000000000000000000000000000000000000000000000000000000000000000000000D9
:40E740000000000000000000000000000000000000000000000000000000000000000000000000000000000000000000000000000000000000000000000000000000000099
:40E780000000000000000000000000000000000000000000000000000000000000000000000000000000000000000000000000000000000000000000000000000000000059
:40E7C0000000000000000000000000000000000000000000000000000000000000000000000000000000000000000000000000000000000000000000000000000000000019
:40E8000000000000000000000000000000000000000000000000000000000000000000000000000000000000000000000000000000000000000000000000000000000000D8
:40E840000000000000000000000000000000000000000000000000000000000000000000000000000000000000000000000000000000000000000000000000000000000098
:40E880000000000000000000000000000000000000000000000000000000000000000000000000000000000000000000000000000000000000000000000000000000000058
:40E8C0000000000000000000000000000000000000000000000000000000000000000000000000000000000000000000000000000000000000000000000000000000000018
:40E9000000000000000000000000000000000000000000000000000000000000000000000000000000000000000000000000000000000000000000000000000000000000D7
:40E940000000000000000000000000000000000000000000000000000000000000000000000000000000000000000000000000000000000000000000000000000000000097
:40E980000000000000000000000000000000000000000000000000000000000000000000000000000000000000000000000000000000000000000000000000000000000057
:40E9C0000000000000000000000000000000000000000000000000000000000000000000000000000000000000000000000000000000000000000000000000000000000017
:40EA000000000000000000000000000000000000000000000000000000000000000000000000000000000000000000000000000000000000000000000000000000000000D6
:40EA40000000000000000000000000000000000000000000000000000000000000000000000000000000000000000000000000000000000000000000000000000000000096
:40EA80000000000000000000000000000000000000000000000000000000000000000000000000000000000000000000000000000000000000000000000000000000000056
:40EAC0000000000000000000000000000000000000000000000000000000000000000000000000000000000000000000000000000000000000000000000000000000000016
:40EB000000000000000000000000000000000000000000000000000000000000000000000000000000000000000000000000000000000000000000000000000000000000D5
:40EB40000000000000000000000000000000000000000000000000000000000000000000000000000000000000000000000000000000000000000000000000000000000095
:40EB80000000000000000000000000000000000000000000000000000000000000000000000000000000000000000000000000000000000000000000000000000000000055
:40EBC0000000000000000000000000000000000000000000000000000000000000000000000000000000000000000000000000000000000000000000000000000000000015
:40EC000000000000000000000000000000000000000000000000000000000000000000000000000000000000000000000000000000000000000000000000000000000000D4
:40EC40000000000000000000000000000000000000000000000000000000000000000000000000000000000000000000000000000000000000000000000000000000000094
:40EC80000000000000000000000000000000000000000000000000000000000000000000000000000000000000000000000000000000000000000000000000000000000054
:40ECC0000000000000000000000000000000000000000000000000000000000000000000000000000000000000000000000000000000000000000000000000000000000014
:40ED000000000000000000000000000000000000000000000000000000000000000000000000000000000000000000000000000000000000000000000000000000000000D3
:40ED40000000000000000000000000000000000000000000000000000000000000000000000000000000000000000000000000000000000000000000000000000000000093
:40ED80000000000000000000000000000000000000000000000000000000000000000000000000000000000000000000000000000000000000000000000000000000000053
:40EDC0000000000000000000000000000000000000000000000000000000000000000000000000000000000000000000000000000000000000000000000000000000000013
:40EE000000000000000000000000000000000000000000000000000000000000000000000000000000000000000000000000000000000000000000000000000000000000D2
:40EE40000000000000000000000000000000000000000000000000000000000000000000000000000000000000000000000000000000000000000000000000000000000092
:40EE80000000000000000000000000000000000000000000000000000000000000000000000000000000000000000000000000000000000000000000000000000000000052
:40EEC0000000000000000000000000000000000000000000000000000000000000000000000000000000000000000000000000000000000000000000000000000000000012
:40EF000000000000000000000000000000000000000000000000000000000000000000000000000000000000000000000000000000000000000000000000000000000000D1
:40EF40000000000000000000000000000000000000000000000000000000000000000000000000000000000000000000000000000000000000000000000000000000000091
:40EF80000000000000000000000000000000000000000000000000000000000000000000000000000000000000000000000000000000000000000000000000000000000051
:40EFC0000000000000000000000000000000000000000000000000000000000000000000000000000000000000000000000000000000000000000000000000000000000011
:40F0000000000000000000000000000000000000000000000000000000000000000000000000000000000000000000000000000000000000000000000000000000000000D0
:40F040000000000000000000000000000000000000000000000000000000000000000000000000000000000000000000000000000000000000000000000000000000000090
:40F080000000000000000000000000000000000000000000000000000000000000000000000000000000000000000000000000000000000000000000000000000000000050
:40F0C0000000000000000000000000000000000000000000000000000000000000000000000000000000000000000000000000000000000000000000000000000000000010
:40F1000000000000000000000000000000000000000000000000000000000000000000000000000000000000000000000000000000000000000000000000000000000000CF
:40F14000000000000000000000000000000000000000000000000000000000000000000000000000000000000000000000000000000000000000000000000000000000008F
:40F18000000000000000000000000000000000000000000000000000000000000000000000000000000000000000000000000000000000000000000000000000000000004F
:40F1C000000000000000000000000000000000000000000000000000000000000000000000000000000000000000000000000000000000000000000000000000000000000F
:40F2000000000000000000000000000000000000000000000000000000000000000000000000000000000000000000000000000000000000000000000000000000000000CE
:40F24000000000000000000000000000000000000000000000000000000000000000000000000000000000000000000000000000000000000000000000000000000000008E
:40F28000000000000000000000000000000000000000000000000000000000000000000000000000000000000000000000000000000000000000000000000000000000004E
:40F2C000000000000000000000000000000000000000000000000000000000000000000000000000000000000000000000000000000000000000000000000000000000000E
:40F3000000000000000000000000000000000000000000000000000000000000000000000000000000000000000000000000000000000000000000000000000000000000CD
:40F34000000000000000000000000000000000000000000000000000000000000000000000000000000000000000000000000000000000000000000000000000000000008D
:40F38000000000000000000000000000000000000000000000000000000000000000000000000000000000000000000000000000000000000000000000000000000000004D
:40F3C000000000000000000000000000000000000000000000000000000000000000000000000000000000000000000000000000000000000000000000000000000000000D
:40F4000000000000000000000000000000000000000000000000000000000000000000000000000000000000000000000000000000000000000000000000000000000000CC
:40F44000000000000000000000000000000000000000000000000000000000000000000000000000000000000000000000000000000000000000000000000000000000008C
:40F48000000000000000000000000000000000000000000000000000000000000000000000000000000000000000000000000000000000000000000000000000000000004C
:40F4C000000000000000000000000000000000000000000000000000000000000000000000000000000000000000000000000000000000000000000000000000000000000C
:40F5000000000000000000000000000000000000000000000000000000000000000000000000000000000000000000000000000000000000000000000000000000000000CB
:40F54000000000000000000000000000000000000000000000000000000000000000000000000000000000000000000000000000000000000000000000000000000000008B
:40F58000000000000000000000000000000000000000000000000000000000000000000000000000000000000000000000000000000000000000000000000000000000004B
:40F5C000000000000000000000000000000000000000000000000000000000000000000000000000000000000000000000000000000000000000000000000000000000000B
:40F6000000000000000000000000000000000000000000000000000000000000000000000000000000000000000000000000000000000000000000000000000000000000CA
:40F64000000000000000000000000000000000000000000000000000000000000000000000000000000000000000000000000000000000000000000000000000000000008A
:40F68000000000000000000000000000000000000000000000000000000000000000000000000000000000000000000000000000000000000000000000000000000000004A
:40F6C000000000000000000000000000000000000000000000000000000000000000000000000000000000000000000000000000000000000000000000000000000000000A
:40F7000000000000000000000000000000000000000000000000000000000000000000000000000000000000000000000000000000000000000000000000000000000000C9
:40F740000000000000000000000000000000000000000000000000000000000000000000000000000000000000000000000000000000000000000000000000000000000089
:40F780000000000000000000000000000000000000000000000000000000000000000000000000000000000000000000000000000000000000000000000000000000000049
:40F7C0000000000000000000000000000000000000000000000000000000000000000000000000000000000000000000000000000000000000000000000000000000000009
:40F8000000000000000000000000000000000000000000000000000000000000000000000000000000000000000000000000000000000000000000000000000000000000C8
:40F840000000000000000000000000000000000000000000000000000000000000000000000000000000000000000000000000000000000000000000000000000000000088
:40F880000000000000000000000000000000000000000000000000000000000000000000000000000000000000000000000000000000000000000000000000000000000048
:40F8C0000000000000000000000000000000000000000000000000000000000000000000000000000000000000000000000000000000000000000000000000000000000008
:40F9000000000000000000000000000000000000000000000000000000000000000000000000000000000000000000000000000000000000000000000000000000000000C7
:40F940000000000000000000000000000000000000000000000000000000000000000000000000000000000000000000000000000000000000000000000000000000000087
:40F980000000000000000000000000000000000000000000000000000000000000000000000000000000000000000000000000000000000000000000000000000000000047
:40F9C0000000000000000000000000000000000000000000000000000000000000000000000000000000000000000000000000000000000000000000000000000000000007
:40FA000000000000000000000000000000000000000000000000000000000000000000000000000000000000000000000000000000000000000000000000000000000000C6
:40FA40000000000000000000000000000000000000000000000000000000000000000000000000000000000000000000000000000000000000000000000000000000000086
:40FA80000000000000000000000000000000000000000000000000000000000000000000000000000000000000000000000000000000000000000000000000000000000046
:40FAC0000000000000000000000000000000000000000000000000000000000000000000000000000000000000000000000000000000000000000000000000000000000006
:40FB000000000000000000000000000000000000000000000000000000000000000000000000000000000000000000000000000000000000000000000000000000000000C5
:40FB40000000000000000000000000000000000000000000000000000000000000000000000000000000000000000000000000000000000000000000000000000000000085
:40FB80000000000000000000000000000000000000000000000000000000000000000000000000000000000000000000000000000000000000000000000000000000000045
:40FBC0000000000000000000000000000000000000000000000000000000000000000000000000000000000000000000000000000000000000000000000000000000000005
:40FC000000000000000000000000000000000000000000000000000000000000000000000000000000000000000000000000000000000000000000000000000000000000C4
:40FC40000000000000000000000000000000000000000000000000000000000000000000000000000000000000000000000000000000000000000000000000000000000084
:40FC80000000000000000000000000000000000000000000000000000000000000000000000000000000000000000000000000000000000000000000000000000000000044
:40FCC0000000000000000000000000000000000000000000000000000000000000000000000000000000000000000000000000000000000000000000000000000000000004
:40FD000000000000000000000000000000000000000000000000000000000000000000000000000000000000000000000000000000000000000000000000000000000000C3
:40FD40000000000000000000000000000000000000000000000000000000000000000000000000000000000000000000000000000000000000000000000000000000000083
:40FD80000000000000000000000000000000000000000000000000000000000000000000000000000000000000000000000000000000000000000000000000000000000043
:40FDC0000000000000000000000000000000000000000000000000000000000000000000000000000000000000000000000000000000000000000000000000000000000003
:40FE000000000000000000000000000000000000000000000000000000000000000000000000000000000000000000000000000000000000000000000000000000000000C2
:40FE40000000000000000000000000000000000000000000000000000000000000000000000000000000000000000000000000000000000000000000000000000000000082
:40FE80000000000000000000000000000000000000000000000000000000000000000000000000000000000000000000000000000000000000000000000000000000000042
:40FEC0000000000000000000000000000000000000000000000000000000000000000000000000000000000000000000000000000000000000000000000000000000000002
:40FF000000000000000000000000000000000000000000000000000000000000000000000000000000000000000000000000000000000000000000000000000000000000C1
:40FF40000000000000000000000000000000000000000000000000000000000000000000000000000000000000000000000000000000000000000000000000000000000081
:40FF80000000000000000000000000000000000000000000000000000000000000000000000000000000000000000000000000000000000000000000000000000000000041
:40FFC0000000000000000000000000000000000000000000000000000000000000000000000000000000000000000000000000000000000000000000000000000000000001
:0200000480007A
:40000000014500400652004003640040056500404E0001402A0101401F0201404F0301407104014045050140580601404A07014006090140050B0140040D0140040E0140A9
:40004000020F0140451401404A1501406B16014052170140671801404B190140081B01400940014008410140094201400E430140024401400145014002460140014701406D
:400080000B48014010490140074C0140044D014006500140025101401E020C03183019201C4064087910800F820F867284388572870F88388967001004A206080A400C0194
:4000C0001001140716D8180119021C081E6120012404250129022C0132E03301343F3502382039203E103F045401580459045B045D205F01803981C0820683028401857F3C
:40010000865E878089C08A468B088C428D8093FF951F972098779A089B609C469DC09F01A046A39FA442A5C0A604A704A804AA20AC46AD90AF40B008B201B3FFB470B60F63
:40014000B880BA30BE05BF04D409D804D904DB04DF0100960445070409800A460B200C800E081101122115551608181019101C051DA41E822224271029102B202E062F02EC
:400180003310358036253C843D2159025A985D185E8164028010C0FFC2CFC4FDCAD6CCF4CEF0D6FFD81083039110930C99149D1C9F02A509A710A90CAB11AD10B11FC04219
:4001C000C106C50BC6ECC80DC9FFCAFFCBFFCEF0CF44D00CD904DA04DC20DD02DF01E6C0EA40EB02044905100C800D20154516081CC01D181E091F10210124202540262893
:4002000029242A402F10302031423629382039023A203C043D803E02411245284680482049204D084E014F10514053205401561A5740662067306C046D656E446F06748048
:4002400075807601850190059202944095C596C597209D889E0B9F04A120A201A4C1A510A604A722B102B320B402B544B610C0F0C2C0C4F0CA4ECCEDCED1D0E5D234D820BD
:40028000E402004C021308110A0E0BA50D030F84101111E31246130C164C17081D4A1F84220823102420260329E32B042D10310F32303360344A3510360F378038083908A5
:4002C0003AA03B023F544003460449FF4A074BFF4C404D204EF04F055008580459045A045C225D025F01604061A8624063208012810282448305848D8520881189088A22F0
:400300008C8D8F3892809310946095849742982299389A189C029E0DA08DA48DA5C7A9C7AC0DAD41AE80AF82B107B270B338B480B5C0B60FB808BA80BE10BF04C006C640F2
:40034000C9FFCA07CBFFCC40CD20CEF0CF05D008D804D904DA04DC40DD03DF01E040E1A8E240E320012003800409059209020A200D200E220F8010201240154519641A207A
:400380001B801E221F10210622402308248025012714288029202B012E802F283146350236103704382039803C043D823F1041044E045030511052405510562157028B08F8
:4003C0008E20900D91C593109520968099909A109D649E40A160A340A502B280C0FAC2FCC4BCCA7DCCEBCEFCD002D220EC20007F0110040C050808040B630C3C0D1C0E4306
:400400000FE2102F111C125013E115401653187319181A0C1C081D6020032304240225E72718280129242DFF301C324C3380340F35603620371F39083A283B803E40560236
:400440005713580459045B045C445D405F01842386548C238E4C91019258950199019C5A9E24AA08AE25B01CB301B403B66CB820BA82BE10C064C105C50BC6C0C70EC81939
:40048000C9FFCAFFCBFFCEF0CF44D00CD804D904DA04DC43DD03DF01E6C0EA40EB020048018006A007490A010B400C910D200F1011201201144016441704184019401A0922
:4004C0001D281E42231024202540262027012C182E802F80300233283441371438803A403D803E0A3F10430248144980511052085E026C026F287480762A771886018A20BB
:400500008C409080932096089A159B049C80A008A110A342A729A808AA84B710C0F5C2F9C473CAF0CCF7CEF0D001D20CD680E008EE4085018B028F8098149B11E06088042E
:400540008F1098109B01E4C084109B01A801E801B980BF40D904DF012401270102010504060209F30B0C0D41111C13E3150C19FF1D0F1FF02182220225C326012BD32D08DB
:4005800031C0330F340235203601371C39203A083B083E5054185604580459045B045C335D305F018304850889DF8D9C8F429320950499C79B189D9C9F41A120A401A743EF
:4005C000A801A918AC01AD10B158B320B401B580B71FBB82BF14D602D711D804D904DB04DC33DD30DF01000202201020124015401714180419401A301D101F102012222171
:40060000232025402618274029962C082D802F90300932103340376938103A043B803D803E39440145405A025E20608461406D546F1474087580760C82808320848087C8B3
:400640008A0892019514978099069A409B019D109EA0A020A401A880A980AB40AC40AD21B402B708C00CC4ECCAFFCCFFCEFED621D80DE688E822EC02EE010A080E04120181
:4006800016081E0126022A1230083201340636103B023E15403641054204440245C046E0480A49FF4AFF4BFF4C624DA04EF04F41500C5440580459045A045B045C445D04AE
:4006C0005F016640670269106A306B106D106E106F128044823189038B148D338F04902292D194019580960E99339B0CA140A315A467A867AB08AD0AAF34B060B160B207DC
:40070000B380B418B50FB680B710B902BB20BE10BF44C046C103C205C402C50CC60EC805C9FFCAFFCBFFCC62CDA0CEF0CF41D00CD401D804D904DA04DB04DC33DD33DF01DF
:40074000E640E702E910EA30EB10ED10EE10EF12010204A00A100B800D020E400F22111416041704180419061A111C801D281F8020082101225423402602274029602A01E0
:400780003218330838403920400442A044104522482149104E024F125240571058025A885B206580661067206F018108880489108B2090E091209240933097409810994026
:4007C0009A159B049C809F40A208A340A404A780AC01AD08AF01B010C0C8C2BCC466CA0DCC06CE0CD0E7D23CD60FD870E001E204E608EE08011C0203030205100604070CD9
:400800000914180219101F03210C2311252029092B103204340135203602371F3E403F104061410449FF4AFF4BFF4DA04F01501854185604580459045A045B045C355D4533
:400840005F016040628064406540668068406A506BA86C406D206E506FA8850B8E029404970598029D089E0CA30AAA01AE04B003B208B30CB404B604B703BE50C015C1049D
:40088000C520C6C0C75EC83BC9FFCAFFCBFFCDAFCE07CF01D018D280D407D604D804D904DA04DB04DC65DD55DF01E040E280E440E540E680E840EA50EBA8EC40ED20EE50D4
:4008C000EFA803020402050409800A180E0410081380180119011A101B121D401E041F042184220426A029012C102F88300831803680371039083D053F1040014301440288
:400900004701484049044A014F20500151085210580459405B205F02610862106380660267057380834184408602872089048E2091019310970898149B13A380AF04B310C5
:40094000C031C247C403CAE1CC3ACEE2D099D228D68ED8B7E020EC808680A280A802A904AA01AF0CB008E82030023380358036083B408208CCF0CE10E6800F0497409A0885
:400980009D80A402A608A780C280078097409A089D80A402A608A780B304C02026082D8097409A089B089D80A402A608A780AB80B708C880CA20E8807D20DE01A910441092
:4009C000D0019C1021018002878097409A089B08A402A780C840E220E61009205A015F086608852087408A0197409A089B08B101C240D6C0D880E010E640021070048C04AC
:400A00009C10C008DC01E008B010B210E804EE04001D08050A1D10791A191C7800BB010321001E1250A80C43110022002400100C006400830080006030000F015C0000004F
:400A40005C000000542108C2080000000C005000300040E00F10400F000002080000440052063000040EFDBC3DFFFFFF2200F0080400000000000224040404040000000189
:400A80000000C00040011011C00100114001400100000000000000000000000000000000803E3E0000004100001B1B000000000010000013130010000000000003070400F9
:400AC0000000000000B5B5000000420040B9B900B00004008B0018010000000000000000000000000000000000000000000000000000000000000000000000000000000040
:400B000000000000000000000000000000000000000000000000000000000000000000000000000000000000000000000000000000000000000000000000000000000000B5
:400B40000000000000000000000000000000000000000000000000000000000000000000000000000000000000000000000000000000000000000000000000000000000075
:400B80000000000000000000000000000000000000000000000000000000000000000000000000000000000000000000000000000000000000000000000000000000000035
:400BC00000000000000000000000000000000000000000000000000000000000000000000000000000000000000000000000000000000000000000000000000000000000F5
:400C000000000000000000000000000000000000000000000000000000000000000000000000000000000000000000000000000000000000000000000000000000000000B4
:400C40000000000000000000000000000000000000000000000000000000000000000000000000000000000000000000000000000000000000000000000000000000000074
:400C80000000000000000000000000000000000000000000000000000000000000000000000000000000000000000000000000000000000000000000000000000000000034
:400CC00000000000000000000000000000000000000000000000000000000000000000000000000000000000000000000000000000000000000000000000000000000000F4
:400D000000000000000000000000000000000000000000000000000000000000000000000000000000000000000000000000000000000000000000000000000000000000B3
:400D40000000000000000000000000000000000000000000000000000000000000000000000000000000000000000000000000000000000000000000000000000000000073
:400D80000000000000000000000000000000000000000000000000000000000000000000000000000000000000000000000000000000000000000000000000000000000033
:400DC00000000000000000000000000000000000000000000000000000000000000000000000000000000000000000000000000000000000000000000000000000000000F3
:400E000000000000000000000000000000000000000000000000000000000000000000000000000000000000000000000000000000000000000000000000000000000000B2
:400E40000000000000000000000000000000000000000000000000000000000000000000000000000000000000000000000000000000000000000000000000000000000072
:400E80000000000000000000000000000000000000000000000000000000000000000000000000000000000000000000000000000000000000000000000000000000000032
:400EC00000000000000000000000000000000000000000000000000000000000000000000000000000000000000000000000000000000000000000000000000000000000F2
:400F000000000000000000000000000000000000000000000000000000000000000000000000000000000000000000000000000000000000000000000000000000000000B1
:400F40000000000000000000000000000000000000000000000000000000000000000000000000000000000000000000000000000000000000000000000000000000000071
:400F80000000000000000000000000000000000000000000000000000000000000000000000000000000000000000000000000000000000000000000000000000000000031
:400FC00000000000000000000000000000000000000000000000000000000000000000000000000000000000000000000000000000000000000000000000000000000000F1
:4010000000000000000000000000000000000000000000000000000000000000000000000000000000000000000000000000000000000000000000000000000000000000B0
:401040000000000000000000000000000000000000000000000000000000000000000000000000000000000000000000000000000000000000000000000000000000000070
:401080000000000000000000000000000000000000000000000000000000000000000000000000000000000000000000000000000000000000000000000000000000000030
:4010C00000000000000000000000000000000000000000000000000000000000000000000000000000000000000000000000000000000000000000000000000000000000F0
:4011000000000000000000000000000000000000000000000000000000000000000000000000000000000000000000000000000000000000000000000000000000000000AF
:40114000000000000000000000000000000000000000000000000000000000000000000000000000000000000000000000000000000000000000000000000000000000006F
:40118000000000000000000000000000000000000000000000000000000000000000000000000000000000000000000000000000000000000000000000000000000000002F
:4011C00000000000000000000000000000000000000000000000000000000000000000000000000000000000000000000000000000000000000000000000000000000000EF
:4012000000000000000000000000000000000000000000000000000000000000000000000000000000000000000000000000000000000000000000000000000000000000AE
:40124000000000000000000000000000000000000000000000000000000000000000000000000000000000000000000000000000000000000000000000000000000000006E
:40128000000000000000000000000000000000000000000000000000000000000000000000000000000000000000000000000000000000000000000000000000000000002E
:4012C00000000000000000000000000000000000000000000000000000000000000000000000000000000000000000000000000000000000000000000000000000000000EE
:4013000000000000000000000000000000000000000000000000000000000000000000000000000000000000000000000000000000000000000000000000000000000000AD
:40134000000000000000000000000000000000000000000000000000000000000000000000000000000000000000000000000000000000000000000000000000000000006D
:40138000000000000000000000000000000000000000000000000000000000000000000000000000000000000000000000000000000000000000000000000000000000002D
:4013C00000000000000000000000000000000000000000000000000000000000000000000000000000000000000000000000000000000000000000000000000000000000ED
:4014000000000000000000000000000000000000000000000000000000000000000000000000000000000000000000000000000000000000000000000000000000000000AC
:40144000000000000000000000000000000000000000000000000000000000000000000000000000000000000000000000000000000000000000000000000000000000006C
:40148000000000000000000000000000000000000000000000000000000000000000000000000000000000000000000000000000000000000000000000000000000000002C
:4014C00000000000000000000000000000000000000000000000000000000000000000000000000000000000000000000000000000000000000000000000000000000000EC
:4015000000000000000000000000000000000000000000000000000000000000000000000000000000000000000000000000000000000000000000000000000000000000AB
:40154000000000000000000000000000000000000000000000000000000000000000000000000000000000000000000000000000000000000000000000000000000000006B
:40158000000000000000000000000000000000000000000000000000000000000000000000000000000000000000000000000000000000000000000000000000000000002B
:4015C00000000000000000000000000000000000000000000000000000000000000000000000000000000000000000000000000000000000000000000000000000000000EB
:4016000000000000000000000000000000000000000000000000000000000000000000000000000000000000000000000000000000000000000000000000000000000000AA
:40164000000000000000000000000000000000000000000000000000000000000000000000000000000000000000000000000000000000000000000000000000000000006A
:40168000000000000000000000000000000000000000000000000000000000000000000000000000000000000000000000000000000000000000000000000000000000002A
:4016C00000000000000000000000000000000000000000000000000000000000000000000000000000000000000000000000000000000000000000000000000000000000EA
:4017000000000000000000000000000000000000000000000000000000000000000000000000000000000000000000000000000000000000000000000000000000000000A9
:401740000000000000000000000000000000000000000000000000000000000000000000000000000000000000000000000000000000000000000000000000000000000069
:401780000000000000000000000000000000000000000000000000000000000000000000000000000000000000000000000000000000000000000000000000000000000029
:4017C00000000000000000000000000000000000000000000000000000000000000000000000000000000000000000000000000000000000000000000000000000000000E9
:4018000000000000000000000000000000000000000000000000000000000000000000000000000000000000000000000000000000000000000000000000000000000000A8
:401840000000000000000000000000000000000000000000000000000000000000000000000000000000000000000000000000000000000000000000000000000000000068
:401880000000000000000000000000000000000000000000000000000000000000000000000000000000000000000000000000000000000000000000000000000000000028
:4018C00000000000000000000000000000000000000000000000000000000000000000000000000000000000000000000000000000000000000000000000000000000000E8
:4019000000000000000000000000000000000000000000000000000000000000000000000000000000000000000000000000000000000000000000000000000000000000A7
:401940000000000000000000000000000000000000000000000000000000000000000000000000000000000000000000000000000000000000000000000000000000000067
:401980000000000000000000000000000000000000000000000000000000000000000000000000000000000000000000000000000000000000000000000000000000000027
:4019C00000000000000000000000000000000000000000000000000000000000000000000000000000000000000000000000000000000000000000000000000000000000E7
:401A000000000000000000000000000000000000000000000000000000000000000000000000000000000000000000000000000000000000000000000000000000000000A6
:401A40000000000000000000000000000000000000000000000000000000000000000000000000000000000000000000000000000000000000000000000000000000000066
:401A80000000000000000000000000000000000000000000000000000000000000000000000000000000000000000000000000000000000000000000000000000000000026
:401AC00000000000000000000000000000000000000000000000000000000000000000000000000000000000000000000000000000000000000000000000000000000000E6
:401B000000000000000000000000000000000000000000000000000000000000000000000000000000000000000000000000000000000000000000000000000000000000A5
:401B40000000000000000000000000000000000000000000000000000000000000000000000000000000000000000000000000000000000000000000000000000000000065
:401B80000000000000000000000000000000000000000000000000000000000000000000000000000000000000000000000000000000000000000000000000000000000025
:401BC00000000000000000000000000000000000000000000000000000000000000000000000000000000000000000000000000000000000000000000000000000000000E5
:401C000000000000000000000000000000000000000000000000000000000000000000000000000000000000000000000000000000000000000000000000000000000000A4
:401C40000000000000000000000000000000000000000000000000000000000000000000000000000000000000000000000000000000000000000000000000000000000064
:401C80000000000000000000000000000000000000000000000000000000000000000000000000000000000000000000000000000000000000000000000000000000000024
:401CC00000000000000000000000000000000000000000000000000000000000000000000000000000000000000000000000000000000000000000000000000000000000E4
:401D000000000000000000000000000000000000000000000000000000000000000000000000000000000000000000000000000000000000000000000000000000000000A3
:401D40000000000000000000000000000000000000000000000000000000000000000000000000000000000000000000000000000000000000000000000000000000000063
:401D80000000000000000000000000000000000000000000000000000000000000000000000000000000000000000000000000000000000000000000000000000000000023
:401DC00000000000000000000000000000000000000000000000000000000000000000000000000000000000000000000000000000000000000000000000000000000000E3
:401E000000000000000000000000000000000000000000000000000000000000000000000000000000000000000000000000000000000000000000000000000000000000A2
:401E40000000000000000000000000000000000000000000000000000000000000000000000000000000000000000000000000000000000000000000000000000000000062
:401E80000000000000000000000000000000000000000000000000000000000000000000000000000000000000000000000000000000000000000000000000000000000022
:401EC00000000000000000000000000000000000000000000000000000000000000000000000000000000000000000000000000000000000000000000000000000000000E2
:401F000000000000000000000000000000000000000000000000000000000000000000000000000000000000000000000000000000000000000000000000000000000000A1
:401F40000000000000000000000000000000000000000000000000000000000000000000000000000000000000000000000000000000000000000000000000000000000061
:401F80000000000000000000000000000000000000000000000000000000000000000000000000000000000000000000000000000000000000000000000000000000000021
:401FC00000000000000000000000000000000000000000000000000000000000000000000000000000000000000000000000000000000000000000000000000000000000E1
:4020000000000000000000000000000000000000000000000000000000000000000000000000000000000000000000000000000000000000000000000000000000000000A0
:402040000000000000000000000000000000000000000000000000000000000000000000000000000000000000000000000000000000000000000000000000000000000060
:402080000000000000000000000000000000000000000000000000000000000000000000000000000000000000000000000000000000000000000000000000000000000020
:4020C00000000000000000000000000000000000000000000000000000000000000000000000000000000000000000000000000000000000000000000000000000000000E0
:40210000000000000000000000000000000000000000000000000000000000000000000000000000000000000000000000000000000000000000000000000000000000009F
:40214000000000000000000000000000000000000000000000000000000000000000000000000000000000000000000000000000000000000000000000000000000000005F
:40218000000000000000000000000000000000000000000000000000000000000000000000000000000000000000000000000000000000000000000000000000000000001F
:4021C00000000000000000000000000000000000000000000000000000000000000000000000000000000000000000000000000000000000000000000000000000000000DF
:40220000000000000000000000000000000000000000000000000000000000000000000000000000000000000000000000000000000000000000000000000000000000009E
:40224000000000000000000000000000000000000000000000000000000000000000000000000000000000000000000000000000000000000000000000000000000000005E
:40228000000000000000000000000000000000000000000000000000000000000000000000000000000000000000000000000000000000000000000000000000000000001E
:4022C00000000000000000000000000000000000000000000000000000000000000000000000000000000000000000000000000000000000000000000000000000000000DE
:40230000000000000000000000000000000000000000000000000000000000000000000000000000000000000000000000000000000000000000000000000000000000009D
:40234000000000000000000000000000000000000000000000000000000000000000000000000000000000000000000000000000000000000000000000000000000000005D
:40238000000000000000000000000000000000000000000000000000000000000000000000000000000000000000000000000000000000000000000000000000000000001D
:4023C00000000000000000000000000000000000000000000000000000000000000000000000000000000000000000000000000000000000000000000000000000000000DD
:40240000000000000000000000000000000000000000000000000000000000000000000000000000000000000000000000000000000000000000000000000000000000009C
:40244000000000000000000000000000000000000000000000000000000000000000000000000000000000000000000000000000000000000000000000000000000000005C
:40248000000000000000000000000000000000000000000000000000000000000000000000000000000000000000000000000000000000000000000000000000000000001C
:4024C00000000000000000000000000000000000000000000000000000000000000000000000000000000000000000000000000000000000000000000000000000000000DC
:40250000000000000000000000000000000000000000000000000000000000000000000000000000000000000000000000000000000000000000000000000000000000009B
:40254000000000000000000000000000000000000000000000000000000000000000000000000000000000000000000000000000000000000000000000000000000000005B
:40258000000000000000000000000000000000000000000000000000000000000000000000000000000000000000000000000000000000000000000000000000000000001B
:4025C00000000000000000000000000000000000000000000000000000000000000000000000000000000000000000000000000000000000000000000000000000000000DB
:40260000000000000000000000000000000000000000000000000000000000000000000000000000000000000000000000000000000000000000000000000000000000009A
:40264000000000000000000000000000000000000000000000000000000000000000000000000000000000000000000000000000000000000000000000000000000000005A
:40268000000000000000000000000000000000000000000000000000000000000000000000000000000000000000000000000000000000000000000000000000000000001A
:4026C00000000000000000000000000000000000000000000000000000000000000000000000000000000000000000000000000000000000000000000000000000000000DA
:402700000000000000000000000000000000000000000000000000000000000000000000000000000000000000000000000000000000000000000000000000000000000099
:402740000000000000000000000000000000000000000000000000000000000000000000000000000000000000000000000000000000000000000000000000000000000059
:402780000000000000000000000000000000000000000000000000000000000000000000000000000000000000000000000000000000000000000000000000000000000019
:4027C00000000000000000000000000000000000000000000000000000000000000000000000000000000000000000000000000000000000000000000000000000000000D9
:402800000000000000000000000000000000000000000000000000000000000000000000000000000000000000000000000000000000000000000000000000000000000098
:402840000000000000000000000000000000000000000000000000000000000000000000000000000000000000000000000000000000000000000000000000000000000058
:402880000000000000000000000000000000000000000000000000000000000000000000000000000000000000000000000000000000000000000000000000000000000018
:4028C00000000000000000000000000000000000000000000000000000000000000000000000000000000000000000000000000000000000000000000000000000000000D8
:402900000000000000000000000000000000000000000000000000000000000000000000000000000000000000000000000000000000000000000000000000000000000097
:402940000000000000000000000000000000000000000000000000000000000000000000000000000000000000000000000000000000000000000000000000000000000057
:402980000000000000000000000000000000000000000000000000000000000000000000000000000000000000000000000000000000000000000000000000000000000017
:4029C00000000000000000000000000000000000000000000000000000000000000000000000000000000000000000000000000000000000000000000000000000000000D7
:402A00000000000000000000000000000000000000000000000000000000000000000000000000000000000000000000000000000000000000000000000000000000000096
:402A40000000000000000000000000000000000000000000000000000000000000000000000000000000000000000000000000000000000000000000000000000000000056
:402A80000000000000000000000000000000000000000000000000000000000000000000000000000000000000000000000000000000000000000000000000000000000016
:402AC00000000000000000000000000000000000000000000000000000000000000000000000000000000000000000000000000000000000000000000000000000000000D6
:402B00000000000000000000000000000000000000000000000000000000000000000000000000000000000000000000000000000000000000000000000000000000000095
:402B40000000000000000000000000000000000000000000000000000000000000000000000000000000000000000000000000000000000000000000000000000000000055
:402B80000000000000000000000000000000000000000000000000000000000000000000000000000000000000000000000000000000000000000000000000000000000015
:402BC00000000000000000000000000000000000000000000000000000000000000000000000000000000000000000000000000000000000000000000000000000000000D5
:402C00000000000000000000000000000000000000000000000000000000000000000000000000000000000000000000000000000000000000000000000000000000000094
:402C40000000000000000000000000000000000000000000000000000000000000000000000000000000000000000000000000000000000000000000000000000000000054
:402C80000000000000000000000000000000000000000000000000000000000000000000000000000000000000000000000000000000000000000000000000000000000014
:402CC00000000000000000000000000000000000000000000000000000000000000000000000000000000000000000000000000000000000000000000000000000000000D4
:402D00000000000000000000000000000000000000000000000000000000000000000000000000000000000000000000000000000000000000000000000000000000000093
:402D40000000000000000000000000000000000000000000000000000000000000000000000000000000000000000000000000000000000000000000000000000000000053
:402D80000000000000000000000000000000000000000000000000000000000000000000000000000000000000000000000000000000000000000000000000000000000013
:402DC00000000000000000000000000000000000000000000000000000000000000000000000000000000000000000000000000000000000000000000000000000000000D3
:402E00000000000000000000000000000000000000000000000000000000000000000000000000000000000000000000000000000000000000000000000000000000000092
:402E40000000000000000000000000000000000000000000000000000000000000000000000000000000000000000000000000000000000000000000000000000000000052
:402E80000000000000000000000000000000000000000000000000000000000000000000000000000000000000000000000000000000000000000000000000000000000012
:402EC00000000000000000000000000000000000000000000000000000000000000000000000000000000000000000000000000000000000000000000000000000000000D2
:402F00000000000000000000000000000000000000000000000000000000000000000000000000000000000000000000000000000000000000000000000000000000000091
:402F40000000000000000000000000000000000000000000000000000000000000000000000000000000000000000000000000000000000000000000000000000000000051
:402F80000000000000000000000000000000000000000000000000000000000000000000000000000000000000000000000000000000000000000000000000000000000011
:402FC00000000000000000000000000000000000000000000000000000000000000000000000000000000000000000000000000000000000000000000000000000000000D1
:403000000000000000000000000000000000000000000000000000000000000000000000000000000000000000000000000000000000000000000000000000000000000090
:403040000000000000000000000000000000000000000000000000000000000000000000000000000000000000000000000000000000000000000000000000000000000050
:403080000000000000000000000000000000000000000000000000000000000000000000000000000000000000000000000000000000000000000000000000000000000010
:4030C00000000000000000000000000000000000000000000000000000000000000000000000000000000000000000000000000000000000000000000000000000000000D0
:40310000000000000000000000000000000000000000000000000000000000000000000000000000000000000000000000000000000000000000000000000000000000008F
:40314000000000000000000000000000000000000000000000000000000000000000000000000000000000000000000000000000000000000000000000000000000000004F
:40318000000000000000000000000000000000000000000000000000000000000000000000000000000000000000000000000000000000000000000000000000000000000F
:4031C00000000000000000000000000000000000000000000000000000000000000000000000000000000000000000000000000000000000000000000000000000000000CF
:40320000000000000000000000000000000000000000000000000000000000000000000000000000000000000000000000000000000000000000000000000000000000008E
:40324000000000000000000000000000000000000000000000000000000000000000000000000000000000000000000000000000000000000000000000000000000000004E
:40328000000000000000000000000000000000000000000000000000000000000000000000000000000000000000000000000000000000000000000000000000000000000E
:4032C00000000000000000000000000000000000000000000000000000000000000000000000000000000000000000000000000000000000000000000000000000000000CE
:40330000000000000000000000000000000000000000000000000000000000000000000000000000000000000000000000000000000000000000000000000000000000008D
:40334000000000000000000000000000000000000000000000000000000000000000000000000000000000000000000000000000000000000000000000000000000000004D
:40338000000000000000000000000000000000000000000000000000000000000000000000000000000000000000000000000000000000000000000000000000000000000D
:4033C00000000000000000000000000000000000000000000000000000000000000000000000000000000000000000000000000000000000000000000000000000000000CD
:40340000000000000000000000000000000000000000000000000000000000000000000000000000000000000000000000000000000000000000000000000000000000008C
:40344000000000000000000000000000000000000000000000000000000000000000000000000000000000000000000000000000000000000000000000000000000000004C
:40348000000000000000000000000000000000000000000000000000000000000000000000000000000000000000000000000000000000000000000000000000000000000C
:4034C00000000000000000000000000000000000000000000000000000000000000000000000000000000000000000000000000000000000000000000000000000000000CC
:40350000000000000000000000000000000000000000000000000000000000000000000000000000000000000000000000000000000000000000000000000000000000008B
:40354000000000000000000000000000000000000000000000000000000000000000000000000000000000000000000000000000000000000000000000000000000000004B
:40358000000000000000000000000000000000000000000000000000000000000000000000000000000000000000000000000000000000000000000000000000000000000B
:4035C00000000000000000000000000000000000000000000000000000000000000000000000000000000000000000000000000000000000000000000000000000000000CB
:40360000000000000000000000000000000000000000000000000000000000000000000000000000000000000000000000000000000000000000000000000000000000008A
:40364000000000000000000000000000000000000000000000000000000000000000000000000000000000000000000000000000000000000000000000000000000000004A
:40368000000000000000000000000000000000000000000000000000000000000000000000000000000000000000000000000000000000000000000000000000000000000A
:4036C00000000000000000000000000000000000000000000000000000000000000000000000000000000000000000000000000000000000000000000000000000000000CA
:403700000000000000000000000000000000000000000000000000000000000000000000000000000000000000000000000000000000000000000000000000000000000089
:403740000000000000000000000000000000000000000000000000000000000000000000000000000000000000000000000000000000000000000000000000000000000049
:403780000000000000000000000000000000000000000000000000000000000000000000000000000000000000000000000000000000000000000000000000000000000009
:4037C00000000000000000000000000000000000000000000000000000000000000000000000000000000000000000000000000000000000000000000000000000000000C9
:403800000000000000000000000000000000000000000000000000000000000000000000000000000000000000000000000000000000000000000000000000000000000088
:403840000000000000000000000000000000000000000000000000000000000000000000000000000000000000000000000000000000000000000000000000000000000048
:403880000000000000000000000000000000000000000000000000000000000000000000000000000000000000000000000000000000000000000000000000000000000008
:4038C00000000000000000000000000000000000000000000000000000000000000000000000000000000000000000000000000000000000000000000000000000000000C8
:403900000000000000000000000000000000000000000000000000000000000000000000000000000000000000000000000000000000000000000000000000000000000087
:403940000000000000000000000000000000000000000000000000000000000000000000000000000000000000000000000000000000000000000000000000000000000047
:403980000000000000000000000000000000000000000000000000000000000000000000000000000000000000000000000000000000000000000000000000000000000007
:4039C00000000000000000000000000000000000000000000000000000000000000000000000000000000000000000000000000000000000000000000000000000000000C7
:403A00000000000000000000000000000000000000000000000000000000000000000000000000000000000000000000000000000000000000000000000000000000000086
:403A40000000000000000000000000000000000000000000000000000000000000000000000000000000000000000000000000000000000000000000000000000000000046
:403A80000000000000000000000000000000000000000000000000000000000000000000000000000000000000000000000000000000000000000000000000000000000006
:403AC00000000000000000000000000000000000000000000000000000000000000000000000000000000000000000000000000000000000000000000000000000000000C6
:403B00000000000000000000000000000000000000000000000000000000000000000000000000000000000000000000000000000000000000000000000000000000000085
:403B40000000000000000000000000000000000000000000000000000000000000000000000000000000000000000000000000000000000000000000000000000000000045
:403B80000000000000000000000000000000000000000000000000000000000000000000000000000000000000000000000000000000000000000000000000000000000005
:403BC00000000000000000000000000000000000000000000000000000000000000000000000000000000000000000000000000000000000000000000000000000000000C5
:403C00000000000000000000000000000000000000000000000000000000000000000000000000000000000000000000000000000000000000000000000000000000000084
:403C40000000000000000000000000000000000000000000000000000000000000000000000000000000000000000000000000000000000000000000000000000000000044
:403C80000000000000000000000000000000000000000000000000000000000000000000000000000000000000000000000000000000000000000000000000000000000004
:403CC00000000000000000000000000000000000000000000000000000000000000000000000000000000000000000000000000000000000000000000000000000000000C4
:403D00000000000000000000000000000000000000000000000000000000000000000000000000000000000000000000000000000000000000000000000000000000000083
:403D40000000000000000000000000000000000000000000000000000000000000000000000000000000000000000000000000000000000000000000000000000000000043
:403D80000000000000000000000000000000000000000000000000000000000000000000000000000000000000000000000000000000000000000000000000000000000003
:403DC00000000000000000000000000000000000000000000000000000000000000000000000000000000000000000000000000000000000000000000000000000000000C3
:403E00000000000000000000000000000000000000000000000000000000000000000000000000000000000000000000000000000000000000000000000000000000000082
:403E40000000000000000000000000000000000000000000000000000000000000000000000000000000000000000000000000000000000000000000000000000000000042
:403E80000000000000000000000000000000000000000000000000000000000000000000000000000000000000000000000000000000000000000000000000000000000002
:403EC00000000000000000000000000000000000000000000000000000000000000000000000000000000000000000000000000000000000000000000000000000000000C2
:403F00000000000000000000000000000000000000000000000000000000000000000000000000000000000000000000000000000000000000000000000000000000000081
:403F40000000000000000000000000000000000000000000000000000000000000000000000000000000000000000000000000000000000000000000000000000000000041
:403F80000000000000000000000000000000000000000000000000000000000000000000000000000000000000000000000000000000000000000000000000000000000001
:403FC00000000000000000000000000000000000000000000000000000000000000000000000000000000000000000000000000000000000000000000000000000000000C1
:404000000000000000000000000000000000000000000000000000000000000000000000000000000000000000000000000000000000000000000000000000000000000080
:404040000000000000000000000000000000000000000000000000000000000000000000000000000000000000000000000000000000000000000000000000000000000040
:404080000000000000000000000000000000000000000000000000000000000000000000000000000000000000000000000000000000000000000000000000000000000000
:4040C00000000000000000000000000000000000000000000000000000000000000000000000000000000000000000000000000000000000000000000000000000000000C0
:40410000000000000000000000000000000000000000000000000000000000000000000000000000000000000000000000000000000000000000000000000000000000007F
:40414000000000000000000000000000000000000000000000000000000000000000000000000000000000000000000000000000000000000000000000000000000000003F
:4041800000000000000000000000000000000000000000000000000000000000000000000000000000000000000000000000000000000000000000000000000000000000FF
:4041C00000000000000000000000000000000000000000000000000000000000000000000000000000000000000000000000000000000000000000000000000000000000BF
:40420000000000000000000000000000000000000000000000000000000000000000000000000000000000000000000000000000000000000000000000000000000000007E
:40424000000000000000000000000000000000000000000000000000000000000000000000000000000000000000000000000000000000000000000000000000000000003E
:4042800000000000000000000000000000000000000000000000000000000000000000000000000000000000000000000000000000000000000000000000000000000000FE
:4042C00000000000000000000000000000000000000000000000000000000000000000000000000000000000000000000000000000000000000000000000000000000000BE
:40430000000000000000000000000000000000000000000000000000000000000000000000000000000000000000000000000000000000000000000000000000000000007D
:40434000000000000000000000000000000000000000000000000000000000000000000000000000000000000000000000000000000000000000000000000000000000003D
:4043800000000000000000000000000000000000000000000000000000000000000000000000000000000000000000000000000000000000000000000000000000000000FD
:4043C00000000000000000000000000000000000000000000000000000000000000000000000000000000000000000000000000000000000000000000000000000000000BD
:40440000000000000000000000000000000000000000000000000000000000000000000000000000000000000000000000000000000000000000000000000000000000007C
:40444000000000000000000000000000000000000000000000000000000000000000000000000000000000000000000000000000000000000000000000000000000000003C
:4044800000000000000000000000000000000000000000000000000000000000000000000000000000000000000000000000000000000000000000000000000000000000FC
:4044C00000000000000000000000000000000000000000000000000000000000000000000000000000000000000000000000000000000000000000000000000000000000BC
:40450000000000000000000000000000000000000000000000000000000000000000000000000000000000000000000000000000000000000000000000000000000000007B
:40454000000000000000000000000000000000000000000000000000000000000000000000000000000000000000000000000000000000000000000000000000000000003B
:4045800000000000000000000000000000000000000000000000000000000000000000000000000000000000000000000000000000000000000000000000000000000000FB
:4045C00000000000000000000000000000000000000000000000000000000000000000000000000000000000000000000000000000000000000000000000000000000000BB
:40460000000000000000000000000000000000000000000000000000000000000000000000000000000000000000000000000000000000000000000000000000000000007A
:40464000000000000000000000000000000000000000000000000000000000000000000000000000000000000000000000000000000000000000000000000000000000003A
:4046800000000000000000000000000000000000000000000000000000000000000000000000000000000000000000000000000000000000000000000000000000000000FA
:4046C00000000000000000000000000000000000000000000000000000000000000000000000000000000000000000000000000000000000000000000000000000000000BA
:404700000000000000000000000000000000000000000000000000000000000000000000000000000000000000000000000000000000000000000000000000000000000079
:404740000000000000000000000000000000000000000000000000000000000000000000000000000000000000000000000000000000000000000000000000000000000039
:4047800000000000000000000000000000000000000000000000000000000000000000000000000000000000000000000000000000000000000000000000000000000000F9
:4047C00000000000000000000000000000000000000000000000000000000000000000000000000000000000000000000000000000000000000000000000000000000000B9
:404800000000000000000000000000000000000000000000000000000000000000000000000000000000000000000000000000000000000000000000000000000000000078
:404840000000000000000000000000000000000000000000000000000000000000000000000000000000000000000000000000000000000000000000000000000000000038
:4048800000000000000000000000000000000000000000000000000000000000000000000000000000000000000000000000000000000000000000000000000000000000F8
:4048C00000000000000000000000000000000000000000000000000000000000000000000000000000000000000000000000000000000000000000000000000000000000B8
:404900000000000000000000000000000000000000000000000000000000000000000000000000000000000000000000000000000000000000000000000000000000000077
:404940000000000000000000000000000000000000000000000000000000000000000000000000000000000000000000000000000000000000000000000000000000000037
:4049800000000000000000000000000000000000000000000000000000000000000000000000000000000000000000000000000000000000000000000000000000000000F7
:4049C00000000000000000000000000000000000000000000000000000000000000000000000000000000000000000000000000000000000000000000000000000000000B7
:404A00000000000000000000000000000000000000000000000000000000000000000000000000000000000000000000000000000000000000000000000000000000000076
:404A40000000000000000000000000000000000000000000000000000000000000000000000000000000000000000000000000000000000000000000000000000000000036
:404A800000000000000000000000000000000000000000000000000000000000000000000000000000000000000000000000000000000000000000000000000000000000F6
:404AC00000000000000000000000000000000000000000000000000000000000000000000000000000000000000000000000000000000000000000000000000000000000B6
:404B00000000000000000000000000000000000000000000000000000000000000000000000000000000000000000000000000000000000000000000000000000000000075
:404B40000000000000000000000000000000000000000000000000000000000000000000000000000000000000000000000000000000000000000000000000000000000035
:404B800000000000000000000000000000000000000000000000000000000000000000000000000000000000000000000000000000000000000000000000000000000000F5
:404BC00000000000000000000000000000000000000000000000000000000000000000000000000000000000000000000000000000000000000000000000000000000000B5
:404C00000000000000000000000000000000000000000000000000000000000000000000000000000000000000000000000000000000000000000000000000000000000074
:404C40000000000000000000000000000000000000000000000000000000000000000000000000000000000000000000000000000000000000000000000000000000000034
:404C800000000000000000000000000000000000000000000000000000000000000000000000000000000000000000000000000000000000000000000000000000000000F4
:404CC00000000000000000000000000000000000000000000000000000000000000000000000000000000000000000000000000000000000000000000000000000000000B4
:404D00000000000000000000000000000000000000000000000000000000000000000000000000000000000000000000000000000000000000000000000000000000000073
:404D40000000000000000000000000000000000000000000000000000000000000000000000000000000000000000000000000000000000000000000000000000000000033
:404D800000000000000000000000000000000000000000000000000000000000000000000000000000000000000000000000000000000000000000000000000000000000F3
:404DC00000000000000000000000000000000000000000000000000000000000000000000000000000000000000000000000000000000000000000000000000000000000B3
:404E00000000000000000000000000000000000000000000000000000000000000000000000000000000000000000000000000000000000000000000000000000000000072
:404E40000000000000000000000000000000000000000000000000000000000000000000000000000000000000000000000000000000000000000000000000000000000032
:404E800000000000000000000000000000000000000000000000000000000000000000000000000000000000000000000000000000000000000000000000000000000000F2
:404EC00000000000000000000000000000000000000000000000000000000000000000000000000000000000000000000000000000000000000000000000000000000000B2
:404F00000000000000000000000000000000000000000000000000000000000000000000000000000000000000000000000000000000000000000000000000000000000071
:404F40000000000000000000000000000000000000000000000000000000000000000000000000000000000000000000000000000000000000000000000000000000000031
:404F800000000000000000000000000000000000000000000000000000000000000000000000000000000000000000000000000000000000000000000000000000000000F1
:404FC00000000000000000000000000000000000000000000000000000000000000000000000000000000000000000000000000000000000000000000000000000000000B1
:405000000000000000000000000000000000000000000000000000000000000000000000000000000000000000000000000000000000000000000000000000000000000070
:405040000000000000000000000000000000000000000000000000000000000000000000000000000000000000000000000000000000000000000000000000000000000030
:4050800000000000000000000000000000000000000000000000000000000000000000000000000000000000000000000000000000000000000000000000000000000000F0
:4050C00000000000000000000000000000000000000000000000000000000000000000000000000000000000000000000000000000000000000000000000000000000000B0
:40510000000000000000000000000000000000000000000000000000000000000000000000000000000000000000000000000000000000000000000000000000000000006F
:40514000000000000000000000000000000000000000000000000000000000000000000000000000000000000000000000000000000000000000000000000000000000002F
:4051800000000000000000000000000000000000000000000000000000000000000000000000000000000000000000000000000000000000000000000000000000000000EF
:4051C00000000000000000000000000000000000000000000000000000000000000000000000000000000000000000000000000000000000000000000000000000000000AF
:40520000000000000000000000000000000000000000000000000000000000000000000000000000000000000000000000000000000000000000000000000000000000006E
:40524000000000000000000000000000000000000000000000000000000000000000000000000000000000000000000000000000000000000000000000000000000000002E
:4052800000000000000000000000000000000000000000000000000000000000000000000000000000000000000000000000000000000000000000000000000000000000EE
:4052C00000000000000000000000000000000000000000000000000000000000000000000000000000000000000000000000000000000000000000000000000000000000AE
:40530000000000000000000000000000000000000000000000000000000000000000000000000000000000000000000000000000000000000000000000000000000000006D
:40534000000000000000000000000000000000000000000000000000000000000000000000000000000000000000000000000000000000000000000000000000000000002D
:4053800000000000000000000000000000000000000000000000000000000000000000000000000000000000000000000000000000000000000000000000000000000000ED
:4053C00000000000000000000000000000000000000000000000000000000000000000000000000000000000000000000000000000000000000000000000000000000000AD
:40540000000000000000000000000000000000000000000000000000000000000000000000000000000000000000000000000000000000000000000000000000000000006C
:40544000000000000000000000000000000000000000000000000000000000000000000000000000000000000000000000000000000000000000000000000000000000002C
:4054800000000000000000000000000000000000000000000000000000000000000000000000000000000000000000000000000000000000000000000000000000000000EC
:4054C00000000000000000000000000000000000000000000000000000000000000000000000000000000000000000000000000000000000000000000000000000000000AC
:40550000000000000000000000000000000000000000000000000000000000000000000000000000000000000000000000000000000000000000000000000000000000006B
:40554000000000000000000000000000000000000000000000000000000000000000000000000000000000000000000000000000000000000000000000000000000000002B
:4055800000000000000000000000000000000000000000000000000000000000000000000000000000000000000000000000000000000000000000000000000000000000EB
:4055C00000000000000000000000000000000000000000000000000000000000000000000000000000000000000000000000000000000000000000000000000000000000AB
:40560000000000000000000000000000000000000000000000000000000000000000000000000000000000000000000000000000000000000000000000000000000000006A
:40564000000000000000000000000000000000000000000000000000000000000000000000000000000000000000000000000000000000000000000000000000000000002A
:4056800000000000000000000000000000000000000000000000000000000000000000000000000000000000000000000000000000000000000000000000000000000000EA
:4056C00000000000000000000000000000000000000000000000000000000000000000000000000000000000000000000000000000000000000000000000000000000000AA
:405700000000000000000000000000000000000000000000000000000000000000000000000000000000000000000000000000000000000000000000000000000000000069
:405740000000000000000000000000000000000000000000000000000000000000000000000000000000000000000000000000000000000000000000000000000000000029
:4057800000000000000000000000000000000000000000000000000000000000000000000000000000000000000000000000000000000000000000000000000000000000E9
:4057C00000000000000000000000000000000000000000000000000000000000000000000000000000000000000000000000000000000000000000000000000000000000A9
:405800000000000000000000000000000000000000000000000000000000000000000000000000000000000000000000000000000000000000000000000000000000000068
:405840000000000000000000000000000000000000000000000000000000000000000000000000000000000000000000000000000000000000000000000000000000000028
:4058800000000000000000000000000000000000000000000000000000000000000000000000000000000000000000000000000000000000000000000000000000000000E8
:4058C00000000000000000000000000000000000000000000000000000000000000000000000000000000000000000000000000000000000000000000000000000000000A8
:405900000000000000000000000000000000000000000000000000000000000000000000000000000000000000000000000000000000000000000000000000000000000067
:405940000000000000000000000000000000000000000000000000000000000000000000000000000000000000000000000000000000000000000000000000000000000027
:4059800000000000000000000000000000000000000000000000000000000000000000000000000000000000000000000000000000000000000000000000000000000000E7
:4059C00000000000000000000000000000000000000000000000000000000000000000000000000000000000000000000000000000000000000000000000000000000000A7
:405A00000000000000000000000000000000000000000000000000000000000000000000000000000000000000000000000000000000000000000000000000000000000066
:405A40000000000000000000000000000000000000000000000000000000000000000000000000000000000000000000000000000000000000000000000000000000000026
:405A800000000000000000000000000000000000000000000000000000000000000000000000000000000000000000000000000000000000000000000000000000000000E6
:405AC00000000000000000000000000000000000000000000000000000000000000000000000000000000000000000000000000000000000000000000000000000000000A6
:405B00000000000000000000000000000000000000000000000000000000000000000000000000000000000000000000000000000000000000000000000000000000000065
:405B40000000000000000000000000000000000000000000000000000000000000000000000000000000000000000000000000000000000000000000000000000000000025
:405B800000000000000000000000000000000000000000000000000000000000000000000000000000000000000000000000000000000000000000000000000000000000E5
:405BC00000000000000000000000000000000000000000000000000000000000000000000000000000000000000000000000000000000000000000000000000000000000A5
:405C00000000000000000000000000000000000000000000000000000000000000000000000000000000000000000000000000000000000000000000000000000000000064
:405C40000000000000000000000000000000000000000000000000000000000000000000000000000000000000000000000000000000000000000000000000000000000024
:405C800000000000000000000000000000000000000000000000000000000000000000000000000000000000000000000000000000000000000000000000000000000000E4
:405CC00000000000000000000000000000000000000000000000000000000000000000000000000000000000000000000000000000000000000000000000000000000000A4
:405D00000000000000000000000000000000000000000000000000000000000000000000000000000000000000000000000000000000000000000000000000000000000063
:405D40000000000000000000000000000000000000000000000000000000000000000000000000000000000000000000000000000000000000000000000000000000000023
:405D800000000000000000000000000000000000000000000000000000000000000000000000000000000000000000000000000000000000000000000000000000000000E3
:405DC00000000000000000000000000000000000000000000000000000000000000000000000000000000000000000000000000000000000000000000000000000000000A3
:405E00000000000000000000000000000000000000000000000000000000000000000000000000000000000000000000000000000000000000000000000000000000000062
:405E40000000000000000000000000000000000000000000000000000000000000000000000000000000000000000000000000000000000000000000000000000000000022
:405E800000000000000000000000000000000000000000000000000000000000000000000000000000000000000000000000000000000000000000000000000000000000E2
:405EC00000000000000000000000000000000000000000000000000000000000000000000000000000000000000000000000000000000000000000000000000000000000A2
:405F00000000000000000000000000000000000000000000000000000000000000000000000000000000000000000000000000000000000000000000000000000000000061
:405F40000000000000000000000000000000000000000000000000000000000000000000000000000000000000000000000000000000000000000000000000000000000021
:405F800000000000000000000000000000000000000000000000000000000000000000000000000000000000000000000000000000000000000000000000000000000000E1
:405FC00000000000000000000000000000000000000000000000000000000000000000000000000000000000000000000000000000000000000000000000000000000000A1
:406000000000000000000000000000000000000000000000000000000000000000000000000000000000000000000000000000000000000000000000000000000000000060
:406040000000000000000000000000000000000000000000000000000000000000000000000000000000000000000000000000000000000000000000000000000000000020
:4060800000000000000000000000000000000000000000000000000000000000000000000000000000000000000000000000000000000000000000000000000000000000E0
:4060C00000000000000000000000000000000000000000000000000000000000000000000000000000000000000000000000000000000000000000000000000000000000A0
:40610000000000000000000000000000000000000000000000000000000000000000000000000000000000000000000000000000000000000000000000000000000000005F
:40614000000000000000000000000000000000000000000000000000000000000000000000000000000000000000000000000000000000000000000000000000000000001F
:4061800000000000000000000000000000000000000000000000000000000000000000000000000000000000000000000000000000000000000000000000000000000000DF
:4061C000000000000000000000000000000000000000000000000000000000000000000000000000000000000000000000000000000000000000000000000000000000009F
:40620000000000000000000000000000000000000000000000000000000000000000000000000000000000000000000000000000000000000000000000000000000000005E
:40624000000000000000000000000000000000000000000000000000000000000000000000000000000000000000000000000000000000000000000000000000000000001E
:4062800000000000000000000000000000000000000000000000000000000000000000000000000000000000000000000000000000000000000000000000000000000000DE
:4062C000000000000000000000000000000000000000000000000000000000000000000000000000000000000000000000000000000000000000000000000000000000009E
:40630000000000000000000000000000000000000000000000000000000000000000000000000000000000000000000000000000000000000000000000000000000000005D
:40634000000000000000000000000000000000000000000000000000000000000000000000000000000000000000000000000000000000000000000000000000000000001D
:4063800000000000000000000000000000000000000000000000000000000000000000000000000000000000000000000000000000000000000000000000000000000000DD
:4063C000000000000000000000000000000000000000000000000000000000000000000000000000000000000000000000000000000000000000000000000000000000009D
:40640000000000000000000000000000000000000000000000000000000000000000000000000000000000000000000000000000000000000000000000000000000000005C
:40644000000000000000000000000000000000000000000000000000000000000000000000000000000000000000000000000000000000000000000000000000000000001C
:4064800000000000000000000000000000000000000000000000000000000000000000000000000000000000000000000000000000000000000000000000000000000000DC
:4064C000000000000000000000000000000000000000000000000000000000000000000000000000000000000000000000000000000000000000000000000000000000009C
:40650000000000000000000000000000000000000000000000000000000000000000000000000000000000000000000000000000000000000000000000000000000000005B
:40654000000000000000000000000000000000000000000000000000000000000000000000000000000000000000000000000000000000000000000000000000000000001B
:4065800000000000000000000000000000000000000000000000000000000000000000000000000000000000000000000000000000000000000000000000000000000000DB
:4065C000000000000000000000000000000000000000000000000000000000000000000000000000000000000000000000000000000000000000000000000000000000009B
:40660000000000000000000000000000000000000000000000000000000000000000000000000000000000000000000000000000000000000000000000000000000000005A
:40664000000000000000000000000000000000000000000000000000000000000000000000000000000000000000000000000000000000000000000000000000000000001A
:4066800000000000000000000000000000000000000000000000000000000000000000000000000000000000000000000000000000000000000000000000000000000000DA
:4066C000000000000000000000000000000000000000000000000000000000000000000000000000000000000000000000000000000000000000000000000000000000009A
:406700000000000000000000000000000000000000000000000000000000000000000000000000000000000000000000000000000000000000000000000000000000000059
:406740000000000000000000000000000000000000000000000000000000000000000000000000000000000000000000000000000000000000000000000000000000000019
:4067800000000000000000000000000000000000000000000000000000000000000000000000000000000000000000000000000000000000000000000000000000000000D9
:4067C0000000000000000000000000000000000000000000000000000000000000000000000000000000000000000000000000000000000000000000000000000000000099
:406800000000000000000000000000000000000000000000000000000000000000000000000000000000000000000000000000000000000000000000000000000000000058
:406840000000000000000000000000000000000000000000000000000000000000000000000000000000000000000000000000000000000000000000000000000000000018
:4068800000000000000000000000000000000000000000000000000000000000000000000000000000000000000000000000000000000000000000000000000000000000D8
:4068C0000000000000000000000000000000000000000000000000000000000000000000000000000000000000000000000000000000000000000000000000000000000098
:406900000000000000000000000000000000000000000000000000000000000000000000000000000000000000000000000000000000000000000000000000000000000057
:406940000000000000000000000000000000000000000000000000000000000000000000000000000000000000000000000000000000000000000000000000000000000017
:4069800000000000000000000000000000000000000000000000000000000000000000000000000000000000000000000000000000000000000000000000000000000000D7
:4069C0000000000000000000000000000000000000000000000000000000000000000000000000000000000000000000000000000000000000000000000000000000000097
:406A00000000000000000000000000000000000000000000000000000000000000000000000000000000000000000000000000000000000000000000000000000000000056
:406A40000000000000000000000000000000000000000000000000000000000000000000000000000000000000000000000000000000000000000000000000000000000016
:406A800000000000000000000000000000000000000000000000000000000000000000000000000000000000000000000000000000000000000000000000000000000000D6
:406AC0000000000000000000000000000000000000000000000000000000000000000000000000000000000000000000000000000000000000000000000000000000000096
:406B00000000000000000000000000000000000000000000000000000000000000000000000000000000000000000000000000000000000000000000000000000000000055
:406B40000000000000000000000000000000000000000000000000000000000000000000000000000000000000000000000000000000000000000000000000000000000015
:406B800000000000000000000000000000000000000000000000000000000000000000000000000000000000000000000000000000000000000000000000000000000000D5
:406BC0000000000000000000000000000000000000000000000000000000000000000000000000000000000000000000000000000000000000000000000000000000000095
:406C00000000000000000000000000000000000000000000000000000000000000000000000000000000000000000000000000000000000000000000000000000000000054
:406C40000000000000000000000000000000000000000000000000000000000000000000000000000000000000000000000000000000000000000000000000000000000014
:406C800000000000000000000000000000000000000000000000000000000000000000000000000000000000000000000000000000000000000000000000000000000000D4
:406CC0000000000000000000000000000000000000000000000000000000000000000000000000000000000000000000000000000000000000000000000000000000000094
:406D00000000000000000000000000000000000000000000000000000000000000000000000000000000000000000000000000000000000000000000000000000000000053
:406D40000000000000000000000000000000000000000000000000000000000000000000000000000000000000000000000000000000000000000000000000000000000013
:406D800000000000000000000000000000000000000000000000000000000000000000000000000000000000000000000000000000000000000000000000000000000000D3
:406DC0000000000000000000000000000000000000000000000000000000000000000000000000000000000000000000000000000000000000000000000000000000000093
:406E00000000000000000000000000000000000000000000000000000000000000000000000000000000000000000000000000000000000000000000000000000000000052
:406E40000000000000000000000000000000000000000000000000000000000000000000000000000000000000000000000000000000000000000000000000000000000012
:406E800000000000000000000000000000000000000000000000000000000000000000000000000000000000000000000000000000000000000000000000000000000000D2
:406EC0000000000000000000000000000000000000000000000000000000000000000000000000000000000000000000000000000000000000000000000000000000000092
:406F00000000000000000000000000000000000000000000000000000000000000000000000000000000000000000000000000000000000000000000000000000000000051
:406F40000000000000000000000000000000000000000000000000000000000000000000000000000000000000000000000000000000000000000000000000000000000011
:406F800000000000000000000000000000000000000000000000000000000000000000000000000000000000000000000000000000000000000000000000000000000000D1
:406FC0000000000000000000000000000000000000000000000000000000000000000000000000000000000000000000000000000000000000000000000000000000000091
:407000000000000000000000000000000000000000000000000000000000000000000000000000000000000000000000000000000000000000000000000000000000000050
:407040000000000000000000000000000000000000000000000000000000000000000000000000000000000000000000000000000000000000000000000000000000000010
:4070800000000000000000000000000000000000000000000000000000000000000000000000000000000000000000000000000000000000000000000000000000000000D0
:4070C0000000000000000000000000000000000000000000000000000000000000000000000000000000000000000000000000000000000000000000000000000000000090
:40710000000000000000000000000000000000000000000000000000000000000000000000000000000000000000000000000000000000000000000000000000000000004F
:40714000000000000000000000000000000000000000000000000000000000000000000000000000000000000000000000000000000000000000000000000000000000000F
:4071800000000000000000000000000000000000000000000000000000000000000000000000000000000000000000000000000000000000000000000000000000000000CF
:4071C000000000000000000000000000000000000000000000000000000000000000000000000000000000000000000000000000000000000000000000000000000000008F
:40720000000000000000000000000000000000000000000000000000000000000000000000000000000000000000000000000000000000000000000000000000000000004E
:40724000000000000000000000000000000000000000000000000000000000000000000000000000000000000000000000000000000000000000000000000000000000000E
:4072800000000000000000000000000000000000000000000000000000000000000000000000000000000000000000000000000000000000000000000000000000000000CE
:4072C000000000000000000000000000000000000000000000000000000000000000000000000000000000000000000000000000000000000000000000000000000000008E
:40730000000000000000000000000000000000000000000000000000000000000000000000000000000000000000000000000000000000000000000000000000000000004D
:40734000000000000000000000000000000000000000000000000000000000000000000000000000000000000000000000000000000000000000000000000000000000000D
:4073800000000000000000000000000000000000000000000000000000000000000000000000000000000000000000000000000000000000000000000000000000000000CD
:4073C000000000000000000000000000000000000000000000000000000000000000000000000000000000000000000000000000000000000000000000000000000000008D
:40740000000000000000000000000000000000000000000000000000000000000000000000000000000000000000000000000000000000000000000000000000000000004C
:40744000000000000000000000000000000000000000000000000000000000000000000000000000000000000000000000000000000000000000000000000000000000000C
:4074800000000000000000000000000000000000000000000000000000000000000000000000000000000000000000000000000000000000000000000000000000000000CC
:4074C000000000000000000000000000000000000000000000000000000000000000000000000000000000000000000000000000000000000000000000000000000000008C
:40750000000000000000000000000000000000000000000000000000000000000000000000000000000000000000000000000000000000000000000000000000000000004B
:40754000000000000000000000000000000000000000000000000000000000000000000000000000000000000000000000000000000000000000000000000000000000000B
:4075800000000000000000000000000000000000000000000000000000000000000000000000000000000000000000000000000000000000000000000000000000000000CB
:4075C000000000000000000000000000000000000000000000000000000000000000000000000000000000000000000000000000000000000000000000000000000000008B
:40760000000000000000000000000000000000000000000000000000000000000000000000000000000000000000000000000000000000000000000000000000000000004A
:40764000000000000000000000000000000000000000000000000000000000000000000000000000000000000000000000000000000000000000000000000000000000000A
:4076800000000000000000000000000000000000000000000000000000000000000000000000000000000000000000000000000000000000000000000000000000000000CA
:4076C000000000000000000000000000000000000000000000000000000000000000000000000000000000000000000000000000000000000000000000000000000000008A
:407700000000000000000000000000000000000000000000000000000000000000000000000000000000000000000000000000000000000000000000000000000000000049
:407740000000000000000000000000000000000000000000000000000000000000000000000000000000000000000000000000000000000000000000000000000000000009
:4077800000000000000000000000000000000000000000000000000000000000000000000000000000000000000000000000000000000000000000000000000000000000C9
:4077C0000000000000000000000000000000000000000000000000000000000000000000000000000000000000000000000000000000000000000000000000000000000089
:407800000000000000000000000000000000000000000000000000000000000000000000000000000000000000000000000000000000000000000000000000000000000048
:407840000000000000000000000000000000000000000000000000000000000000000000000000000000000000000000000000000000000000000000000000000000000008
:4078800000000000000000000000000000000000000000000000000000000000000000000000000000000000000000000000000000000000000000000000000000000000C8
:4078C0000000000000000000000000000000000000000000000000000000000000000000000000000000000000000000000000000000000000000000000000000000000088
:407900000000000000000000000000000000000000000000000000000000000000000000000000000000000000000000000000000000000000000000000000000000000047
:407940000000000000000000000000000000000000000000000000000000000000000000000000000000000000000000000000000000000000000000000000000000000007
:4079800000000000000000000000000000000000000000000000000000000000000000000000000000000000000000000000000000000000000000000000000000000000C7
:4079C0000000000000000000000000000000000000000000000000000000000000000000000000000000000000000000000000000000000000000000000000000000000087
:407A00000000000000000000000000000000000000000000000000000000000000000000000000000000000000000000000000000000000000000000000000000000000046
:407A40000000000000000000000000000000000000000000000000000000000000000000000000000000000000000000000000000000000000000000000000000000000006
:407A800000000000000000000000000000000000000000000000000000000000000000000000000000000000000000000000000000000000000000000000000000000000C6
:407AC0000000000000000000000000000000000000000000000000000000000000000000000000000000000000000000000000000000000000000000000000000000000086
:407B00000000000000000000000000000000000000000000000000000000000000000000000000000000000000000000000000000000000000000000000000000000000045
:407B40000000000000000000000000000000000000000000000000000000000000000000000000000000000000000000000000000000000000000000000000000000000005
:407B800000000000000000000000000000000000000000000000000000000000000000000000000000000000000000000000000000000000000000000000000000000000C5
:407BC0000000000000000000000000000000000000000000000000000000000000000000000000000000000000000000000000000000000000000000000000000000000085
:407C00000000000000000000000000000000000000000000000000000000000000000000000000000000000000000000000000000000000000000000000000000000000044
:407C40000000000000000000000000000000000000000000000000000000000000000000000000000000000000000000000000000000000000000000000000000000000004
:407C800000000000000000000000000000000000000000000000000000000000000000000000000000000000000000000000000000000000000000000000000000000000C4
:407CC0000000000000000000000000000000000000000000000000000000000000000000000000000000000000000000000000000000000000000000000000000000000084
:407D00000000000000000000000000000000000000000000000000000000000000000000000000000000000000000000000000000000000000000000000000000000000043
:407D40000000000000000000000000000000000000000000000000000000000000000000000000000000000000000000000000000000000000000000000000000000000003
:407D800000000000000000000000000000000000000000000000000000000000000000000000000000000000000000000000000000000000000000000000000000000000C3
:407DC0000000000000000000000000000000000000000000000000000000000000000000000000000000000000000000000000000000000000000000000000000000000083
:407E00000000000000000000000000000000000000000000000000000000000000000000000000000000000000000000000000000000000000000000000000000000000042
:407E40000000000000000000000000000000000000000000000000000000000000000000000000000000000000000000000000000000000000000000000000000000000002
:407E800000000000000000000000000000000000000000000000000000000000000000000000000000000000000000000000000000000000000000000000000000000000C2
:407EC0000000000000000000000000000000000000000000000000000000000000000000000000000000000000000000000000000000000000000000000000000000000082
:407F00000000000000000000000000000000000000000000000000000000000000000000000000000000000000000000000000000000000000000000000000000000000041
:407F40000000000000000000000000000000000000000000000000000000000000000000000000000000000000000000000000000000000000000000000000000000000001
:407F800000000000000000000000000000000000000000000000000000000000000000000000000000000000000000000000000000000000000000000000000000000000C1
:407FC0000000000000000000000000000000000000000000000000000000000000000000000000000000000000000000000000000000000000000000000000000000000081
:0200000490006A
:0400000000004007B5
:0200000490105A
:04000000BC90ACAF55
:0200000490303A
:020000000E25CB
:0200000490402A
:4000000000000000000000000000000000000000000000000000000000000000000000000000000000000000000000000000000000000000000000000000000000000000C0
:400040000000000000000000000000000000000000000000000000000000000000000000000000000000000000000000000000000000000000000000000000000000000080
:400080000000000000000000000000000000000000000000000000000000000000000000000000000000000000000000000000000000000000000000000000000000000040
:4000C0000000000000000000000000000000000000000000000000000000000000000000000000000000000000000000000000000000000000000000000000000000000000
:0200000490501A
:0C00000000012E16106900012EB71E8EA4
:00000001FF