ARM GAS  C:\Users\kland\AppData\Local\Temp\ccE39o46.s 			page 1


   1              		.syntax unified
   2              		.cpu cortex-m3
   3              		.fpu softvfp
   4              		.eabi_attribute 20, 1
   5              		.eabi_attribute 21, 1
   6              		.eabi_attribute 23, 3
   7              		.eabi_attribute 24, 1
   8              		.eabi_attribute 25, 1
   9              		.eabi_attribute 26, 1
  10              		.eabi_attribute 30, 6
  11              		.eabi_attribute 34, 1
  12              		.eabi_attribute 18, 4
  13              		.thumb
  14              		.syntax unified
  15              		.file	"RTC_INT.c"
  16              		.text
  17              	.Ltext0:
  18              		.cfi_sections	.debug_frame
  19              		.comm	buffer_overflow,1,1
  20              		.comm	dataPointsInStack,2,2
  21              		.comm	dataPointsInStackDesired,2,2
  22              		.comm	data,6600,4
  23              		.comm	modem_state,1,1
  24              		.comm	modem_start_time_stamp,4,4
  25              		.comm	modem_info,60,4
  26              		.comm	modem_stats,32,4
  27              		.comm	updatable_parameters,11,4
  28              		.syntax unified
  29              		.global _printf_float
  30              		.thumb
  31              		.syntax unified
  32              		.comm	App_LED_enabled,1,1
  33              		.comm	app_led_inbox,100,4
  34              		.comm	level_sensor_inbox,100,4
  35              		.comm	level_sensor_enabled,1,1
  36              		.comm	valve_diameter,4,4
  37              		.comm	valve_type,10,4
  38              		.comm	valve_enabled,1,1
  39              		.comm	valve_inbox,100,4
  40              		.comm	autosampler_enabled,1,1
  41              		.comm	autosampler_inbox,100,4
  42              		.comm	sontek_enabled,1,1
  43              		.comm	Sontek_inbox,100,4
  44              		.comm	http_request,10000,4
  45              		.comm	http_body,10000,4
  46              		.comm	http_route,200,4
  47              		.comm	system_info,28,4
  48              		.comm	system_settings,104,4
  49              		.comm	alarmMeasure,6,4
  50              		.comm	timeToMeasure,1,1
  51              		.comm	alarmSync,6,4
  52              		.comm	timeToSync,1,1
  53              		.comm	timeToSycnRemoteParams,1,1
  54              		.comm	hey,1,1
  55              		.comm	alarmAppLED,6,4
  56              		.comm	timeToAppLED,1,1
  57              		.comm	alarmLevelSensor,6,4
ARM GAS  C:\Users\kland\AppData\Local\Temp\ccE39o46.s 			page 2


  58              		.comm	timeToLevelSensor,1,1
  59              		.comm	alarmDownstreamLevelSensor,6,4
  60              		.comm	timeToDownstreamLevelSensor,1,1
  61              		.comm	alarmValve,6,4
  62              		.comm	timeToValve,1,1
  63              		.comm	alarmAutosampler,6,4
  64              		.comm	timeToAutosampler,1,1
  65              		.comm	alarmSontek,6,4
  66              		.comm	timeToSontek,1,1
  67              		.section	.text.RTC_EverySecondHandler,"ax",%progbits
  68              		.align	2
  69              		.thumb
  70              		.thumb_func
  71              		.type	RTC_EverySecondHandler, %function
  72              	RTC_EverySecondHandler:
  73              	.LFB64:
  74              		.file 1 "Generated_Source\\PSoC5\\RTC_INT.c"
   1:Generated_Source\PSoC5/RTC_INT.c **** /*******************************************************************************
   2:Generated_Source\PSoC5/RTC_INT.c **** * File Name: RTC_INT.c
   3:Generated_Source\PSoC5/RTC_INT.c **** * Version 2.0
   4:Generated_Source\PSoC5/RTC_INT.c **** *
   5:Generated_Source\PSoC5/RTC_INT.c **** * Description:
   6:Generated_Source\PSoC5/RTC_INT.c **** *  This file contains the Interrupt Service Routine (ISR) for the RTC component.
   7:Generated_Source\PSoC5/RTC_INT.c **** *  This interrupt routine has entry pointes to overflow on time or date.
   8:Generated_Source\PSoC5/RTC_INT.c **** *
   9:Generated_Source\PSoC5/RTC_INT.c **** ********************************************************************************
  10:Generated_Source\PSoC5/RTC_INT.c **** * Copyright 2008-2013, Cypress Semiconductor Corporation.  All rights reserved.
  11:Generated_Source\PSoC5/RTC_INT.c **** * You may use this file only in accordance with the license, terms, conditions,
  12:Generated_Source\PSoC5/RTC_INT.c **** * disclaimers, and limitations in the end user license agreement accompanying
  13:Generated_Source\PSoC5/RTC_INT.c **** * the software package with which this file was provided.
  14:Generated_Source\PSoC5/RTC_INT.c **** *******************************************************************************/
  15:Generated_Source\PSoC5/RTC_INT.c **** 
  16:Generated_Source\PSoC5/RTC_INT.c **** #include "RTC.h"
  17:Generated_Source\PSoC5/RTC_INT.c **** #include "CyLib.h"
  18:Generated_Source\PSoC5/RTC_INT.c **** #include "cyapicallbacks.h"
  19:Generated_Source\PSoC5/RTC_INT.c **** 
  20:Generated_Source\PSoC5/RTC_INT.c **** /* Function Prototypes */
  21:Generated_Source\PSoC5/RTC_INT.c **** static void RTC_EverySecondHandler(void);
  22:Generated_Source\PSoC5/RTC_INT.c **** static void RTC_EveryMinuteHandler(void);
  23:Generated_Source\PSoC5/RTC_INT.c **** static void RTC_EveryHourHandler(void);
  24:Generated_Source\PSoC5/RTC_INT.c **** static void RTC_EveryDayHandler(void);
  25:Generated_Source\PSoC5/RTC_INT.c **** static void RTC_EveryWeekHandler(void);
  26:Generated_Source\PSoC5/RTC_INT.c **** static void RTC_EveryMonthHandler(void);
  27:Generated_Source\PSoC5/RTC_INT.c **** static void RTC_EveryYearHandler(void);
  28:Generated_Source\PSoC5/RTC_INT.c **** 
  29:Generated_Source\PSoC5/RTC_INT.c **** 
  30:Generated_Source\PSoC5/RTC_INT.c **** /*******************************************************************************
  31:Generated_Source\PSoC5/RTC_INT.c **** *  Place your includes, defines and code here
  32:Generated_Source\PSoC5/RTC_INT.c **** *******************************************************************************/
  33:Generated_Source\PSoC5/RTC_INT.c **** /* `#START RTC_ISR_DEFINITION` */
  34:Generated_Source\PSoC5/RTC_INT.c **** 
  35:Generated_Source\PSoC5/RTC_INT.c **** #include "notoriOS.h"
  36:Generated_Source\PSoC5/RTC_INT.c **** 
  37:Generated_Source\PSoC5/RTC_INT.c **** /* `#END` */
  38:Generated_Source\PSoC5/RTC_INT.c **** 
  39:Generated_Source\PSoC5/RTC_INT.c **** 
  40:Generated_Source\PSoC5/RTC_INT.c **** /*******************************************************************************
ARM GAS  C:\Users\kland\AppData\Local\Temp\ccE39o46.s 			page 3


  41:Generated_Source\PSoC5/RTC_INT.c **** * Function Name:   RTC_EverySecondHandler
  42:Generated_Source\PSoC5/RTC_INT.c **** ********************************************************************************
  43:Generated_Source\PSoC5/RTC_INT.c **** *
  44:Generated_Source\PSoC5/RTC_INT.c **** * Summary:
  45:Generated_Source\PSoC5/RTC_INT.c **** *  This function is called every second.
  46:Generated_Source\PSoC5/RTC_INT.c **** *
  47:Generated_Source\PSoC5/RTC_INT.c **** * Parameters:
  48:Generated_Source\PSoC5/RTC_INT.c **** *  None.
  49:Generated_Source\PSoC5/RTC_INT.c **** *
  50:Generated_Source\PSoC5/RTC_INT.c **** * Return:
  51:Generated_Source\PSoC5/RTC_INT.c **** *  None.
  52:Generated_Source\PSoC5/RTC_INT.c **** *
  53:Generated_Source\PSoC5/RTC_INT.c **** *******************************************************************************/
  54:Generated_Source\PSoC5/RTC_INT.c **** static void RTC_EverySecondHandler(void)
  55:Generated_Source\PSoC5/RTC_INT.c **** {
  75              		.loc 1 55 0
  76              		.cfi_startproc
  77              		@ args = 0, pretend = 0, frame = 0
  78              		@ frame_needed = 1, uses_anonymous_args = 0
  79 0000 80B5     		push	{r7, lr}
  80              		.cfi_def_cfa_offset 8
  81              		.cfi_offset 7, -8
  82              		.cfi_offset 14, -4
  83 0002 00AF     		add	r7, sp, #0
  84              		.cfi_def_cfa_register 7
  56:Generated_Source\PSoC5/RTC_INT.c ****     /*  Place your every second handler code here. */
  57:Generated_Source\PSoC5/RTC_INT.c ****     /* `#START EVERY_SECOND_HANDLER_CODE` */
  58:Generated_Source\PSoC5/RTC_INT.c ****     AyoItsTime(ALARM_TYPE_SECOND);
  85              		.loc 1 58 0
  86 0004 0020     		movs	r0, #0
  87 0006 FFF7FEFF 		bl	AyoItsTime
  59:Generated_Source\PSoC5/RTC_INT.c ****     /* `#END` */
  60:Generated_Source\PSoC5/RTC_INT.c ****     
  61:Generated_Source\PSoC5/RTC_INT.c ****     #ifdef RTC_EVERY_SECOND_HANDLER_CALLBACK
  62:Generated_Source\PSoC5/RTC_INT.c ****         RTC_EverySecondHandler_Callback();
  63:Generated_Source\PSoC5/RTC_INT.c ****     #endif /* RTC_EVERY_SECOND_HANDLER_CALLBACK */
  64:Generated_Source\PSoC5/RTC_INT.c **** }
  88              		.loc 1 64 0
  89 000a 00BF     		nop
  90 000c 80BD     		pop	{r7, pc}
  91              		.cfi_endproc
  92              	.LFE64:
  93              		.size	RTC_EverySecondHandler, .-RTC_EverySecondHandler
  94 000e 00BF     		.section	.text.RTC_EveryMinuteHandler,"ax",%progbits
  95              		.align	2
  96              		.thumb
  97              		.thumb_func
  98              		.type	RTC_EveryMinuteHandler, %function
  99              	RTC_EveryMinuteHandler:
 100              	.LFB65:
  65:Generated_Source\PSoC5/RTC_INT.c **** 
  66:Generated_Source\PSoC5/RTC_INT.c **** 
  67:Generated_Source\PSoC5/RTC_INT.c **** /*******************************************************************************
  68:Generated_Source\PSoC5/RTC_INT.c **** * Function Name:   RTC_EveryMinuteHandler
  69:Generated_Source\PSoC5/RTC_INT.c **** ********************************************************************************
  70:Generated_Source\PSoC5/RTC_INT.c **** *
  71:Generated_Source\PSoC5/RTC_INT.c **** * Summary:
ARM GAS  C:\Users\kland\AppData\Local\Temp\ccE39o46.s 			page 4


  72:Generated_Source\PSoC5/RTC_INT.c **** *  This function is called every minute.
  73:Generated_Source\PSoC5/RTC_INT.c **** *
  74:Generated_Source\PSoC5/RTC_INT.c **** * Parameters:
  75:Generated_Source\PSoC5/RTC_INT.c **** *  None.
  76:Generated_Source\PSoC5/RTC_INT.c **** *
  77:Generated_Source\PSoC5/RTC_INT.c **** * Return:
  78:Generated_Source\PSoC5/RTC_INT.c **** *  None.
  79:Generated_Source\PSoC5/RTC_INT.c **** *
  80:Generated_Source\PSoC5/RTC_INT.c **** *******************************************************************************/
  81:Generated_Source\PSoC5/RTC_INT.c **** static void RTC_EveryMinuteHandler(void)
  82:Generated_Source\PSoC5/RTC_INT.c **** {
 101              		.loc 1 82 0
 102              		.cfi_startproc
 103              		@ args = 0, pretend = 0, frame = 0
 104              		@ frame_needed = 1, uses_anonymous_args = 0
 105 0000 80B5     		push	{r7, lr}
 106              		.cfi_def_cfa_offset 8
 107              		.cfi_offset 7, -8
 108              		.cfi_offset 14, -4
 109 0002 00AF     		add	r7, sp, #0
 110              		.cfi_def_cfa_register 7
  83:Generated_Source\PSoC5/RTC_INT.c ****     /*  Place your every minute handler code here. */
  84:Generated_Source\PSoC5/RTC_INT.c ****     /* `#START EVERY_MINUTE_HANDLER_CODE` */
  85:Generated_Source\PSoC5/RTC_INT.c ****     AyoItsTime(ALARM_TYPE_MINUTE);
 111              		.loc 1 85 0
 112 0004 0120     		movs	r0, #1
 113 0006 FFF7FEFF 		bl	AyoItsTime
  86:Generated_Source\PSoC5/RTC_INT.c ****     /* `#END` */
  87:Generated_Source\PSoC5/RTC_INT.c **** 
  88:Generated_Source\PSoC5/RTC_INT.c ****     #ifdef RTC_EVERY_MINUTE_HANDLER_CALLBACK
  89:Generated_Source\PSoC5/RTC_INT.c ****         RTC_EveryMinuteHandler_Callback();
  90:Generated_Source\PSoC5/RTC_INT.c ****     #endif /* RTC_EVERY_MINUTE_HANDLER_CALLBACK */    
  91:Generated_Source\PSoC5/RTC_INT.c **** }
 114              		.loc 1 91 0
 115 000a 00BF     		nop
 116 000c 80BD     		pop	{r7, pc}
 117              		.cfi_endproc
 118              	.LFE65:
 119              		.size	RTC_EveryMinuteHandler, .-RTC_EveryMinuteHandler
 120 000e 00BF     		.section	.text.RTC_EveryHourHandler,"ax",%progbits
 121              		.align	2
 122              		.thumb
 123              		.thumb_func
 124              		.type	RTC_EveryHourHandler, %function
 125              	RTC_EveryHourHandler:
 126              	.LFB66:
  92:Generated_Source\PSoC5/RTC_INT.c **** 
  93:Generated_Source\PSoC5/RTC_INT.c **** 
  94:Generated_Source\PSoC5/RTC_INT.c **** /*******************************************************************************
  95:Generated_Source\PSoC5/RTC_INT.c **** * Function Name:   RTC_EveryHourHandler
  96:Generated_Source\PSoC5/RTC_INT.c **** ********************************************************************************
  97:Generated_Source\PSoC5/RTC_INT.c **** *
  98:Generated_Source\PSoC5/RTC_INT.c **** * Summary:
  99:Generated_Source\PSoC5/RTC_INT.c **** *  This function is called every hour.
 100:Generated_Source\PSoC5/RTC_INT.c **** *
 101:Generated_Source\PSoC5/RTC_INT.c **** * Parameters:
 102:Generated_Source\PSoC5/RTC_INT.c **** *  None.
ARM GAS  C:\Users\kland\AppData\Local\Temp\ccE39o46.s 			page 5


 103:Generated_Source\PSoC5/RTC_INT.c **** *
 104:Generated_Source\PSoC5/RTC_INT.c **** * Return:
 105:Generated_Source\PSoC5/RTC_INT.c **** *  None.
 106:Generated_Source\PSoC5/RTC_INT.c **** *
 107:Generated_Source\PSoC5/RTC_INT.c **** *******************************************************************************/
 108:Generated_Source\PSoC5/RTC_INT.c **** static void RTC_EveryHourHandler(void)
 109:Generated_Source\PSoC5/RTC_INT.c **** {
 127              		.loc 1 109 0
 128              		.cfi_startproc
 129              		@ args = 0, pretend = 0, frame = 0
 130              		@ frame_needed = 1, uses_anonymous_args = 0
 131 0000 80B5     		push	{r7, lr}
 132              		.cfi_def_cfa_offset 8
 133              		.cfi_offset 7, -8
 134              		.cfi_offset 14, -4
 135 0002 00AF     		add	r7, sp, #0
 136              		.cfi_def_cfa_register 7
 110:Generated_Source\PSoC5/RTC_INT.c ****     /*  Place your every hour handler code here. */
 111:Generated_Source\PSoC5/RTC_INT.c ****     /* `#START EVERY_HOUR_HANDLER_CODE` */
 112:Generated_Source\PSoC5/RTC_INT.c ****     AyoItsTime(ALARM_TYPE_HOUR);
 137              		.loc 1 112 0
 138 0004 0220     		movs	r0, #2
 139 0006 FFF7FEFF 		bl	AyoItsTime
 113:Generated_Source\PSoC5/RTC_INT.c ****     /* `#END` */
 114:Generated_Source\PSoC5/RTC_INT.c ****     
 115:Generated_Source\PSoC5/RTC_INT.c ****     #ifdef RTC_EVERY_HOUR_HANDLER_CALLBACK
 116:Generated_Source\PSoC5/RTC_INT.c ****         RTC_EveryHourHandler_Callback();
 117:Generated_Source\PSoC5/RTC_INT.c ****     #endif /* RTC_EVERY_HOUR_HANDLER_CALLBACK */
 118:Generated_Source\PSoC5/RTC_INT.c **** }
 140              		.loc 1 118 0
 141 000a 00BF     		nop
 142 000c 80BD     		pop	{r7, pc}
 143              		.cfi_endproc
 144              	.LFE66:
 145              		.size	RTC_EveryHourHandler, .-RTC_EveryHourHandler
 146 000e 00BF     		.section	.text.RTC_EveryDayHandler,"ax",%progbits
 147              		.align	2
 148              		.thumb
 149              		.thumb_func
 150              		.type	RTC_EveryDayHandler, %function
 151              	RTC_EveryDayHandler:
 152              	.LFB67:
 119:Generated_Source\PSoC5/RTC_INT.c **** 
 120:Generated_Source\PSoC5/RTC_INT.c **** 
 121:Generated_Source\PSoC5/RTC_INT.c **** /*******************************************************************************
 122:Generated_Source\PSoC5/RTC_INT.c **** * Function Name:   RTC_EveryDayHandler
 123:Generated_Source\PSoC5/RTC_INT.c **** ********************************************************************************
 124:Generated_Source\PSoC5/RTC_INT.c **** *
 125:Generated_Source\PSoC5/RTC_INT.c **** * Summary:
 126:Generated_Source\PSoC5/RTC_INT.c **** *  This function is called every day.
 127:Generated_Source\PSoC5/RTC_INT.c **** *
 128:Generated_Source\PSoC5/RTC_INT.c **** * Parameters:
 129:Generated_Source\PSoC5/RTC_INT.c **** *  None.
 130:Generated_Source\PSoC5/RTC_INT.c **** *
 131:Generated_Source\PSoC5/RTC_INT.c **** * Return:
 132:Generated_Source\PSoC5/RTC_INT.c **** *  None.
 133:Generated_Source\PSoC5/RTC_INT.c **** *
ARM GAS  C:\Users\kland\AppData\Local\Temp\ccE39o46.s 			page 6


 134:Generated_Source\PSoC5/RTC_INT.c **** *******************************************************************************/
 135:Generated_Source\PSoC5/RTC_INT.c **** static void RTC_EveryDayHandler(void)
 136:Generated_Source\PSoC5/RTC_INT.c **** {
 153              		.loc 1 136 0
 154              		.cfi_startproc
 155              		@ args = 0, pretend = 0, frame = 0
 156              		@ frame_needed = 1, uses_anonymous_args = 0
 157 0000 80B5     		push	{r7, lr}
 158              		.cfi_def_cfa_offset 8
 159              		.cfi_offset 7, -8
 160              		.cfi_offset 14, -4
 161 0002 00AF     		add	r7, sp, #0
 162              		.cfi_def_cfa_register 7
 137:Generated_Source\PSoC5/RTC_INT.c ****     /*  Place your everyday handler code here. */
 138:Generated_Source\PSoC5/RTC_INT.c ****     /* `#START EVERY_DAY_HANDLER_CODE` */
 139:Generated_Source\PSoC5/RTC_INT.c ****     AyoItsTime(ALARM_TYPE_DAY);
 163              		.loc 1 139 0
 164 0004 0320     		movs	r0, #3
 165 0006 FFF7FEFF 		bl	AyoItsTime
 140:Generated_Source\PSoC5/RTC_INT.c ****     /* `#END` */
 141:Generated_Source\PSoC5/RTC_INT.c ****     
 142:Generated_Source\PSoC5/RTC_INT.c ****     #ifdef RTC_EVERY_DAY_HANDLER_CALLBACK
 143:Generated_Source\PSoC5/RTC_INT.c ****         RTC_EveryDayHandler_Callback();
 144:Generated_Source\PSoC5/RTC_INT.c ****     #endif /* RTC_EVERY_DAY_HANDLER_CALLBACK */
 145:Generated_Source\PSoC5/RTC_INT.c **** }
 166              		.loc 1 145 0
 167 000a 00BF     		nop
 168 000c 80BD     		pop	{r7, pc}
 169              		.cfi_endproc
 170              	.LFE67:
 171              		.size	RTC_EveryDayHandler, .-RTC_EveryDayHandler
 172 000e 00BF     		.section	.text.RTC_EveryWeekHandler,"ax",%progbits
 173              		.align	2
 174              		.thumb
 175              		.thumb_func
 176              		.type	RTC_EveryWeekHandler, %function
 177              	RTC_EveryWeekHandler:
 178              	.LFB68:
 146:Generated_Source\PSoC5/RTC_INT.c **** 
 147:Generated_Source\PSoC5/RTC_INT.c **** 
 148:Generated_Source\PSoC5/RTC_INT.c **** /*******************************************************************************
 149:Generated_Source\PSoC5/RTC_INT.c **** * Function Name:   RTC_EveryWeekHandler
 150:Generated_Source\PSoC5/RTC_INT.c **** ********************************************************************************
 151:Generated_Source\PSoC5/RTC_INT.c **** *
 152:Generated_Source\PSoC5/RTC_INT.c **** * Summary:
 153:Generated_Source\PSoC5/RTC_INT.c **** *  This function is called every week.
 154:Generated_Source\PSoC5/RTC_INT.c **** *
 155:Generated_Source\PSoC5/RTC_INT.c **** * Parameters:
 156:Generated_Source\PSoC5/RTC_INT.c **** *  None.
 157:Generated_Source\PSoC5/RTC_INT.c **** *
 158:Generated_Source\PSoC5/RTC_INT.c **** * Return:
 159:Generated_Source\PSoC5/RTC_INT.c **** *  None.
 160:Generated_Source\PSoC5/RTC_INT.c **** *
 161:Generated_Source\PSoC5/RTC_INT.c **** *******************************************************************************/
 162:Generated_Source\PSoC5/RTC_INT.c **** static void RTC_EveryWeekHandler(void)
 163:Generated_Source\PSoC5/RTC_INT.c **** {
 179              		.loc 1 163 0
ARM GAS  C:\Users\kland\AppData\Local\Temp\ccE39o46.s 			page 7


 180              		.cfi_startproc
 181              		@ args = 0, pretend = 0, frame = 0
 182              		@ frame_needed = 1, uses_anonymous_args = 0
 183 0000 80B5     		push	{r7, lr}
 184              		.cfi_def_cfa_offset 8
 185              		.cfi_offset 7, -8
 186              		.cfi_offset 14, -4
 187 0002 00AF     		add	r7, sp, #0
 188              		.cfi_def_cfa_register 7
 164:Generated_Source\PSoC5/RTC_INT.c ****     /*  Place your every week handler code here. */
 165:Generated_Source\PSoC5/RTC_INT.c ****     /* `#START EVERY_WEEK_HANDLER_CODE` */
 166:Generated_Source\PSoC5/RTC_INT.c ****     AyoItsTime(ALARM_TYPE_WEEK);
 189              		.loc 1 166 0
 190 0004 0420     		movs	r0, #4
 191 0006 FFF7FEFF 		bl	AyoItsTime
 167:Generated_Source\PSoC5/RTC_INT.c ****     /* `#END` */
 168:Generated_Source\PSoC5/RTC_INT.c **** 
 169:Generated_Source\PSoC5/RTC_INT.c ****     #ifdef RTC_EVERY_WEEK_HANDLER_CALLBACK
 170:Generated_Source\PSoC5/RTC_INT.c ****         RTC_EveryWeekHandler_Callback();
 171:Generated_Source\PSoC5/RTC_INT.c ****     #endif /* RTC_EVERY_WEEK_HANDLER_CALLBACK */
 172:Generated_Source\PSoC5/RTC_INT.c **** }
 192              		.loc 1 172 0
 193 000a 00BF     		nop
 194 000c 80BD     		pop	{r7, pc}
 195              		.cfi_endproc
 196              	.LFE68:
 197              		.size	RTC_EveryWeekHandler, .-RTC_EveryWeekHandler
 198 000e 00BF     		.section	.text.RTC_EveryMonthHandler,"ax",%progbits
 199              		.align	2
 200              		.thumb
 201              		.thumb_func
 202              		.type	RTC_EveryMonthHandler, %function
 203              	RTC_EveryMonthHandler:
 204              	.LFB69:
 173:Generated_Source\PSoC5/RTC_INT.c **** 
 174:Generated_Source\PSoC5/RTC_INT.c **** 
 175:Generated_Source\PSoC5/RTC_INT.c **** /*******************************************************************************
 176:Generated_Source\PSoC5/RTC_INT.c **** * Function Name:   RTC_EveryMonthHandler
 177:Generated_Source\PSoC5/RTC_INT.c **** ********************************************************************************
 178:Generated_Source\PSoC5/RTC_INT.c **** *
 179:Generated_Source\PSoC5/RTC_INT.c **** * Summary:
 180:Generated_Source\PSoC5/RTC_INT.c **** *  This function is called every month.
 181:Generated_Source\PSoC5/RTC_INT.c **** *
 182:Generated_Source\PSoC5/RTC_INT.c **** * Parameters:
 183:Generated_Source\PSoC5/RTC_INT.c **** *  None.
 184:Generated_Source\PSoC5/RTC_INT.c **** *
 185:Generated_Source\PSoC5/RTC_INT.c **** * Return:
 186:Generated_Source\PSoC5/RTC_INT.c **** *  None.
 187:Generated_Source\PSoC5/RTC_INT.c **** *
 188:Generated_Source\PSoC5/RTC_INT.c **** *******************************************************************************/
 189:Generated_Source\PSoC5/RTC_INT.c **** static void RTC_EveryMonthHandler(void)
 190:Generated_Source\PSoC5/RTC_INT.c **** {
 205              		.loc 1 190 0
 206              		.cfi_startproc
 207              		@ args = 0, pretend = 0, frame = 0
 208              		@ frame_needed = 1, uses_anonymous_args = 0
 209 0000 80B5     		push	{r7, lr}
ARM GAS  C:\Users\kland\AppData\Local\Temp\ccE39o46.s 			page 8


 210              		.cfi_def_cfa_offset 8
 211              		.cfi_offset 7, -8
 212              		.cfi_offset 14, -4
 213 0002 00AF     		add	r7, sp, #0
 214              		.cfi_def_cfa_register 7
 191:Generated_Source\PSoC5/RTC_INT.c ****     /*  Place your every month handler code here. */
 192:Generated_Source\PSoC5/RTC_INT.c ****     /* `#START EVERY_MONTH_HANDLER_CODE` */
 193:Generated_Source\PSoC5/RTC_INT.c ****     AyoItsTime(ALARM_TYPE_MONTH);
 215              		.loc 1 193 0
 216 0004 0520     		movs	r0, #5
 217 0006 FFF7FEFF 		bl	AyoItsTime
 194:Generated_Source\PSoC5/RTC_INT.c ****     /* `#END` */
 195:Generated_Source\PSoC5/RTC_INT.c ****     
 196:Generated_Source\PSoC5/RTC_INT.c ****     #ifdef RTC_EVERY_MONTH_HANDLER_CALLBACK
 197:Generated_Source\PSoC5/RTC_INT.c ****         RTC_EveryMonthHandler_Callback();
 198:Generated_Source\PSoC5/RTC_INT.c ****     #endif /* RTC_EVERY_MONTH_HANDLER_CALLBACK */
 199:Generated_Source\PSoC5/RTC_INT.c **** }
 218              		.loc 1 199 0
 219 000a 00BF     		nop
 220 000c 80BD     		pop	{r7, pc}
 221              		.cfi_endproc
 222              	.LFE69:
 223              		.size	RTC_EveryMonthHandler, .-RTC_EveryMonthHandler
 224 000e 00BF     		.section	.text.RTC_EveryYearHandler,"ax",%progbits
 225              		.align	2
 226              		.thumb
 227              		.thumb_func
 228              		.type	RTC_EveryYearHandler, %function
 229              	RTC_EveryYearHandler:
 230              	.LFB70:
 200:Generated_Source\PSoC5/RTC_INT.c **** 
 201:Generated_Source\PSoC5/RTC_INT.c **** 
 202:Generated_Source\PSoC5/RTC_INT.c **** /*******************************************************************************
 203:Generated_Source\PSoC5/RTC_INT.c **** * Function Name:   RTC_EveryYearHandler
 204:Generated_Source\PSoC5/RTC_INT.c **** ********************************************************************************
 205:Generated_Source\PSoC5/RTC_INT.c **** *
 206:Generated_Source\PSoC5/RTC_INT.c **** * Summary:
 207:Generated_Source\PSoC5/RTC_INT.c **** *  This function is called every year.
 208:Generated_Source\PSoC5/RTC_INT.c **** *
 209:Generated_Source\PSoC5/RTC_INT.c **** * Parameters:
 210:Generated_Source\PSoC5/RTC_INT.c **** *  None.
 211:Generated_Source\PSoC5/RTC_INT.c **** *
 212:Generated_Source\PSoC5/RTC_INT.c **** * Return:
 213:Generated_Source\PSoC5/RTC_INT.c **** *  None.
 214:Generated_Source\PSoC5/RTC_INT.c **** *
 215:Generated_Source\PSoC5/RTC_INT.c **** *******************************************************************************/
 216:Generated_Source\PSoC5/RTC_INT.c **** static void RTC_EveryYearHandler(void)
 217:Generated_Source\PSoC5/RTC_INT.c **** {
 231              		.loc 1 217 0
 232              		.cfi_startproc
 233              		@ args = 0, pretend = 0, frame = 0
 234              		@ frame_needed = 1, uses_anonymous_args = 0
 235 0000 80B5     		push	{r7, lr}
 236              		.cfi_def_cfa_offset 8
 237              		.cfi_offset 7, -8
 238              		.cfi_offset 14, -4
 239 0002 00AF     		add	r7, sp, #0
ARM GAS  C:\Users\kland\AppData\Local\Temp\ccE39o46.s 			page 9


 240              		.cfi_def_cfa_register 7
 218:Generated_Source\PSoC5/RTC_INT.c ****     /*  Place your every year handler code here. */
 219:Generated_Source\PSoC5/RTC_INT.c ****     /* `#START EVERY_YEAR_HANDLER_CODE` */
 220:Generated_Source\PSoC5/RTC_INT.c ****     AyoItsTime(ALARM_TYPE_YEAR);
 241              		.loc 1 220 0
 242 0004 0620     		movs	r0, #6
 243 0006 FFF7FEFF 		bl	AyoItsTime
 221:Generated_Source\PSoC5/RTC_INT.c ****     /* `#END` */
 222:Generated_Source\PSoC5/RTC_INT.c **** 
 223:Generated_Source\PSoC5/RTC_INT.c ****     #ifdef RTC_EVERY_YEAR_HANDLER_CALLBACK
 224:Generated_Source\PSoC5/RTC_INT.c ****         RTC_EveryYearHandler_Callback();
 225:Generated_Source\PSoC5/RTC_INT.c ****     #endif /* RTC_EVERY_YEAR_HANDLER_CALLBACK */    
 226:Generated_Source\PSoC5/RTC_INT.c **** }
 244              		.loc 1 226 0
 245 000a 00BF     		nop
 246 000c 80BD     		pop	{r7, pc}
 247              		.cfi_endproc
 248              	.LFE70:
 249              		.size	RTC_EveryYearHandler, .-RTC_EveryYearHandler
 250 000e 00BF     		.section	.text.RTC_ISR,"ax",%progbits
 251              		.align	2
 252              		.global	RTC_ISR
 253              		.thumb
 254              		.thumb_func
 255              		.type	RTC_ISR, %function
 256              	RTC_ISR:
 257              	.LFB71:
 227:Generated_Source\PSoC5/RTC_INT.c **** 
 228:Generated_Source\PSoC5/RTC_INT.c **** 
 229:Generated_Source\PSoC5/RTC_INT.c **** /*******************************************************************************
 230:Generated_Source\PSoC5/RTC_INT.c **** * Function Name: RTC_ISR
 231:Generated_Source\PSoC5/RTC_INT.c **** ********************************************************************************
 232:Generated_Source\PSoC5/RTC_INT.c **** *
 233:Generated_Source\PSoC5/RTC_INT.c **** * Summary:
 234:Generated_Source\PSoC5/RTC_INT.c **** *  This ISR is executed on 1PPS (one pulse per second) event.
 235:Generated_Source\PSoC5/RTC_INT.c **** *  Global interrupt must be enabled to invoke this ISR.
 236:Generated_Source\PSoC5/RTC_INT.c **** *  This interrupt trigs every second.
 237:Generated_Source\PSoC5/RTC_INT.c **** *
 238:Generated_Source\PSoC5/RTC_INT.c **** * Parameters:
 239:Generated_Source\PSoC5/RTC_INT.c **** *  None.
 240:Generated_Source\PSoC5/RTC_INT.c **** *
 241:Generated_Source\PSoC5/RTC_INT.c **** * Return:
 242:Generated_Source\PSoC5/RTC_INT.c **** *  None.
 243:Generated_Source\PSoC5/RTC_INT.c **** *
 244:Generated_Source\PSoC5/RTC_INT.c **** * Global variables:
 245:Generated_Source\PSoC5/RTC_INT.c **** * RTC_currentTimeDate, RTC_dstTimeDateStart,
 246:Generated_Source\PSoC5/RTC_INT.c **** *  RTC_dstTimeDateStop, RTC_dstTimeDateStart,
 247:Generated_Source\PSoC5/RTC_INT.c **** *  RTC_alarmCfgTimeDate, RTC_statusDateTime,
 248:Generated_Source\PSoC5/RTC_INT.c **** *  RTC_dstStartStatus, RTC_dstStartStatus,
 249:Generated_Source\PSoC5/RTC_INT.c **** *  RTC_dstStopStatus, RTC_alarmCurStatus: global
 250:Generated_Source\PSoC5/RTC_INT.c **** *  variables are used for the time/date, DST and alarm update procedure.
 251:Generated_Source\PSoC5/RTC_INT.c **** *
 252:Generated_Source\PSoC5/RTC_INT.c **** *  RTC_dstTimeDateStart and RTC_currentTimeDate:
 253:Generated_Source\PSoC5/RTC_INT.c **** *  are modified with the updated values.
 254:Generated_Source\PSoC5/RTC_INT.c **** *
 255:Generated_Source\PSoC5/RTC_INT.c **** *  RTC_statusDateTime, RTC_dstStartStatus,
 256:Generated_Source\PSoC5/RTC_INT.c **** *  RTC_dstStartStatus, RTC_dstStopStatus,
ARM GAS  C:\Users\kland\AppData\Local\Temp\ccE39o46.s 			page 10


 257:Generated_Source\PSoC5/RTC_INT.c **** *  RTC_alarmCurStatus: global variables could be modified while
 258:Generated_Source\PSoC5/RTC_INT.c **** *  current time/date is updated.
 259:Generated_Source\PSoC5/RTC_INT.c **** *
 260:Generated_Source\PSoC5/RTC_INT.c **** * Side Effects:
 261:Generated_Source\PSoC5/RTC_INT.c **** *  Clears all interrupt status bits (react_int, limact_int, onepps_int, ctw_int,
 262:Generated_Source\PSoC5/RTC_INT.c **** *  and  ftw_int) in Power Manager Interrupt Status Register. If an interrupt
 263:Generated_Source\PSoC5/RTC_INT.c **** *  gets generated at the same time as a clear, the bit will remain set (which
 264:Generated_Source\PSoC5/RTC_INT.c **** *  causes another interrupt).
 265:Generated_Source\PSoC5/RTC_INT.c **** *
 266:Generated_Source\PSoC5/RTC_INT.c **** *******************************************************************************/
 267:Generated_Source\PSoC5/RTC_INT.c **** CY_ISR(RTC_ISR)
 268:Generated_Source\PSoC5/RTC_INT.c **** {
 258              		.loc 1 268 0
 259              		.cfi_startproc
 260              		@ args = 0, pretend = 0, frame = 8
 261              		@ frame_needed = 1, uses_anonymous_args = 0
 262 0000 80B5     		push	{r7, lr}
 263              		.cfi_def_cfa_offset 8
 264              		.cfi_offset 7, -8
 265              		.cfi_offset 14, -4
 266 0002 82B0     		sub	sp, sp, #8
 267              		.cfi_def_cfa_offset 16
 268 0004 00AF     		add	r7, sp, #0
 269              		.cfi_def_cfa_register 7
 269:Generated_Source\PSoC5/RTC_INT.c ****     uint8 RTC_tmp;
 270:Generated_Source\PSoC5/RTC_INT.c **** 
 271:Generated_Source\PSoC5/RTC_INT.c ****     #ifdef RTC_ISR_ENTRY_CALLBACK
 272:Generated_Source\PSoC5/RTC_INT.c ****         RTC_ISR_EntryCallback();
 273:Generated_Source\PSoC5/RTC_INT.c ****     #endif /* RTC_ISR_ENTRY_CALLBACK */
 274:Generated_Source\PSoC5/RTC_INT.c ****     
 275:Generated_Source\PSoC5/RTC_INT.c ****     /* Clear OPPS interrupt status flag */
 276:Generated_Source\PSoC5/RTC_INT.c ****     (void) CyPmReadStatus(CY_PM_ONEPPS_INT);
 270              		.loc 1 276 0
 271 0006 0420     		movs	r0, #4
 272 0008 FFF7FEFF 		bl	CyPmReadStatus
 277:Generated_Source\PSoC5/RTC_INT.c **** 
 278:Generated_Source\PSoC5/RTC_INT.c ****     /* Increment seconds counter */
 279:Generated_Source\PSoC5/RTC_INT.c ****     RTC_currentTimeDate.Sec++;
 273              		.loc 1 279 0
 274 000c 9E4B     		ldr	r3, .L48
 275 000e 1B78     		ldrb	r3, [r3]
 276 0010 DBB2     		uxtb	r3, r3
 277 0012 0133     		adds	r3, r3, #1
 278 0014 DAB2     		uxtb	r2, r3
 279 0016 9C4B     		ldr	r3, .L48
 280 0018 1A70     		strb	r2, [r3]
 280:Generated_Source\PSoC5/RTC_INT.c **** 
 281:Generated_Source\PSoC5/RTC_INT.c ****     /* Check if minute elapsed */
 282:Generated_Source\PSoC5/RTC_INT.c ****     if(RTC_currentTimeDate.Sec > RTC_MINUTE_ELAPSED)
 281              		.loc 1 282 0
 282 001a 9B4B     		ldr	r3, .L48
 283 001c 1B78     		ldrb	r3, [r3]
 284 001e DBB2     		uxtb	r3, r3
 285 0020 3B2B     		cmp	r3, #59
 286 0022 40F2A682 		bls	.L9
 283:Generated_Source\PSoC5/RTC_INT.c ****     {
 284:Generated_Source\PSoC5/RTC_INT.c ****         /* Inc Min */
ARM GAS  C:\Users\kland\AppData\Local\Temp\ccE39o46.s 			page 11


 285:Generated_Source\PSoC5/RTC_INT.c ****         RTC_currentTimeDate.Min++;
 287              		.loc 1 285 0
 288 0026 984B     		ldr	r3, .L48
 289 0028 5B78     		ldrb	r3, [r3, #1]
 290 002a DBB2     		uxtb	r3, r3
 291 002c 0133     		adds	r3, r3, #1
 292 002e DAB2     		uxtb	r2, r3
 293 0030 954B     		ldr	r3, .L48
 294 0032 5A70     		strb	r2, [r3, #1]
 286:Generated_Source\PSoC5/RTC_INT.c **** 
 287:Generated_Source\PSoC5/RTC_INT.c ****         /* Clear Sec */
 288:Generated_Source\PSoC5/RTC_INT.c ****         RTC_currentTimeDate.Sec = 0u;
 295              		.loc 1 288 0
 296 0034 944B     		ldr	r3, .L48
 297 0036 0022     		movs	r2, #0
 298 0038 1A70     		strb	r2, [r3]
 289:Generated_Source\PSoC5/RTC_INT.c **** 
 290:Generated_Source\PSoC5/RTC_INT.c ****         if(RTC_currentTimeDate.Min > RTC_HOUR_ELAPSED)
 299              		.loc 1 290 0
 300 003a 934B     		ldr	r3, .L48
 301 003c 5B78     		ldrb	r3, [r3, #1]
 302 003e DBB2     		uxtb	r3, r3
 303 0040 3B2B     		cmp	r3, #59
 304 0042 40F24682 		bls	.L10
 291:Generated_Source\PSoC5/RTC_INT.c ****         {
 292:Generated_Source\PSoC5/RTC_INT.c ****             /* Inc HOUR */
 293:Generated_Source\PSoC5/RTC_INT.c ****             RTC_currentTimeDate.Hour++;
 305              		.loc 1 293 0
 306 0046 904B     		ldr	r3, .L48
 307 0048 9B78     		ldrb	r3, [r3, #2]
 308 004a DBB2     		uxtb	r3, r3
 309 004c 0133     		adds	r3, r3, #1
 310 004e DAB2     		uxtb	r2, r3
 311 0050 8D4B     		ldr	r3, .L48
 312 0052 9A70     		strb	r2, [r3, #2]
 294:Generated_Source\PSoC5/RTC_INT.c **** 
 295:Generated_Source\PSoC5/RTC_INT.c ****             /* Clear Min */
 296:Generated_Source\PSoC5/RTC_INT.c ****             RTC_currentTimeDate.Min = 0u;
 313              		.loc 1 296 0
 314 0054 8C4B     		ldr	r3, .L48
 315 0056 0022     		movs	r2, #0
 316 0058 5A70     		strb	r2, [r3, #1]
 297:Generated_Source\PSoC5/RTC_INT.c **** 
 298:Generated_Source\PSoC5/RTC_INT.c ****             /* Day roll over */
 299:Generated_Source\PSoC5/RTC_INT.c ****             if(RTC_currentTimeDate.Hour > RTC_DAY_ELAPSED)
 317              		.loc 1 299 0
 318 005a 8B4B     		ldr	r3, .L48
 319 005c 9B78     		ldrb	r3, [r3, #2]
 320 005e DBB2     		uxtb	r3, r3
 321 0060 172B     		cmp	r3, #23
 322 0062 40F2DD81 		bls	.L11
 300:Generated_Source\PSoC5/RTC_INT.c ****             {
 301:Generated_Source\PSoC5/RTC_INT.c ****                 /* Inc DayOfMonth */
 302:Generated_Source\PSoC5/RTC_INT.c ****                 RTC_currentTimeDate.DayOfMonth++;
 323              		.loc 1 302 0
 324 0066 884B     		ldr	r3, .L48
 325 0068 1B79     		ldrb	r3, [r3, #4]
ARM GAS  C:\Users\kland\AppData\Local\Temp\ccE39o46.s 			page 12


 326 006a DBB2     		uxtb	r3, r3
 327 006c 0133     		adds	r3, r3, #1
 328 006e DAB2     		uxtb	r2, r3
 329 0070 854B     		ldr	r3, .L48
 330 0072 1A71     		strb	r2, [r3, #4]
 303:Generated_Source\PSoC5/RTC_INT.c **** 
 304:Generated_Source\PSoC5/RTC_INT.c ****                 /* Clear Hour */
 305:Generated_Source\PSoC5/RTC_INT.c ****                 RTC_currentTimeDate.Hour = 0u;
 331              		.loc 1 305 0
 332 0074 844B     		ldr	r3, .L48
 333 0076 0022     		movs	r2, #0
 334 0078 9A70     		strb	r2, [r3, #2]
 306:Generated_Source\PSoC5/RTC_INT.c **** 
 307:Generated_Source\PSoC5/RTC_INT.c ****                 /* Inc DayOfYear */
 308:Generated_Source\PSoC5/RTC_INT.c ****                 RTC_currentTimeDate.DayOfYear++;
 335              		.loc 1 308 0
 336 007a 834B     		ldr	r3, .L48
 337 007c DB88     		ldrh	r3, [r3, #6]	@ movhi
 338 007e 9BB2     		uxth	r3, r3
 339 0080 0133     		adds	r3, r3, #1
 340 0082 9AB2     		uxth	r2, r3
 341 0084 804B     		ldr	r3, .L48
 342 0086 DA80     		strh	r2, [r3, #6]	@ movhi
 309:Generated_Source\PSoC5/RTC_INT.c **** 
 310:Generated_Source\PSoC5/RTC_INT.c ****                 /* Inc DayOfWeek */
 311:Generated_Source\PSoC5/RTC_INT.c ****                 RTC_currentTimeDate.DayOfWeek++;
 343              		.loc 1 311 0
 344 0088 7F4B     		ldr	r3, .L48
 345 008a DB78     		ldrb	r3, [r3, #3]
 346 008c DBB2     		uxtb	r3, r3
 347 008e 0133     		adds	r3, r3, #1
 348 0090 DAB2     		uxtb	r2, r3
 349 0092 7D4B     		ldr	r3, .L48
 350 0094 DA70     		strb	r2, [r3, #3]
 312:Generated_Source\PSoC5/RTC_INT.c **** 
 313:Generated_Source\PSoC5/RTC_INT.c ****                 /* Check DayOfWeek */
 314:Generated_Source\PSoC5/RTC_INT.c ****                 if(RTC_currentTimeDate.DayOfWeek > RTC_WEEK_ELAPSED)
 351              		.loc 1 314 0
 352 0096 7C4B     		ldr	r3, .L48
 353 0098 DB78     		ldrb	r3, [r3, #3]
 354 009a DBB2     		uxtb	r3, r3
 355 009c 072B     		cmp	r3, #7
 356 009e 02D9     		bls	.L12
 315:Generated_Source\PSoC5/RTC_INT.c ****                 {
 316:Generated_Source\PSoC5/RTC_INT.c ****                     /* start new week */
 317:Generated_Source\PSoC5/RTC_INT.c ****                     RTC_currentTimeDate.DayOfWeek = 1u;
 357              		.loc 1 317 0
 358 00a0 794B     		ldr	r3, .L48
 359 00a2 0122     		movs	r2, #1
 360 00a4 DA70     		strb	r2, [r3, #3]
 361              	.L12:
 318:Generated_Source\PSoC5/RTC_INT.c ****                 }
 319:Generated_Source\PSoC5/RTC_INT.c **** 
 320:Generated_Source\PSoC5/RTC_INT.c ****                 /* Day of month roll over.
 321:Generated_Source\PSoC5/RTC_INT.c ****                 * Check if day of month greater than 29 in February of leap year or
 322:Generated_Source\PSoC5/RTC_INT.c ****                 * if day of month greater than 28 NOT in February of NON leap year or
 323:Generated_Source\PSoC5/RTC_INT.c ****                 * if day of month greater than it should be in every month in non leap year
ARM GAS  C:\Users\kland\AppData\Local\Temp\ccE39o46.s 			page 13


 324:Generated_Source\PSoC5/RTC_INT.c ****                 */
 325:Generated_Source\PSoC5/RTC_INT.c ****                 if(((0u != (RTC_statusDateTime & RTC_STATUS_LY)) &&
 362              		.loc 1 325 0
 363 00a6 794B     		ldr	r3, .L48+4
 364 00a8 1B78     		ldrb	r3, [r3]
 365 00aa DBB2     		uxtb	r3, r3
 366 00ac 03F00203 		and	r3, r3, #2
 367 00b0 002B     		cmp	r3, #0
 368 00b2 11D0     		beq	.L13
 326:Generated_Source\PSoC5/RTC_INT.c ****                     (RTC_currentTimeDate.Month == RTC_FEBRUARY)  &&
 369              		.loc 1 326 0 discriminator 1
 370 00b4 744B     		ldr	r3, .L48
 371 00b6 1B7A     		ldrb	r3, [r3, #8]
 372 00b8 DBB2     		uxtb	r3, r3
 325:Generated_Source\PSoC5/RTC_INT.c ****                     (RTC_currentTimeDate.Month == RTC_FEBRUARY)  &&
 373              		.loc 1 325 0 discriminator 1
 374 00ba 022B     		cmp	r3, #2
 375 00bc 0CD1     		bne	.L13
 327:Generated_Source\PSoC5/RTC_INT.c ****                     (RTC_currentTimeDate.DayOfMonth >
 376              		.loc 1 327 0
 377 00be 724B     		ldr	r3, .L48
 378 00c0 1B79     		ldrb	r3, [r3, #4]
 379 00c2 DBB2     		uxtb	r3, r3
 380 00c4 1946     		mov	r1, r3
 328:Generated_Source\PSoC5/RTC_INT.c ****                              (RTC_daysInMonths[RTC_currentTimeDate.Month - 1u] + 1u))) ||
 381              		.loc 1 328 0
 382 00c6 704B     		ldr	r3, .L48
 383 00c8 1B7A     		ldrb	r3, [r3, #8]
 384 00ca DBB2     		uxtb	r3, r3
 385 00cc 013B     		subs	r3, r3, #1
 386 00ce 704A     		ldr	r2, .L48+8
 387 00d0 D35C     		ldrb	r3, [r2, r3]	@ zero_extendqisi2
 388 00d2 0133     		adds	r3, r3, #1
 326:Generated_Source\PSoC5/RTC_INT.c ****                     (RTC_currentTimeDate.DayOfMonth >
 389              		.loc 1 326 0
 390 00d4 9942     		cmp	r1, r3
 391 00d6 2AD8     		bhi	.L14
 392              	.L13:
 329:Generated_Source\PSoC5/RTC_INT.c ****                    ((0u != (RTC_statusDateTime & RTC_STATUS_LY))  &&
 393              		.loc 1 329 0
 394 00d8 6C4B     		ldr	r3, .L48+4
 395 00da 1B78     		ldrb	r3, [r3]
 396 00dc DBB2     		uxtb	r3, r3
 397 00de 03F00203 		and	r3, r3, #2
 328:Generated_Source\PSoC5/RTC_INT.c ****                              (RTC_daysInMonths[RTC_currentTimeDate.Month - 1u] + 1u))) ||
 398              		.loc 1 328 0
 399 00e2 002B     		cmp	r3, #0
 400 00e4 0FD0     		beq	.L15
 330:Generated_Source\PSoC5/RTC_INT.c ****                     (RTC_currentTimeDate.Month != RTC_FEBRUARY) &&
 401              		.loc 1 330 0
 402 00e6 684B     		ldr	r3, .L48
 403 00e8 1B7A     		ldrb	r3, [r3, #8]
 404 00ea DBB2     		uxtb	r3, r3
 329:Generated_Source\PSoC5/RTC_INT.c ****                    ((0u != (RTC_statusDateTime & RTC_STATUS_LY))  &&
 405              		.loc 1 329 0
 406 00ec 022B     		cmp	r3, #2
 407 00ee 0AD0     		beq	.L15
ARM GAS  C:\Users\kland\AppData\Local\Temp\ccE39o46.s 			page 14


 331:Generated_Source\PSoC5/RTC_INT.c ****                     (RTC_currentTimeDate.DayOfMonth >
 408              		.loc 1 331 0
 409 00f0 654B     		ldr	r3, .L48
 410 00f2 1B79     		ldrb	r3, [r3, #4]
 411 00f4 DAB2     		uxtb	r2, r3
 332:Generated_Source\PSoC5/RTC_INT.c ****                                     RTC_daysInMonths[RTC_currentTimeDate.Month - 1u])) ||
 412              		.loc 1 332 0
 413 00f6 644B     		ldr	r3, .L48
 414 00f8 1B7A     		ldrb	r3, [r3, #8]
 415 00fa DBB2     		uxtb	r3, r3
 416 00fc 013B     		subs	r3, r3, #1
 417 00fe 6449     		ldr	r1, .L48+8
 418 0100 CB5C     		ldrb	r3, [r1, r3]	@ zero_extendqisi2
 330:Generated_Source\PSoC5/RTC_INT.c ****                     (RTC_currentTimeDate.Month != RTC_FEBRUARY) &&
 419              		.loc 1 330 0
 420 0102 9A42     		cmp	r2, r3
 421 0104 13D8     		bhi	.L14
 422              	.L15:
 333:Generated_Source\PSoC5/RTC_INT.c ****                    ((0u == (RTC_statusDateTime & RTC_STATUS_LY))  &&
 423              		.loc 1 333 0
 424 0106 614B     		ldr	r3, .L48+4
 425 0108 1B78     		ldrb	r3, [r3]
 426 010a DBB2     		uxtb	r3, r3
 427 010c 03F00203 		and	r3, r3, #2
 332:Generated_Source\PSoC5/RTC_INT.c ****                                     RTC_daysInMonths[RTC_currentTimeDate.Month - 1u])) ||
 428              		.loc 1 332 0
 429 0110 002B     		cmp	r3, #0
 430 0112 40F0F480 		bne	.L16
 334:Generated_Source\PSoC5/RTC_INT.c ****                     (RTC_currentTimeDate.DayOfMonth >
 431              		.loc 1 334 0
 432 0116 5C4B     		ldr	r3, .L48
 433 0118 1B79     		ldrb	r3, [r3, #4]
 434 011a DAB2     		uxtb	r2, r3
 335:Generated_Source\PSoC5/RTC_INT.c ****                                     RTC_daysInMonths[RTC_currentTimeDate.Month - 1u])))
 435              		.loc 1 335 0
 436 011c 5A4B     		ldr	r3, .L48
 437 011e 1B7A     		ldrb	r3, [r3, #8]
 438 0120 DBB2     		uxtb	r3, r3
 439 0122 013B     		subs	r3, r3, #1
 440 0124 5A49     		ldr	r1, .L48+8
 441 0126 CB5C     		ldrb	r3, [r1, r3]	@ zero_extendqisi2
 333:Generated_Source\PSoC5/RTC_INT.c ****                    ((0u == (RTC_statusDateTime & RTC_STATUS_LY))  &&
 442              		.loc 1 333 0
 443 0128 9A42     		cmp	r2, r3
 444 012a 40F2E880 		bls	.L16
 445              	.L14:
 336:Generated_Source\PSoC5/RTC_INT.c ****                 {
 337:Generated_Source\PSoC5/RTC_INT.c ****                     /* Inc Month */
 338:Generated_Source\PSoC5/RTC_INT.c ****                     RTC_currentTimeDate.Month++;
 446              		.loc 1 338 0
 447 012e 564B     		ldr	r3, .L48
 448 0130 1B7A     		ldrb	r3, [r3, #8]
 449 0132 DBB2     		uxtb	r3, r3
 450 0134 0133     		adds	r3, r3, #1
 451 0136 DAB2     		uxtb	r2, r3
 452 0138 534B     		ldr	r3, .L48
 453 013a 1A72     		strb	r2, [r3, #8]
ARM GAS  C:\Users\kland\AppData\Local\Temp\ccE39o46.s 			page 15


 339:Generated_Source\PSoC5/RTC_INT.c **** 
 340:Generated_Source\PSoC5/RTC_INT.c ****                     /* Set first day of month */
 341:Generated_Source\PSoC5/RTC_INT.c ****                     RTC_currentTimeDate.DayOfMonth = 1u;
 454              		.loc 1 341 0
 455 013c 524B     		ldr	r3, .L48
 456 013e 0122     		movs	r2, #1
 457 0140 1A71     		strb	r2, [r3, #4]
 342:Generated_Source\PSoC5/RTC_INT.c **** 
 343:Generated_Source\PSoC5/RTC_INT.c ****                     /* Year roll over */
 344:Generated_Source\PSoC5/RTC_INT.c ****                     if(RTC_currentTimeDate.Month > RTC_YEAR_ELAPSED)
 458              		.loc 1 344 0
 459 0142 514B     		ldr	r3, .L48
 460 0144 1B7A     		ldrb	r3, [r3, #8]
 461 0146 DBB2     		uxtb	r3, r3
 462 0148 0C2B     		cmp	r3, #12
 463 014a 40F28580 		bls	.L17
 345:Generated_Source\PSoC5/RTC_INT.c ****                     {
 346:Generated_Source\PSoC5/RTC_INT.c ****                         /* Inc Year */
 347:Generated_Source\PSoC5/RTC_INT.c ****                         RTC_currentTimeDate.Year++;
 464              		.loc 1 347 0
 465 014e 4E4B     		ldr	r3, .L48
 466 0150 5B89     		ldrh	r3, [r3, #10]	@ movhi
 467 0152 9BB2     		uxth	r3, r3
 468 0154 0133     		adds	r3, r3, #1
 469 0156 9AB2     		uxth	r2, r3
 470 0158 4B4B     		ldr	r3, .L48
 471 015a 5A81     		strh	r2, [r3, #10]	@ movhi
 348:Generated_Source\PSoC5/RTC_INT.c **** 
 349:Generated_Source\PSoC5/RTC_INT.c ****                         /* Set first month of year */
 350:Generated_Source\PSoC5/RTC_INT.c ****                         RTC_currentTimeDate.Month = 1u;
 472              		.loc 1 350 0
 473 015c 4A4B     		ldr	r3, .L48
 474 015e 0122     		movs	r2, #1
 475 0160 1A72     		strb	r2, [r3, #8]
 351:Generated_Source\PSoC5/RTC_INT.c **** 
 352:Generated_Source\PSoC5/RTC_INT.c ****                         /* Set first day of year */
 353:Generated_Source\PSoC5/RTC_INT.c ****                         RTC_currentTimeDate.DayOfYear = 1u;
 476              		.loc 1 353 0
 477 0162 494B     		ldr	r3, .L48
 478 0164 0122     		movs	r2, #1
 479 0166 DA80     		strh	r2, [r3, #6]	@ movhi
 354:Generated_Source\PSoC5/RTC_INT.c **** 
 355:Generated_Source\PSoC5/RTC_INT.c ****                         /* Is this year leap */
 356:Generated_Source\PSoC5/RTC_INT.c ****                         if(1u == RTC_LEAP_YEAR(RTC_currentTimeDate.Year))
 480              		.loc 1 356 0
 481 0168 474B     		ldr	r3, .L48
 482 016a 5B89     		ldrh	r3, [r3, #10]	@ movhi
 483 016c 9BB2     		uxth	r3, r3
 484 016e 494A     		ldr	r2, .L48+12
 485 0170 A2FB0312 		umull	r1, r2, r2, r3
 486 0174 D209     		lsrs	r2, r2, #7
 487 0176 4FF4C871 		mov	r1, #400
 488 017a 01FB02F2 		mul	r2, r1, r2
 489 017e 9B1A     		subs	r3, r3, r2
 490 0180 9BB2     		uxth	r3, r3
 491 0182 002B     		cmp	r3, #0
 492 0184 15D0     		beq	.L18
ARM GAS  C:\Users\kland\AppData\Local\Temp\ccE39o46.s 			page 16


 493              		.loc 1 356 0 is_stmt 0 discriminator 1
 494 0186 404B     		ldr	r3, .L48
 495 0188 5B89     		ldrh	r3, [r3, #10]	@ movhi
 496 018a 9BB2     		uxth	r3, r3
 497 018c 03F00303 		and	r3, r3, #3
 498 0190 9BB2     		uxth	r3, r3
 499 0192 002B     		cmp	r3, #0
 500 0194 16D1     		bne	.L19
 501              		.loc 1 356 0 discriminator 2
 502 0196 3C4B     		ldr	r3, .L48
 503 0198 5B89     		ldrh	r3, [r3, #10]	@ movhi
 504 019a 9BB2     		uxth	r3, r3
 505 019c 3D4A     		ldr	r2, .L48+12
 506 019e A2FB0312 		umull	r1, r2, r2, r3
 507 01a2 5209     		lsrs	r2, r2, #5
 508 01a4 6421     		movs	r1, #100
 509 01a6 01FB02F2 		mul	r2, r1, r2
 510 01aa 9B1A     		subs	r3, r3, r2
 511 01ac 9BB2     		uxth	r3, r3
 512 01ae 002B     		cmp	r3, #0
 513 01b0 08D0     		beq	.L19
 514              	.L18:
 357:Generated_Source\PSoC5/RTC_INT.c ****                         {
 358:Generated_Source\PSoC5/RTC_INT.c ****                             /* Set leap year flag */
 359:Generated_Source\PSoC5/RTC_INT.c ****                             RTC_statusDateTime |= RTC_STATUS_LY;
 515              		.loc 1 359 0 is_stmt 1
 516 01b2 364B     		ldr	r3, .L48+4
 517 01b4 1B78     		ldrb	r3, [r3]
 518 01b6 DBB2     		uxtb	r3, r3
 519 01b8 43F00203 		orr	r3, r3, #2
 520 01bc DAB2     		uxtb	r2, r3
 521 01be 334B     		ldr	r3, .L48+4
 522 01c0 1A70     		strb	r2, [r3]
 523 01c2 07E0     		b	.L20
 524              	.L19:
 360:Generated_Source\PSoC5/RTC_INT.c ****                         }
 361:Generated_Source\PSoC5/RTC_INT.c ****                         else    /* not leap year */
 362:Generated_Source\PSoC5/RTC_INT.c ****                         {
 363:Generated_Source\PSoC5/RTC_INT.c ****                             /* Clear leap year */
 364:Generated_Source\PSoC5/RTC_INT.c ****                             RTC_statusDateTime &= (uint8)(~RTC_STATUS_LY);
 525              		.loc 1 364 0
 526 01c4 314B     		ldr	r3, .L48+4
 527 01c6 1B78     		ldrb	r3, [r3]
 528 01c8 DBB2     		uxtb	r3, r3
 529 01ca 23F00203 		bic	r3, r3, #2
 530 01ce DAB2     		uxtb	r2, r3
 531 01d0 2E4B     		ldr	r3, .L48+4
 532 01d2 1A70     		strb	r2, [r3]
 533              	.L20:
 365:Generated_Source\PSoC5/RTC_INT.c ****                         }
 366:Generated_Source\PSoC5/RTC_INT.c **** 
 367:Generated_Source\PSoC5/RTC_INT.c ****                         /* Alarm YEAR */
 368:Generated_Source\PSoC5/RTC_INT.c ****                         if(0u != RTC_IS_BIT_SET(RTC_alarmCfgMask,
 534              		.loc 1 368 0
 535 01d4 304B     		ldr	r3, .L48+16
 536 01d6 1B78     		ldrb	r3, [r3]
 537 01d8 DBB2     		uxtb	r3, r3
ARM GAS  C:\Users\kland\AppData\Local\Temp\ccE39o46.s 			page 17


 538 01da 5BB2     		sxtb	r3, r3
 539 01dc 002B     		cmp	r3, #0
 540 01de 18DA     		bge	.L21
 369:Generated_Source\PSoC5/RTC_INT.c ****                                                              RTC_ALARM_YEAR_MASK))
 370:Generated_Source\PSoC5/RTC_INT.c ****                         {
 371:Generated_Source\PSoC5/RTC_INT.c ****                             /* Years match */
 372:Generated_Source\PSoC5/RTC_INT.c ****                             if(RTC_alarmCfgTimeDate.Year == RTC_currentTimeDate.Year)
 541              		.loc 1 372 0
 542 01e0 2E4B     		ldr	r3, .L48+20
 543 01e2 5B89     		ldrh	r3, [r3, #10]	@ movhi
 544 01e4 9AB2     		uxth	r2, r3
 545 01e6 284B     		ldr	r3, .L48
 546 01e8 5B89     		ldrh	r3, [r3, #10]	@ movhi
 547 01ea 9BB2     		uxth	r3, r3
 548 01ec 9A42     		cmp	r2, r3
 549 01ee 08D1     		bne	.L22
 373:Generated_Source\PSoC5/RTC_INT.c ****                             {
 374:Generated_Source\PSoC5/RTC_INT.c ****                                 /* Rise year alarm */
 375:Generated_Source\PSoC5/RTC_INT.c ****                                 RTC_alarmCurStatus |= RTC_ALARM_YEAR_MASK;
 550              		.loc 1 375 0
 551 01f0 2B4B     		ldr	r3, .L48+24
 552 01f2 1B78     		ldrb	r3, [r3]
 553 01f4 DBB2     		uxtb	r3, r3
 554 01f6 63F07F03 		orn	r3, r3, #127
 555 01fa DAB2     		uxtb	r2, r3
 556 01fc 284B     		ldr	r3, .L48+24
 557 01fe 1A70     		strb	r2, [r3]
 558 0200 07E0     		b	.L21
 559              	.L22:
 376:Generated_Source\PSoC5/RTC_INT.c ****                             }
 377:Generated_Source\PSoC5/RTC_INT.c ****                             else    /* Years do not match */
 378:Generated_Source\PSoC5/RTC_INT.c ****                             {
 379:Generated_Source\PSoC5/RTC_INT.c ****                                 /* Clear year alarm */
 380:Generated_Source\PSoC5/RTC_INT.c ****                                 RTC_alarmCurStatus &= (uint8)(~RTC_ALARM_YEAR_MASK);
 560              		.loc 1 380 0
 561 0202 274B     		ldr	r3, .L48+24
 562 0204 1B78     		ldrb	r3, [r3]
 563 0206 DBB2     		uxtb	r3, r3
 564 0208 03F07F03 		and	r3, r3, #127
 565 020c DAB2     		uxtb	r2, r3
 566 020e 244B     		ldr	r3, .L48+24
 567 0210 1A70     		strb	r2, [r3]
 568              	.L21:
 381:Generated_Source\PSoC5/RTC_INT.c ****                             }
 382:Generated_Source\PSoC5/RTC_INT.c ****                         } /* do not alarm year */
 383:Generated_Source\PSoC5/RTC_INT.c **** 
 384:Generated_Source\PSoC5/RTC_INT.c ****                         /* Set Alarm flag event */
 385:Generated_Source\PSoC5/RTC_INT.c ****                         RTC_tmp = RTC_alarmCfgMask;
 569              		.loc 1 385 0
 570 0212 214B     		ldr	r3, .L48+16
 571 0214 1B78     		ldrb	r3, [r3]
 572 0216 FB71     		strb	r3, [r7, #7]
 386:Generated_Source\PSoC5/RTC_INT.c ****                         RTC_SET_ALARM(RTC_tmp,
 573              		.loc 1 386 0
 574 0218 FB79     		ldrb	r3, [r7, #7]	@ zero_extendqisi2
 575 021a 002B     		cmp	r3, #0
 576 021c 13D0     		beq	.L23
ARM GAS  C:\Users\kland\AppData\Local\Temp\ccE39o46.s 			page 18


 577              		.loc 1 386 0 is_stmt 0 discriminator 1
 578 021e 204B     		ldr	r3, .L48+24
 579 0220 1B78     		ldrb	r3, [r3]
 580 0222 DAB2     		uxtb	r2, r3
 581 0224 FB79     		ldrb	r3, [r7, #7]
 582 0226 1340     		ands	r3, r3, r2
 583 0228 DBB2     		uxtb	r3, r3
 584 022a FA79     		ldrb	r2, [r7, #7]	@ zero_extendqisi2
 585 022c 9A42     		cmp	r2, r3
 586 022e 0AD1     		bne	.L23
 587              		.loc 1 386 0 discriminator 2
 588 0230 164B     		ldr	r3, .L48+4
 589 0232 1B78     		ldrb	r3, [r3]
 590 0234 DBB2     		uxtb	r3, r3
 591 0236 43F00803 		orr	r3, r3, #8
 592 023a DAB2     		uxtb	r2, r3
 593 023c 134B     		ldr	r3, .L48+4
 594 023e 1A70     		strb	r2, [r3]
 595 0240 174B     		ldr	r3, .L48+24
 596 0242 0022     		movs	r2, #0
 597 0244 1A70     		strb	r2, [r3]
 598              	.L23:
 387:Generated_Source\PSoC5/RTC_INT.c ****                                                    RTC_alarmCurStatus,
 388:Generated_Source\PSoC5/RTC_INT.c ****                                                    RTC_statusDateTime);
 389:Generated_Source\PSoC5/RTC_INT.c **** 
 390:Generated_Source\PSoC5/RTC_INT.c ****                         /* Every Year */
 391:Generated_Source\PSoC5/RTC_INT.c ****                         if(0u != RTC_IS_BIT_SET(RTC_intervalCfgMask,
 599              		.loc 1 391 0 is_stmt 1
 600 0246 174B     		ldr	r3, .L48+28
 601 0248 1B78     		ldrb	r3, [r3]
 602 024a DBB2     		uxtb	r3, r3
 603 024c 03F04003 		and	r3, r3, #64
 604 0250 002B     		cmp	r3, #0
 605 0252 01D0     		beq	.L17
 392:Generated_Source\PSoC5/RTC_INT.c ****                                                              RTC_INTERVAL_YEAR_MASK))
 393:Generated_Source\PSoC5/RTC_INT.c ****                         {
 394:Generated_Source\PSoC5/RTC_INT.c ****                             RTC_EveryYearHandler();
 606              		.loc 1 394 0
 607 0254 FFF7FEFF 		bl	RTC_EveryYearHandler
 608              	.L17:
 395:Generated_Source\PSoC5/RTC_INT.c ****                         }
 396:Generated_Source\PSoC5/RTC_INT.c **** 
 397:Generated_Source\PSoC5/RTC_INT.c ****                     } /* Month > 12 */
 398:Generated_Source\PSoC5/RTC_INT.c **** 
 399:Generated_Source\PSoC5/RTC_INT.c ****                     /* Alarm MONTH */
 400:Generated_Source\PSoC5/RTC_INT.c ****                     if(0u != RTC_IS_BIT_SET(RTC_alarmCfgMask,
 609              		.loc 1 400 0
 610 0258 0F4B     		ldr	r3, .L48+16
 611 025a 1B78     		ldrb	r3, [r3]
 612 025c DBB2     		uxtb	r3, r3
 613 025e 03F04003 		and	r3, r3, #64
 614 0262 002B     		cmp	r3, #0
 615 0264 28D0     		beq	.L24
 401:Generated_Source\PSoC5/RTC_INT.c ****                                                          RTC_ALARM_MONTH_MASK))
 402:Generated_Source\PSoC5/RTC_INT.c ****                     {
 403:Generated_Source\PSoC5/RTC_INT.c ****                         if(RTC_alarmCfgTimeDate.Month == RTC_currentTimeDate.Month)
 616              		.loc 1 403 0
ARM GAS  C:\Users\kland\AppData\Local\Temp\ccE39o46.s 			page 19


 617 0266 0D4B     		ldr	r3, .L48+20
 618 0268 1B7A     		ldrb	r3, [r3, #8]
 619 026a DAB2     		uxtb	r2, r3
 620 026c 064B     		ldr	r3, .L48
 621 026e 1B7A     		ldrb	r3, [r3, #8]
 622 0270 DBB2     		uxtb	r3, r3
 623 0272 9A42     		cmp	r2, r3
 624 0274 18D1     		bne	.L25
 404:Generated_Source\PSoC5/RTC_INT.c ****                         {
 405:Generated_Source\PSoC5/RTC_INT.c ****                             /* Set month alarm */
 406:Generated_Source\PSoC5/RTC_INT.c ****                             RTC_alarmCurStatus |= RTC_ALARM_MONTH_MASK;
 625              		.loc 1 406 0
 626 0276 0A4B     		ldr	r3, .L48+24
 627 0278 1B78     		ldrb	r3, [r3]
 628 027a DBB2     		uxtb	r3, r3
 629 027c 43F04003 		orr	r3, r3, #64
 630 0280 DAB2     		uxtb	r2, r3
 631 0282 074B     		ldr	r3, .L48+24
 632 0284 1A70     		strb	r2, [r3]
 633 0286 17E0     		b	.L24
 634              	.L49:
 635              		.align	2
 636              	.L48:
 637 0288 00000000 		.word	RTC_currentTimeDate
 638 028c 00000000 		.word	RTC_statusDateTime
 639 0290 00000000 		.word	RTC_daysInMonths
 640 0294 1F85EB51 		.word	1374389535
 641 0298 00000000 		.word	RTC_alarmCfgMask
 642 029c 00000000 		.word	RTC_alarmCfgTimeDate
 643 02a0 00000000 		.word	RTC_alarmCurStatus
 644 02a4 00000000 		.word	RTC_intervalCfgMask
 645              	.L25:
 407:Generated_Source\PSoC5/RTC_INT.c ****                         }
 408:Generated_Source\PSoC5/RTC_INT.c ****                         else
 409:Generated_Source\PSoC5/RTC_INT.c ****                         {
 410:Generated_Source\PSoC5/RTC_INT.c ****                             /* Clear month alarm */
 411:Generated_Source\PSoC5/RTC_INT.c ****                             RTC_alarmCurStatus &= (uint8)(~RTC_ALARM_MONTH_MASK);
 646              		.loc 1 411 0
 647 02a8 964B     		ldr	r3, .L50
 648 02aa 1B78     		ldrb	r3, [r3]
 649 02ac DBB2     		uxtb	r3, r3
 650 02ae 23F04003 		bic	r3, r3, #64
 651 02b2 DAB2     		uxtb	r2, r3
 652 02b4 934B     		ldr	r3, .L50
 653 02b6 1A70     		strb	r2, [r3]
 654              	.L24:
 412:Generated_Source\PSoC5/RTC_INT.c ****                         }
 413:Generated_Source\PSoC5/RTC_INT.c ****                     }   /* Month alarm is masked */
 414:Generated_Source\PSoC5/RTC_INT.c **** 
 415:Generated_Source\PSoC5/RTC_INT.c ****                     #if (1u == RTC_DST_FUNC_ENABLE)
 416:Generated_Source\PSoC5/RTC_INT.c ****                         if(RTC_dstTimeDateStop.Month == RTC_currentTimeDate.Month)
 417:Generated_Source\PSoC5/RTC_INT.c ****                         {
 418:Generated_Source\PSoC5/RTC_INT.c ****                             RTC_dstStopStatus |= RTC_DST_MONTH;
 419:Generated_Source\PSoC5/RTC_INT.c ****                         }
 420:Generated_Source\PSoC5/RTC_INT.c ****                         else
 421:Generated_Source\PSoC5/RTC_INT.c ****                         {
 422:Generated_Source\PSoC5/RTC_INT.c ****                             RTC_dstStopStatus &= (uint8)(~RTC_DST_MONTH);
ARM GAS  C:\Users\kland\AppData\Local\Temp\ccE39o46.s 			page 20


 423:Generated_Source\PSoC5/RTC_INT.c ****                         }
 424:Generated_Source\PSoC5/RTC_INT.c **** 
 425:Generated_Source\PSoC5/RTC_INT.c ****                         if(RTC_dstTimeDateStart.Month == RTC_currentTimeDate.Month)
 426:Generated_Source\PSoC5/RTC_INT.c ****                         {
 427:Generated_Source\PSoC5/RTC_INT.c ****                             RTC_dstStartStatus |= RTC_DST_MONTH;
 428:Generated_Source\PSoC5/RTC_INT.c ****                         }
 429:Generated_Source\PSoC5/RTC_INT.c ****                         else
 430:Generated_Source\PSoC5/RTC_INT.c ****                         {
 431:Generated_Source\PSoC5/RTC_INT.c ****                             RTC_dstStartStatus &= (uint8)(~RTC_DST_MONTH);
 432:Generated_Source\PSoC5/RTC_INT.c ****                         }
 433:Generated_Source\PSoC5/RTC_INT.c ****                     #endif /* 1u == RTC_DST_FUNC_ENABLE */
 434:Generated_Source\PSoC5/RTC_INT.c **** 
 435:Generated_Source\PSoC5/RTC_INT.c ****                     /* Set Alarm flag event */
 436:Generated_Source\PSoC5/RTC_INT.c ****                     RTC_tmp = RTC_alarmCfgMask;
 655              		.loc 1 436 0
 656 02b8 934B     		ldr	r3, .L50+4
 657 02ba 1B78     		ldrb	r3, [r3]
 658 02bc FB71     		strb	r3, [r7, #7]
 437:Generated_Source\PSoC5/RTC_INT.c ****                     RTC_SET_ALARM(RTC_tmp,
 659              		.loc 1 437 0
 660 02be FB79     		ldrb	r3, [r7, #7]	@ zero_extendqisi2
 661 02c0 002B     		cmp	r3, #0
 662 02c2 13D0     		beq	.L26
 663              		.loc 1 437 0 is_stmt 0 discriminator 1
 664 02c4 8F4B     		ldr	r3, .L50
 665 02c6 1B78     		ldrb	r3, [r3]
 666 02c8 DAB2     		uxtb	r2, r3
 667 02ca FB79     		ldrb	r3, [r7, #7]
 668 02cc 1340     		ands	r3, r3, r2
 669 02ce DBB2     		uxtb	r3, r3
 670 02d0 FA79     		ldrb	r2, [r7, #7]	@ zero_extendqisi2
 671 02d2 9A42     		cmp	r2, r3
 672 02d4 0AD1     		bne	.L26
 673              		.loc 1 437 0 discriminator 2
 674 02d6 8D4B     		ldr	r3, .L50+8
 675 02d8 1B78     		ldrb	r3, [r3]
 676 02da DBB2     		uxtb	r3, r3
 677 02dc 43F00803 		orr	r3, r3, #8
 678 02e0 DAB2     		uxtb	r2, r3
 679 02e2 8A4B     		ldr	r3, .L50+8
 680 02e4 1A70     		strb	r2, [r3]
 681 02e6 874B     		ldr	r3, .L50
 682 02e8 0022     		movs	r2, #0
 683 02ea 1A70     		strb	r2, [r3]
 684              	.L26:
 438:Generated_Source\PSoC5/RTC_INT.c ****                                                RTC_alarmCurStatus,
 439:Generated_Source\PSoC5/RTC_INT.c ****                                                RTC_statusDateTime);
 440:Generated_Source\PSoC5/RTC_INT.c **** 
 441:Generated_Source\PSoC5/RTC_INT.c ****                     /* Every Month */
 442:Generated_Source\PSoC5/RTC_INT.c ****                     if(0u != RTC_IS_BIT_SET(RTC_intervalCfgMask,
 685              		.loc 1 442 0 is_stmt 1
 686 02ec 884B     		ldr	r3, .L50+12
 687 02ee 1B78     		ldrb	r3, [r3]
 688 02f0 DBB2     		uxtb	r3, r3
 689 02f2 03F02003 		and	r3, r3, #32
 690 02f6 002B     		cmp	r3, #0
 691 02f8 01D0     		beq	.L16
ARM GAS  C:\Users\kland\AppData\Local\Temp\ccE39o46.s 			page 21


 443:Generated_Source\PSoC5/RTC_INT.c ****                                                          RTC_INTERVAL_MONTH_MASK))
 444:Generated_Source\PSoC5/RTC_INT.c ****                     {
 445:Generated_Source\PSoC5/RTC_INT.c ****                         RTC_EveryMonthHandler();
 692              		.loc 1 445 0
 693 02fa FFF7FEFF 		bl	RTC_EveryMonthHandler
 694              	.L16:
 446:Generated_Source\PSoC5/RTC_INT.c ****                     }
 447:Generated_Source\PSoC5/RTC_INT.c ****                 }   /* Day roll over */
 448:Generated_Source\PSoC5/RTC_INT.c **** 
 449:Generated_Source\PSoC5/RTC_INT.c ****                 /* Alarm DAYOFWEEK */
 450:Generated_Source\PSoC5/RTC_INT.c ****                 if(0u != RTC_IS_BIT_SET(RTC_alarmCfgMask,
 695              		.loc 1 450 0
 696 02fe 824B     		ldr	r3, .L50+4
 697 0300 1B78     		ldrb	r3, [r3]
 698 0302 DBB2     		uxtb	r3, r3
 699 0304 03F00803 		and	r3, r3, #8
 700 0308 002B     		cmp	r3, #0
 701 030a 18D0     		beq	.L27
 451:Generated_Source\PSoC5/RTC_INT.c ****                                                      RTC_ALARM_DAYOFWEEK_MASK))
 452:Generated_Source\PSoC5/RTC_INT.c ****                 {
 453:Generated_Source\PSoC5/RTC_INT.c ****                     if(RTC_alarmCfgTimeDate.DayOfWeek == RTC_currentTimeDate.DayOfWeek)
 702              		.loc 1 453 0
 703 030c 814B     		ldr	r3, .L50+16
 704 030e DB78     		ldrb	r3, [r3, #3]
 705 0310 DAB2     		uxtb	r2, r3
 706 0312 814B     		ldr	r3, .L50+20
 707 0314 DB78     		ldrb	r3, [r3, #3]
 708 0316 DBB2     		uxtb	r3, r3
 709 0318 9A42     		cmp	r2, r3
 710 031a 08D1     		bne	.L28
 454:Generated_Source\PSoC5/RTC_INT.c ****                     {
 455:Generated_Source\PSoC5/RTC_INT.c ****                         /* Set day of week alarm */
 456:Generated_Source\PSoC5/RTC_INT.c ****                         RTC_alarmCurStatus |= RTC_ALARM_DAYOFWEEK_MASK;
 711              		.loc 1 456 0
 712 031c 794B     		ldr	r3, .L50
 713 031e 1B78     		ldrb	r3, [r3]
 714 0320 DBB2     		uxtb	r3, r3
 715 0322 43F00803 		orr	r3, r3, #8
 716 0326 DAB2     		uxtb	r2, r3
 717 0328 764B     		ldr	r3, .L50
 718 032a 1A70     		strb	r2, [r3]
 719 032c 07E0     		b	.L27
 720              	.L28:
 457:Generated_Source\PSoC5/RTC_INT.c ****                     }
 458:Generated_Source\PSoC5/RTC_INT.c ****                     else
 459:Generated_Source\PSoC5/RTC_INT.c ****                     {
 460:Generated_Source\PSoC5/RTC_INT.c ****                         /* Clear day of week alarm */
 461:Generated_Source\PSoC5/RTC_INT.c ****                         RTC_alarmCurStatus &= (uint8)(~RTC_ALARM_DAYOFWEEK_MASK);
 721              		.loc 1 461 0
 722 032e 754B     		ldr	r3, .L50
 723 0330 1B78     		ldrb	r3, [r3]
 724 0332 DBB2     		uxtb	r3, r3
 725 0334 23F00803 		bic	r3, r3, #8
 726 0338 DAB2     		uxtb	r2, r3
 727 033a 724B     		ldr	r3, .L50
 728 033c 1A70     		strb	r2, [r3]
 729              	.L27:
ARM GAS  C:\Users\kland\AppData\Local\Temp\ccE39o46.s 			page 22


 462:Generated_Source\PSoC5/RTC_INT.c ****                     }
 463:Generated_Source\PSoC5/RTC_INT.c ****                 }   /* Day of week alarm is masked */
 464:Generated_Source\PSoC5/RTC_INT.c **** 
 465:Generated_Source\PSoC5/RTC_INT.c ****                 /* Alarm DAYOFYEAR */
 466:Generated_Source\PSoC5/RTC_INT.c ****                 if(0u != RTC_IS_BIT_SET(RTC_alarmCfgMask,
 730              		.loc 1 466 0
 731 033e 724B     		ldr	r3, .L50+4
 732 0340 1B78     		ldrb	r3, [r3]
 733 0342 DBB2     		uxtb	r3, r3
 734 0344 03F02003 		and	r3, r3, #32
 735 0348 002B     		cmp	r3, #0
 736 034a 18D0     		beq	.L29
 467:Generated_Source\PSoC5/RTC_INT.c ****                                                      RTC_ALARM_DAYOFYEAR_MASK))
 468:Generated_Source\PSoC5/RTC_INT.c ****                 {
 469:Generated_Source\PSoC5/RTC_INT.c ****                     if(RTC_alarmCfgTimeDate.DayOfYear == RTC_currentTimeDate.DayOfYear)
 737              		.loc 1 469 0
 738 034c 714B     		ldr	r3, .L50+16
 739 034e DB88     		ldrh	r3, [r3, #6]	@ movhi
 740 0350 9AB2     		uxth	r2, r3
 741 0352 714B     		ldr	r3, .L50+20
 742 0354 DB88     		ldrh	r3, [r3, #6]	@ movhi
 743 0356 9BB2     		uxth	r3, r3
 744 0358 9A42     		cmp	r2, r3
 745 035a 08D1     		bne	.L30
 470:Generated_Source\PSoC5/RTC_INT.c ****                     {
 471:Generated_Source\PSoC5/RTC_INT.c ****                         /* Set day of year alarm */
 472:Generated_Source\PSoC5/RTC_INT.c ****                         RTC_alarmCurStatus |= RTC_ALARM_DAYOFYEAR_MASK;
 746              		.loc 1 472 0
 747 035c 694B     		ldr	r3, .L50
 748 035e 1B78     		ldrb	r3, [r3]
 749 0360 DBB2     		uxtb	r3, r3
 750 0362 43F02003 		orr	r3, r3, #32
 751 0366 DAB2     		uxtb	r2, r3
 752 0368 664B     		ldr	r3, .L50
 753 036a 1A70     		strb	r2, [r3]
 754 036c 07E0     		b	.L29
 755              	.L30:
 473:Generated_Source\PSoC5/RTC_INT.c ****                     }
 474:Generated_Source\PSoC5/RTC_INT.c ****                     else
 475:Generated_Source\PSoC5/RTC_INT.c ****                     {
 476:Generated_Source\PSoC5/RTC_INT.c ****                         /* Clear day of year alarm */
 477:Generated_Source\PSoC5/RTC_INT.c ****                         RTC_alarmCurStatus &= (uint8)(~RTC_ALARM_DAYOFYEAR_MASK);
 756              		.loc 1 477 0
 757 036e 654B     		ldr	r3, .L50
 758 0370 1B78     		ldrb	r3, [r3]
 759 0372 DBB2     		uxtb	r3, r3
 760 0374 23F02003 		bic	r3, r3, #32
 761 0378 DAB2     		uxtb	r2, r3
 762 037a 624B     		ldr	r3, .L50
 763 037c 1A70     		strb	r2, [r3]
 764              	.L29:
 478:Generated_Source\PSoC5/RTC_INT.c ****                     }
 479:Generated_Source\PSoC5/RTC_INT.c ****                 }   /* Day of year alarm is masked */
 480:Generated_Source\PSoC5/RTC_INT.c **** 
 481:Generated_Source\PSoC5/RTC_INT.c ****                 /* Alarm DAYOFMONTH */
 482:Generated_Source\PSoC5/RTC_INT.c ****                 if(0u != RTC_IS_BIT_SET(RTC_alarmCfgMask,
 765              		.loc 1 482 0
ARM GAS  C:\Users\kland\AppData\Local\Temp\ccE39o46.s 			page 23


 766 037e 624B     		ldr	r3, .L50+4
 767 0380 1B78     		ldrb	r3, [r3]
 768 0382 DBB2     		uxtb	r3, r3
 769 0384 03F01003 		and	r3, r3, #16
 770 0388 002B     		cmp	r3, #0
 771 038a 18D0     		beq	.L31
 483:Generated_Source\PSoC5/RTC_INT.c ****                          RTC_ALARM_DAYOFMONTH_MASK))
 484:Generated_Source\PSoC5/RTC_INT.c ****                 {
 485:Generated_Source\PSoC5/RTC_INT.c ****                     if(RTC_alarmCfgTimeDate.DayOfMonth == RTC_currentTimeDate.DayOfMonth)
 772              		.loc 1 485 0
 773 038c 614B     		ldr	r3, .L50+16
 774 038e 1B79     		ldrb	r3, [r3, #4]
 775 0390 DAB2     		uxtb	r2, r3
 776 0392 614B     		ldr	r3, .L50+20
 777 0394 1B79     		ldrb	r3, [r3, #4]
 778 0396 DBB2     		uxtb	r3, r3
 779 0398 9A42     		cmp	r2, r3
 780 039a 08D1     		bne	.L32
 486:Generated_Source\PSoC5/RTC_INT.c ****                     {
 487:Generated_Source\PSoC5/RTC_INT.c ****                         /* Set day of month alarm */
 488:Generated_Source\PSoC5/RTC_INT.c ****                         RTC_alarmCurStatus |= RTC_ALARM_DAYOFMONTH_MASK;
 781              		.loc 1 488 0
 782 039c 594B     		ldr	r3, .L50
 783 039e 1B78     		ldrb	r3, [r3]
 784 03a0 DBB2     		uxtb	r3, r3
 785 03a2 43F01003 		orr	r3, r3, #16
 786 03a6 DAB2     		uxtb	r2, r3
 787 03a8 564B     		ldr	r3, .L50
 788 03aa 1A70     		strb	r2, [r3]
 789 03ac 07E0     		b	.L31
 790              	.L32:
 489:Generated_Source\PSoC5/RTC_INT.c ****                     }
 490:Generated_Source\PSoC5/RTC_INT.c ****                     else
 491:Generated_Source\PSoC5/RTC_INT.c ****                     {
 492:Generated_Source\PSoC5/RTC_INT.c ****                         /* Clear day of month alarm */
 493:Generated_Source\PSoC5/RTC_INT.c ****                         RTC_alarmCurStatus &= (uint8)(~RTC_ALARM_DAYOFMONTH_MASK);
 791              		.loc 1 493 0
 792 03ae 554B     		ldr	r3, .L50
 793 03b0 1B78     		ldrb	r3, [r3]
 794 03b2 DBB2     		uxtb	r3, r3
 795 03b4 23F01003 		bic	r3, r3, #16
 796 03b8 DAB2     		uxtb	r2, r3
 797 03ba 524B     		ldr	r3, .L50
 798 03bc 1A70     		strb	r2, [r3]
 799              	.L31:
 494:Generated_Source\PSoC5/RTC_INT.c ****                     }
 495:Generated_Source\PSoC5/RTC_INT.c ****                 }   /* Day of month alarm is masked */
 496:Generated_Source\PSoC5/RTC_INT.c **** 
 497:Generated_Source\PSoC5/RTC_INT.c ****                 #if (1u == RTC_DST_FUNC_ENABLE)
 498:Generated_Source\PSoC5/RTC_INT.c ****                     if(RTC_dstTimeDateStop.DayOfMonth == RTC_currentTimeDate.DayOfMonth)
 499:Generated_Source\PSoC5/RTC_INT.c ****                     {
 500:Generated_Source\PSoC5/RTC_INT.c ****                         RTC_dstStopStatus |= RTC_DST_DAYOFMONTH;
 501:Generated_Source\PSoC5/RTC_INT.c ****                     }
 502:Generated_Source\PSoC5/RTC_INT.c ****                     else
 503:Generated_Source\PSoC5/RTC_INT.c ****                     {
 504:Generated_Source\PSoC5/RTC_INT.c ****                         RTC_dstStopStatus &= (uint8)(~RTC_DST_DAYOFMONTH);
 505:Generated_Source\PSoC5/RTC_INT.c ****                     }
ARM GAS  C:\Users\kland\AppData\Local\Temp\ccE39o46.s 			page 24


 506:Generated_Source\PSoC5/RTC_INT.c **** 
 507:Generated_Source\PSoC5/RTC_INT.c ****                     if(RTC_dstTimeDateStart.DayOfMonth == RTC_currentTimeDate.DayOfMonth)
 508:Generated_Source\PSoC5/RTC_INT.c ****                     {
 509:Generated_Source\PSoC5/RTC_INT.c ****                         RTC_dstStartStatus |= RTC_DST_DAYOFMONTH;
 510:Generated_Source\PSoC5/RTC_INT.c ****                     }
 511:Generated_Source\PSoC5/RTC_INT.c ****                     else
 512:Generated_Source\PSoC5/RTC_INT.c ****                     {
 513:Generated_Source\PSoC5/RTC_INT.c ****                         RTC_dstStartStatus &= (uint8)(~RTC_DST_DAYOFMONTH);
 514:Generated_Source\PSoC5/RTC_INT.c ****                     }
 515:Generated_Source\PSoC5/RTC_INT.c ****                 #endif /* 1u == RTC_DST_FUNC_ENABLE */
 516:Generated_Source\PSoC5/RTC_INT.c **** 
 517:Generated_Source\PSoC5/RTC_INT.c ****                 /* Set Alarm flag event */
 518:Generated_Source\PSoC5/RTC_INT.c ****                 RTC_tmp = RTC_alarmCfgMask;
 800              		.loc 1 518 0
 801 03be 524B     		ldr	r3, .L50+4
 802 03c0 1B78     		ldrb	r3, [r3]
 803 03c2 FB71     		strb	r3, [r7, #7]
 519:Generated_Source\PSoC5/RTC_INT.c ****                 RTC_SET_ALARM(RTC_tmp,
 804              		.loc 1 519 0
 805 03c4 FB79     		ldrb	r3, [r7, #7]	@ zero_extendqisi2
 806 03c6 002B     		cmp	r3, #0
 807 03c8 13D0     		beq	.L33
 808              		.loc 1 519 0 is_stmt 0 discriminator 1
 809 03ca 4E4B     		ldr	r3, .L50
 810 03cc 1B78     		ldrb	r3, [r3]
 811 03ce DAB2     		uxtb	r2, r3
 812 03d0 FB79     		ldrb	r3, [r7, #7]
 813 03d2 1340     		ands	r3, r3, r2
 814 03d4 DBB2     		uxtb	r3, r3
 815 03d6 FA79     		ldrb	r2, [r7, #7]	@ zero_extendqisi2
 816 03d8 9A42     		cmp	r2, r3
 817 03da 0AD1     		bne	.L33
 818              		.loc 1 519 0 discriminator 2
 819 03dc 4B4B     		ldr	r3, .L50+8
 820 03de 1B78     		ldrb	r3, [r3]
 821 03e0 DBB2     		uxtb	r3, r3
 822 03e2 43F00803 		orr	r3, r3, #8
 823 03e6 DAB2     		uxtb	r2, r3
 824 03e8 484B     		ldr	r3, .L50+8
 825 03ea 1A70     		strb	r2, [r3]
 826 03ec 454B     		ldr	r3, .L50
 827 03ee 0022     		movs	r2, #0
 828 03f0 1A70     		strb	r2, [r3]
 829              	.L33:
 520:Generated_Source\PSoC5/RTC_INT.c ****                                            RTC_alarmCurStatus,
 521:Generated_Source\PSoC5/RTC_INT.c ****                                            RTC_statusDateTime);
 522:Generated_Source\PSoC5/RTC_INT.c **** 
 523:Generated_Source\PSoC5/RTC_INT.c ****                 /* Every Day */
 524:Generated_Source\PSoC5/RTC_INT.c ****                 if(0u != RTC_IS_BIT_SET(RTC_intervalCfgMask,
 830              		.loc 1 524 0 is_stmt 1
 831 03f2 474B     		ldr	r3, .L50+12
 832 03f4 1B78     		ldrb	r3, [r3]
 833 03f6 DBB2     		uxtb	r3, r3
 834 03f8 03F00803 		and	r3, r3, #8
 835 03fc 002B     		cmp	r3, #0
 836 03fe 01D0     		beq	.L34
 525:Generated_Source\PSoC5/RTC_INT.c ****                          RTC_INTERVAL_DAY_MASK))
ARM GAS  C:\Users\kland\AppData\Local\Temp\ccE39o46.s 			page 25


 526:Generated_Source\PSoC5/RTC_INT.c ****                 {
 527:Generated_Source\PSoC5/RTC_INT.c ****                     RTC_EveryDayHandler();
 837              		.loc 1 527 0
 838 0400 FFF7FEFF 		bl	RTC_EveryDayHandler
 839              	.L34:
 528:Generated_Source\PSoC5/RTC_INT.c ****                 }
 529:Generated_Source\PSoC5/RTC_INT.c **** 
 530:Generated_Source\PSoC5/RTC_INT.c ****                 if(1u == RTC_currentTimeDate.DayOfWeek)
 840              		.loc 1 530 0
 841 0404 444B     		ldr	r3, .L50+20
 842 0406 DB78     		ldrb	r3, [r3, #3]
 843 0408 DBB2     		uxtb	r3, r3
 844 040a 012B     		cmp	r3, #1
 845 040c 08D1     		bne	.L11
 531:Generated_Source\PSoC5/RTC_INT.c ****                 {
 532:Generated_Source\PSoC5/RTC_INT.c ****                     /* Every Week */
 533:Generated_Source\PSoC5/RTC_INT.c ****                     if(0u != RTC_IS_BIT_SET(RTC_intervalCfgMask,
 846              		.loc 1 533 0
 847 040e 404B     		ldr	r3, .L50+12
 848 0410 1B78     		ldrb	r3, [r3]
 849 0412 DBB2     		uxtb	r3, r3
 850 0414 03F01003 		and	r3, r3, #16
 851 0418 002B     		cmp	r3, #0
 852 041a 01D0     		beq	.L11
 534:Generated_Source\PSoC5/RTC_INT.c ****                                                          RTC_INTERVAL_WEEK_MASK))
 535:Generated_Source\PSoC5/RTC_INT.c ****                     {
 536:Generated_Source\PSoC5/RTC_INT.c ****                        RTC_EveryWeekHandler();
 853              		.loc 1 536 0
 854 041c FFF7FEFF 		bl	RTC_EveryWeekHandler
 855              	.L11:
 537:Generated_Source\PSoC5/RTC_INT.c ****                     }
 538:Generated_Source\PSoC5/RTC_INT.c ****                 }
 539:Generated_Source\PSoC5/RTC_INT.c **** 
 540:Generated_Source\PSoC5/RTC_INT.c ****             } /* End of day roll over */
 541:Generated_Source\PSoC5/RTC_INT.c **** 
 542:Generated_Source\PSoC5/RTC_INT.c ****             /* Status set PM/AM flag */
 543:Generated_Source\PSoC5/RTC_INT.c ****             if(RTC_currentTimeDate.Hour < RTC_HALF_OF_DAY_ELAPSED)
 856              		.loc 1 543 0
 857 0420 3D4B     		ldr	r3, .L50+20
 858 0422 9B78     		ldrb	r3, [r3, #2]
 859 0424 DBB2     		uxtb	r3, r3
 860 0426 0B2B     		cmp	r3, #11
 861 0428 08D8     		bhi	.L35
 544:Generated_Source\PSoC5/RTC_INT.c ****             {
 545:Generated_Source\PSoC5/RTC_INT.c ****                 /* AM Hour 00:00-11:59, flag zero */
 546:Generated_Source\PSoC5/RTC_INT.c ****                 RTC_statusDateTime &= (uint8)(~RTC_STATUS_AM_PM);
 862              		.loc 1 546 0
 863 042a 384B     		ldr	r3, .L50+8
 864 042c 1B78     		ldrb	r3, [r3]
 865 042e DBB2     		uxtb	r3, r3
 866 0430 23F00403 		bic	r3, r3, #4
 867 0434 DAB2     		uxtb	r2, r3
 868 0436 354B     		ldr	r3, .L50+8
 869 0438 1A70     		strb	r2, [r3]
 870 043a 07E0     		b	.L36
 871              	.L35:
 547:Generated_Source\PSoC5/RTC_INT.c ****             }
ARM GAS  C:\Users\kland\AppData\Local\Temp\ccE39o46.s 			page 26


 548:Generated_Source\PSoC5/RTC_INT.c ****             else
 549:Generated_Source\PSoC5/RTC_INT.c ****             {
 550:Generated_Source\PSoC5/RTC_INT.c ****                 /* PM Hour 12:00-23:59, flag set */
 551:Generated_Source\PSoC5/RTC_INT.c ****                 RTC_statusDateTime |= RTC_STATUS_AM_PM;
 872              		.loc 1 551 0
 873 043c 334B     		ldr	r3, .L50+8
 874 043e 1B78     		ldrb	r3, [r3]
 875 0440 DBB2     		uxtb	r3, r3
 876 0442 43F00403 		orr	r3, r3, #4
 877 0446 DAB2     		uxtb	r2, r3
 878 0448 304B     		ldr	r3, .L50+8
 879 044a 1A70     		strb	r2, [r3]
 880              	.L36:
 552:Generated_Source\PSoC5/RTC_INT.c ****             }
 553:Generated_Source\PSoC5/RTC_INT.c **** 
 554:Generated_Source\PSoC5/RTC_INT.c ****             #if (1u == RTC_DST_FUNC_ENABLE)
 555:Generated_Source\PSoC5/RTC_INT.c ****                 if(RTC_dstTimeDateStop.Hour == RTC_currentTimeDate.Hour)
 556:Generated_Source\PSoC5/RTC_INT.c ****                 {
 557:Generated_Source\PSoC5/RTC_INT.c ****                     RTC_dstStopStatus |= RTC_DST_HOUR;
 558:Generated_Source\PSoC5/RTC_INT.c ****                 }
 559:Generated_Source\PSoC5/RTC_INT.c ****                 else
 560:Generated_Source\PSoC5/RTC_INT.c ****                 {
 561:Generated_Source\PSoC5/RTC_INT.c ****                     RTC_dstStopStatus &= (uint8)(~RTC_DST_HOUR);
 562:Generated_Source\PSoC5/RTC_INT.c ****                 }
 563:Generated_Source\PSoC5/RTC_INT.c **** 
 564:Generated_Source\PSoC5/RTC_INT.c ****                 if(RTC_dstTimeDateStart.Hour == RTC_currentTimeDate.Hour)
 565:Generated_Source\PSoC5/RTC_INT.c ****                 {
 566:Generated_Source\PSoC5/RTC_INT.c ****                     RTC_dstStartStatus |= RTC_DST_HOUR;
 567:Generated_Source\PSoC5/RTC_INT.c ****                 }
 568:Generated_Source\PSoC5/RTC_INT.c ****                 else
 569:Generated_Source\PSoC5/RTC_INT.c ****                 {
 570:Generated_Source\PSoC5/RTC_INT.c ****                 RTC_dstStartStatus &= (uint8)(~RTC_DST_HOUR);
 571:Generated_Source\PSoC5/RTC_INT.c ****                 }
 572:Generated_Source\PSoC5/RTC_INT.c **** 
 573:Generated_Source\PSoC5/RTC_INT.c ****                 /* DST Enable ? */
 574:Generated_Source\PSoC5/RTC_INT.c ****                 if(0u != RTC_IS_BIT_SET(RTC_dstModeType, RTC_DST_ENABLE))
 575:Generated_Source\PSoC5/RTC_INT.c ****                 {
 576:Generated_Source\PSoC5/RTC_INT.c ****                     if(0u != RTC_IS_BIT_SET(RTC_statusDateTime, RTC_STATUS_DST))
 577:Generated_Source\PSoC5/RTC_INT.c ****                     {
 578:Generated_Source\PSoC5/RTC_INT.c ****                         if(0u != RTC_IS_BIT_SET(RTC_dstStopStatus, RTC_DST_HOUR |
 579:Generated_Source\PSoC5/RTC_INT.c ****                                                        RTC_DST_DAYOFMONTH | RTC_DST_MONTH))
 580:Generated_Source\PSoC5/RTC_INT.c ****                         {
 581:Generated_Source\PSoC5/RTC_INT.c ****                             /* Substruct from current value of minutes, number of minutes
 582:Generated_Source\PSoC5/RTC_INT.c ****                             * in DST offset which is out of complete hour
 583:Generated_Source\PSoC5/RTC_INT.c ****                             */
 584:Generated_Source\PSoC5/RTC_INT.c ****                             RTC_currentTimeDate.Min -=
 585:Generated_Source\PSoC5/RTC_INT.c ****                                                 RTC_dstOffsetMin % (RTC_HOUR_ELAPSED + 1u);
 586:Generated_Source\PSoC5/RTC_INT.c **** 
 587:Generated_Source\PSoC5/RTC_INT.c ****                             /* Is minute value negative? */
 588:Generated_Source\PSoC5/RTC_INT.c ****                             if(RTC_currentTimeDate.Min > RTC_HOUR_ELAPSED)
 589:Generated_Source\PSoC5/RTC_INT.c ****                             {
 590:Generated_Source\PSoC5/RTC_INT.c ****                                 /* Convert to the positive.
 591:Generated_Source\PSoC5/RTC_INT.c ****                                 * HOUR_ELAPSED -     (~currentTimeDate.Min    ) ==
 592:Generated_Source\PSoC5/RTC_INT.c ****                                 * HOUR_ELAPSED + 1 - (~currentTimeDate.Min + 1)
 593:Generated_Source\PSoC5/RTC_INT.c ****                                 */
 594:Generated_Source\PSoC5/RTC_INT.c ****                                 RTC_currentTimeDate.Min = RTC_HOUR_ELAPSED -
 595:Generated_Source\PSoC5/RTC_INT.c ****                                                              ((uint8)(~RTC_currentTimeDate.Min));
ARM GAS  C:\Users\kland\AppData\Local\Temp\ccE39o46.s 			page 27


 596:Generated_Source\PSoC5/RTC_INT.c **** 
 597:Generated_Source\PSoC5/RTC_INT.c ****                                 RTC_currentTimeDate.Hour--;
 598:Generated_Source\PSoC5/RTC_INT.c ****                             }
 599:Generated_Source\PSoC5/RTC_INT.c **** 
 600:Generated_Source\PSoC5/RTC_INT.c ****                             RTC_currentTimeDate.Hour -= RTC_dstOffsetMin /
 601:Generated_Source\PSoC5/RTC_INT.c ****                                                                      (RTC_HOUR_ELAPSED + 1u);
 602:Generated_Source\PSoC5/RTC_INT.c **** 
 603:Generated_Source\PSoC5/RTC_INT.c ****                             /* Day roll over
 604:Generated_Source\PSoC5/RTC_INT.c ****                             * Is hour value negative? */
 605:Generated_Source\PSoC5/RTC_INT.c ****                             if(RTC_currentTimeDate.Hour > RTC_DAY_ELAPSED)
 606:Generated_Source\PSoC5/RTC_INT.c ****                             {
 607:Generated_Source\PSoC5/RTC_INT.c ****                                 /* Convert to the positive.
 608:Generated_Source\PSoC5/RTC_INT.c ****                                 * DAY_ELAPSED - (~currentTimeDate.Hour) ==
 609:Generated_Source\PSoC5/RTC_INT.c ****                                 * DAY_ELAPSED + 1 - (~currentTimeDate.Hour + 1)
 610:Generated_Source\PSoC5/RTC_INT.c ****                                 */
 611:Generated_Source\PSoC5/RTC_INT.c ****                                 RTC_currentTimeDate.Hour = RTC_DAY_ELAPSED -
 612:Generated_Source\PSoC5/RTC_INT.c ****                                                               ((uint8)(~RTC_currentTimeDate.Hour));
 613:Generated_Source\PSoC5/RTC_INT.c **** 
 614:Generated_Source\PSoC5/RTC_INT.c ****                                 /* Status set PM/AM flag */
 615:Generated_Source\PSoC5/RTC_INT.c ****                                 if(RTC_currentTimeDate.Hour < RTC_HALF_OF_DAY_ELAPSED)
 616:Generated_Source\PSoC5/RTC_INT.c ****                                 {
 617:Generated_Source\PSoC5/RTC_INT.c ****                                     /* AM Hour 00:00-11:59, flag zero */
 618:Generated_Source\PSoC5/RTC_INT.c ****                                     RTC_statusDateTime &= (uint8)(~RTC_STATUS_AM_PM);
 619:Generated_Source\PSoC5/RTC_INT.c ****                                 }
 620:Generated_Source\PSoC5/RTC_INT.c ****                                 else
 621:Generated_Source\PSoC5/RTC_INT.c ****                                 {
 622:Generated_Source\PSoC5/RTC_INT.c ****                                     /* PM Hour 12:00-23:59, flag set */
 623:Generated_Source\PSoC5/RTC_INT.c ****                                     RTC_statusDateTime |= RTC_STATUS_AM_PM;
 624:Generated_Source\PSoC5/RTC_INT.c ****                                 }
 625:Generated_Source\PSoC5/RTC_INT.c **** 
 626:Generated_Source\PSoC5/RTC_INT.c ****                                 RTC_currentTimeDate.DayOfMonth--;
 627:Generated_Source\PSoC5/RTC_INT.c ****                                 RTC_currentTimeDate.DayOfYear--;
 628:Generated_Source\PSoC5/RTC_INT.c ****                                 RTC_currentTimeDate.DayOfWeek--;
 629:Generated_Source\PSoC5/RTC_INT.c **** 
 630:Generated_Source\PSoC5/RTC_INT.c ****                                 if(0u == RTC_currentTimeDate.DayOfWeek)
 631:Generated_Source\PSoC5/RTC_INT.c ****                                 {
 632:Generated_Source\PSoC5/RTC_INT.c ****                                     RTC_currentTimeDate.DayOfWeek = RTC_DAYS_IN_WEEK;
 633:Generated_Source\PSoC5/RTC_INT.c ****                                 }
 634:Generated_Source\PSoC5/RTC_INT.c **** 
 635:Generated_Source\PSoC5/RTC_INT.c ****                                 if(0u == RTC_currentTimeDate.DayOfMonth)
 636:Generated_Source\PSoC5/RTC_INT.c ****                                 {
 637:Generated_Source\PSoC5/RTC_INT.c ****                                     RTC_currentTimeDate.Month--;
 638:Generated_Source\PSoC5/RTC_INT.c ****                                     if(0u == RTC_currentTimeDate.Month)
 639:Generated_Source\PSoC5/RTC_INT.c ****                                     {
 640:Generated_Source\PSoC5/RTC_INT.c ****                                         RTC_currentTimeDate.Month = RTC_DECEMBER;
 641:Generated_Source\PSoC5/RTC_INT.c **** 
 642:Generated_Source\PSoC5/RTC_INT.c ****                                         RTC_currentTimeDate.DayOfMonth =
 643:Generated_Source\PSoC5/RTC_INT.c ****                                             RTC_daysInMonths[RTC_currentTimeDate.Month - 1u];
 644:Generated_Source\PSoC5/RTC_INT.c **** 
 645:Generated_Source\PSoC5/RTC_INT.c ****                                         RTC_currentTimeDate.Year--;
 646:Generated_Source\PSoC5/RTC_INT.c **** 
 647:Generated_Source\PSoC5/RTC_INT.c ****                                         if(1u == RTC_LEAP_YEAR(RTC_currentTimeDate.Year))
 648:Generated_Source\PSoC5/RTC_INT.c ****                                         {
 649:Generated_Source\PSoC5/RTC_INT.c ****                                             /* LP - true, else - false */
 650:Generated_Source\PSoC5/RTC_INT.c ****                                             RTC_statusDateTime |= RTC_STATUS_LY;
 651:Generated_Source\PSoC5/RTC_INT.c ****                                             RTC_currentTimeDate.DayOfYear =
 652:Generated_Source\PSoC5/RTC_INT.c ****                                                                                     RTC_DAYS_IN_LEA
ARM GAS  C:\Users\kland\AppData\Local\Temp\ccE39o46.s 			page 28


 653:Generated_Source\PSoC5/RTC_INT.c ****                                         }
 654:Generated_Source\PSoC5/RTC_INT.c ****                                         else
 655:Generated_Source\PSoC5/RTC_INT.c ****                                         {
 656:Generated_Source\PSoC5/RTC_INT.c ****                                             RTC_statusDateTime &= (uint8)(~RTC_STATUS_LY);
 657:Generated_Source\PSoC5/RTC_INT.c ****                                             RTC_currentTimeDate.DayOfYear = RTC_DAYS_IN_YEAR;
 658:Generated_Source\PSoC5/RTC_INT.c ****                                         }
 659:Generated_Source\PSoC5/RTC_INT.c ****                                         RTC_EveryYearHandler();
 660:Generated_Source\PSoC5/RTC_INT.c ****                                     }
 661:Generated_Source\PSoC5/RTC_INT.c ****                                     else
 662:Generated_Source\PSoC5/RTC_INT.c ****                                     {
 663:Generated_Source\PSoC5/RTC_INT.c ****                                         /* Day of month roll over.
 664:Generated_Source\PSoC5/RTC_INT.c ****                                         * Check if day of month February 29 of leap year
 665:Generated_Source\PSoC5/RTC_INT.c ****                                         */
 666:Generated_Source\PSoC5/RTC_INT.c ****                                         if((0u != (RTC_statusDateTime & RTC_STATUS_LY)) &&
 667:Generated_Source\PSoC5/RTC_INT.c ****                                             (RTC_currentTimeDate.Month == RTC_FEBRUARY))
 668:Generated_Source\PSoC5/RTC_INT.c ****                                         {
 669:Generated_Source\PSoC5/RTC_INT.c ****                                             RTC_currentTimeDate.DayOfMonth =
 670:Generated_Source\PSoC5/RTC_INT.c ****                                             RTC_daysInMonths[RTC_currentTimeDate.Month - 1u]
 671:Generated_Source\PSoC5/RTC_INT.c ****                                             + 1u;
 672:Generated_Source\PSoC5/RTC_INT.c ****                                         }
 673:Generated_Source\PSoC5/RTC_INT.c ****                                         else
 674:Generated_Source\PSoC5/RTC_INT.c ****                                         {
 675:Generated_Source\PSoC5/RTC_INT.c ****                                             RTC_currentTimeDate.DayOfMonth =
 676:Generated_Source\PSoC5/RTC_INT.c ****                                             RTC_daysInMonths[RTC_currentTimeDate.Month - 1u];
 677:Generated_Source\PSoC5/RTC_INT.c ****                                         }
 678:Generated_Source\PSoC5/RTC_INT.c ****                                     }
 679:Generated_Source\PSoC5/RTC_INT.c ****                                     RTC_EveryMonthHandler();
 680:Generated_Source\PSoC5/RTC_INT.c ****                                 }
 681:Generated_Source\PSoC5/RTC_INT.c ****                                 RTC_EveryDayHandler();
 682:Generated_Source\PSoC5/RTC_INT.c ****                             }
 683:Generated_Source\PSoC5/RTC_INT.c ****                             RTC_statusDateTime &= (uint8)(~RTC_STATUS_DST);
 684:Generated_Source\PSoC5/RTC_INT.c ****                             RTC_dstStopStatus = 0u;
 685:Generated_Source\PSoC5/RTC_INT.c ****                         }
 686:Generated_Source\PSoC5/RTC_INT.c ****                     }
 687:Generated_Source\PSoC5/RTC_INT.c ****                     else
 688:Generated_Source\PSoC5/RTC_INT.c ****                     {
 689:Generated_Source\PSoC5/RTC_INT.c ****                         if(0u != RTC_IS_BIT_SET(RTC_dstStartStatus,
 690:Generated_Source\PSoC5/RTC_INT.c ****                                                       (RTC_DST_HOUR | RTC_DST_DAYOFMONTH |
 691:Generated_Source\PSoC5/RTC_INT.c ****                                                        RTC_DST_MONTH)))
 692:Generated_Source\PSoC5/RTC_INT.c ****                         {
 693:Generated_Source\PSoC5/RTC_INT.c ****                             /* Add Hour and Min */
 694:Generated_Source\PSoC5/RTC_INT.c ****                             RTC_currentTimeDate.Min +=
 695:Generated_Source\PSoC5/RTC_INT.c ****                                                 RTC_dstOffsetMin % (RTC_HOUR_ELAPSED + 1u);
 696:Generated_Source\PSoC5/RTC_INT.c **** 
 697:Generated_Source\PSoC5/RTC_INT.c ****                             if(RTC_currentTimeDate.Min > RTC_HOUR_ELAPSED)
 698:Generated_Source\PSoC5/RTC_INT.c ****                             {
 699:Generated_Source\PSoC5/RTC_INT.c ****                                 /* Adjust Min */
 700:Generated_Source\PSoC5/RTC_INT.c ****                                 RTC_currentTimeDate.Min -= (RTC_HOUR_ELAPSED + 1u);
 701:Generated_Source\PSoC5/RTC_INT.c ****                                 RTC_currentTimeDate.Hour++;
 702:Generated_Source\PSoC5/RTC_INT.c ****                             }
 703:Generated_Source\PSoC5/RTC_INT.c **** 
 704:Generated_Source\PSoC5/RTC_INT.c ****                             RTC_currentTimeDate.Hour += RTC_dstOffsetMin /
 705:Generated_Source\PSoC5/RTC_INT.c ****                                                                      (RTC_HOUR_ELAPSED + 1u);
 706:Generated_Source\PSoC5/RTC_INT.c **** 
 707:Generated_Source\PSoC5/RTC_INT.c ****                             if(RTC_currentTimeDate.Hour > RTC_DAY_ELAPSED)
 708:Generated_Source\PSoC5/RTC_INT.c ****                             {
 709:Generated_Source\PSoC5/RTC_INT.c ****                                 /* Adjust hour, add day */
ARM GAS  C:\Users\kland\AppData\Local\Temp\ccE39o46.s 			page 29


 710:Generated_Source\PSoC5/RTC_INT.c ****                                 RTC_currentTimeDate.Hour -= (RTC_DAY_ELAPSED + 1u);
 711:Generated_Source\PSoC5/RTC_INT.c **** 
 712:Generated_Source\PSoC5/RTC_INT.c ****                                 /* Status set PM/AM flag */
 713:Generated_Source\PSoC5/RTC_INT.c ****                                 if(RTC_currentTimeDate.Hour < RTC_HALF_OF_DAY_ELAPSED)
 714:Generated_Source\PSoC5/RTC_INT.c ****                                 {
 715:Generated_Source\PSoC5/RTC_INT.c ****                                     /* AM Hour 00:00-11:59, flag zero */
 716:Generated_Source\PSoC5/RTC_INT.c ****                                     RTC_statusDateTime &= (uint8)(~RTC_STATUS_AM_PM);
 717:Generated_Source\PSoC5/RTC_INT.c ****                                 }
 718:Generated_Source\PSoC5/RTC_INT.c ****                                 else
 719:Generated_Source\PSoC5/RTC_INT.c ****                                 {
 720:Generated_Source\PSoC5/RTC_INT.c ****                                     /* PM Hour 12:00-23:59, flag set */
 721:Generated_Source\PSoC5/RTC_INT.c ****                                     RTC_statusDateTime |= RTC_STATUS_AM_PM;
 722:Generated_Source\PSoC5/RTC_INT.c ****                                 }
 723:Generated_Source\PSoC5/RTC_INT.c **** 
 724:Generated_Source\PSoC5/RTC_INT.c ****                                 RTC_currentTimeDate.DayOfMonth++;
 725:Generated_Source\PSoC5/RTC_INT.c ****                                 RTC_currentTimeDate.DayOfYear++;
 726:Generated_Source\PSoC5/RTC_INT.c ****                                 RTC_currentTimeDate.DayOfWeek++;
 727:Generated_Source\PSoC5/RTC_INT.c **** 
 728:Generated_Source\PSoC5/RTC_INT.c ****                                 if(RTC_currentTimeDate.DayOfWeek > RTC_WEEK_ELAPSED)
 729:Generated_Source\PSoC5/RTC_INT.c ****                                 {
 730:Generated_Source\PSoC5/RTC_INT.c ****                                     RTC_currentTimeDate.DayOfWeek = 1u;
 731:Generated_Source\PSoC5/RTC_INT.c ****                                 }
 732:Generated_Source\PSoC5/RTC_INT.c **** 
 733:Generated_Source\PSoC5/RTC_INT.c ****                                 /* Day of month roll over.
 734:Generated_Source\PSoC5/RTC_INT.c ****                                 * Check if day of month greater than 29 in February of leap year or
 735:Generated_Source\PSoC5/RTC_INT.c ****                                 * if day of month greater than 28 NOT in February of NON leap year 
 736:Generated_Source\PSoC5/RTC_INT.c ****                                 * if day of month greater than it should be in every month in non l
 737:Generated_Source\PSoC5/RTC_INT.c ****                                 */
 738:Generated_Source\PSoC5/RTC_INT.c ****                                 if(((0u != (RTC_statusDateTime & RTC_STATUS_LY)) &&
 739:Generated_Source\PSoC5/RTC_INT.c ****                                     (RTC_currentTimeDate.Month == RTC_FEBRUARY)  &&
 740:Generated_Source\PSoC5/RTC_INT.c ****                                     (RTC_currentTimeDate.DayOfMonth >
 741:Generated_Source\PSoC5/RTC_INT.c ****                                   (RTC_daysInMonths[RTC_currentTimeDate.Month - 1u] + 1u))) ||
 742:Generated_Source\PSoC5/RTC_INT.c ****                                    ((0u != (RTC_statusDateTime & RTC_STATUS_LY)) &&
 743:Generated_Source\PSoC5/RTC_INT.c ****                                     (RTC_currentTimeDate.Month != RTC_FEBRUARY)  &&
 744:Generated_Source\PSoC5/RTC_INT.c ****                                     (RTC_currentTimeDate.DayOfMonth >
 745:Generated_Source\PSoC5/RTC_INT.c ****                                      RTC_daysInMonths[RTC_currentTimeDate.Month - 1u])) ||
 746:Generated_Source\PSoC5/RTC_INT.c ****                                    ((0u == (RTC_statusDateTime & RTC_STATUS_LY)) &&
 747:Generated_Source\PSoC5/RTC_INT.c ****                                     (RTC_currentTimeDate.DayOfMonth >
 748:Generated_Source\PSoC5/RTC_INT.c ****                                      RTC_daysInMonths[RTC_currentTimeDate.Month - 1u])))
 749:Generated_Source\PSoC5/RTC_INT.c ****                                 {
 750:Generated_Source\PSoC5/RTC_INT.c ****                                     RTC_currentTimeDate.Month++;
 751:Generated_Source\PSoC5/RTC_INT.c ****                                     RTC_currentTimeDate.DayOfMonth = 1u;
 752:Generated_Source\PSoC5/RTC_INT.c ****                                     if(RTC_currentTimeDate.Month > RTC_YEAR_ELAPSED)
 753:Generated_Source\PSoC5/RTC_INT.c ****                                     {
 754:Generated_Source\PSoC5/RTC_INT.c ****                                         RTC_currentTimeDate.Month = RTC_JANUARY;
 755:Generated_Source\PSoC5/RTC_INT.c ****                                         RTC_currentTimeDate.Year++;
 756:Generated_Source\PSoC5/RTC_INT.c **** 
 757:Generated_Source\PSoC5/RTC_INT.c ****                                         if(1u == RTC_LEAP_YEAR(RTC_currentTimeDate.Year))
 758:Generated_Source\PSoC5/RTC_INT.c ****                                         {
 759:Generated_Source\PSoC5/RTC_INT.c ****                                             /* LP - true, else - false */
 760:Generated_Source\PSoC5/RTC_INT.c ****                                             RTC_statusDateTime |= RTC_STATUS_LY;
 761:Generated_Source\PSoC5/RTC_INT.c ****                                         }
 762:Generated_Source\PSoC5/RTC_INT.c ****                                         else
 763:Generated_Source\PSoC5/RTC_INT.c ****                                         {
 764:Generated_Source\PSoC5/RTC_INT.c ****                                             RTC_statusDateTime &= (uint8)(~RTC_STATUS_LY);
 765:Generated_Source\PSoC5/RTC_INT.c ****                                         }
 766:Generated_Source\PSoC5/RTC_INT.c ****                                         RTC_currentTimeDate.DayOfYear = 1u;
ARM GAS  C:\Users\kland\AppData\Local\Temp\ccE39o46.s 			page 30


 767:Generated_Source\PSoC5/RTC_INT.c **** 
 768:Generated_Source\PSoC5/RTC_INT.c ****                                         RTC_EveryYearHandler();
 769:Generated_Source\PSoC5/RTC_INT.c ****                                     }
 770:Generated_Source\PSoC5/RTC_INT.c ****                                     RTC_EveryMonthHandler();
 771:Generated_Source\PSoC5/RTC_INT.c ****                                 }
 772:Generated_Source\PSoC5/RTC_INT.c ****                                 RTC_EveryDayHandler();
 773:Generated_Source\PSoC5/RTC_INT.c ****                             }
 774:Generated_Source\PSoC5/RTC_INT.c ****                             RTC_statusDateTime |= RTC_STATUS_DST;
 775:Generated_Source\PSoC5/RTC_INT.c ****                             RTC_dstStartStatus = 0u;
 776:Generated_Source\PSoC5/RTC_INT.c **** 
 777:Generated_Source\PSoC5/RTC_INT.c ****                             /* Month */
 778:Generated_Source\PSoC5/RTC_INT.c ****                             if(RTC_dstTimeDateStop.Month == RTC_currentTimeDate.Month)
 779:Generated_Source\PSoC5/RTC_INT.c ****                             {
 780:Generated_Source\PSoC5/RTC_INT.c ****                                 RTC_dstStopStatus |= RTC_DST_MONTH;
 781:Generated_Source\PSoC5/RTC_INT.c ****                             }
 782:Generated_Source\PSoC5/RTC_INT.c ****                             else
 783:Generated_Source\PSoC5/RTC_INT.c ****                             {
 784:Generated_Source\PSoC5/RTC_INT.c ****                                 RTC_dstStopStatus &= (uint8)(~RTC_DST_MONTH);
 785:Generated_Source\PSoC5/RTC_INT.c ****                             }
 786:Generated_Source\PSoC5/RTC_INT.c **** 
 787:Generated_Source\PSoC5/RTC_INT.c ****                             /* DayOfMonth */
 788:Generated_Source\PSoC5/RTC_INT.c ****                             if(RTC_dstTimeDateStop.DayOfMonth ==
 789:Generated_Source\PSoC5/RTC_INT.c ****                                                                             RTC_currentTimeDate.Day
 790:Generated_Source\PSoC5/RTC_INT.c ****                             {
 791:Generated_Source\PSoC5/RTC_INT.c ****                                 RTC_dstStopStatus |= RTC_DST_DAYOFMONTH;
 792:Generated_Source\PSoC5/RTC_INT.c ****                             }
 793:Generated_Source\PSoC5/RTC_INT.c ****                             else
 794:Generated_Source\PSoC5/RTC_INT.c ****                             {
 795:Generated_Source\PSoC5/RTC_INT.c ****                                 RTC_dstStopStatus &= (uint8)(~RTC_DST_DAYOFMONTH);
 796:Generated_Source\PSoC5/RTC_INT.c ****                             }
 797:Generated_Source\PSoC5/RTC_INT.c ****                         }
 798:Generated_Source\PSoC5/RTC_INT.c ****                     }
 799:Generated_Source\PSoC5/RTC_INT.c **** 
 800:Generated_Source\PSoC5/RTC_INT.c ****                     /* Alarm DAYOFWEEK */
 801:Generated_Source\PSoC5/RTC_INT.c ****                     if(0u != RTC_IS_BIT_SET(RTC_alarmCfgMask,
 802:Generated_Source\PSoC5/RTC_INT.c ****                                                          RTC_ALARM_DAYOFWEEK_MASK))
 803:Generated_Source\PSoC5/RTC_INT.c ****                     {
 804:Generated_Source\PSoC5/RTC_INT.c ****                         if(RTC_alarmCfgTimeDate.DayOfWeek == RTC_currentTimeDate.DayOfWeek)
 805:Generated_Source\PSoC5/RTC_INT.c ****                         {
 806:Generated_Source\PSoC5/RTC_INT.c ****                             RTC_alarmCurStatus |= RTC_ALARM_DAYOFWEEK_MASK;
 807:Generated_Source\PSoC5/RTC_INT.c ****                         }
 808:Generated_Source\PSoC5/RTC_INT.c ****                         else
 809:Generated_Source\PSoC5/RTC_INT.c ****                         {
 810:Generated_Source\PSoC5/RTC_INT.c ****                             RTC_alarmCurStatus &= (uint8)(~RTC_ALARM_DAYOFWEEK_MASK);
 811:Generated_Source\PSoC5/RTC_INT.c ****                         }
 812:Generated_Source\PSoC5/RTC_INT.c ****                     }
 813:Generated_Source\PSoC5/RTC_INT.c **** 
 814:Generated_Source\PSoC5/RTC_INT.c ****                     /* Alarm DAYOFYEAR */
 815:Generated_Source\PSoC5/RTC_INT.c ****                     if(0u != RTC_IS_BIT_SET(RTC_alarmCfgMask,
 816:Generated_Source\PSoC5/RTC_INT.c ****                                                          RTC_ALARM_DAYOFYEAR_MASK))
 817:Generated_Source\PSoC5/RTC_INT.c ****                     {
 818:Generated_Source\PSoC5/RTC_INT.c ****                         if(RTC_alarmCfgTimeDate.DayOfYear == RTC_currentTimeDate.DayOfYear)
 819:Generated_Source\PSoC5/RTC_INT.c ****                         {
 820:Generated_Source\PSoC5/RTC_INT.c ****                             RTC_alarmCurStatus |= RTC_ALARM_DAYOFYEAR_MASK;
 821:Generated_Source\PSoC5/RTC_INT.c ****                         }
 822:Generated_Source\PSoC5/RTC_INT.c ****                         else
 823:Generated_Source\PSoC5/RTC_INT.c ****                         {
ARM GAS  C:\Users\kland\AppData\Local\Temp\ccE39o46.s 			page 31


 824:Generated_Source\PSoC5/RTC_INT.c ****                             RTC_alarmCurStatus &= (uint8)(~RTC_ALARM_DAYOFYEAR_MASK);
 825:Generated_Source\PSoC5/RTC_INT.c ****                         }
 826:Generated_Source\PSoC5/RTC_INT.c ****                     }
 827:Generated_Source\PSoC5/RTC_INT.c **** 
 828:Generated_Source\PSoC5/RTC_INT.c ****                     /* Alarm DAYOFMONTH */
 829:Generated_Source\PSoC5/RTC_INT.c ****                     if(0u != RTC_IS_BIT_SET(RTC_alarmCfgMask,
 830:Generated_Source\PSoC5/RTC_INT.c ****                                                          RTC_ALARM_DAYOFMONTH_MASK))
 831:Generated_Source\PSoC5/RTC_INT.c ****                     {
 832:Generated_Source\PSoC5/RTC_INT.c ****                         if(RTC_alarmCfgTimeDate.DayOfMonth == RTC_currentTimeDate.DayOfMonth)
 833:Generated_Source\PSoC5/RTC_INT.c ****                         {
 834:Generated_Source\PSoC5/RTC_INT.c ****                             RTC_alarmCurStatus |= RTC_ALARM_DAYOFMONTH_MASK;
 835:Generated_Source\PSoC5/RTC_INT.c ****                         }
 836:Generated_Source\PSoC5/RTC_INT.c ****                         else
 837:Generated_Source\PSoC5/RTC_INT.c ****                         {
 838:Generated_Source\PSoC5/RTC_INT.c ****                             RTC_alarmCurStatus &= (uint8)(~RTC_ALARM_DAYOFMONTH_MASK);
 839:Generated_Source\PSoC5/RTC_INT.c ****                         }
 840:Generated_Source\PSoC5/RTC_INT.c ****                     }
 841:Generated_Source\PSoC5/RTC_INT.c **** 
 842:Generated_Source\PSoC5/RTC_INT.c ****                     /* Alarm MONTH */
 843:Generated_Source\PSoC5/RTC_INT.c ****                     if(0u != RTC_IS_BIT_SET(RTC_alarmCfgMask,
 844:Generated_Source\PSoC5/RTC_INT.c ****                                                          RTC_ALARM_MONTH_MASK))
 845:Generated_Source\PSoC5/RTC_INT.c ****                     {
 846:Generated_Source\PSoC5/RTC_INT.c ****                         if(RTC_alarmCfgTimeDate.Month == RTC_currentTimeDate.Month)
 847:Generated_Source\PSoC5/RTC_INT.c ****                         {
 848:Generated_Source\PSoC5/RTC_INT.c ****                             RTC_alarmCurStatus |= RTC_ALARM_MONTH_MASK;
 849:Generated_Source\PSoC5/RTC_INT.c ****                         }
 850:Generated_Source\PSoC5/RTC_INT.c ****                         else
 851:Generated_Source\PSoC5/RTC_INT.c ****                         {
 852:Generated_Source\PSoC5/RTC_INT.c ****                             RTC_alarmCurStatus &= (uint8)(~RTC_ALARM_MONTH_MASK);
 853:Generated_Source\PSoC5/RTC_INT.c ****                         }
 854:Generated_Source\PSoC5/RTC_INT.c ****                     }
 855:Generated_Source\PSoC5/RTC_INT.c **** 
 856:Generated_Source\PSoC5/RTC_INT.c ****                     /* Alarm YEAR */
 857:Generated_Source\PSoC5/RTC_INT.c ****                     if(0u != RTC_IS_BIT_SET(RTC_alarmCfgMask,
 858:Generated_Source\PSoC5/RTC_INT.c ****                                                          RTC_ALARM_YEAR_MASK))
 859:Generated_Source\PSoC5/RTC_INT.c ****                     {
 860:Generated_Source\PSoC5/RTC_INT.c ****                         if(RTC_alarmCfgTimeDate.Year == RTC_currentTimeDate.Year)
 861:Generated_Source\PSoC5/RTC_INT.c ****                         {
 862:Generated_Source\PSoC5/RTC_INT.c ****                             RTC_alarmCurStatus |= RTC_ALARM_YEAR_MASK;
 863:Generated_Source\PSoC5/RTC_INT.c ****                         }
 864:Generated_Source\PSoC5/RTC_INT.c ****                         else
 865:Generated_Source\PSoC5/RTC_INT.c ****                         {
 866:Generated_Source\PSoC5/RTC_INT.c ****                             RTC_alarmCurStatus &= (uint8)(~RTC_ALARM_YEAR_MASK);
 867:Generated_Source\PSoC5/RTC_INT.c ****                         }
 868:Generated_Source\PSoC5/RTC_INT.c ****                     }
 869:Generated_Source\PSoC5/RTC_INT.c **** 
 870:Generated_Source\PSoC5/RTC_INT.c ****                     /* Set Alarm flag event */
 871:Generated_Source\PSoC5/RTC_INT.c ****                     RTC_tmp = RTC_alarmCfgMask;
 872:Generated_Source\PSoC5/RTC_INT.c ****                     RTC_SET_ALARM(RTC_tmp,
 873:Generated_Source\PSoC5/RTC_INT.c ****                                                RTC_alarmCurStatus,
 874:Generated_Source\PSoC5/RTC_INT.c ****                                                RTC_statusDateTime);
 875:Generated_Source\PSoC5/RTC_INT.c ****                 }
 876:Generated_Source\PSoC5/RTC_INT.c ****             #endif /* 1u == RTC_DST_FUNC_ENABLE */
 877:Generated_Source\PSoC5/RTC_INT.c **** 
 878:Generated_Source\PSoC5/RTC_INT.c ****             /* Alarm HOUR */
 879:Generated_Source\PSoC5/RTC_INT.c ****             if(0u != RTC_IS_BIT_SET(RTC_alarmCfgMask, RTC_ALARM_HOUR_MASK))
 881              		.loc 1 879 0
ARM GAS  C:\Users\kland\AppData\Local\Temp\ccE39o46.s 			page 32


 882 044c 2E4B     		ldr	r3, .L50+4
 883 044e 1B78     		ldrb	r3, [r3]
 884 0450 DBB2     		uxtb	r3, r3
 885 0452 03F00403 		and	r3, r3, #4
 886 0456 002B     		cmp	r3, #0
 887 0458 18D0     		beq	.L37
 880:Generated_Source\PSoC5/RTC_INT.c ****             {
 881:Generated_Source\PSoC5/RTC_INT.c ****                 if(RTC_alarmCfgTimeDate.Hour == RTC_currentTimeDate.Hour)
 888              		.loc 1 881 0
 889 045a 2E4B     		ldr	r3, .L50+16
 890 045c 9B78     		ldrb	r3, [r3, #2]
 891 045e DAB2     		uxtb	r2, r3
 892 0460 2D4B     		ldr	r3, .L50+20
 893 0462 9B78     		ldrb	r3, [r3, #2]
 894 0464 DBB2     		uxtb	r3, r3
 895 0466 9A42     		cmp	r2, r3
 896 0468 08D1     		bne	.L38
 882:Generated_Source\PSoC5/RTC_INT.c ****                 {
 883:Generated_Source\PSoC5/RTC_INT.c ****                     RTC_alarmCurStatus |= RTC_ALARM_HOUR_MASK;
 897              		.loc 1 883 0
 898 046a 264B     		ldr	r3, .L50
 899 046c 1B78     		ldrb	r3, [r3]
 900 046e DBB2     		uxtb	r3, r3
 901 0470 43F00403 		orr	r3, r3, #4
 902 0474 DAB2     		uxtb	r2, r3
 903 0476 234B     		ldr	r3, .L50
 904 0478 1A70     		strb	r2, [r3]
 905 047a 07E0     		b	.L37
 906              	.L38:
 884:Generated_Source\PSoC5/RTC_INT.c ****                 }
 885:Generated_Source\PSoC5/RTC_INT.c ****                 else
 886:Generated_Source\PSoC5/RTC_INT.c ****                 {
 887:Generated_Source\PSoC5/RTC_INT.c ****                     RTC_alarmCurStatus &= (uint8)(~RTC_ALARM_HOUR_MASK);
 907              		.loc 1 887 0
 908 047c 214B     		ldr	r3, .L50
 909 047e 1B78     		ldrb	r3, [r3]
 910 0480 DBB2     		uxtb	r3, r3
 911 0482 23F00403 		bic	r3, r3, #4
 912 0486 DAB2     		uxtb	r2, r3
 913 0488 1E4B     		ldr	r3, .L50
 914 048a 1A70     		strb	r2, [r3]
 915              	.L37:
 888:Generated_Source\PSoC5/RTC_INT.c ****                 }
 889:Generated_Source\PSoC5/RTC_INT.c ****             }
 890:Generated_Source\PSoC5/RTC_INT.c **** 
 891:Generated_Source\PSoC5/RTC_INT.c ****             /* Set Alarm flag event */
 892:Generated_Source\PSoC5/RTC_INT.c ****             RTC_tmp = RTC_alarmCfgMask;
 916              		.loc 1 892 0
 917 048c 1E4B     		ldr	r3, .L50+4
 918 048e 1B78     		ldrb	r3, [r3]
 919 0490 FB71     		strb	r3, [r7, #7]
 893:Generated_Source\PSoC5/RTC_INT.c ****             RTC_SET_ALARM(RTC_tmp,
 920              		.loc 1 893 0
 921 0492 FB79     		ldrb	r3, [r7, #7]	@ zero_extendqisi2
 922 0494 002B     		cmp	r3, #0
 923 0496 13D0     		beq	.L39
 924              		.loc 1 893 0 is_stmt 0 discriminator 1
ARM GAS  C:\Users\kland\AppData\Local\Temp\ccE39o46.s 			page 33


 925 0498 1A4B     		ldr	r3, .L50
 926 049a 1B78     		ldrb	r3, [r3]
 927 049c DAB2     		uxtb	r2, r3
 928 049e FB79     		ldrb	r3, [r7, #7]
 929 04a0 1340     		ands	r3, r3, r2
 930 04a2 DBB2     		uxtb	r3, r3
 931 04a4 FA79     		ldrb	r2, [r7, #7]	@ zero_extendqisi2
 932 04a6 9A42     		cmp	r2, r3
 933 04a8 0AD1     		bne	.L39
 934              		.loc 1 893 0 discriminator 2
 935 04aa 184B     		ldr	r3, .L50+8
 936 04ac 1B78     		ldrb	r3, [r3]
 937 04ae DBB2     		uxtb	r3, r3
 938 04b0 43F00803 		orr	r3, r3, #8
 939 04b4 DAB2     		uxtb	r2, r3
 940 04b6 154B     		ldr	r3, .L50+8
 941 04b8 1A70     		strb	r2, [r3]
 942 04ba 124B     		ldr	r3, .L50
 943 04bc 0022     		movs	r2, #0
 944 04be 1A70     		strb	r2, [r3]
 945              	.L39:
 894:Generated_Source\PSoC5/RTC_INT.c ****                                        RTC_alarmCurStatus,
 895:Generated_Source\PSoC5/RTC_INT.c ****                                        RTC_statusDateTime);
 896:Generated_Source\PSoC5/RTC_INT.c **** 
 897:Generated_Source\PSoC5/RTC_INT.c ****             /* Every Hour */
 898:Generated_Source\PSoC5/RTC_INT.c ****             if(0u != RTC_IS_BIT_SET(RTC_intervalCfgMask, RTC_INTERVAL_HOUR_MASK))
 946              		.loc 1 898 0 is_stmt 1
 947 04c0 134B     		ldr	r3, .L50+12
 948 04c2 1B78     		ldrb	r3, [r3]
 949 04c4 DBB2     		uxtb	r3, r3
 950 04c6 03F00403 		and	r3, r3, #4
 951 04ca 002B     		cmp	r3, #0
 952 04cc 01D0     		beq	.L10
 899:Generated_Source\PSoC5/RTC_INT.c ****             {
 900:Generated_Source\PSoC5/RTC_INT.c ****                 RTC_EveryHourHandler();
 953              		.loc 1 900 0
 954 04ce FFF7FEFF 		bl	RTC_EveryHourHandler
 955              	.L10:
 901:Generated_Source\PSoC5/RTC_INT.c ****             }
 902:Generated_Source\PSoC5/RTC_INT.c ****         } /* Min > 59 = Hour */
 903:Generated_Source\PSoC5/RTC_INT.c **** 
 904:Generated_Source\PSoC5/RTC_INT.c ****         /* Alarm MIN */
 905:Generated_Source\PSoC5/RTC_INT.c ****         if(0u != RTC_IS_BIT_SET(RTC_alarmCfgMask, RTC_ALARM_MIN_MASK))
 956              		.loc 1 905 0
 957 04d2 0D4B     		ldr	r3, .L50+4
 958 04d4 1B78     		ldrb	r3, [r3]
 959 04d6 DBB2     		uxtb	r3, r3
 960 04d8 03F00203 		and	r3, r3, #2
 961 04dc 002B     		cmp	r3, #0
 962 04de 25D0     		beq	.L40
 906:Generated_Source\PSoC5/RTC_INT.c ****         {
 907:Generated_Source\PSoC5/RTC_INT.c ****             if(RTC_alarmCfgTimeDate.Min == RTC_currentTimeDate.Min)
 963              		.loc 1 907 0
 964 04e0 0C4B     		ldr	r3, .L50+16
 965 04e2 5B78     		ldrb	r3, [r3, #1]
 966 04e4 DAB2     		uxtb	r2, r3
 967 04e6 0C4B     		ldr	r3, .L50+20
ARM GAS  C:\Users\kland\AppData\Local\Temp\ccE39o46.s 			page 34


 968 04e8 5B78     		ldrb	r3, [r3, #1]
 969 04ea DBB2     		uxtb	r3, r3
 970 04ec 9A42     		cmp	r2, r3
 971 04ee 15D1     		bne	.L41
 908:Generated_Source\PSoC5/RTC_INT.c ****             {
 909:Generated_Source\PSoC5/RTC_INT.c ****                 RTC_alarmCurStatus |= RTC_ALARM_MIN_MASK;
 972              		.loc 1 909 0
 973 04f0 044B     		ldr	r3, .L50
 974 04f2 1B78     		ldrb	r3, [r3]
 975 04f4 DBB2     		uxtb	r3, r3
 976 04f6 43F00203 		orr	r3, r3, #2
 977 04fa DAB2     		uxtb	r2, r3
 978 04fc 014B     		ldr	r3, .L50
 979 04fe 1A70     		strb	r2, [r3]
 980 0500 14E0     		b	.L40
 981              	.L51:
 982 0502 00BF     		.align	2
 983              	.L50:
 984 0504 00000000 		.word	RTC_alarmCurStatus
 985 0508 00000000 		.word	RTC_alarmCfgMask
 986 050c 00000000 		.word	RTC_statusDateTime
 987 0510 00000000 		.word	RTC_intervalCfgMask
 988 0514 00000000 		.word	RTC_alarmCfgTimeDate
 989 0518 00000000 		.word	RTC_currentTimeDate
 990              	.L41:
 910:Generated_Source\PSoC5/RTC_INT.c ****             }
 911:Generated_Source\PSoC5/RTC_INT.c ****             else
 912:Generated_Source\PSoC5/RTC_INT.c ****             {
 913:Generated_Source\PSoC5/RTC_INT.c ****                 RTC_alarmCurStatus &= (uint8)(~RTC_ALARM_MIN_MASK);
 991              		.loc 1 913 0
 992 051c 384B     		ldr	r3, .L52
 993 051e 1B78     		ldrb	r3, [r3]
 994 0520 DBB2     		uxtb	r3, r3
 995 0522 23F00203 		bic	r3, r3, #2
 996 0526 DAB2     		uxtb	r2, r3
 997 0528 354B     		ldr	r3, .L52
 998 052a 1A70     		strb	r2, [r3]
 999              	.L40:
 914:Generated_Source\PSoC5/RTC_INT.c ****             }
 915:Generated_Source\PSoC5/RTC_INT.c ****         }
 916:Generated_Source\PSoC5/RTC_INT.c **** 
 917:Generated_Source\PSoC5/RTC_INT.c ****         /* Set Alarm flag event */
 918:Generated_Source\PSoC5/RTC_INT.c ****         RTC_tmp = RTC_alarmCfgMask;
 1000              		.loc 1 918 0
 1001 052c 354B     		ldr	r3, .L52+4
 1002 052e 1B78     		ldrb	r3, [r3]
 1003 0530 FB71     		strb	r3, [r7, #7]
 919:Generated_Source\PSoC5/RTC_INT.c ****         RTC_SET_ALARM(RTC_tmp,
 1004              		.loc 1 919 0
 1005 0532 FB79     		ldrb	r3, [r7, #7]	@ zero_extendqisi2
 1006 0534 002B     		cmp	r3, #0
 1007 0536 13D0     		beq	.L42
 1008              		.loc 1 919 0 is_stmt 0 discriminator 1
 1009 0538 314B     		ldr	r3, .L52
 1010 053a 1B78     		ldrb	r3, [r3]
 1011 053c DAB2     		uxtb	r2, r3
 1012 053e FB79     		ldrb	r3, [r7, #7]
ARM GAS  C:\Users\kland\AppData\Local\Temp\ccE39o46.s 			page 35


 1013 0540 1340     		ands	r3, r3, r2
 1014 0542 DBB2     		uxtb	r3, r3
 1015 0544 FA79     		ldrb	r2, [r7, #7]	@ zero_extendqisi2
 1016 0546 9A42     		cmp	r2, r3
 1017 0548 0AD1     		bne	.L42
 1018              		.loc 1 919 0 discriminator 2
 1019 054a 2F4B     		ldr	r3, .L52+8
 1020 054c 1B78     		ldrb	r3, [r3]
 1021 054e DBB2     		uxtb	r3, r3
 1022 0550 43F00803 		orr	r3, r3, #8
 1023 0554 DAB2     		uxtb	r2, r3
 1024 0556 2C4B     		ldr	r3, .L52+8
 1025 0558 1A70     		strb	r2, [r3]
 1026 055a 294B     		ldr	r3, .L52
 1027 055c 0022     		movs	r2, #0
 1028 055e 1A70     		strb	r2, [r3]
 1029              	.L42:
 920:Generated_Source\PSoC5/RTC_INT.c ****                                    RTC_alarmCurStatus,
 921:Generated_Source\PSoC5/RTC_INT.c ****                                    RTC_statusDateTime);
 922:Generated_Source\PSoC5/RTC_INT.c **** 
 923:Generated_Source\PSoC5/RTC_INT.c ****         /* Every Min */
 924:Generated_Source\PSoC5/RTC_INT.c ****         if(0u != RTC_IS_BIT_SET(RTC_intervalCfgMask, RTC_INTERVAL_MIN_MASK))
 1030              		.loc 1 924 0 is_stmt 1
 1031 0560 2A4B     		ldr	r3, .L52+12
 1032 0562 1B78     		ldrb	r3, [r3]
 1033 0564 DBB2     		uxtb	r3, r3
 1034 0566 03F00203 		and	r3, r3, #2
 1035 056a 002B     		cmp	r3, #0
 1036 056c 01D0     		beq	.L9
 925:Generated_Source\PSoC5/RTC_INT.c ****         {
 926:Generated_Source\PSoC5/RTC_INT.c ****             RTC_EveryMinuteHandler();
 1037              		.loc 1 926 0
 1038 056e FFF7FEFF 		bl	RTC_EveryMinuteHandler
 1039              	.L9:
 927:Generated_Source\PSoC5/RTC_INT.c ****         }
 928:Generated_Source\PSoC5/RTC_INT.c ****     } /* Sec */
 929:Generated_Source\PSoC5/RTC_INT.c **** 
 930:Generated_Source\PSoC5/RTC_INT.c ****     /* Alarm SEC */
 931:Generated_Source\PSoC5/RTC_INT.c ****     if(0u != RTC_IS_BIT_SET(RTC_alarmCfgMask, RTC_ALARM_SEC_MASK))
 1040              		.loc 1 931 0
 1041 0572 244B     		ldr	r3, .L52+4
 1042 0574 1B78     		ldrb	r3, [r3]
 1043 0576 DBB2     		uxtb	r3, r3
 1044 0578 03F00103 		and	r3, r3, #1
 1045 057c 002B     		cmp	r3, #0
 1046 057e 18D0     		beq	.L43
 932:Generated_Source\PSoC5/RTC_INT.c ****     {
 933:Generated_Source\PSoC5/RTC_INT.c ****         if(RTC_alarmCfgTimeDate.Sec == RTC_currentTimeDate.Sec)
 1047              		.loc 1 933 0
 1048 0580 234B     		ldr	r3, .L52+16
 1049 0582 1B78     		ldrb	r3, [r3]
 1050 0584 DAB2     		uxtb	r2, r3
 1051 0586 234B     		ldr	r3, .L52+20
 1052 0588 1B78     		ldrb	r3, [r3]
 1053 058a DBB2     		uxtb	r3, r3
 1054 058c 9A42     		cmp	r2, r3
 1055 058e 08D1     		bne	.L44
ARM GAS  C:\Users\kland\AppData\Local\Temp\ccE39o46.s 			page 36


 934:Generated_Source\PSoC5/RTC_INT.c ****         {
 935:Generated_Source\PSoC5/RTC_INT.c ****             RTC_alarmCurStatus |= RTC_ALARM_SEC_MASK;
 1056              		.loc 1 935 0
 1057 0590 1B4B     		ldr	r3, .L52
 1058 0592 1B78     		ldrb	r3, [r3]
 1059 0594 DBB2     		uxtb	r3, r3
 1060 0596 43F00103 		orr	r3, r3, #1
 1061 059a DAB2     		uxtb	r2, r3
 1062 059c 184B     		ldr	r3, .L52
 1063 059e 1A70     		strb	r2, [r3]
 1064 05a0 07E0     		b	.L43
 1065              	.L44:
 936:Generated_Source\PSoC5/RTC_INT.c ****         }
 937:Generated_Source\PSoC5/RTC_INT.c ****         else
 938:Generated_Source\PSoC5/RTC_INT.c ****         {
 939:Generated_Source\PSoC5/RTC_INT.c ****             RTC_alarmCurStatus &= (uint8)(~RTC_ALARM_SEC_MASK);
 1066              		.loc 1 939 0
 1067 05a2 174B     		ldr	r3, .L52
 1068 05a4 1B78     		ldrb	r3, [r3]
 1069 05a6 DBB2     		uxtb	r3, r3
 1070 05a8 23F00103 		bic	r3, r3, #1
 1071 05ac DAB2     		uxtb	r2, r3
 1072 05ae 144B     		ldr	r3, .L52
 1073 05b0 1A70     		strb	r2, [r3]
 1074              	.L43:
 940:Generated_Source\PSoC5/RTC_INT.c ****         }
 941:Generated_Source\PSoC5/RTC_INT.c ****     }
 942:Generated_Source\PSoC5/RTC_INT.c **** 
 943:Generated_Source\PSoC5/RTC_INT.c ****     /* Set Alarm flag event */
 944:Generated_Source\PSoC5/RTC_INT.c ****     RTC_tmp = RTC_alarmCfgMask;
 1075              		.loc 1 944 0
 1076 05b2 144B     		ldr	r3, .L52+4
 1077 05b4 1B78     		ldrb	r3, [r3]
 1078 05b6 FB71     		strb	r3, [r7, #7]
 945:Generated_Source\PSoC5/RTC_INT.c ****     RTC_SET_ALARM(RTC_tmp, RTC_alarmCurStatus, RTC_statusDateTime);
 1079              		.loc 1 945 0
 1080 05b8 FB79     		ldrb	r3, [r7, #7]	@ zero_extendqisi2
 1081 05ba 002B     		cmp	r3, #0
 1082 05bc 13D0     		beq	.L45
 1083              		.loc 1 945 0 is_stmt 0 discriminator 1
 1084 05be 104B     		ldr	r3, .L52
 1085 05c0 1B78     		ldrb	r3, [r3]
 1086 05c2 DAB2     		uxtb	r2, r3
 1087 05c4 FB79     		ldrb	r3, [r7, #7]
 1088 05c6 1340     		ands	r3, r3, r2
 1089 05c8 DBB2     		uxtb	r3, r3
 1090 05ca FA79     		ldrb	r2, [r7, #7]	@ zero_extendqisi2
 1091 05cc 9A42     		cmp	r2, r3
 1092 05ce 0AD1     		bne	.L45
 1093              		.loc 1 945 0 discriminator 2
 1094 05d0 0D4B     		ldr	r3, .L52+8
 1095 05d2 1B78     		ldrb	r3, [r3]
 1096 05d4 DBB2     		uxtb	r3, r3
 1097 05d6 43F00803 		orr	r3, r3, #8
 1098 05da DAB2     		uxtb	r2, r3
 1099 05dc 0A4B     		ldr	r3, .L52+8
 1100 05de 1A70     		strb	r2, [r3]
ARM GAS  C:\Users\kland\AppData\Local\Temp\ccE39o46.s 			page 37


 1101 05e0 074B     		ldr	r3, .L52
 1102 05e2 0022     		movs	r2, #0
 1103 05e4 1A70     		strb	r2, [r3]
 1104              	.L45:
 946:Generated_Source\PSoC5/RTC_INT.c **** 
 947:Generated_Source\PSoC5/RTC_INT.c ****     /* Execute every second handler if needed */
 948:Generated_Source\PSoC5/RTC_INT.c ****     if(0u != RTC_IS_BIT_SET(RTC_intervalCfgMask, RTC_INTERVAL_SEC_MASK))
 1105              		.loc 1 948 0 is_stmt 1
 1106 05e6 094B     		ldr	r3, .L52+12
 1107 05e8 1B78     		ldrb	r3, [r3]
 1108 05ea DBB2     		uxtb	r3, r3
 1109 05ec 03F00103 		and	r3, r3, #1
 1110 05f0 002B     		cmp	r3, #0
 1111 05f2 01D0     		beq	.L47
 949:Generated_Source\PSoC5/RTC_INT.c ****     {
 950:Generated_Source\PSoC5/RTC_INT.c ****         RTC_EverySecondHandler();
 1112              		.loc 1 950 0
 1113 05f4 FFF7FEFF 		bl	RTC_EverySecondHandler
 1114              	.L47:
 951:Generated_Source\PSoC5/RTC_INT.c ****     }
 952:Generated_Source\PSoC5/RTC_INT.c ****     
 953:Generated_Source\PSoC5/RTC_INT.c ****     #ifdef RTC_ISR_EXIT_CALLBACK
 954:Generated_Source\PSoC5/RTC_INT.c ****         RTC_ISR_ExitCallback();
 955:Generated_Source\PSoC5/RTC_INT.c ****     #endif /* RTC_ISR_EXIT_CALLBACK */
 956:Generated_Source\PSoC5/RTC_INT.c **** }
 1115              		.loc 1 956 0
 1116 05f8 00BF     		nop
 1117 05fa 0837     		adds	r7, r7, #8
 1118              		.cfi_def_cfa_offset 8
 1119 05fc BD46     		mov	sp, r7
 1120              		.cfi_def_cfa_register 13
 1121              		@ sp needed
 1122 05fe 80BD     		pop	{r7, pc}
 1123              	.L53:
 1124              		.align	2
 1125              	.L52:
 1126 0600 00000000 		.word	RTC_alarmCurStatus
 1127 0604 00000000 		.word	RTC_alarmCfgMask
 1128 0608 00000000 		.word	RTC_statusDateTime
 1129 060c 00000000 		.word	RTC_intervalCfgMask
 1130 0610 00000000 		.word	RTC_alarmCfgTimeDate
 1131 0614 00000000 		.word	RTC_currentTimeDate
 1132              		.cfi_endproc
 1133              	.LFE71:
 1134              		.size	RTC_ISR, .-RTC_ISR
 1135              		.text
 1136              	.Letext0:
 1137              		.file 2 "c:\\program files (x86)\\cypress\\psoc creator\\4.4\\psoc creator\\import\\gnu\\arm\\5.4.
 1138              		.file 3 "c:\\program files (x86)\\cypress\\psoc creator\\4.4\\psoc creator\\import\\gnu\\arm\\5.4.
 1139              		.file 4 "Generated_Source\\PSoC5\\cytypes.h"
 1140              		.file 5 "Generated_Source\\PSoC5\\RTC.h"
 1141              		.file 6 "./data.h"
 1142              		.file 7 "./modem.h"
 1143              		.file 8 "./notoriOS.h"
 1144              		.file 9 "Generated_Source\\PSoC5/core_cm3.h"
 1145              		.file 10 "./App_LED.h"
 1146              		.file 11 "./level_sensor.h"
ARM GAS  C:\Users\kland\AppData\Local\Temp\ccE39o46.s 			page 38


 1147              		.file 12 "./valve.h"
 1148              		.file 13 "./autosampler.h"
 1149              		.file 14 "./sontek.h"
 1150              		.section	.debug_info,"",%progbits
 1151              	.Ldebug_info0:
 1152 0000 FE070000 		.4byte	0x7fe
 1153 0004 0400     		.2byte	0x4
 1154 0006 00000000 		.4byte	.Ldebug_abbrev0
 1155 000a 04       		.byte	0x4
 1156 000b 01       		.uleb128 0x1
 1157 000c 88000000 		.4byte	.LASF124
 1158 0010 0C       		.byte	0xc
 1159 0011 77010000 		.4byte	.LASF125
 1160 0015 FD030000 		.4byte	.LASF126
 1161 0019 00000000 		.4byte	.Ldebug_ranges0+0
 1162 001d 00000000 		.4byte	0
 1163 0021 00000000 		.4byte	.Ldebug_line0
 1164 0025 02       		.uleb128 0x2
 1165 0026 01       		.byte	0x1
 1166 0027 06       		.byte	0x6
 1167 0028 4A000000 		.4byte	.LASF0
 1168 002c 02       		.uleb128 0x2
 1169 002d 01       		.byte	0x1
 1170 002e 08       		.byte	0x8
 1171 002f FA040000 		.4byte	.LASF1
 1172 0033 02       		.uleb128 0x2
 1173 0034 02       		.byte	0x2
 1174 0035 05       		.byte	0x5
 1175 0036 55050000 		.4byte	.LASF2
 1176 003a 02       		.uleb128 0x2
 1177 003b 02       		.byte	0x2
 1178 003c 07       		.byte	0x7
 1179 003d 58060000 		.4byte	.LASF3
 1180 0041 03       		.uleb128 0x3
 1181 0042 35060000 		.4byte	.LASF9
 1182 0046 02       		.byte	0x2
 1183 0047 3F       		.byte	0x3f
 1184 0048 4C000000 		.4byte	0x4c
 1185 004c 02       		.uleb128 0x2
 1186 004d 04       		.byte	0x4
 1187 004e 05       		.byte	0x5
 1188 004f 29020000 		.4byte	.LASF4
 1189 0053 02       		.uleb128 0x2
 1190 0054 04       		.byte	0x4
 1191 0055 07       		.byte	0x7
 1192 0056 04030000 		.4byte	.LASF5
 1193 005a 02       		.uleb128 0x2
 1194 005b 08       		.byte	0x8
 1195 005c 05       		.byte	0x5
 1196 005d 98010000 		.4byte	.LASF6
 1197 0061 02       		.uleb128 0x2
 1198 0062 08       		.byte	0x8
 1199 0063 07       		.byte	0x7
 1200 0064 29010000 		.4byte	.LASF7
 1201 0068 04       		.uleb128 0x4
 1202 0069 04       		.byte	0x4
 1203 006a 05       		.byte	0x5
ARM GAS  C:\Users\kland\AppData\Local\Temp\ccE39o46.s 			page 39


 1204 006b 696E7400 		.ascii	"int\000"
 1205 006f 02       		.uleb128 0x2
 1206 0070 04       		.byte	0x4
 1207 0071 07       		.byte	0x7
 1208 0072 F1050000 		.4byte	.LASF8
 1209 0076 03       		.uleb128 0x3
 1210 0077 F2040000 		.4byte	.LASF10
 1211 007b 03       		.byte	0x3
 1212 007c 2C       		.byte	0x2c
 1213 007d 41000000 		.4byte	0x41
 1214 0081 05       		.uleb128 0x5
 1215 0082 4E020000 		.4byte	.LASF11
 1216 0086 04       		.byte	0x4
 1217 0087 9201     		.2byte	0x192
 1218 0089 2C000000 		.4byte	0x2c
 1219 008d 05       		.uleb128 0x5
 1220 008e 08000000 		.4byte	.LASF12
 1221 0092 04       		.byte	0x4
 1222 0093 9301     		.2byte	0x193
 1223 0095 3A000000 		.4byte	0x3a
 1224 0099 05       		.uleb128 0x5
 1225 009a 5E040000 		.4byte	.LASF13
 1226 009e 04       		.byte	0x4
 1227 009f 9601     		.2byte	0x196
 1228 00a1 33000000 		.4byte	0x33
 1229 00a5 05       		.uleb128 0x5
 1230 00a6 74020000 		.4byte	.LASF14
 1231 00aa 04       		.byte	0x4
 1232 00ab 9701     		.2byte	0x197
 1233 00ad 4C000000 		.4byte	0x4c
 1234 00b1 05       		.uleb128 0x5
 1235 00b2 3E040000 		.4byte	.LASF15
 1236 00b6 04       		.byte	0x4
 1237 00b7 9801     		.2byte	0x198
 1238 00b9 BD000000 		.4byte	0xbd
 1239 00bd 02       		.uleb128 0x2
 1240 00be 04       		.byte	0x4
 1241 00bf 04       		.byte	0x4
 1242 00c0 C9040000 		.4byte	.LASF16
 1243 00c4 02       		.uleb128 0x2
 1244 00c5 08       		.byte	0x8
 1245 00c6 04       		.byte	0x4
 1246 00c7 80070000 		.4byte	.LASF17
 1247 00cb 02       		.uleb128 0x2
 1248 00cc 01       		.byte	0x1
 1249 00cd 08       		.byte	0x8
 1250 00ce EC050000 		.4byte	.LASF18
 1251 00d2 06       		.uleb128 0x6
 1252 00d3 81000000 		.4byte	0x81
 1253 00d7 07       		.uleb128 0x7
 1254 00d8 0C       		.byte	0xc
 1255 00d9 05       		.byte	0x5
 1256 00da 30       		.byte	0x30
 1257 00db 40010000 		.4byte	0x140
 1258 00df 08       		.uleb128 0x8
 1259 00e0 53656300 		.ascii	"Sec\000"
 1260 00e4 05       		.byte	0x5
ARM GAS  C:\Users\kland\AppData\Local\Temp\ccE39o46.s 			page 40


 1261 00e5 32       		.byte	0x32
 1262 00e6 81000000 		.4byte	0x81
 1263 00ea 00       		.byte	0
 1264 00eb 08       		.uleb128 0x8
 1265 00ec 4D696E00 		.ascii	"Min\000"
 1266 00f0 05       		.byte	0x5
 1267 00f1 33       		.byte	0x33
 1268 00f2 81000000 		.4byte	0x81
 1269 00f6 01       		.byte	0x1
 1270 00f7 09       		.uleb128 0x9
 1271 00f8 40010000 		.4byte	.LASF19
 1272 00fc 05       		.byte	0x5
 1273 00fd 34       		.byte	0x34
 1274 00fe 81000000 		.4byte	0x81
 1275 0102 02       		.byte	0x2
 1276 0103 09       		.uleb128 0x9
 1277 0104 6E050000 		.4byte	.LASF20
 1278 0108 05       		.byte	0x5
 1279 0109 35       		.byte	0x35
 1280 010a 81000000 		.4byte	0x81
 1281 010e 03       		.byte	0x3
 1282 010f 09       		.uleb128 0x9
 1283 0110 24030000 		.4byte	.LASF21
 1284 0114 05       		.byte	0x5
 1285 0115 36       		.byte	0x36
 1286 0116 81000000 		.4byte	0x81
 1287 011a 04       		.byte	0x4
 1288 011b 09       		.uleb128 0x9
 1289 011c 69070000 		.4byte	.LASF22
 1290 0120 05       		.byte	0x5
 1291 0121 37       		.byte	0x37
 1292 0122 8D000000 		.4byte	0x8d
 1293 0126 06       		.byte	0x6
 1294 0127 09       		.uleb128 0x9
 1295 0128 16010000 		.4byte	.LASF23
 1296 012c 05       		.byte	0x5
 1297 012d 38       		.byte	0x38
 1298 012e 81000000 		.4byte	0x81
 1299 0132 08       		.byte	0x8
 1300 0133 09       		.uleb128 0x9
 1301 0134 CF040000 		.4byte	.LASF24
 1302 0138 05       		.byte	0x5
 1303 0139 39       		.byte	0x39
 1304 013a 8D000000 		.4byte	0x8d
 1305 013e 0A       		.byte	0xa
 1306 013f 00       		.byte	0
 1307 0140 03       		.uleb128 0x3
 1308 0141 85040000 		.4byte	.LASF25
 1309 0145 05       		.byte	0x5
 1310 0146 3A       		.byte	0x3a
 1311 0147 4B010000 		.4byte	0x14b
 1312 014b 06       		.uleb128 0x6
 1313 014c D7000000 		.4byte	0xd7
 1314 0150 02       		.uleb128 0x2
 1315 0151 08       		.byte	0x8
 1316 0152 04       		.byte	0x4
 1317 0153 E0050000 		.4byte	.LASF26
ARM GAS  C:\Users\kland\AppData\Local\Temp\ccE39o46.s 			page 41


 1318 0157 02       		.uleb128 0x2
 1319 0158 04       		.byte	0x4
 1320 0159 07       		.byte	0x7
 1321 015a 46040000 		.4byte	.LASF27
 1322 015e 0A       		.uleb128 0xa
 1323 015f CB000000 		.4byte	0xcb
 1324 0163 6E010000 		.4byte	0x16e
 1325 0167 0B       		.uleb128 0xb
 1326 0168 57010000 		.4byte	0x157
 1327 016c 17       		.byte	0x17
 1328 016d 00       		.byte	0
 1329 016e 07       		.uleb128 0x7
 1330 016f 2C       		.byte	0x2c
 1331 0170 06       		.byte	0x6
 1332 0171 14       		.byte	0x14
 1333 0172 9B010000 		.4byte	0x19b
 1334 0176 08       		.uleb128 0x8
 1335 0177 6B657900 		.ascii	"key\000"
 1336 017b 06       		.byte	0x6
 1337 017c 15       		.byte	0x15
 1338 017d 9B010000 		.4byte	0x19b
 1339 0181 00       		.byte	0
 1340 0182 09       		.uleb128 0x9
 1341 0183 C9020000 		.4byte	.LASF28
 1342 0187 06       		.byte	0x6
 1343 0188 16       		.byte	0x16
 1344 0189 9B010000 		.4byte	0x19b
 1345 018d 14       		.byte	0x14
 1346 018e 09       		.uleb128 0x9
 1347 018f 7B040000 		.4byte	.LASF29
 1348 0193 06       		.byte	0x6
 1349 0194 17       		.byte	0x17
 1350 0195 A5000000 		.4byte	0xa5
 1351 0199 28       		.byte	0x28
 1352 019a 00       		.byte	0
 1353 019b 0A       		.uleb128 0xa
 1354 019c CB000000 		.4byte	0xcb
 1355 01a0 AB010000 		.4byte	0x1ab
 1356 01a4 0B       		.uleb128 0xb
 1357 01a5 57010000 		.4byte	0x157
 1358 01a9 13       		.byte	0x13
 1359 01aa 00       		.byte	0
 1360 01ab 03       		.uleb128 0x3
 1361 01ac E9020000 		.4byte	.LASF30
 1362 01b0 06       		.byte	0x6
 1363 01b1 19       		.byte	0x19
 1364 01b2 6E010000 		.4byte	0x16e
 1365 01b6 07       		.uleb128 0x7
 1366 01b7 3C       		.byte	0x3c
 1367 01b8 07       		.byte	0x7
 1368 01b9 37       		.byte	0x37
 1369 01ba E3010000 		.4byte	0x1e3
 1370 01be 09       		.uleb128 0x9
 1371 01bf 6B060000 		.4byte	.LASF31
 1372 01c3 07       		.byte	0x7
 1373 01c4 38       		.byte	0x38
 1374 01c5 9B010000 		.4byte	0x19b
ARM GAS  C:\Users\kland\AppData\Local\Temp\ccE39o46.s 			page 42


 1375 01c9 00       		.byte	0
 1376 01ca 09       		.uleb128 0x9
 1377 01cb 92020000 		.4byte	.LASF32
 1378 01cf 07       		.byte	0x7
 1379 01d0 39       		.byte	0x39
 1380 01d1 9B010000 		.4byte	0x19b
 1381 01d5 14       		.byte	0x14
 1382 01d6 09       		.uleb128 0x9
 1383 01d7 84050000 		.4byte	.LASF33
 1384 01db 07       		.byte	0x7
 1385 01dc 3A       		.byte	0x3a
 1386 01dd 9B010000 		.4byte	0x19b
 1387 01e1 28       		.byte	0x28
 1388 01e2 00       		.byte	0
 1389 01e3 03       		.uleb128 0x3
 1390 01e4 FB010000 		.4byte	.LASF34
 1391 01e8 07       		.byte	0x7
 1392 01e9 3C       		.byte	0x3c
 1393 01ea B6010000 		.4byte	0x1b6
 1394 01ee 07       		.uleb128 0x7
 1395 01ef 20       		.byte	0x20
 1396 01f0 07       		.byte	0x7
 1397 01f1 3E       		.byte	0x3e
 1398 01f2 57020000 		.4byte	0x257
 1399 01f6 09       		.uleb128 0x9
 1400 01f7 23020000 		.4byte	.LASF35
 1401 01fb 07       		.byte	0x7
 1402 01fc 3F       		.byte	0x3f
 1403 01fd 68000000 		.4byte	0x68
 1404 0201 00       		.byte	0
 1405 0202 08       		.uleb128 0x8
 1406 0203 62657200 		.ascii	"ber\000"
 1407 0207 07       		.byte	0x7
 1408 0208 40       		.byte	0x40
 1409 0209 68000000 		.4byte	0x68
 1410 020d 04       		.byte	0x4
 1411 020e 09       		.uleb128 0x9
 1412 020f 69050000 		.4byte	.LASF36
 1413 0213 07       		.byte	0x7
 1414 0214 41       		.byte	0x41
 1415 0215 68000000 		.4byte	0x68
 1416 0219 08       		.byte	0x8
 1417 021a 09       		.uleb128 0x9
 1418 021b A6010000 		.4byte	.LASF37
 1419 021f 07       		.byte	0x7
 1420 0220 42       		.byte	0x42
 1421 0221 68000000 		.4byte	0x68
 1422 0225 0C       		.byte	0xc
 1423 0226 09       		.uleb128 0x9
 1424 0227 3C050000 		.4byte	.LASF38
 1425 022b 07       		.byte	0x7
 1426 022c 43       		.byte	0x43
 1427 022d 68000000 		.4byte	0x68
 1428 0231 10       		.byte	0x10
 1429 0232 09       		.uleb128 0x9
 1430 0233 89050000 		.4byte	.LASF39
 1431 0237 07       		.byte	0x7
ARM GAS  C:\Users\kland\AppData\Local\Temp\ccE39o46.s 			page 43


 1432 0238 44       		.byte	0x44
 1433 0239 68000000 		.4byte	0x68
 1434 023d 14       		.byte	0x14
 1435 023e 09       		.uleb128 0x9
 1436 023f BF010000 		.4byte	.LASF40
 1437 0243 07       		.byte	0x7
 1438 0244 45       		.byte	0x45
 1439 0245 68000000 		.4byte	0x68
 1440 0249 18       		.byte	0x18
 1441 024a 09       		.uleb128 0x9
 1442 024b 6C030000 		.4byte	.LASF41
 1443 024f 07       		.byte	0x7
 1444 0250 46       		.byte	0x46
 1445 0251 68000000 		.4byte	0x68
 1446 0255 1C       		.byte	0x1c
 1447 0256 00       		.byte	0
 1448 0257 03       		.uleb128 0x3
 1449 0258 9C050000 		.4byte	.LASF42
 1450 025c 07       		.byte	0x7
 1451 025d 48       		.byte	0x48
 1452 025e EE010000 		.4byte	0x1ee
 1453 0262 07       		.uleb128 0x7
 1454 0263 0B       		.byte	0xb
 1455 0264 07       		.byte	0x7
 1456 0265 54       		.byte	0x54
 1457 0266 EF020000 		.4byte	0x2ef
 1458 026a 09       		.uleb128 0x9
 1459 026b 7A020000 		.4byte	.LASF43
 1460 026f 07       		.byte	0x7
 1461 0270 56       		.byte	0x56
 1462 0271 81000000 		.4byte	0x81
 1463 0275 00       		.byte	0
 1464 0276 09       		.uleb128 0x9
 1465 0277 60070000 		.4byte	.LASF44
 1466 027b 07       		.byte	0x7
 1467 027c 58       		.byte	0x58
 1468 027d EF020000 		.4byte	0x2ef
 1469 0281 01       		.byte	0x1
 1470 0282 09       		.uleb128 0x9
 1471 0283 3F060000 		.4byte	.LASF45
 1472 0287 07       		.byte	0x7
 1473 0288 5A       		.byte	0x5a
 1474 0289 81000000 		.4byte	0x81
 1475 028d 02       		.byte	0x2
 1476 028e 09       		.uleb128 0x9
 1477 028f 5F050000 		.4byte	.LASF46
 1478 0293 07       		.byte	0x7
 1479 0294 5C       		.byte	0x5c
 1480 0295 81000000 		.4byte	0x81
 1481 0299 03       		.byte	0x3
 1482 029a 09       		.uleb128 0x9
 1483 029b AA020000 		.4byte	.LASF47
 1484 029f 07       		.byte	0x7
 1485 02a0 5F       		.byte	0x5f
 1486 02a1 81000000 		.4byte	0x81
 1487 02a5 04       		.byte	0x4
 1488 02a6 09       		.uleb128 0x9
ARM GAS  C:\Users\kland\AppData\Local\Temp\ccE39o46.s 			page 44


 1489 02a7 EE060000 		.4byte	.LASF48
 1490 02ab 07       		.byte	0x7
 1491 02ac 64       		.byte	0x64
 1492 02ad 81000000 		.4byte	0x81
 1493 02b1 05       		.byte	0x5
 1494 02b2 09       		.uleb128 0x9
 1495 02b3 BB050000 		.4byte	.LASF49
 1496 02b7 07       		.byte	0x7
 1497 02b8 66       		.byte	0x66
 1498 02b9 81000000 		.4byte	0x81
 1499 02bd 06       		.byte	0x6
 1500 02be 09       		.uleb128 0x9
 1501 02bf 72060000 		.4byte	.LASF50
 1502 02c3 07       		.byte	0x7
 1503 02c4 67       		.byte	0x67
 1504 02c5 81000000 		.4byte	0x81
 1505 02c9 07       		.byte	0x7
 1506 02ca 09       		.uleb128 0x9
 1507 02cb 31050000 		.4byte	.LASF51
 1508 02cf 07       		.byte	0x7
 1509 02d0 68       		.byte	0x68
 1510 02d1 81000000 		.4byte	0x81
 1511 02d5 08       		.byte	0x8
 1512 02d6 09       		.uleb128 0x9
 1513 02d7 41070000 		.4byte	.LASF52
 1514 02db 07       		.byte	0x7
 1515 02dc 69       		.byte	0x69
 1516 02dd 81000000 		.4byte	0x81
 1517 02e1 09       		.byte	0x9
 1518 02e2 09       		.uleb128 0x9
 1519 02e3 29060000 		.4byte	.LASF53
 1520 02e7 07       		.byte	0x7
 1521 02e8 6A       		.byte	0x6a
 1522 02e9 81000000 		.4byte	0x81
 1523 02ed 0A       		.byte	0xa
 1524 02ee 00       		.byte	0
 1525 02ef 02       		.uleb128 0x2
 1526 02f0 01       		.byte	0x1
 1527 02f1 02       		.byte	0x2
 1528 02f2 EC040000 		.4byte	.LASF54
 1529 02f6 03       		.uleb128 0x3
 1530 02f7 B1030000 		.4byte	.LASF55
 1531 02fb 07       		.byte	0x7
 1532 02fc 71       		.byte	0x71
 1533 02fd 62020000 		.4byte	0x262
 1534 0301 07       		.uleb128 0x7
 1535 0302 06       		.byte	0x6
 1536 0303 08       		.byte	0x8
 1537 0304 37       		.byte	0x37
 1538 0305 3A030000 		.4byte	0x33a
 1539 0309 09       		.uleb128 0x9
 1540 030a 9B020000 		.4byte	.LASF56
 1541 030e 08       		.byte	0x8
 1542 030f 39       		.byte	0x39
 1543 0310 8D000000 		.4byte	0x8d
 1544 0314 00       		.byte	0
 1545 0315 09       		.uleb128 0x9
ARM GAS  C:\Users\kland\AppData\Local\Temp\ccE39o46.s 			page 45


 1546 0316 32020000 		.4byte	.LASF57
 1547 031a 08       		.byte	0x8
 1548 031b 3A       		.byte	0x3a
 1549 031c 99000000 		.4byte	0x99
 1550 0320 02       		.byte	0x2
 1551 0321 09       		.uleb128 0x9
 1552 0322 52070000 		.4byte	.LASF58
 1553 0326 08       		.byte	0x8
 1554 0327 3B       		.byte	0x3b
 1555 0328 81000000 		.4byte	0x81
 1556 032c 04       		.byte	0x4
 1557 032d 09       		.uleb128 0x9
 1558 032e D4040000 		.4byte	.LASF59
 1559 0332 08       		.byte	0x8
 1560 0333 3C       		.byte	0x3c
 1561 0334 81000000 		.4byte	0x81
 1562 0338 05       		.byte	0x5
 1563 0339 00       		.byte	0
 1564 033a 03       		.uleb128 0x3
 1565 033b 48020000 		.4byte	.LASF60
 1566 033f 08       		.byte	0x8
 1567 0340 3F       		.byte	0x3f
 1568 0341 45030000 		.4byte	0x345
 1569 0345 06       		.uleb128 0x6
 1570 0346 01030000 		.4byte	0x301
 1571 034a 07       		.uleb128 0x7
 1572 034b 1C       		.byte	0x1c
 1573 034c 08       		.byte	0x8
 1574 034d 42       		.byte	0x42
 1575 034e 6B030000 		.4byte	0x36b
 1576 0352 09       		.uleb128 0x9
 1577 0353 3C030000 		.4byte	.LASF61
 1578 0357 08       		.byte	0x8
 1579 0358 44       		.byte	0x44
 1580 0359 6B030000 		.4byte	0x36b
 1581 035d 00       		.byte	0
 1582 035e 09       		.uleb128 0x9
 1583 035f 84020000 		.4byte	.LASF62
 1584 0363 08       		.byte	0x8
 1585 0364 45       		.byte	0x45
 1586 0365 5E010000 		.4byte	0x15e
 1587 0369 04       		.byte	0x4
 1588 036a 00       		.byte	0
 1589 036b 0C       		.uleb128 0xc
 1590 036c 04       		.byte	0x4
 1591 036d E3010000 		.4byte	0x1e3
 1592 0371 03       		.uleb128 0x3
 1593 0372 A6030000 		.4byte	.LASF63
 1594 0376 08       		.byte	0x8
 1595 0377 47       		.byte	0x47
 1596 0378 4A030000 		.4byte	0x34a
 1597 037c 07       		.uleb128 0x7
 1598 037d 68       		.byte	0x68
 1599 037e 08       		.byte	0x8
 1600 037f 4D       		.byte	0x4d
 1601 0380 9D030000 		.4byte	0x39d
 1602 0384 09       		.uleb128 0x9
ARM GAS  C:\Users\kland\AppData\Local\Temp\ccE39o46.s 			page 46


 1603 0385 47030000 		.4byte	.LASF64
 1604 0389 08       		.byte	0x8
 1605 038a 52       		.byte	0x52
 1606 038b 9D030000 		.4byte	0x39d
 1607 038f 00       		.byte	0
 1608 0390 09       		.uleb128 0x9
 1609 0391 34030000 		.4byte	.LASF65
 1610 0395 08       		.byte	0x8
 1611 0396 53       		.byte	0x53
 1612 0397 68000000 		.4byte	0x68
 1613 039b 64       		.byte	0x64
 1614 039c 00       		.byte	0
 1615 039d 0A       		.uleb128 0xa
 1616 039e CB000000 		.4byte	0xcb
 1617 03a2 AD030000 		.4byte	0x3ad
 1618 03a6 0B       		.uleb128 0xb
 1619 03a7 57010000 		.4byte	0x157
 1620 03ab 63       		.byte	0x63
 1621 03ac 00       		.byte	0
 1622 03ad 03       		.uleb128 0x3
 1623 03ae 4F040000 		.4byte	.LASF66
 1624 03b2 08       		.byte	0x8
 1625 03b3 59       		.byte	0x59
 1626 03b4 7C030000 		.4byte	0x37c
 1627 03b8 0D       		.uleb128 0xd
 1628 03b9 33000000 		.4byte	.LASF67
 1629 03bd 01       		.byte	0x1
 1630 03be 36       		.byte	0x36
 1631 03bf 00000000 		.4byte	.LFB64
 1632 03c3 0E000000 		.4byte	.LFE64-.LFB64
 1633 03c7 01       		.uleb128 0x1
 1634 03c8 9C       		.byte	0x9c
 1635 03c9 0D       		.uleb128 0xd
 1636 03ca 8F060000 		.4byte	.LASF68
 1637 03ce 01       		.byte	0x1
 1638 03cf 51       		.byte	0x51
 1639 03d0 00000000 		.4byte	.LFB65
 1640 03d4 0E000000 		.4byte	.LFE65-.LFB65
 1641 03d8 01       		.uleb128 0x1
 1642 03d9 9C       		.byte	0x9c
 1643 03da 0D       		.uleb128 0xd
 1644 03db 1C050000 		.4byte	.LASF69
 1645 03df 01       		.byte	0x1
 1646 03e0 6C       		.byte	0x6c
 1647 03e1 00000000 		.4byte	.LFB66
 1648 03e5 0E000000 		.4byte	.LFE66-.LFB66
 1649 03e9 01       		.uleb128 0x1
 1650 03ea 9C       		.byte	0x9c
 1651 03eb 0D       		.uleb128 0xd
 1652 03ec AB010000 		.4byte	.LASF70
 1653 03f0 01       		.byte	0x1
 1654 03f1 87       		.byte	0x87
 1655 03f2 00000000 		.4byte	.LFB67
 1656 03f6 0E000000 		.4byte	.LFE67-.LFB67
 1657 03fa 01       		.uleb128 0x1
 1658 03fb 9C       		.byte	0x9c
 1659 03fc 0D       		.uleb128 0xd
ARM GAS  C:\Users\kland\AppData\Local\Temp\ccE39o46.s 			page 47


 1660 03fd A8040000 		.4byte	.LASF71
 1661 0401 01       		.byte	0x1
 1662 0402 A2       		.byte	0xa2
 1663 0403 00000000 		.4byte	.LFB68
 1664 0407 0E000000 		.4byte	.LFE68-.LFB68
 1665 040b 01       		.uleb128 0x1
 1666 040c 9C       		.byte	0x9c
 1667 040d 0D       		.uleb128 0xd
 1668 040e 95070000 		.4byte	.LASF72
 1669 0412 01       		.byte	0x1
 1670 0413 BD       		.byte	0xbd
 1671 0414 00000000 		.4byte	.LFB69
 1672 0418 0E000000 		.4byte	.LFE69-.LFB69
 1673 041c 01       		.uleb128 0x1
 1674 041d 9C       		.byte	0x9c
 1675 041e 0D       		.uleb128 0xd
 1676 041f 56000000 		.4byte	.LASF73
 1677 0423 01       		.byte	0x1
 1678 0424 D8       		.byte	0xd8
 1679 0425 00000000 		.4byte	.LFB70
 1680 0429 0E000000 		.4byte	.LFE70-.LFB70
 1681 042d 01       		.uleb128 0x1
 1682 042e 9C       		.byte	0x9c
 1683 042f 0E       		.uleb128 0xe
 1684 0430 00000000 		.4byte	.LASF127
 1685 0434 01       		.byte	0x1
 1686 0435 0B01     		.2byte	0x10b
 1687 0437 00000000 		.4byte	.LFB71
 1688 043b 18060000 		.4byte	.LFE71-.LFB71
 1689 043f 01       		.uleb128 0x1
 1690 0440 9C       		.byte	0x9c
 1691 0441 55040000 		.4byte	0x455
 1692 0445 0F       		.uleb128 0xf
 1693 0446 A6060000 		.4byte	.LASF128
 1694 044a 01       		.byte	0x1
 1695 044b 0D01     		.2byte	0x10d
 1696 044d 81000000 		.4byte	0x81
 1697 0451 02       		.uleb128 0x2
 1698 0452 91       		.byte	0x91
 1699 0453 77       		.sleb128 -9
 1700 0454 00       		.byte	0
 1701 0455 10       		.uleb128 0x10
 1702 0456 14060000 		.4byte	.LASF74
 1703 045a 05       		.byte	0x5
 1704 045b 2D01     		.2byte	0x12d
 1705 045d 40010000 		.4byte	0x140
 1706 0461 10       		.uleb128 0x10
 1707 0462 08050000 		.4byte	.LASF75
 1708 0466 05       		.byte	0x5
 1709 0467 2E01     		.2byte	0x12e
 1710 0469 40010000 		.4byte	0x140
 1711 046d 10       		.uleb128 0x10
 1712 046e 4F030000 		.4byte	.LASF76
 1713 0472 05       		.byte	0x5
 1714 0473 3901     		.2byte	0x139
 1715 0475 D2000000 		.4byte	0xd2
 1716 0479 10       		.uleb128 0x10
ARM GAS  C:\Users\kland\AppData\Local\Temp\ccE39o46.s 			page 48


 1717 047a B6020000 		.4byte	.LASF77
 1718 047e 05       		.byte	0x5
 1719 047f 3A01     		.2byte	0x13a
 1720 0481 D2000000 		.4byte	0xd2
 1721 0485 10       		.uleb128 0x10
 1722 0486 41050000 		.4byte	.LASF78
 1723 048a 05       		.byte	0x5
 1724 048b 3B01     		.2byte	0x13b
 1725 048d D2000000 		.4byte	0xd2
 1726 0491 10       		.uleb128 0x10
 1727 0492 54020000 		.4byte	.LASF79
 1728 0496 05       		.byte	0x5
 1729 0497 3C01     		.2byte	0x13c
 1730 0499 D2000000 		.4byte	0xd2
 1731 049d 0A       		.uleb128 0xa
 1732 049e AD040000 		.4byte	0x4ad
 1733 04a2 AD040000 		.4byte	0x4ad
 1734 04a6 0B       		.uleb128 0xb
 1735 04a7 57010000 		.4byte	0x157
 1736 04ab 0B       		.byte	0xb
 1737 04ac 00       		.byte	0
 1738 04ad 11       		.uleb128 0x11
 1739 04ae 81000000 		.4byte	0x81
 1740 04b2 10       		.uleb128 0x10
 1741 04b3 DA030000 		.4byte	.LASF80
 1742 04b7 05       		.byte	0x5
 1743 04b8 3E01     		.2byte	0x13e
 1744 04ba BE040000 		.4byte	0x4be
 1745 04be 11       		.uleb128 0x11
 1746 04bf 9D040000 		.4byte	0x49d
 1747 04c3 10       		.uleb128 0x10
 1748 04c4 5E010000 		.4byte	.LASF81
 1749 04c8 09       		.byte	0x9
 1750 04c9 1207     		.2byte	0x712
 1751 04cb CF040000 		.4byte	0x4cf
 1752 04cf 06       		.uleb128 0x6
 1753 04d0 76000000 		.4byte	0x76
 1754 04d4 12       		.uleb128 0x12
 1755 04d5 23000000 		.4byte	.LASF82
 1756 04d9 06       		.byte	0x6
 1757 04da 11       		.byte	0x11
 1758 04db EF020000 		.4byte	0x2ef
 1759 04df 05       		.uleb128 0x5
 1760 04e0 03       		.byte	0x3
 1761 04e1 00000000 		.4byte	buffer_overflow
 1762 04e5 12       		.uleb128 0x12
 1763 04e6 C8030000 		.4byte	.LASF83
 1764 04ea 06       		.byte	0x6
 1765 04eb 22       		.byte	0x22
 1766 04ec 8D000000 		.4byte	0x8d
 1767 04f0 05       		.uleb128 0x5
 1768 04f1 03       		.byte	0x3
 1769 04f2 00000000 		.4byte	dataPointsInStack
 1770 04f6 12       		.uleb128 0x12
 1771 04f7 D5060000 		.4byte	.LASF84
 1772 04fb 06       		.byte	0x6
 1773 04fc 23       		.byte	0x23
ARM GAS  C:\Users\kland\AppData\Local\Temp\ccE39o46.s 			page 49


 1774 04fd 8D000000 		.4byte	0x8d
 1775 0501 05       		.uleb128 0x5
 1776 0502 03       		.byte	0x3
 1777 0503 00000000 		.4byte	dataPointsInStackDesired
 1778 0507 0A       		.uleb128 0xa
 1779 0508 AB010000 		.4byte	0x1ab
 1780 050c 17050000 		.4byte	0x517
 1781 0510 0B       		.uleb128 0xb
 1782 0511 57010000 		.4byte	0x157
 1783 0515 95       		.byte	0x95
 1784 0516 00       		.byte	0
 1785 0517 12       		.uleb128 0x12
 1786 0518 2F030000 		.4byte	.LASF85
 1787 051c 06       		.byte	0x6
 1788 051d 24       		.byte	0x24
 1789 051e 07050000 		.4byte	0x507
 1790 0522 05       		.uleb128 0x5
 1791 0523 03       		.byte	0x3
 1792 0524 00000000 		.4byte	data
 1793 0528 12       		.uleb128 0x12
 1794 0529 45010000 		.4byte	.LASF86
 1795 052d 07       		.byte	0x7
 1796 052e 21       		.byte	0x21
 1797 052f 81000000 		.4byte	0x81
 1798 0533 05       		.uleb128 0x5
 1799 0534 03       		.byte	0x3
 1800 0535 00000000 		.4byte	modem_state
 1801 0539 12       		.uleb128 0x12
 1802 053a 8F030000 		.4byte	.LASF87
 1803 053e 07       		.byte	0x7
 1804 053f 74       		.byte	0x74
 1805 0540 A5000000 		.4byte	0xa5
 1806 0544 05       		.uleb128 0x5
 1807 0545 03       		.byte	0x3
 1808 0546 00000000 		.4byte	modem_start_time_stamp
 1809 054a 12       		.uleb128 0x12
 1810 054b 3C030000 		.4byte	.LASF61
 1811 054f 07       		.byte	0x7
 1812 0550 75       		.byte	0x75
 1813 0551 E3010000 		.4byte	0x1e3
 1814 0555 05       		.uleb128 0x5
 1815 0556 03       		.byte	0x3
 1816 0557 00000000 		.4byte	modem_info
 1817 055b 12       		.uleb128 0x12
 1818 055c 6B010000 		.4byte	.LASF88
 1819 0560 07       		.byte	0x7
 1820 0561 76       		.byte	0x76
 1821 0562 57020000 		.4byte	0x257
 1822 0566 05       		.uleb128 0x5
 1823 0567 03       		.byte	0x3
 1824 0568 00000000 		.4byte	modem_stats
 1825 056c 12       		.uleb128 0x12
 1826 056d 93040000 		.4byte	.LASF89
 1827 0571 07       		.byte	0x7
 1828 0572 77       		.byte	0x77
 1829 0573 F6020000 		.4byte	0x2f6
 1830 0577 05       		.uleb128 0x5
ARM GAS  C:\Users\kland\AppData\Local\Temp\ccE39o46.s 			page 50


 1831 0578 03       		.byte	0x3
 1832 0579 00000000 		.4byte	updatable_parameters
 1833 057d 12       		.uleb128 0x12
 1834 057e D9020000 		.4byte	.LASF90
 1835 0582 0A       		.byte	0xa
 1836 0583 07       		.byte	0x7
 1837 0584 81000000 		.4byte	0x81
 1838 0588 05       		.uleb128 0x5
 1839 0589 03       		.byte	0x3
 1840 058a 00000000 		.4byte	App_LED_enabled
 1841 058e 12       		.uleb128 0x12
 1842 058f 87070000 		.4byte	.LASF91
 1843 0593 0A       		.byte	0xa
 1844 0594 08       		.byte	0x8
 1845 0595 9D030000 		.4byte	0x39d
 1846 0599 05       		.uleb128 0x5
 1847 059a 03       		.byte	0x3
 1848 059b 00000000 		.4byte	app_led_inbox
 1849 059f 12       		.uleb128 0x12
 1850 05a0 CD050000 		.4byte	.LASF92
 1851 05a4 0B       		.byte	0xb
 1852 05a5 25       		.byte	0x25
 1853 05a6 9D030000 		.4byte	0x39d
 1854 05aa 05       		.uleb128 0x5
 1855 05ab 03       		.byte	0x3
 1856 05ac 00000000 		.4byte	level_sensor_inbox
 1857 05b0 12       		.uleb128 0x12
 1858 05b1 C0060000 		.4byte	.LASF93
 1859 05b5 0B       		.byte	0xb
 1860 05b6 27       		.byte	0x27
 1861 05b7 EF020000 		.4byte	0x2ef
 1862 05bb 05       		.uleb128 0x5
 1863 05bc 03       		.byte	0x3
 1864 05bd 00000000 		.4byte	level_sensor_enabled
 1865 05c1 12       		.uleb128 0x12
 1866 05c2 EC010000 		.4byte	.LASF94
 1867 05c6 0C       		.byte	0xc
 1868 05c7 2A       		.byte	0x2a
 1869 05c8 B1000000 		.4byte	0xb1
 1870 05cc 05       		.uleb128 0x5
 1871 05cd 03       		.byte	0x3
 1872 05ce 00000000 		.4byte	valve_diameter
 1873 05d2 0A       		.uleb128 0xa
 1874 05d3 CB000000 		.4byte	0xcb
 1875 05d7 E2050000 		.4byte	0x5e2
 1876 05db 0B       		.uleb128 0xb
 1877 05dc 57010000 		.4byte	0x157
 1878 05e0 09       		.byte	0x9
 1879 05e1 00       		.byte	0
 1880 05e2 12       		.uleb128 0x12
 1881 05e3 7D000000 		.4byte	.LASF95
 1882 05e7 0C       		.byte	0xc
 1883 05e8 2B       		.byte	0x2b
 1884 05e9 D2050000 		.4byte	0x5d2
 1885 05ed 05       		.uleb128 0x5
 1886 05ee 03       		.byte	0x3
 1887 05ef 00000000 		.4byte	valve_type
ARM GAS  C:\Users\kland\AppData\Local\Temp\ccE39o46.s 			page 51


 1888 05f3 12       		.uleb128 0x12
 1889 05f4 8E050000 		.4byte	.LASF96
 1890 05f8 0C       		.byte	0xc
 1891 05f9 30       		.byte	0x30
 1892 05fa 81000000 		.4byte	0x81
 1893 05fe 05       		.uleb128 0x5
 1894 05ff 03       		.byte	0x3
 1895 0600 00000000 		.4byte	valve_enabled
 1896 0604 12       		.uleb128 0x12
 1897 0605 35070000 		.4byte	.LASF97
 1898 0609 0C       		.byte	0xc
 1899 060a 31       		.byte	0x31
 1900 060b 9D030000 		.4byte	0x39d
 1901 060f 05       		.uleb128 0x5
 1902 0610 03       		.byte	0x3
 1903 0611 00000000 		.4byte	valve_inbox
 1904 0615 12       		.uleb128 0x12
 1905 0616 0F000000 		.4byte	.LASF98
 1906 061a 0D       		.byte	0xd
 1907 061b 69       		.byte	0x69
 1908 061c 81000000 		.4byte	0x81
 1909 0620 05       		.uleb128 0x5
 1910 0621 03       		.byte	0x3
 1911 0622 00000000 		.4byte	autosampler_enabled
 1912 0626 12       		.uleb128 0x12
 1913 0627 EB030000 		.4byte	.LASF99
 1914 062b 0D       		.byte	0xd
 1915 062c 6B       		.byte	0x6b
 1916 062d 9D030000 		.4byte	0x39d
 1917 0631 05       		.uleb128 0x5
 1918 0632 03       		.byte	0x3
 1919 0633 00000000 		.4byte	autosampler_inbox
 1920 0637 12       		.uleb128 0x12
 1921 0638 F5020000 		.4byte	.LASF100
 1922 063c 0E       		.byte	0xe
 1923 063d 12       		.byte	0x12
 1924 063e 81000000 		.4byte	0x81
 1925 0642 05       		.uleb128 0x5
 1926 0643 03       		.byte	0x3
 1927 0644 00000000 		.4byte	sontek_enabled
 1928 0648 12       		.uleb128 0x12
 1929 0649 1C010000 		.4byte	.LASF101
 1930 064d 0E       		.byte	0xe
 1931 064e 13       		.byte	0x13
 1932 064f 9D030000 		.4byte	0x39d
 1933 0653 05       		.uleb128 0x5
 1934 0654 03       		.byte	0x3
 1935 0655 00000000 		.4byte	Sontek_inbox
 1936 0659 0A       		.uleb128 0xa
 1937 065a CB000000 		.4byte	0xcb
 1938 065e 6A060000 		.4byte	0x66a
 1939 0662 13       		.uleb128 0x13
 1940 0663 57010000 		.4byte	0x157
 1941 0667 0F27     		.2byte	0x270f
 1942 0669 00       		.byte	0
 1943 066a 12       		.uleb128 0x12
 1944 066b 73070000 		.4byte	.LASF102
ARM GAS  C:\Users\kland\AppData\Local\Temp\ccE39o46.s 			page 52


 1945 066f 08       		.byte	0x8
 1946 0670 21       		.byte	0x21
 1947 0671 59060000 		.4byte	0x659
 1948 0675 05       		.uleb128 0x5
 1949 0676 03       		.byte	0x3
 1950 0677 00000000 		.4byte	http_request
 1951 067b 12       		.uleb128 0x12
 1952 067c E2010000 		.4byte	.LASF103
 1953 0680 08       		.byte	0x8
 1954 0681 22       		.byte	0x22
 1955 0682 59060000 		.4byte	0x659
 1956 0686 05       		.uleb128 0x5
 1957 0687 03       		.byte	0x3
 1958 0688 00000000 		.4byte	http_body
 1959 068c 0A       		.uleb128 0xa
 1960 068d CB000000 		.4byte	0xcb
 1961 0691 9C060000 		.4byte	0x69c
 1962 0695 0B       		.uleb128 0xb
 1963 0696 57010000 		.4byte	0x157
 1964 069a C7       		.byte	0xc7
 1965 069b 00       		.byte	0
 1966 069c 12       		.uleb128 0x12
 1967 069d 09060000 		.4byte	.LASF104
 1968 06a1 08       		.byte	0x8
 1969 06a2 23       		.byte	0x23
 1970 06a3 8C060000 		.4byte	0x68c
 1971 06a7 05       		.uleb128 0x5
 1972 06a8 03       		.byte	0x3
 1973 06a9 00000000 		.4byte	http_route
 1974 06ad 12       		.uleb128 0x12
 1975 06ae 78050000 		.4byte	.LASF105
 1976 06b2 08       		.byte	0x8
 1977 06b3 4A       		.byte	0x4a
 1978 06b4 71030000 		.4byte	0x371
 1979 06b8 05       		.uleb128 0x5
 1980 06b9 03       		.byte	0x3
 1981 06ba 00000000 		.4byte	system_info
 1982 06be 12       		.uleb128 0x12
 1983 06bf 7F030000 		.4byte	.LASF106
 1984 06c3 08       		.byte	0x8
 1985 06c4 5C       		.byte	0x5c
 1986 06c5 AD030000 		.4byte	0x3ad
 1987 06c9 05       		.uleb128 0x5
 1988 06ca 03       		.byte	0x3
 1989 06cb 00000000 		.4byte	system_settings
 1990 06cf 12       		.uleb128 0x12
 1991 06d0 51010000 		.4byte	.LASF107
 1992 06d4 08       		.byte	0x8
 1993 06d5 78       		.byte	0x78
 1994 06d6 3A030000 		.4byte	0x33a
 1995 06da 05       		.uleb128 0x5
 1996 06db 03       		.byte	0x3
 1997 06dc 00000000 		.4byte	alarmMeasure
 1998 06e0 12       		.uleb128 0x12
 1999 06e1 16030000 		.4byte	.LASF108
 2000 06e5 08       		.byte	0x8
 2001 06e6 79       		.byte	0x79
ARM GAS  C:\Users\kland\AppData\Local\Temp\ccE39o46.s 			page 53


 2002 06e7 81000000 		.4byte	0x81
 2003 06eb 05       		.uleb128 0x5
 2004 06ec 03       		.byte	0x3
 2005 06ed 00000000 		.4byte	timeToMeasure
 2006 06f1 12       		.uleb128 0x12
 2007 06f2 CF020000 		.4byte	.LASF109
 2008 06f6 08       		.byte	0x8
 2009 06f7 7A       		.byte	0x7a
 2010 06f8 3A030000 		.4byte	0x33a
 2011 06fc 05       		.uleb128 0x5
 2012 06fd 03       		.byte	0x3
 2013 06fe 00000000 		.4byte	alarmSync
 2014 0702 12       		.uleb128 0x12
 2015 0703 D7010000 		.4byte	.LASF110
 2016 0707 08       		.byte	0x8
 2017 0708 7B       		.byte	0x7b
 2018 0709 81000000 		.4byte	0x81
 2019 070d 05       		.uleb128 0x5
 2020 070e 03       		.byte	0x3
 2021 070f 00000000 		.4byte	timeToSync
 2022 0713 12       		.uleb128 0x12
 2023 0714 64040000 		.4byte	.LASF111
 2024 0718 08       		.byte	0x8
 2025 0719 7C       		.byte	0x7c
 2026 071a 81000000 		.4byte	0x81
 2027 071e 05       		.uleb128 0x5
 2028 071f 03       		.byte	0x3
 2029 0720 00000000 		.4byte	timeToSycnRemoteParams
 2030 0724 14       		.uleb128 0x14
 2031 0725 68657900 		.ascii	"hey\000"
 2032 0729 08       		.byte	0x8
 2033 072a 7D       		.byte	0x7d
 2034 072b 81000000 		.4byte	0x81
 2035 072f 05       		.uleb128 0x5
 2036 0730 03       		.byte	0x3
 2037 0731 00000000 		.4byte	hey
 2038 0735 12       		.uleb128 0x12
 2039 0736 60030000 		.4byte	.LASF112
 2040 073a 08       		.byte	0x8
 2041 073b 81       		.byte	0x81
 2042 073c 3A030000 		.4byte	0x33a
 2043 0740 05       		.uleb128 0x5
 2044 0741 03       		.byte	0x3
 2045 0742 00000000 		.4byte	alarmAppLED
 2046 0746 12       		.uleb128 0x12
 2047 0747 67020000 		.4byte	.LASF113
 2048 074b 08       		.byte	0x8
 2049 074c 82       		.byte	0x82
 2050 074d 81000000 		.4byte	0x81
 2051 0751 05       		.uleb128 0x5
 2052 0752 03       		.byte	0x3
 2053 0753 00000000 		.4byte	timeToAppLED
 2054 0757 12       		.uleb128 0x12
 2055 0758 AA050000 		.4byte	.LASF114
 2056 075c 08       		.byte	0x8
 2057 075d 84       		.byte	0x84
 2058 075e 3A030000 		.4byte	0x33a
ARM GAS  C:\Users\kland\AppData\Local\Temp\ccE39o46.s 			page 54


 2059 0762 05       		.uleb128 0x5
 2060 0763 03       		.byte	0x3
 2061 0764 00000000 		.4byte	alarmLevelSensor
 2062 0768 12       		.uleb128 0x12
 2063 0769 AE060000 		.4byte	.LASF115
 2064 076d 08       		.byte	0x8
 2065 076e 85       		.byte	0x85
 2066 076f 81000000 		.4byte	0x81
 2067 0773 05       		.uleb128 0x5
 2068 0774 03       		.byte	0x3
 2069 0775 00000000 		.4byte	timeToLevelSensor
 2070 0779 12       		.uleb128 0x12
 2071 077a 08020000 		.4byte	.LASF116
 2072 077e 08       		.byte	0x8
 2073 077f 87       		.byte	0x87
 2074 0780 3A030000 		.4byte	0x33a
 2075 0784 05       		.uleb128 0x5
 2076 0785 03       		.byte	0x3
 2077 0786 00000000 		.4byte	alarmDownstreamLevelSensor
 2078 078a 12       		.uleb128 0x12
 2079 078b 08070000 		.4byte	.LASF117
 2080 078f 08       		.byte	0x8
 2081 0790 88       		.byte	0x88
 2082 0791 81000000 		.4byte	0x81
 2083 0795 05       		.uleb128 0x5
 2084 0796 03       		.byte	0x3
 2085 0797 00000000 		.4byte	timeToDownstreamLevelSensor
 2086 079b 12       		.uleb128 0x12
 2087 079c FE050000 		.4byte	.LASF118
 2088 07a0 08       		.byte	0x8
 2089 07a1 8A       		.byte	0x8a
 2090 07a2 3A030000 		.4byte	0x33a
 2091 07a6 05       		.uleb128 0x5
 2092 07a7 03       		.byte	0x3
 2093 07a8 00000000 		.4byte	alarmValve
 2094 07ac 12       		.uleb128 0x12
 2095 07ad BD040000 		.4byte	.LASF119
 2096 07b1 08       		.byte	0x8
 2097 07b2 8B       		.byte	0x8b
 2098 07b3 81000000 		.4byte	0x81
 2099 07b7 05       		.uleb128 0x5
 2100 07b8 03       		.byte	0x3
 2101 07b9 00000000 		.4byte	timeToValve
 2102 07bd 12       		.uleb128 0x12
 2103 07be 24070000 		.4byte	.LASF120
 2104 07c2 08       		.byte	0x8
 2105 07c3 8D       		.byte	0x8d
 2106 07c4 3A030000 		.4byte	0x33a
 2107 07c8 05       		.uleb128 0x5
 2108 07c9 03       		.byte	0x3
 2109 07ca 00000000 		.4byte	alarmAutosampler
 2110 07ce 12       		.uleb128 0x12
 2111 07cf 6B000000 		.4byte	.LASF121
 2112 07d3 08       		.byte	0x8
 2113 07d4 8E       		.byte	0x8e
 2114 07d5 81000000 		.4byte	0x81
 2115 07d9 05       		.uleb128 0x5
ARM GAS  C:\Users\kland\AppData\Local\Temp\ccE39o46.s 			page 55


 2116 07da 03       		.byte	0x3
 2117 07db 00000000 		.4byte	timeToAutosampler
 2118 07df 12       		.uleb128 0x12
 2119 07e0 4C060000 		.4byte	.LASF122
 2120 07e4 08       		.byte	0x8
 2121 07e5 90       		.byte	0x90
 2122 07e6 3A030000 		.4byte	0x33a
 2123 07ea 05       		.uleb128 0x5
 2124 07eb 03       		.byte	0x3
 2125 07ec 00000000 		.4byte	alarmSontek
 2126 07f0 12       		.uleb128 0x12
 2127 07f1 FB060000 		.4byte	.LASF123
 2128 07f5 08       		.byte	0x8
 2129 07f6 91       		.byte	0x91
 2130 07f7 81000000 		.4byte	0x81
 2131 07fb 05       		.uleb128 0x5
 2132 07fc 03       		.byte	0x3
 2133 07fd 00000000 		.4byte	timeToSontek
 2134 0801 00       		.byte	0
 2135              		.section	.debug_abbrev,"",%progbits
 2136              	.Ldebug_abbrev0:
 2137 0000 01       		.uleb128 0x1
 2138 0001 11       		.uleb128 0x11
 2139 0002 01       		.byte	0x1
 2140 0003 25       		.uleb128 0x25
 2141 0004 0E       		.uleb128 0xe
 2142 0005 13       		.uleb128 0x13
 2143 0006 0B       		.uleb128 0xb
 2144 0007 03       		.uleb128 0x3
 2145 0008 0E       		.uleb128 0xe
 2146 0009 1B       		.uleb128 0x1b
 2147 000a 0E       		.uleb128 0xe
 2148 000b 55       		.uleb128 0x55
 2149 000c 17       		.uleb128 0x17
 2150 000d 11       		.uleb128 0x11
 2151 000e 01       		.uleb128 0x1
 2152 000f 10       		.uleb128 0x10
 2153 0010 17       		.uleb128 0x17
 2154 0011 00       		.byte	0
 2155 0012 00       		.byte	0
 2156 0013 02       		.uleb128 0x2
 2157 0014 24       		.uleb128 0x24
 2158 0015 00       		.byte	0
 2159 0016 0B       		.uleb128 0xb
 2160 0017 0B       		.uleb128 0xb
 2161 0018 3E       		.uleb128 0x3e
 2162 0019 0B       		.uleb128 0xb
 2163 001a 03       		.uleb128 0x3
 2164 001b 0E       		.uleb128 0xe
 2165 001c 00       		.byte	0
 2166 001d 00       		.byte	0
 2167 001e 03       		.uleb128 0x3
 2168 001f 16       		.uleb128 0x16
 2169 0020 00       		.byte	0
 2170 0021 03       		.uleb128 0x3
 2171 0022 0E       		.uleb128 0xe
 2172 0023 3A       		.uleb128 0x3a
ARM GAS  C:\Users\kland\AppData\Local\Temp\ccE39o46.s 			page 56


 2173 0024 0B       		.uleb128 0xb
 2174 0025 3B       		.uleb128 0x3b
 2175 0026 0B       		.uleb128 0xb
 2176 0027 49       		.uleb128 0x49
 2177 0028 13       		.uleb128 0x13
 2178 0029 00       		.byte	0
 2179 002a 00       		.byte	0
 2180 002b 04       		.uleb128 0x4
 2181 002c 24       		.uleb128 0x24
 2182 002d 00       		.byte	0
 2183 002e 0B       		.uleb128 0xb
 2184 002f 0B       		.uleb128 0xb
 2185 0030 3E       		.uleb128 0x3e
 2186 0031 0B       		.uleb128 0xb
 2187 0032 03       		.uleb128 0x3
 2188 0033 08       		.uleb128 0x8
 2189 0034 00       		.byte	0
 2190 0035 00       		.byte	0
 2191 0036 05       		.uleb128 0x5
 2192 0037 16       		.uleb128 0x16
 2193 0038 00       		.byte	0
 2194 0039 03       		.uleb128 0x3
 2195 003a 0E       		.uleb128 0xe
 2196 003b 3A       		.uleb128 0x3a
 2197 003c 0B       		.uleb128 0xb
 2198 003d 3B       		.uleb128 0x3b
 2199 003e 05       		.uleb128 0x5
 2200 003f 49       		.uleb128 0x49
 2201 0040 13       		.uleb128 0x13
 2202 0041 00       		.byte	0
 2203 0042 00       		.byte	0
 2204 0043 06       		.uleb128 0x6
 2205 0044 35       		.uleb128 0x35
 2206 0045 00       		.byte	0
 2207 0046 49       		.uleb128 0x49
 2208 0047 13       		.uleb128 0x13
 2209 0048 00       		.byte	0
 2210 0049 00       		.byte	0
 2211 004a 07       		.uleb128 0x7
 2212 004b 13       		.uleb128 0x13
 2213 004c 01       		.byte	0x1
 2214 004d 0B       		.uleb128 0xb
 2215 004e 0B       		.uleb128 0xb
 2216 004f 3A       		.uleb128 0x3a
 2217 0050 0B       		.uleb128 0xb
 2218 0051 3B       		.uleb128 0x3b
 2219 0052 0B       		.uleb128 0xb
 2220 0053 01       		.uleb128 0x1
 2221 0054 13       		.uleb128 0x13
 2222 0055 00       		.byte	0
 2223 0056 00       		.byte	0
 2224 0057 08       		.uleb128 0x8
 2225 0058 0D       		.uleb128 0xd
 2226 0059 00       		.byte	0
 2227 005a 03       		.uleb128 0x3
 2228 005b 08       		.uleb128 0x8
 2229 005c 3A       		.uleb128 0x3a
ARM GAS  C:\Users\kland\AppData\Local\Temp\ccE39o46.s 			page 57


 2230 005d 0B       		.uleb128 0xb
 2231 005e 3B       		.uleb128 0x3b
 2232 005f 0B       		.uleb128 0xb
 2233 0060 49       		.uleb128 0x49
 2234 0061 13       		.uleb128 0x13
 2235 0062 38       		.uleb128 0x38
 2236 0063 0B       		.uleb128 0xb
 2237 0064 00       		.byte	0
 2238 0065 00       		.byte	0
 2239 0066 09       		.uleb128 0x9
 2240 0067 0D       		.uleb128 0xd
 2241 0068 00       		.byte	0
 2242 0069 03       		.uleb128 0x3
 2243 006a 0E       		.uleb128 0xe
 2244 006b 3A       		.uleb128 0x3a
 2245 006c 0B       		.uleb128 0xb
 2246 006d 3B       		.uleb128 0x3b
 2247 006e 0B       		.uleb128 0xb
 2248 006f 49       		.uleb128 0x49
 2249 0070 13       		.uleb128 0x13
 2250 0071 38       		.uleb128 0x38
 2251 0072 0B       		.uleb128 0xb
 2252 0073 00       		.byte	0
 2253 0074 00       		.byte	0
 2254 0075 0A       		.uleb128 0xa
 2255 0076 01       		.uleb128 0x1
 2256 0077 01       		.byte	0x1
 2257 0078 49       		.uleb128 0x49
 2258 0079 13       		.uleb128 0x13
 2259 007a 01       		.uleb128 0x1
 2260 007b 13       		.uleb128 0x13
 2261 007c 00       		.byte	0
 2262 007d 00       		.byte	0
 2263 007e 0B       		.uleb128 0xb
 2264 007f 21       		.uleb128 0x21
 2265 0080 00       		.byte	0
 2266 0081 49       		.uleb128 0x49
 2267 0082 13       		.uleb128 0x13
 2268 0083 2F       		.uleb128 0x2f
 2269 0084 0B       		.uleb128 0xb
 2270 0085 00       		.byte	0
 2271 0086 00       		.byte	0
 2272 0087 0C       		.uleb128 0xc
 2273 0088 0F       		.uleb128 0xf
 2274 0089 00       		.byte	0
 2275 008a 0B       		.uleb128 0xb
 2276 008b 0B       		.uleb128 0xb
 2277 008c 49       		.uleb128 0x49
 2278 008d 13       		.uleb128 0x13
 2279 008e 00       		.byte	0
 2280 008f 00       		.byte	0
 2281 0090 0D       		.uleb128 0xd
 2282 0091 2E       		.uleb128 0x2e
 2283 0092 00       		.byte	0
 2284 0093 03       		.uleb128 0x3
 2285 0094 0E       		.uleb128 0xe
 2286 0095 3A       		.uleb128 0x3a
ARM GAS  C:\Users\kland\AppData\Local\Temp\ccE39o46.s 			page 58


 2287 0096 0B       		.uleb128 0xb
 2288 0097 3B       		.uleb128 0x3b
 2289 0098 0B       		.uleb128 0xb
 2290 0099 27       		.uleb128 0x27
 2291 009a 19       		.uleb128 0x19
 2292 009b 11       		.uleb128 0x11
 2293 009c 01       		.uleb128 0x1
 2294 009d 12       		.uleb128 0x12
 2295 009e 06       		.uleb128 0x6
 2296 009f 40       		.uleb128 0x40
 2297 00a0 18       		.uleb128 0x18
 2298 00a1 9642     		.uleb128 0x2116
 2299 00a3 19       		.uleb128 0x19
 2300 00a4 00       		.byte	0
 2301 00a5 00       		.byte	0
 2302 00a6 0E       		.uleb128 0xe
 2303 00a7 2E       		.uleb128 0x2e
 2304 00a8 01       		.byte	0x1
 2305 00a9 3F       		.uleb128 0x3f
 2306 00aa 19       		.uleb128 0x19
 2307 00ab 03       		.uleb128 0x3
 2308 00ac 0E       		.uleb128 0xe
 2309 00ad 3A       		.uleb128 0x3a
 2310 00ae 0B       		.uleb128 0xb
 2311 00af 3B       		.uleb128 0x3b
 2312 00b0 05       		.uleb128 0x5
 2313 00b1 27       		.uleb128 0x27
 2314 00b2 19       		.uleb128 0x19
 2315 00b3 11       		.uleb128 0x11
 2316 00b4 01       		.uleb128 0x1
 2317 00b5 12       		.uleb128 0x12
 2318 00b6 06       		.uleb128 0x6
 2319 00b7 40       		.uleb128 0x40
 2320 00b8 18       		.uleb128 0x18
 2321 00b9 9642     		.uleb128 0x2116
 2322 00bb 19       		.uleb128 0x19
 2323 00bc 01       		.uleb128 0x1
 2324 00bd 13       		.uleb128 0x13
 2325 00be 00       		.byte	0
 2326 00bf 00       		.byte	0
 2327 00c0 0F       		.uleb128 0xf
 2328 00c1 34       		.uleb128 0x34
 2329 00c2 00       		.byte	0
 2330 00c3 03       		.uleb128 0x3
 2331 00c4 0E       		.uleb128 0xe
 2332 00c5 3A       		.uleb128 0x3a
 2333 00c6 0B       		.uleb128 0xb
 2334 00c7 3B       		.uleb128 0x3b
 2335 00c8 05       		.uleb128 0x5
 2336 00c9 49       		.uleb128 0x49
 2337 00ca 13       		.uleb128 0x13
 2338 00cb 02       		.uleb128 0x2
 2339 00cc 18       		.uleb128 0x18
 2340 00cd 00       		.byte	0
 2341 00ce 00       		.byte	0
 2342 00cf 10       		.uleb128 0x10
 2343 00d0 34       		.uleb128 0x34
ARM GAS  C:\Users\kland\AppData\Local\Temp\ccE39o46.s 			page 59


 2344 00d1 00       		.byte	0
 2345 00d2 03       		.uleb128 0x3
 2346 00d3 0E       		.uleb128 0xe
 2347 00d4 3A       		.uleb128 0x3a
 2348 00d5 0B       		.uleb128 0xb
 2349 00d6 3B       		.uleb128 0x3b
 2350 00d7 05       		.uleb128 0x5
 2351 00d8 49       		.uleb128 0x49
 2352 00d9 13       		.uleb128 0x13
 2353 00da 3F       		.uleb128 0x3f
 2354 00db 19       		.uleb128 0x19
 2355 00dc 3C       		.uleb128 0x3c
 2356 00dd 19       		.uleb128 0x19
 2357 00de 00       		.byte	0
 2358 00df 00       		.byte	0
 2359 00e0 11       		.uleb128 0x11
 2360 00e1 26       		.uleb128 0x26
 2361 00e2 00       		.byte	0
 2362 00e3 49       		.uleb128 0x49
 2363 00e4 13       		.uleb128 0x13
 2364 00e5 00       		.byte	0
 2365 00e6 00       		.byte	0
 2366 00e7 12       		.uleb128 0x12
 2367 00e8 34       		.uleb128 0x34
 2368 00e9 00       		.byte	0
 2369 00ea 03       		.uleb128 0x3
 2370 00eb 0E       		.uleb128 0xe
 2371 00ec 3A       		.uleb128 0x3a
 2372 00ed 0B       		.uleb128 0xb
 2373 00ee 3B       		.uleb128 0x3b
 2374 00ef 0B       		.uleb128 0xb
 2375 00f0 49       		.uleb128 0x49
 2376 00f1 13       		.uleb128 0x13
 2377 00f2 3F       		.uleb128 0x3f
 2378 00f3 19       		.uleb128 0x19
 2379 00f4 02       		.uleb128 0x2
 2380 00f5 18       		.uleb128 0x18
 2381 00f6 00       		.byte	0
 2382 00f7 00       		.byte	0
 2383 00f8 13       		.uleb128 0x13
 2384 00f9 21       		.uleb128 0x21
 2385 00fa 00       		.byte	0
 2386 00fb 49       		.uleb128 0x49
 2387 00fc 13       		.uleb128 0x13
 2388 00fd 2F       		.uleb128 0x2f
 2389 00fe 05       		.uleb128 0x5
 2390 00ff 00       		.byte	0
 2391 0100 00       		.byte	0
 2392 0101 14       		.uleb128 0x14
 2393 0102 34       		.uleb128 0x34
 2394 0103 00       		.byte	0
 2395 0104 03       		.uleb128 0x3
 2396 0105 08       		.uleb128 0x8
 2397 0106 3A       		.uleb128 0x3a
 2398 0107 0B       		.uleb128 0xb
 2399 0108 3B       		.uleb128 0x3b
 2400 0109 0B       		.uleb128 0xb
ARM GAS  C:\Users\kland\AppData\Local\Temp\ccE39o46.s 			page 60


 2401 010a 49       		.uleb128 0x49
 2402 010b 13       		.uleb128 0x13
 2403 010c 3F       		.uleb128 0x3f
 2404 010d 19       		.uleb128 0x19
 2405 010e 02       		.uleb128 0x2
 2406 010f 18       		.uleb128 0x18
 2407 0110 00       		.byte	0
 2408 0111 00       		.byte	0
 2409 0112 00       		.byte	0
 2410              		.section	.debug_aranges,"",%progbits
 2411 0000 54000000 		.4byte	0x54
 2412 0004 0200     		.2byte	0x2
 2413 0006 00000000 		.4byte	.Ldebug_info0
 2414 000a 04       		.byte	0x4
 2415 000b 00       		.byte	0
 2416 000c 0000     		.2byte	0
 2417 000e 0000     		.2byte	0
 2418 0010 00000000 		.4byte	.LFB64
 2419 0014 0E000000 		.4byte	.LFE64-.LFB64
 2420 0018 00000000 		.4byte	.LFB65
 2421 001c 0E000000 		.4byte	.LFE65-.LFB65
 2422 0020 00000000 		.4byte	.LFB66
 2423 0024 0E000000 		.4byte	.LFE66-.LFB66
 2424 0028 00000000 		.4byte	.LFB67
 2425 002c 0E000000 		.4byte	.LFE67-.LFB67
 2426 0030 00000000 		.4byte	.LFB68
 2427 0034 0E000000 		.4byte	.LFE68-.LFB68
 2428 0038 00000000 		.4byte	.LFB69
 2429 003c 0E000000 		.4byte	.LFE69-.LFB69
 2430 0040 00000000 		.4byte	.LFB70
 2431 0044 0E000000 		.4byte	.LFE70-.LFB70
 2432 0048 00000000 		.4byte	.LFB71
 2433 004c 18060000 		.4byte	.LFE71-.LFB71
 2434 0050 00000000 		.4byte	0
 2435 0054 00000000 		.4byte	0
 2436              		.section	.debug_ranges,"",%progbits
 2437              	.Ldebug_ranges0:
 2438 0000 00000000 		.4byte	.LFB64
 2439 0004 0E000000 		.4byte	.LFE64
 2440 0008 00000000 		.4byte	.LFB65
 2441 000c 0E000000 		.4byte	.LFE65
 2442 0010 00000000 		.4byte	.LFB66
 2443 0014 0E000000 		.4byte	.LFE66
 2444 0018 00000000 		.4byte	.LFB67
 2445 001c 0E000000 		.4byte	.LFE67
 2446 0020 00000000 		.4byte	.LFB68
 2447 0024 0E000000 		.4byte	.LFE68
 2448 0028 00000000 		.4byte	.LFB69
 2449 002c 0E000000 		.4byte	.LFE69
 2450 0030 00000000 		.4byte	.LFB70
 2451 0034 0E000000 		.4byte	.LFE70
 2452 0038 00000000 		.4byte	.LFB71
 2453 003c 18060000 		.4byte	.LFE71
 2454 0040 00000000 		.4byte	0
 2455 0044 00000000 		.4byte	0
 2456              		.section	.debug_line,"",%progbits
 2457              	.Ldebug_line0:
ARM GAS  C:\Users\kland\AppData\Local\Temp\ccE39o46.s 			page 61


 2458 0000 33030000 		.section	.debug_str,"MS",%progbits,1
 2458      0200D201 
 2458      00000201 
 2458      FB0E0D00 
 2458      01010101 
 2459              	.LASF127:
 2460 0000 5254435F 		.ascii	"RTC_ISR\000"
 2460      49535200 
 2461              	.LASF12:
 2462 0008 75696E74 		.ascii	"uint16\000"
 2462      313600
 2463              	.LASF98:
 2464 000f 6175746F 		.ascii	"autosampler_enabled\000"
 2464      73616D70 
 2464      6C65725F 
 2464      656E6162 
 2464      6C656400 
 2465              	.LASF82:
 2466 0023 62756666 		.ascii	"buffer_overflow\000"
 2466      65725F6F 
 2466      76657266 
 2466      6C6F7700 
 2467              	.LASF67:
 2468 0033 5254435F 		.ascii	"RTC_EverySecondHandler\000"
 2468      45766572 
 2468      79536563 
 2468      6F6E6448 
 2468      616E646C 
 2469              	.LASF0:
 2470 004a 7369676E 		.ascii	"signed char\000"
 2470      65642063 
 2470      68617200 
 2471              	.LASF73:
 2472 0056 5254435F 		.ascii	"RTC_EveryYearHandler\000"
 2472      45766572 
 2472      79596561 
 2472      7248616E 
 2472      646C6572 
 2473              	.LASF121:
 2474 006b 74696D65 		.ascii	"timeToAutosampler\000"
 2474      546F4175 
 2474      746F7361 
 2474      6D706C65 
 2474      7200
 2475              	.LASF95:
 2476 007d 76616C76 		.ascii	"valve_type\000"
 2476      655F7479 
 2476      706500
 2477              	.LASF124:
 2478 0088 474E5520 		.ascii	"GNU C11 5.4.1 20160609 (release) [ARM/embedded-5-br"
 2478      43313120 
 2478      352E342E 
 2478      31203230 
 2478      31363036 
 2479 00bb 616E6368 		.ascii	"anch revision 237715] -mcpu=cortex-m3 -mthumb -g -O"
 2479      20726576 
 2479      6973696F 
ARM GAS  C:\Users\kland\AppData\Local\Temp\ccE39o46.s 			page 62


 2479      6E203233 
 2479      37373135 
 2480 00ee 30202D66 		.ascii	"0 -ffunction-sections -ffat-lto-objects\000"
 2480      66756E63 
 2480      74696F6E 
 2480      2D736563 
 2480      74696F6E 
 2481              	.LASF23:
 2482 0116 4D6F6E74 		.ascii	"Month\000"
 2482      6800
 2483              	.LASF101:
 2484 011c 536F6E74 		.ascii	"Sontek_inbox\000"
 2484      656B5F69 
 2484      6E626F78 
 2484      00
 2485              	.LASF7:
 2486 0129 6C6F6E67 		.ascii	"long long unsigned int\000"
 2486      206C6F6E 
 2486      6720756E 
 2486      7369676E 
 2486      65642069 
 2487              	.LASF19:
 2488 0140 486F7572 		.ascii	"Hour\000"
 2488      00
 2489              	.LASF86:
 2490 0145 6D6F6465 		.ascii	"modem_state\000"
 2490      6D5F7374 
 2490      61746500 
 2491              	.LASF107:
 2492 0151 616C6172 		.ascii	"alarmMeasure\000"
 2492      6D4D6561 
 2492      73757265 
 2492      00
 2493              	.LASF81:
 2494 015e 49544D5F 		.ascii	"ITM_RxBuffer\000"
 2494      52784275 
 2494      66666572 
 2494      00
 2495              	.LASF88:
 2496 016b 6D6F6465 		.ascii	"modem_stats\000"
 2496      6D5F7374 
 2496      61747300 
 2497              	.LASF125:
 2498 0177 47656E65 		.ascii	"Generated_Source\\PSoC5\\RTC_INT.c\000"
 2498      72617465 
 2498      645F536F 
 2498      75726365 
 2498      5C50536F 
 2499              	.LASF6:
 2500 0198 6C6F6E67 		.ascii	"long long int\000"
 2500      206C6F6E 
 2500      6720696E 
 2500      7400
 2501              	.LASF37:
 2502 01a6 65636E6F 		.ascii	"ecno\000"
 2502      00
 2503              	.LASF70:
ARM GAS  C:\Users\kland\AppData\Local\Temp\ccE39o46.s 			page 63


 2504 01ab 5254435F 		.ascii	"RTC_EveryDayHandler\000"
 2504      45766572 
 2504      79446179 
 2504      48616E64 
 2504      6C657200 
 2505              	.LASF40:
 2506 01bf 74696D65 		.ascii	"time_to_network_connect\000"
 2506      5F746F5F 
 2506      6E657477 
 2506      6F726B5F 
 2506      636F6E6E 
 2507              	.LASF110:
 2508 01d7 74696D65 		.ascii	"timeToSync\000"
 2508      546F5379 
 2508      6E6300
 2509              	.LASF103:
 2510 01e2 68747470 		.ascii	"http_body\000"
 2510      5F626F64 
 2510      7900
 2511              	.LASF94:
 2512 01ec 76616C76 		.ascii	"valve_diameter\000"
 2512      655F6469 
 2512      616D6574 
 2512      657200
 2513              	.LASF34:
 2514 01fb 6D6F6465 		.ascii	"modem_info_t\000"
 2514      6D5F696E 
 2514      666F5F74 
 2514      00
 2515              	.LASF116:
 2516 0208 616C6172 		.ascii	"alarmDownstreamLevelSensor\000"
 2516      6D446F77 
 2516      6E737472 
 2516      65616D4C 
 2516      6576656C 
 2517              	.LASF35:
 2518 0223 72786C65 		.ascii	"rxlev\000"
 2518      7600
 2519              	.LASF4:
 2520 0229 6C6F6E67 		.ascii	"long int\000"
 2520      20696E74 
 2520      00
 2521              	.LASF57:
 2522 0232 63757272 		.ascii	"currentCountDownValue\000"
 2522      656E7443 
 2522      6F756E74 
 2522      446F776E 
 2522      56616C75 
 2523              	.LASF60:
 2524 0248 616C6172 		.ascii	"alarm\000"
 2524      6D00
 2525              	.LASF11:
 2526 024e 75696E74 		.ascii	"uint8\000"
 2526      3800
 2527              	.LASF79:
 2528 0254 5254435F 		.ascii	"RTC_statusDateTime\000"
 2528      73746174 
ARM GAS  C:\Users\kland\AppData\Local\Temp\ccE39o46.s 			page 64


 2528      75734461 
 2528      74655469 
 2528      6D6500
 2529              	.LASF113:
 2530 0267 74696D65 		.ascii	"timeToAppLED\000"
 2530      546F4170 
 2530      704C4544 
 2530      00
 2531              	.LASF14:
 2532 0274 696E7433 		.ascii	"int32\000"
 2532      3200
 2533              	.LASF43:
 2534 027a 6E6F6465 		.ascii	"node_type\000"
 2534      5F747970 
 2534      6500
 2535              	.LASF62:
 2536 0284 63686970 		.ascii	"chip_uniqueId\000"
 2536      5F756E69 
 2536      71756549 
 2536      6400
 2537              	.LASF32:
 2538 0292 6D6F6465 		.ascii	"model_id\000"
 2538      6C5F6964 
 2538      00
 2539              	.LASF56:
 2540 029b 636F756E 		.ascii	"countDownValue\000"
 2540      74446F77 
 2540      6E56616C 
 2540      756500
 2541              	.LASF47:
 2542 02aa 64656275 		.ascii	"debug_level\000"
 2542      675F6C65 
 2542      76656C00 
 2543              	.LASF77:
 2544 02b6 5254435F 		.ascii	"RTC_alarmCurStatus\000"
 2544      616C6172 
 2544      6D437572 
 2544      53746174 
 2544      757300
 2545              	.LASF28:
 2546 02c9 76616C75 		.ascii	"value\000"
 2546      6500
 2547              	.LASF109:
 2548 02cf 616C6172 		.ascii	"alarmSync\000"
 2548      6D53796E 
 2548      6300
 2549              	.LASF90:
 2550 02d9 4170705F 		.ascii	"App_LED_enabled\000"
 2550      4C45445F 
 2550      656E6162 
 2550      6C656400 
 2551              	.LASF30:
 2552 02e9 6B65795F 		.ascii	"key_value_t\000"
 2552      76616C75 
 2552      655F7400 
 2553              	.LASF100:
 2554 02f5 736F6E74 		.ascii	"sontek_enabled\000"
ARM GAS  C:\Users\kland\AppData\Local\Temp\ccE39o46.s 			page 65


 2554      656B5F65 
 2554      6E61626C 
 2554      656400
 2555              	.LASF5:
 2556 0304 6C6F6E67 		.ascii	"long unsigned int\000"
 2556      20756E73 
 2556      69676E65 
 2556      6420696E 
 2556      7400
 2557              	.LASF108:
 2558 0316 74696D65 		.ascii	"timeToMeasure\000"
 2558      546F4D65 
 2558      61737572 
 2558      6500
 2559              	.LASF21:
 2560 0324 4461794F 		.ascii	"DayOfMonth\000"
 2560      664D6F6E 
 2560      746800
 2561              	.LASF85:
 2562 032f 64617461 		.ascii	"data\000"
 2562      00
 2563              	.LASF65:
 2564 0334 65705F70 		.ascii	"ep_port\000"
 2564      6F727400 
 2565              	.LASF61:
 2566 033c 6D6F6465 		.ascii	"modem_info\000"
 2566      6D5F696E 
 2566      666F00
 2567              	.LASF64:
 2568 0347 65705F68 		.ascii	"ep_host\000"
 2568      6F737400 
 2569              	.LASF76:
 2570 034f 5254435F 		.ascii	"RTC_alarmCfgMask\000"
 2570      616C6172 
 2570      6D436667 
 2570      4D61736B 
 2570      00
 2571              	.LASF112:
 2572 0360 616C6172 		.ascii	"alarmAppLED\000"
 2572      6D417070 
 2572      4C454400 
 2573              	.LASF41:
 2574 036c 74696D65 		.ascii	"time_to_acquire_ip\000"
 2574      5F746F5F 
 2574      61637175 
 2574      6972655F 
 2574      697000
 2575              	.LASF106:
 2576 037f 73797374 		.ascii	"system_settings\000"
 2576      656D5F73 
 2576      65747469 
 2576      6E677300 
 2577              	.LASF87:
 2578 038f 6D6F6465 		.ascii	"modem_start_time_stamp\000"
 2578      6D5F7374 
 2578      6172745F 
 2578      74696D65 
ARM GAS  C:\Users\kland\AppData\Local\Temp\ccE39o46.s 			page 66


 2578      5F737461 
 2579              	.LASF63:
 2580 03a6 7379735F 		.ascii	"sys_info_t\000"
 2580      696E666F 
 2580      5F7400
 2581              	.LASF55:
 2582 03b1 75706461 		.ascii	"updatable_parameters_t\000"
 2582      7461626C 
 2582      655F7061 
 2582      72616D65 
 2582      74657273 
 2583              	.LASF83:
 2584 03c8 64617461 		.ascii	"dataPointsInStack\000"
 2584      506F696E 
 2584      7473496E 
 2584      53746163 
 2584      6B00
 2585              	.LASF80:
 2586 03da 5254435F 		.ascii	"RTC_daysInMonths\000"
 2586      64617973 
 2586      496E4D6F 
 2586      6E746873 
 2586      00
 2587              	.LASF99:
 2588 03eb 6175746F 		.ascii	"autosampler_inbox\000"
 2588      73616D70 
 2588      6C65725F 
 2588      696E626F 
 2588      7800
 2589              	.LASF126:
 2590 03fd 433A5C55 		.ascii	"C:\\Users\\kland\\OneDrive\\Documents\\GitHub\\noto"
 2590      73657273 
 2590      5C6B6C61 
 2590      6E645C4F 
 2590      6E654472 
 2591 042a 72694F53 		.ascii	"riOS\\notoriOS.cydsn\000"
 2591      5C6E6F74 
 2591      6F72694F 
 2591      532E6379 
 2591      64736E00 
 2592              	.LASF15:
 2593 043e 666C6F61 		.ascii	"float32\000"
 2593      74333200 
 2594              	.LASF27:
 2595 0446 73697A65 		.ascii	"sizetype\000"
 2595      74797065 
 2595      00
 2596              	.LASF66:
 2597 044f 7379735F 		.ascii	"sys_settings_t\000"
 2597      73657474 
 2597      696E6773 
 2597      5F7400
 2598              	.LASF13:
 2599 045e 696E7431 		.ascii	"int16\000"
 2599      3600
 2600              	.LASF111:
 2601 0464 74696D65 		.ascii	"timeToSycnRemoteParams\000"
ARM GAS  C:\Users\kland\AppData\Local\Temp\ccE39o46.s 			page 67


 2601      546F5379 
 2601      636E5265 
 2601      6D6F7465 
 2601      50617261 
 2602              	.LASF29:
 2603 047b 74696D65 		.ascii	"timeStamp\000"
 2603      5374616D 
 2603      7000
 2604              	.LASF25:
 2605 0485 5254435F 		.ascii	"RTC_TIME_DATE\000"
 2605      54494D45 
 2605      5F444154 
 2605      4500
 2606              	.LASF89:
 2607 0493 75706461 		.ascii	"updatable_parameters\000"
 2607      7461626C 
 2607      655F7061 
 2607      72616D65 
 2607      74657273 
 2608              	.LASF71:
 2609 04a8 5254435F 		.ascii	"RTC_EveryWeekHandler\000"
 2609      45766572 
 2609      79576565 
 2609      6B48616E 
 2609      646C6572 
 2610              	.LASF119:
 2611 04bd 74696D65 		.ascii	"timeToValve\000"
 2611      546F5661 
 2611      6C766500 
 2612              	.LASF16:
 2613 04c9 666C6F61 		.ascii	"float\000"
 2613      7400
 2614              	.LASF24:
 2615 04cf 59656172 		.ascii	"Year\000"
 2615      00
 2616              	.LASF59:
 2617 04d4 636F756E 		.ascii	"countDownResetCondition\000"
 2617      74446F77 
 2617      6E526573 
 2617      6574436F 
 2617      6E646974 
 2618              	.LASF54:
 2619 04ec 5F426F6F 		.ascii	"_Bool\000"
 2619      6C00
 2620              	.LASF10:
 2621 04f2 696E7433 		.ascii	"int32_t\000"
 2621      325F7400 
 2622              	.LASF1:
 2623 04fa 756E7369 		.ascii	"unsigned char\000"
 2623      676E6564 
 2623      20636861 
 2623      7200
 2624              	.LASF75:
 2625 0508 5254435F 		.ascii	"RTC_currentTimeDate\000"
 2625      63757272 
 2625      656E7454 
 2625      696D6544 
ARM GAS  C:\Users\kland\AppData\Local\Temp\ccE39o46.s 			page 68


 2625      61746500 
 2626              	.LASF69:
 2627 051c 5254435F 		.ascii	"RTC_EveryHourHandler\000"
 2627      45766572 
 2627      79486F75 
 2627      7248616E 
 2627      646C6572 
 2628              	.LASF51:
 2629 0531 56616C76 		.ascii	"Valve_freq\000"
 2629      655F6672 
 2629      657100
 2630              	.LASF38:
 2631 053c 72737271 		.ascii	"rsrq\000"
 2631      00
 2632              	.LASF78:
 2633 0541 5254435F 		.ascii	"RTC_intervalCfgMask\000"
 2633      696E7465 
 2633      7276616C 
 2633      4366674D 
 2633      61736B00 
 2634              	.LASF2:
 2635 0555 73686F72 		.ascii	"short int\000"
 2635      7420696E 
 2635      7400
 2636              	.LASF46:
 2637 055f 73796E63 		.ascii	"sync_time\000"
 2637      5F74696D 
 2637      6500
 2638              	.LASF36:
 2639 0569 72736370 		.ascii	"rscp\000"
 2639      00
 2640              	.LASF20:
 2641 056e 4461794F 		.ascii	"DayOfWeek\000"
 2641      66576565 
 2641      6B00
 2642              	.LASF105:
 2643 0578 73797374 		.ascii	"system_info\000"
 2643      656D5F69 
 2643      6E666F00 
 2644              	.LASF33:
 2645 0584 696D6569 		.ascii	"imei\000"
 2645      00
 2646              	.LASF39:
 2647 0589 72737270 		.ascii	"rsrp\000"
 2647      00
 2648              	.LASF96:
 2649 058e 76616C76 		.ascii	"valve_enabled\000"
 2649      655F656E 
 2649      61626C65 
 2649      6400
 2650              	.LASF42:
 2651 059c 6D6F6465 		.ascii	"modem_stats_t\000"
 2651      6D5F7374 
 2651      6174735F 
 2651      7400
 2652              	.LASF114:
 2653 05aa 616C6172 		.ascii	"alarmLevelSensor\000"
ARM GAS  C:\Users\kland\AppData\Local\Temp\ccE39o46.s 			page 69


 2653      6D4C6576 
 2653      656C5365 
 2653      6E736F72 
 2653      00
 2654              	.LASF49:
 2655 05bb 4C657665 		.ascii	"Level_Sensor_freq\000"
 2655      6C5F5365 
 2655      6E736F72 
 2655      5F667265 
 2655      7100
 2656              	.LASF92:
 2657 05cd 6C657665 		.ascii	"level_sensor_inbox\000"
 2657      6C5F7365 
 2657      6E736F72 
 2657      5F696E62 
 2657      6F7800
 2658              	.LASF26:
 2659 05e0 6C6F6E67 		.ascii	"long double\000"
 2659      20646F75 
 2659      626C6500 
 2660              	.LASF18:
 2661 05ec 63686172 		.ascii	"char\000"
 2661      00
 2662              	.LASF8:
 2663 05f1 756E7369 		.ascii	"unsigned int\000"
 2663      676E6564 
 2663      20696E74 
 2663      00
 2664              	.LASF118:
 2665 05fe 616C6172 		.ascii	"alarmValve\000"
 2665      6D56616C 
 2665      766500
 2666              	.LASF104:
 2667 0609 68747470 		.ascii	"http_route\000"
 2667      5F726F75 
 2667      746500
 2668              	.LASF74:
 2669 0614 5254435F 		.ascii	"RTC_alarmCfgTimeDate\000"
 2669      616C6172 
 2669      6D436667 
 2669      54696D65 
 2669      44617465 
 2670              	.LASF53:
 2671 0629 536F6E74 		.ascii	"Sontek_freq\000"
 2671      656B5F66 
 2671      72657100 
 2672              	.LASF9:
 2673 0635 5F5F696E 		.ascii	"__int32_t\000"
 2673      7433325F 
 2673      7400
 2674              	.LASF45:
 2675 063f 6D656173 		.ascii	"measure_time\000"
 2675      7572655F 
 2675      74696D65 
 2675      00
 2676              	.LASF122:
 2677 064c 616C6172 		.ascii	"alarmSontek\000"
ARM GAS  C:\Users\kland\AppData\Local\Temp\ccE39o46.s 			page 70


 2677      6D536F6E 
 2677      74656B00 
 2678              	.LASF3:
 2679 0658 73686F72 		.ascii	"short unsigned int\000"
 2679      7420756E 
 2679      7369676E 
 2679      65642069 
 2679      6E7400
 2680              	.LASF31:
 2681 066b 73696D5F 		.ascii	"sim_id\000"
 2681      696400
 2682              	.LASF50:
 2683 0672 446F776E 		.ascii	"Downstream_Level_Sensor_freq\000"
 2683      73747265 
 2683      616D5F4C 
 2683      6576656C 
 2683      5F53656E 
 2684              	.LASF68:
 2685 068f 5254435F 		.ascii	"RTC_EveryMinuteHandler\000"
 2685      45766572 
 2685      794D696E 
 2685      75746548 
 2685      616E646C 
 2686              	.LASF128:
 2687 06a6 5254435F 		.ascii	"RTC_tmp\000"
 2687      746D7000 
 2688              	.LASF115:
 2689 06ae 74696D65 		.ascii	"timeToLevelSensor\000"
 2689      546F4C65 
 2689      76656C53 
 2689      656E736F 
 2689      7200
 2690              	.LASF93:
 2691 06c0 6C657665 		.ascii	"level_sensor_enabled\000"
 2691      6C5F7365 
 2691      6E736F72 
 2691      5F656E61 
 2691      626C6564 
 2692              	.LASF84:
 2693 06d5 64617461 		.ascii	"dataPointsInStackDesired\000"
 2693      506F696E 
 2693      7473496E 
 2693      53746163 
 2693      6B446573 
 2694              	.LASF48:
 2695 06ee 4170705F 		.ascii	"App_LED_freq\000"
 2695      4C45445F 
 2695      66726571 
 2695      00
 2696              	.LASF123:
 2697 06fb 74696D65 		.ascii	"timeToSontek\000"
 2697      546F536F 
 2697      6E74656B 
 2697      00
 2698              	.LASF117:
 2699 0708 74696D65 		.ascii	"timeToDownstreamLevelSensor\000"
 2699      546F446F 
ARM GAS  C:\Users\kland\AppData\Local\Temp\ccE39o46.s 			page 71


 2699      776E7374 
 2699      7265616D 
 2699      4C657665 
 2700              	.LASF120:
 2701 0724 616C6172 		.ascii	"alarmAutosampler\000"
 2701      6D417574 
 2701      6F73616D 
 2701      706C6572 
 2701      00
 2702              	.LASF97:
 2703 0735 76616C76 		.ascii	"valve_inbox\000"
 2703      655F696E 
 2703      626F7800 
 2704              	.LASF52:
 2705 0741 4175746F 		.ascii	"Autosampler_freq\000"
 2705      73616D70 
 2705      6C65725F 
 2705      66726571 
 2705      00
 2706              	.LASF58:
 2707 0752 636F756E 		.ascii	"countDownType\000"
 2707      74446F77 
 2707      6E547970 
 2707      6500
 2708              	.LASF44:
 2709 0760 73696D5F 		.ascii	"sim_type\000"
 2709      74797065 
 2709      00
 2710              	.LASF22:
 2711 0769 4461794F 		.ascii	"DayOfYear\000"
 2711      66596561 
 2711      7200
 2712              	.LASF102:
 2713 0773 68747470 		.ascii	"http_request\000"
 2713      5F726571 
 2713      75657374 
 2713      00
 2714              	.LASF17:
 2715 0780 646F7562 		.ascii	"double\000"
 2715      6C6500
 2716              	.LASF91:
 2717 0787 6170705F 		.ascii	"app_led_inbox\000"
 2717      6C65645F 
 2717      696E626F 
 2717      7800
 2718              	.LASF72:
 2719 0795 5254435F 		.ascii	"RTC_EveryMonthHandler\000"
 2719      45766572 
 2719      794D6F6E 
 2719      74684861 
 2719      6E646C65 
 2720              		.ident	"GCC: (GNU Tools for ARM Embedded Processors) 5.4.1 20160609 (release) [ARM/embedded-5-bran
