ARM GAS  C:\Users\kland\AppData\Local\Temp\ccK1iSQh.s 			page 1


   1              		.syntax unified
   2              		.cpu cortex-m3
   3              		.fpu softvfp
   4              		.eabi_attribute 20, 1
   5              		.eabi_attribute 21, 1
   6              		.eabi_attribute 23, 3
   7              		.eabi_attribute 24, 1
   8              		.eabi_attribute 25, 1
   9              		.eabi_attribute 26, 1
  10              		.eabi_attribute 30, 6
  11              		.eabi_attribute 34, 1
  12              		.eabi_attribute 18, 4
  13              		.thumb
  14              		.syntax unified
  15              		.file	"sd_card.c"
  16              		.text
  17              	.Ltext0:
  18              		.cfi_sections	.debug_frame
  19              		.comm	buffer_overflow,1,1
  20              		.comm	dataPointsInStack,2,2
  21              		.comm	dataPointsInStackDesired,2,2
  22              		.comm	data,6600,4
  23              		.comm	modem_state,1,1
  24              		.comm	modem_start_time_stamp,4,4
  25              		.comm	modem_info,60,4
  26              		.comm	modem_stats,32,4
  27              		.comm	updatable_parameters,11,4
  28              		.syntax unified
  29              		.global _printf_float
  30              		.thumb
  31              		.syntax unified
  32              		.comm	App_LED_enabled,1,1
  33              		.comm	app_led_inbox,100,4
  34              		.comm	level_sensor_inbox,100,4
  35              		.comm	level_sensor_enabled,1,1
  36              		.comm	valve_diameter,4,4
  37              		.comm	valve_type,10,4
  38              		.comm	valve_enabled,1,1
  39              		.comm	valve_inbox,100,4
  40              		.comm	autosampler_enabled,1,1
  41              		.comm	autosampler_inbox,100,4
  42              		.comm	Sontek_enabled,1,1
  43              		.comm	http_request,10000,4
  44              		.comm	http_body,10000,4
  45              		.comm	http_route,200,4
  46              		.comm	system_info,28,4
  47              		.comm	system_settings,104,4
  48              		.comm	alarmMeasure,6,4
  49              		.comm	timeToMeasure,1,1
  50              		.comm	alarmSync,6,4
  51              		.comm	timeToSync,1,1
  52              		.comm	timeToSycnRemoteParams,1,1
  53              		.comm	hey,1,1
  54              		.comm	alarmAppLED,6,4
  55              		.comm	timeToAppLED,1,1
  56              		.comm	alarmLevelSensor,6,4
  57              		.comm	timeToLevelSensor,1,1
ARM GAS  C:\Users\kland\AppData\Local\Temp\ccK1iSQh.s 			page 2


  58              		.comm	alarmDownstreamLevelSensor,6,4
  59              		.comm	timeToDownstreamLevelSensor,1,1
  60              		.comm	alarmValve,6,4
  61              		.comm	timeToValve,1,1
  62              		.comm	alarmAutosampler,6,4
  63              		.comm	timeToAutosampler,1,1
  64              		.comm	alarmSontek,6,4
  65              		.comm	timeToSontek,1,1
  66              		.global	SD_dir
  67              		.bss
  68              		.align	2
  69              		.type	SD_dir, %object
  70              		.size	SD_dir, 10
  71              	SD_dir:
  72 0000 00000000 		.space	10
  72      00000000 
  72      0000
  73              		.global	SD_body
  74 000a 0000     		.align	2
  75              		.type	SD_body, %object
  76              		.size	SD_body, 3000
  77              	SD_body:
  78 000c 00000000 		.space	3000
  78      00000000 
  78      00000000 
  78      00000000 
  78      00000000 
  79              		.global	SD_filename
  80              		.data
  81              		.align	2
  82              		.type	SD_filename, %object
  83              		.size	SD_filename, 30
  84              	SD_filename:
  85 0000 46696C65 		.ascii	"Filename.txt\000"
  85      6E616D65 
  85      2E747874 
  85      00
  86 000d 00000000 		.space	17
  86      00000000 
  86      00000000 
  86      00000000 
  86      00
  87              		.global	SD_filemode
  88 001e 0000     		.align	2
  89              		.type	SD_filemode, %object
  90              		.size	SD_filemode, 5
  91              	SD_filemode:
  92 0020 612B00   		.ascii	"a+\000"
  93 0023 0000     		.space	2
  94              		.section	.text.SD_init,"ax",%progbits
  95              		.align	2
  96              		.global	SD_init
  97              		.thumb
  98              		.thumb_func
  99              		.type	SD_init, %function
 100              	SD_init:
 101              	.LFB64:
ARM GAS  C:\Users\kland\AppData\Local\Temp\ccK1iSQh.s 			page 3


 102              		.file 1 "sd_card.c"
   1:sd_card.c     **** /**
   2:sd_card.c     ****  * @file sdcard.c
   3:sd_card.c     ****  * @brief  Write to an SD card.
   4:sd_card.c     ****  * @author Brandon Wong
   5:sd_card.c     ****  * @version 0.0.01
   6:sd_card.c     ****  * @date 2019-05-15
   7:sd_card.c     ****  */
   8:sd_card.c     **** 
   9:sd_card.c     **** #include "sd_card.h"
  10:sd_card.c     **** #include "notoriOS.h"
  11:sd_card.c     **** 
  12:sd_card.c     **** // Preallocate card
  13:sd_card.c     **** char    SD_dir[10]      = {'\0'};
  14:sd_card.c     **** char    SD_body[3000]   = {'\0'};
  15:sd_card.c     **** char    SD_filename[30] = "Filename.txt";
  16:sd_card.c     **** char    SD_filemode[5]  = "a+";
  17:sd_card.c     **** 
  18:sd_card.c     **** 
  19:sd_card.c     **** void SD_power_up();
  20:sd_card.c     **** void SD_power_down();
  21:sd_card.c     **** 
  22:sd_card.c     **** ///NOTE -- IF SD CARD is not plugged it, the board will draw more power.
  23:sd_card.c     **** 
  24:sd_card.c     **** 
  25:sd_card.c     **** /** SD_init()
  26:sd_card.c     **** * @brief Initialize the file system for the SD card
  27:sd_card.c     **** * @param Null
  28:sd_card.c     **** * @return void
  29:sd_card.c     **** */
  30:sd_card.c     **** void SD_init()
  31:sd_card.c     **** {
 103              		.loc 1 31 0
 104              		.cfi_startproc
 105              		@ args = 0, pretend = 0, frame = 0
 106              		@ frame_needed = 1, uses_anonymous_args = 0
 107              		@ link register save eliminated.
 108 0000 80B4     		push	{r7}
 109              		.cfi_def_cfa_offset 4
 110              		.cfi_offset 7, -4
 111 0002 00AF     		add	r7, sp, #0
 112              		.cfi_def_cfa_register 7
  32:sd_card.c     ****     /* Uncomment to enable support for long file names
  33:sd_card.c     ****      * Note: To use long file names (LFN) support on PSoC 5LP devices, you must call
  34:sd_card.c     ****      * FS_FAT_SupportLFN(). For PSoC 3 devices, this feature is enabled by default.
  35:sd_card.c     ****      */
  36:sd_card.c     ****     //FS_FAT_SupportLFN();    
  37:sd_card.c     **** }
 113              		.loc 1 37 0
 114 0004 00BF     		nop
 115 0006 BD46     		mov	sp, r7
 116              		.cfi_def_cfa_register 13
 117              		@ sp needed
 118 0008 80BC     		pop	{r7}
 119              		.cfi_restore 7
 120              		.cfi_def_cfa_offset 0
 121 000a 7047     		bx	lr
ARM GAS  C:\Users\kland\AppData\Local\Temp\ccK1iSQh.s 			page 4


 122              		.cfi_endproc
 123              	.LFE64:
 124              		.size	SD_init, .-SD_init
 125              		.section	.rodata
 126              		.align	2
 127              	.LC0:
 128 0000 252E3873 		.ascii	"%.8s\000"
 128      00
 129              		.section	.text.SD_mkdir,"ax",%progbits
 130              		.align	2
 131              		.global	SD_mkdir
 132              		.thumb
 133              		.thumb_func
 134              		.type	SD_mkdir, %function
 135              	SD_mkdir:
 136              	.LFB65:
  38:sd_card.c     **** 
  39:sd_card.c     **** /**
  40:sd_card.c     ****  * @brief Make a directory on the SD card
  41:sd_card.c     ****  * @param dir_name is the name of the directory to create
  42:sd_card.c     ****  * @return 1u on success, 0u otherwise
  43:sd_card.c     ****  */
  44:sd_card.c     **** uint8 SD_mkdir(char* dir_name)
  45:sd_card.c     **** {
 137              		.loc 1 45 0
 138              		.cfi_startproc
 139              		@ args = 0, pretend = 0, frame = 16
 140              		@ frame_needed = 1, uses_anonymous_args = 0
 141 0000 80B5     		push	{r7, lr}
 142              		.cfi_def_cfa_offset 8
 143              		.cfi_offset 7, -8
 144              		.cfi_offset 14, -4
 145 0002 84B0     		sub	sp, sp, #16
 146              		.cfi_def_cfa_offset 24
 147 0004 00AF     		add	r7, sp, #0
 148              		.cfi_def_cfa_register 7
 149 0006 7860     		str	r0, [r7, #4]
  46:sd_card.c     ****     uint8 status = 9; // Initialize to a value not 0 or -1
 150              		.loc 1 46 0
 151 0008 0923     		movs	r3, #9
 152 000a FB73     		strb	r3, [r7, #15]
  47:sd_card.c     ****     
  48:sd_card.c     ****     SD_power_up(); // Wakeup the SD Card component
 153              		.loc 1 48 0
 154 000c FFF7FEFF 		bl	SD_power_up
  49:sd_card.c     ****     // The snprintf() function formats and stores a series of characters and values in the array bu
  50:sd_card.c     ****     snprintf(SD_dir,sizeof(SD_dir),"%.8s",dir_name); 
 155              		.loc 1 50 0
 156 0010 7B68     		ldr	r3, [r7, #4]
 157 0012 094A     		ldr	r2, .L4
 158 0014 0A21     		movs	r1, #10
 159 0016 0948     		ldr	r0, .L4+4
 160 0018 FFF7FEFF 		bl	snprintf
  51:sd_card.c     ****     
  52:sd_card.c     ****     // FS_MKDir() creates a directory using FS.h.
  53:sd_card.c     ****     // Typecasting (1+FS_MkDir(SD_dir)) into an uint8 datatype
  54:sd_card.c     ****     // This makes it 0 if it's a failture, 1 if it's successful
ARM GAS  C:\Users\kland\AppData\Local\Temp\ccK1iSQh.s 			page 5


  55:sd_card.c     ****     status = (uint8) ( 1+FS_MkDir(SD_dir) );
 161              		.loc 1 55 0
 162 001c 0748     		ldr	r0, .L4+4
 163 001e FFF7FEFF 		bl	FS_MkDir
 164 0022 0346     		mov	r3, r0
 165 0024 DBB2     		uxtb	r3, r3
 166 0026 0133     		adds	r3, r3, #1
 167 0028 FB73     		strb	r3, [r7, #15]
  56:sd_card.c     ****     
  57:sd_card.c     ****     SD_power_down(); // Turn off the SD Card
 168              		.loc 1 57 0
 169 002a FFF7FEFF 		bl	SD_power_down
  58:sd_card.c     ****     
  59:sd_card.c     ****     return status;
 170              		.loc 1 59 0
 171 002e FB7B     		ldrb	r3, [r7, #15]	@ zero_extendqisi2
  60:sd_card.c     **** }
 172              		.loc 1 60 0
 173 0030 1846     		mov	r0, r3
 174 0032 1037     		adds	r7, r7, #16
 175              		.cfi_def_cfa_offset 8
 176 0034 BD46     		mov	sp, r7
 177              		.cfi_def_cfa_register 13
 178              		@ sp needed
 179 0036 80BD     		pop	{r7, pc}
 180              	.L5:
 181              		.align	2
 182              	.L4:
 183 0038 00000000 		.word	.LC0
 184 003c 00000000 		.word	SD_dir
 185              		.cfi_endproc
 186              	.LFE65:
 187              		.size	SD_mkdir, .-SD_mkdir
 188              		.section	.text.SD_rmfile,"ax",%progbits
 189              		.align	2
 190              		.global	SD_rmfile
 191              		.thumb
 192              		.thumb_func
 193              		.type	SD_rmfile, %function
 194              	SD_rmfile:
 195              	.LFB66:
  61:sd_card.c     **** 
  62:sd_card.c     **** /**
  63:sd_card.c     ****  * @brief Delete a file
  64:sd_card.c     ****  * @param dir_name is the name of the directory to create
  65:sd_card.c     ****  * @return 1u on success, 0u otherwise
  66:sd_card.c     ****  */
  67:sd_card.c     **** uint8 SD_rmfile(const char * fileName)
  68:sd_card.c     **** {
 196              		.loc 1 68 0
 197              		.cfi_startproc
 198              		@ args = 0, pretend = 0, frame = 16
 199              		@ frame_needed = 1, uses_anonymous_args = 0
 200 0000 80B5     		push	{r7, lr}
 201              		.cfi_def_cfa_offset 8
 202              		.cfi_offset 7, -8
 203              		.cfi_offset 14, -4
ARM GAS  C:\Users\kland\AppData\Local\Temp\ccK1iSQh.s 			page 6


 204 0002 84B0     		sub	sp, sp, #16
 205              		.cfi_def_cfa_offset 24
 206 0004 00AF     		add	r7, sp, #0
 207              		.cfi_def_cfa_register 7
 208 0006 7860     		str	r0, [r7, #4]
  69:sd_card.c     ****     uint8 status = 9; // initialize to a value not 0 or -1
 209              		.loc 1 69 0
 210 0008 0923     		movs	r3, #9
 211 000a FB73     		strb	r3, [r7, #15]
  70:sd_card.c     **** 
  71:sd_card.c     ****     SD_power_up(); // Wakeup the SD Card component
 212              		.loc 1 71 0
 213 000c FFF7FEFF 		bl	SD_power_up
  72:sd_card.c     ****     
  73:sd_card.c     ****     // FS_Remove() removes a file using FS.h.
  74:sd_card.c     ****     // Typecasting (1+FS_Remove(fileName)) into an uint8 datatype
  75:sd_card.c     ****     // This makes it 0 if it's a failture, 1 if it's successful
  76:sd_card.c     ****     status = (uint8) ( 1+FS_Remove(fileName));
 214              		.loc 1 76 0
 215 0010 7868     		ldr	r0, [r7, #4]
 216 0012 FFF7FEFF 		bl	FS_Remove
 217 0016 0346     		mov	r3, r0
 218 0018 DBB2     		uxtb	r3, r3
 219 001a 0133     		adds	r3, r3, #1
 220 001c FB73     		strb	r3, [r7, #15]
  77:sd_card.c     ****     
  78:sd_card.c     ****     SD_power_down(); // Turn off the SD Card
 221              		.loc 1 78 0
 222 001e FFF7FEFF 		bl	SD_power_down
  79:sd_card.c     ****     
  80:sd_card.c     ****     return status;
 223              		.loc 1 80 0
 224 0022 FB7B     		ldrb	r3, [r7, #15]	@ zero_extendqisi2
  81:sd_card.c     **** }
 225              		.loc 1 81 0
 226 0024 1846     		mov	r0, r3
 227 0026 1037     		adds	r7, r7, #16
 228              		.cfi_def_cfa_offset 8
 229 0028 BD46     		mov	sp, r7
 230              		.cfi_def_cfa_register 13
 231              		@ sp needed
 232 002a 80BD     		pop	{r7, pc}
 233              		.cfi_endproc
 234              	.LFE66:
 235              		.size	SD_rmfile, .-SD_rmfile
 236              		.section	.text.SD_write,"ax",%progbits
 237              		.align	2
 238              		.global	SD_write
 239              		.thumb
 240              		.thumb_func
 241              		.type	SD_write, %function
 242              	SD_write:
 243              	.LFB67:
  82:sd_card.c     **** 
  83:sd_card.c     **** /**
  84:sd_card.c     ****  * @brief Write data to the SD card
  85:sd_card.c     ****  * @param fileName is the name of the file to write to
ARM GAS  C:\Users\kland\AppData\Local\Temp\ccK1iSQh.s 			page 7


  86:sd_card.c     ****  * @param pMode is the write mode
  87:sd_card.c     ****  * @param pData is the data to be written
  88:sd_card.c     ****  * @return 1u on success, 0u otherwise
  89:sd_card.c     ****  */
  90:sd_card.c     **** uint8 SD_write(const char * fileName, const char * pMode, const void * pData)
  91:sd_card.c     **** {
 244              		.loc 1 91 0
 245              		.cfi_startproc
 246              		@ args = 0, pretend = 0, frame = 24
 247              		@ frame_needed = 1, uses_anonymous_args = 0
 248 0000 80B5     		push	{r7, lr}
 249              		.cfi_def_cfa_offset 8
 250              		.cfi_offset 7, -8
 251              		.cfi_offset 14, -4
 252 0002 86B0     		sub	sp, sp, #24
 253              		.cfi_def_cfa_offset 32
 254 0004 00AF     		add	r7, sp, #0
 255              		.cfi_def_cfa_register 7
 256 0006 F860     		str	r0, [r7, #12]
 257 0008 B960     		str	r1, [r7, #8]
 258 000a 7A60     		str	r2, [r7, #4]
  92:sd_card.c     ****     uint8 status = 9u; // Initialize to a value not 0 or 1
 259              		.loc 1 92 0
 260 000c 0923     		movs	r3, #9
 261 000e FB75     		strb	r3, [r7, #23]
  93:sd_card.c     ****     FS_FILE *pFile; // FS_FILE data structure defined in FS.h
  94:sd_card.c     **** 
  95:sd_card.c     ****     SD_power_up(); // Wakeup the SD Card component
 262              		.loc 1 95 0
 263 0010 FFF7FEFF 		bl	SD_power_up
  96:sd_card.c     ****     
  97:sd_card.c     ****     // FS_FOpen() opens an existing file or creates a new one.
  98:sd_card.c     ****     // fileName is the file to be opened or created. It's a 0-termianted string that cannot be NULL
  99:sd_card.c     ****     // pMode indicates how the file should be opened. It's a 0-terminated string that cannot be NUL
 100:sd_card.c     ****     pFile = FS_FOpen(fileName, pMode);
 264              		.loc 1 100 0
 265 0014 B968     		ldr	r1, [r7, #8]
 266 0016 F868     		ldr	r0, [r7, #12]
 267 0018 FFF7FEFF 		bl	FS_FOpen
 268 001c 3861     		str	r0, [r7, #16]
 101:sd_card.c     ****     
 102:sd_card.c     ****     // If the SD card doesn't open, try reinitializing the filesystem
 103:sd_card.c     ****     if (pFile == 0){
 269              		.loc 1 103 0
 270 001e 3B69     		ldr	r3, [r7, #16]
 271 0020 002B     		cmp	r3, #0
 272 0022 08D1     		bne	.L9
 104:sd_card.c     ****         FS_DeInit(); // FS_DeInit() frees allocated resources
 273              		.loc 1 104 0
 274 0024 FFF7FEFF 		bl	FS_DeInit
 105:sd_card.c     ****         FS_Init(); // FS_Init() starts the file system
 275              		.loc 1 105 0
 276 0028 FFF7FEFF 		bl	FS_Init
 106:sd_card.c     ****         pFile = FS_FOpen(fileName, pMode);
 277              		.loc 1 106 0
 278 002c B968     		ldr	r1, [r7, #8]
 279 002e F868     		ldr	r0, [r7, #12]
ARM GAS  C:\Users\kland\AppData\Local\Temp\ccK1iSQh.s 			page 8


 280 0030 FFF7FEFF 		bl	FS_FOpen
 281 0034 3861     		str	r0, [r7, #16]
 282              	.L9:
 107:sd_card.c     ****     }
 108:sd_card.c     ****     
 109:sd_card.c     ****     // Note: We are using the "No Long File Name (LFN)" library,
 110:sd_card.c     ****     //  so names are limited to 8 characters and 3 bytes for extensions
 111:sd_card.c     ****     if (pFile != 0) {
 283              		.loc 1 111 0
 284 0036 3B69     		ldr	r3, [r7, #16]
 285 0038 002B     		cmp	r3, #0
 286 003a 10D0     		beq	.L10
 112:sd_card.c     ****         // FS_Write() writes data to file: pFile is handle to open file, pData is data to be writte
 113:sd_card.c     ****         FS_Write(pFile, pData, strlen(pData));
 287              		.loc 1 113 0
 288 003c 7868     		ldr	r0, [r7, #4]
 289 003e FFF7FEFF 		bl	strlen
 290 0042 0346     		mov	r3, r0
 291 0044 1A46     		mov	r2, r3
 292 0046 7968     		ldr	r1, [r7, #4]
 293 0048 3869     		ldr	r0, [r7, #16]
 294 004a FFF7FEFF 		bl	FS_Write
 114:sd_card.c     ****         
 115:sd_card.c     ****         // FS_FClose() closes an opened file using FS.h. It returns 1 if there's a failure, 0 if su
 116:sd_card.c     ****         // Typecasting (1+FS_FClose(pFile)) into an uint8 datatype
 117:sd_card.c     ****         // This makes it 0 if it's a failture, 1 if it's successful
 118:sd_card.c     ****         status = (uint8) ( -1*FS_FClose(pFile) )+1;
 295              		.loc 1 118 0
 296 004e 3869     		ldr	r0, [r7, #16]
 297 0050 FFF7FEFF 		bl	FS_FClose
 298 0054 0346     		mov	r3, r0
 299 0056 DBB2     		uxtb	r3, r3
 300 0058 C3F10103 		rsb	r3, r3, #1
 301 005c FB75     		strb	r3, [r7, #23]
 302              	.L10:
 119:sd_card.c     ****     }
 120:sd_card.c     ****     
 121:sd_card.c     ****     SD_power_down(); // Turn off the SD Card
 303              		.loc 1 121 0
 304 005e FFF7FEFF 		bl	SD_power_down
 122:sd_card.c     **** 
 123:sd_card.c     ****     
 124:sd_card.c     ****     return status;
 305              		.loc 1 124 0
 306 0062 FB7D     		ldrb	r3, [r7, #23]	@ zero_extendqisi2
 125:sd_card.c     **** }
 307              		.loc 1 125 0
 308 0064 1846     		mov	r0, r3
 309 0066 1837     		adds	r7, r7, #24
 310              		.cfi_def_cfa_offset 8
 311 0068 BD46     		mov	sp, r7
 312              		.cfi_def_cfa_register 13
 313              		@ sp needed
 314 006a 80BD     		pop	{r7, pc}
 315              		.cfi_endproc
 316              	.LFE67:
 317              		.size	SD_write, .-SD_write
ARM GAS  C:\Users\kland\AppData\Local\Temp\ccK1iSQh.s 			page 9


 318              		.section	.rodata
 319 0005 000000   		.align	2
 320              	.LC1:
 321 0008 7200     		.ascii	"r\000"
 322              		.section	.text.SD_read,"ax",%progbits
 323              		.align	2
 324              		.global	SD_read
 325              		.thumb
 326              		.thumb_func
 327              		.type	SD_read, %function
 328              	SD_read:
 329              	.LFB68:
 126:sd_card.c     **** 
 127:sd_card.c     **** /**
 128:sd_card.c     ****  * @brief Write data to the SD card
 129:sd_card.c     ****  * @param fileName is the name of the file to write to
 130:sd_card.c     ****  * @param pMode is the write mode
 131:sd_card.c     ****  * @param pData is the data to be written
 132:sd_card.c     ****  * @return 1u on success, 0u otherwise
 133:sd_card.c     ****  */
 134:sd_card.c     **** uint8 SD_read(const char * fileName,  void * pData, unsigned long NumBytes)
 135:sd_card.c     **** {
 330              		.loc 1 135 0
 331              		.cfi_startproc
 332              		@ args = 0, pretend = 0, frame = 24
 333              		@ frame_needed = 1, uses_anonymous_args = 0
 334 0000 80B5     		push	{r7, lr}
 335              		.cfi_def_cfa_offset 8
 336              		.cfi_offset 7, -8
 337              		.cfi_offset 14, -4
 338 0002 86B0     		sub	sp, sp, #24
 339              		.cfi_def_cfa_offset 32
 340 0004 00AF     		add	r7, sp, #0
 341              		.cfi_def_cfa_register 7
 342 0006 F860     		str	r0, [r7, #12]
 343 0008 B960     		str	r1, [r7, #8]
 344 000a 7A60     		str	r2, [r7, #4]
 136:sd_card.c     ****     uint8 status = 9u; // initialize to a value not 0 or 1
 345              		.loc 1 136 0
 346 000c 0923     		movs	r3, #9
 347 000e FB75     		strb	r3, [r7, #23]
 137:sd_card.c     ****     FS_FILE *pFile; // FS_FILE data structure defined in FS.h
 138:sd_card.c     **** 
 139:sd_card.c     ****     SD_power_up(); // Powerup the SD Card component
 348              		.loc 1 139 0
 349 0010 FFF7FEFF 		bl	SD_power_up
 140:sd_card.c     ****     
 141:sd_card.c     ****     // FS_FOpen() opens an existing file or creates a new one.
 142:sd_card.c     ****     // fileName is the file to be opened or created. It's a 0-terminated string that cannot be NULL
 143:sd_card.c     ****     // "r" indicates how the file should be opened, in this case, for reading.
 144:sd_card.c     ****     pFile = FS_FOpen(fileName, "r");
 350              		.loc 1 144 0
 351 0014 1349     		ldr	r1, .L16
 352 0016 F868     		ldr	r0, [r7, #12]
 353 0018 FFF7FEFF 		bl	FS_FOpen
 354 001c 3861     		str	r0, [r7, #16]
 145:sd_card.c     ****     
ARM GAS  C:\Users\kland\AppData\Local\Temp\ccK1iSQh.s 			page 10


 146:sd_card.c     ****     // If the SD card doesn't open, try reinitializing the filesystem
 147:sd_card.c     ****     if (pFile == 0){
 355              		.loc 1 147 0
 356 001e 3B69     		ldr	r3, [r7, #16]
 357 0020 002B     		cmp	r3, #0
 358 0022 08D1     		bne	.L13
 148:sd_card.c     ****         FS_DeInit();// FS_DeInit() frees allocated resources
 359              		.loc 1 148 0
 360 0024 FFF7FEFF 		bl	FS_DeInit
 149:sd_card.c     ****         FS_Init(); // FS_Init() starts the file system
 361              		.loc 1 149 0
 362 0028 FFF7FEFF 		bl	FS_Init
 150:sd_card.c     ****         pFile = FS_FOpen(fileName, "r");
 363              		.loc 1 150 0
 364 002c 0D49     		ldr	r1, .L16
 365 002e F868     		ldr	r0, [r7, #12]
 366 0030 FFF7FEFF 		bl	FS_FOpen
 367 0034 3861     		str	r0, [r7, #16]
 368              	.L13:
 151:sd_card.c     ****     }
 152:sd_card.c     ****     
 153:sd_card.c     ****     // Note: We are using the "No Long File Name (LFN)" library,
 154:sd_card.c     ****     //  so names are limited to 8 characters and 3 bytes for extensions
 155:sd_card.c     ****     if (pFile != 0) {
 369              		.loc 1 155 0
 370 0036 3B69     		ldr	r3, [r7, #16]
 371 0038 002B     		cmp	r3, #0
 372 003a 0CD0     		beq	.L14
 156:sd_card.c     ****         // FS_Read() reads data from a file: pFile is handle to an opened file, pData is the buffer
 157:sd_card.c     ****         FS_Read(pFile,pData,NumBytes);
 373              		.loc 1 157 0
 374 003c 7A68     		ldr	r2, [r7, #4]
 375 003e B968     		ldr	r1, [r7, #8]
 376 0040 3869     		ldr	r0, [r7, #16]
 377 0042 FFF7FEFF 		bl	FS_Read
 158:sd_card.c     ****         
 159:sd_card.c     ****         // FS_FClose() closes an opened file using FS.h. It returns 1 if there's a failure, 0 if su
 160:sd_card.c     ****         // Typecasting (1+FS_FClose(pFile)) into an uint8 datatype
 161:sd_card.c     ****         // This makes it 0 if it's a failture, 1 if it's successful
 162:sd_card.c     ****         status = (uint8) ( -1*FS_FClose(pFile) )+1;
 378              		.loc 1 162 0
 379 0046 3869     		ldr	r0, [r7, #16]
 380 0048 FFF7FEFF 		bl	FS_FClose
 381 004c 0346     		mov	r3, r0
 382 004e DBB2     		uxtb	r3, r3
 383 0050 C3F10103 		rsb	r3, r3, #1
 384 0054 FB75     		strb	r3, [r7, #23]
 385              	.L14:
 163:sd_card.c     ****     }
 164:sd_card.c     ****     
 165:sd_card.c     ****     SD_power_down(); // Power down the SD card
 386              		.loc 1 165 0
 387 0056 FFF7FEFF 		bl	SD_power_down
 166:sd_card.c     ****     
 167:sd_card.c     ****     return status;
 388              		.loc 1 167 0
 389 005a FB7D     		ldrb	r3, [r7, #23]	@ zero_extendqisi2
ARM GAS  C:\Users\kland\AppData\Local\Temp\ccK1iSQh.s 			page 11


 168:sd_card.c     **** }
 390              		.loc 1 168 0
 391 005c 1846     		mov	r0, r3
 392 005e 1837     		adds	r7, r7, #24
 393              		.cfi_def_cfa_offset 8
 394 0060 BD46     		mov	sp, r7
 395              		.cfi_def_cfa_register 13
 396              		@ sp needed
 397 0062 80BD     		pop	{r7, pc}
 398              	.L17:
 399              		.align	2
 400              	.L16:
 401 0064 08000000 		.word	.LC1
 402              		.cfi_endproc
 403              	.LFE68:
 404              		.size	SD_read, .-SD_read
 405              		.section	.text.SD_power_up,"ax",%progbits
 406              		.align	2
 407              		.global	SD_power_up
 408              		.thumb
 409              		.thumb_func
 410              		.type	SD_power_up, %function
 411              	SD_power_up:
 412              	.LFB69:
 169:sd_card.c     **** 
 170:sd_card.c     **** // Power up SD Card
 171:sd_card.c     **** void SD_power_up(){
 413              		.loc 1 171 0
 414              		.cfi_startproc
 415              		@ args = 0, pretend = 0, frame = 0
 416              		@ frame_needed = 1, uses_anonymous_args = 0
 417 0000 80B5     		push	{r7, lr}
 418              		.cfi_def_cfa_offset 8
 419              		.cfi_offset 7, -8
 420              		.cfi_offset 14, -4
 421 0002 00AF     		add	r7, sp, #0
 422              		.cfi_def_cfa_register 7
 172:sd_card.c     **** 
 173:sd_card.c     ****     emFile_Wakeup(); // Prepare SPIM Components to wake up.
 423              		.loc 1 173 0
 424 0004 FFF7FEFF 		bl	emFile_Wakeup
 174:sd_card.c     ****     
 175:sd_card.c     ****     SD_Card_Power_Write(ON); // Turn on the SD Card (pulls it high).
 425              		.loc 1 175 0
 426 0008 0120     		movs	r0, #1
 427 000a FFF7FEFF 		bl	SD_Card_Power_Write
 176:sd_card.c     ****     FS_Init(); // FS_Init() starts the file system
 428              		.loc 1 176 0
 429 000e FFF7FEFF 		bl	FS_Init
 177:sd_card.c     **** }
 430              		.loc 1 177 0
 431 0012 00BF     		nop
 432 0014 80BD     		pop	{r7, pc}
 433              		.cfi_endproc
 434              	.LFE69:
 435              		.size	SD_power_up, .-SD_power_up
 436 0016 00BF     		.section	.text.SD_power_down,"ax",%progbits
ARM GAS  C:\Users\kland\AppData\Local\Temp\ccK1iSQh.s 			page 12


 437              		.align	2
 438              		.global	SD_power_down
 439              		.thumb
 440              		.thumb_func
 441              		.type	SD_power_down, %function
 442              	SD_power_down:
 443              	.LFB70:
 178:sd_card.c     **** 
 179:sd_card.c     **** // Power down SD Card
 180:sd_card.c     **** void SD_power_down(){
 444              		.loc 1 180 0
 445              		.cfi_startproc
 446              		@ args = 0, pretend = 0, frame = 0
 447              		@ frame_needed = 1, uses_anonymous_args = 0
 448 0000 80B5     		push	{r7, lr}
 449              		.cfi_def_cfa_offset 8
 450              		.cfi_offset 7, -8
 451              		.cfi_offset 14, -4
 452 0002 00AF     		add	r7, sp, #0
 453              		.cfi_def_cfa_register 7
 181:sd_card.c     ****     
 182:sd_card.c     ****     SD_Card_Power_Write(OFF);  // Turn off the SD Card (pulls it low). 
 454              		.loc 1 182 0
 455 0004 0020     		movs	r0, #0
 456 0006 FFF7FEFF 		bl	SD_Card_Power_Write
 183:sd_card.c     ****     emFile_Sleep(); // emFIle_Sleep() prepare emFile to go to sleep.
 457              		.loc 1 183 0
 458 000a FFF7FEFF 		bl	emFile_Sleep
 184:sd_card.c     ****     FS_DeInit(); // FS_DeInit() frees allocated resources
 459              		.loc 1 184 0
 460 000e FFF7FEFF 		bl	FS_DeInit
 185:sd_card.c     ****     
 186:sd_card.c     ****     emFile_miso0_Write(OFF); // emFile_miso0_Write(): Assigns a new value to the digital port's dat
 461              		.loc 1 186 0
 462 0012 0020     		movs	r0, #0
 463 0014 FFF7FEFF 		bl	emFile_miso0_Write
 187:sd_card.c     ****     emFile_mosi0_Write(OFF); // emFile_mosi0_Write(): Assigns a new value to the digital port's dat
 464              		.loc 1 187 0
 465 0018 0020     		movs	r0, #0
 466 001a FFF7FEFF 		bl	emFile_mosi0_Write
 188:sd_card.c     ****     emFile_sclk0_Write(OFF); // emFile_sclk0_Write(): Assigns a new value to the digital port's dat
 467              		.loc 1 188 0
 468 001e 0020     		movs	r0, #0
 469 0020 FFF7FEFF 		bl	emFile_sclk0_Write
 189:sd_card.c     ****     emFile_SPI0_CS_Write(OFF); // emFile_SPIO_CS_Write(): Assigns a new value to the digital port's
 470              		.loc 1 189 0
 471 0024 0020     		movs	r0, #0
 472 0026 FFF7FEFF 		bl	emFile_SPI0_CS_Write
 190:sd_card.c     ****     // SD_Chip_Detect_Write(OFF);
 191:sd_card.c     **** }
 473              		.loc 1 191 0
 474 002a 00BF     		nop
 475 002c 80BD     		pop	{r7, pc}
 476              		.cfi_endproc
 477              	.LFE70:
 478              		.size	SD_power_down, .-SD_power_down
 479 002e 00BF     		.section	.rodata
ARM GAS  C:\Users\kland\AppData\Local\Temp\ccK1iSQh.s 			page 13


 480 000a 0000     		.align	2
 481              	.LC2:
 482 000c 54455354 		.ascii	"TEST_SD_CARD\000"
 482      5F53445F 
 482      43415244 
 482      00
 483 0019 000000   		.align	2
 484              	.LC5:
 485 001c 54455354 		.ascii	"TEST_PASS\000"
 485      5F504153 
 485      5300
 486 0026 0000     		.align	2
 487              	.LC6:
 488 0028 7700     		.ascii	"w\000"
 489 002a 0000     		.align	2
 490              	.LC7:
 491 002c 53554343 		.ascii	"SUCCESS WRITE READ DELETE FILE\000"
 491      45535320 
 491      57524954 
 491      45205245 
 491      41442044 
 492 004b 00       		.align	2
 493              	.LC8:
 494 004c 4641494C 		.ascii	"FAILED TO WRITE READ DELETE FILE\000"
 494      45442054 
 494      4F205752 
 494      49544520 
 494      52454144 
 495 006d 000000   		.align	2
 496              	.LC3:
 497 0070 54455354 		.ascii	"TEST_FAIL\000"
 497      5F464149 
 497      4C00
 498 007a 0000     		.align	2
 499              	.LC4:
 500 007c 74657374 		.ascii	"test.txt\000"
 500      2E747874 
 500      00
 501              		.section	.text.SD_card_test,"ax",%progbits
 502              		.align	2
 503              		.global	SD_card_test
 504              		.thumb
 505              		.thumb_func
 506              		.type	SD_card_test, %function
 507              	SD_card_test:
 508              	.LFB71:
 192:sd_card.c     **** 
 193:sd_card.c     **** // Testing the SD Card - create a  file, write random number, read number from file, delete directo
 194:sd_card.c     **** test_t SD_card_test(){
 509              		.loc 1 194 0
 510              		.cfi_startproc
 511              		@ args = 0, pretend = 0, frame = 424
 512              		@ frame_needed = 1, uses_anonymous_args = 0
 513 0000 F0B5     		push	{r4, r5, r6, r7, lr}
 514              		.cfi_def_cfa_offset 20
 515              		.cfi_offset 4, -20
 516              		.cfi_offset 5, -16
ARM GAS  C:\Users\kland\AppData\Local\Temp\ccK1iSQh.s 			page 14


 517              		.cfi_offset 6, -12
 518              		.cfi_offset 7, -8
 519              		.cfi_offset 14, -4
 520 0002 EBB0     		sub	sp, sp, #428
 521              		.cfi_def_cfa_offset 448
 522 0004 00AF     		add	r7, sp, #0
 523              		.cfi_def_cfa_register 7
 524 0006 3B1D     		adds	r3, r7, #4
 525 0008 1860     		str	r0, [r3]
 195:sd_card.c     ****     
 196:sd_card.c     ****     // test_t is a new data type we defined in test.h. We then use that data type to define a struc
 197:sd_card.c     ****     test_t test;
 198:sd_card.c     ****     snprintf(test.test_name,sizeof(test.test_name),"TEST_SD_CARD");
 526              		.loc 1 198 0
 527 000a 07F12403 		add	r3, r7, #36
 528 000e 3D4A     		ldr	r2, .L25
 529 0010 1C46     		mov	r4, r3
 530 0012 1346     		mov	r3, r2
 531 0014 0FCB     		ldmia	r3, {r0, r1, r2, r3}
 532 0016 07C4     		stmia	r4!, {r0, r1, r2}
 533 0018 2370     		strb	r3, [r4]
 199:sd_card.c     ****     test.status = 0;
 534              		.loc 1 199 0
 535 001a 07F12403 		add	r3, r7, #36
 536 001e 0022     		movs	r2, #0
 537 0020 83F88020 		strb	r2, [r3, #128]
 200:sd_card.c     ****     
 201:sd_card.c     ****     char data[] = "TEST_FAIL";
 538              		.loc 1 201 0
 539 0024 07F11803 		add	r3, r7, #24
 540 0028 374A     		ldr	r2, .L25+4
 541 002a 07CA     		ldmia	r2, {r0, r1, r2}
 542 002c 03C3     		stmia	r3!, {r0, r1}
 543 002e 1A80     		strh	r2, [r3]	@ movhi
 202:sd_card.c     ****     char fileName[] = "test.txt";
 544              		.loc 1 202 0
 545 0030 07F10C03 		add	r3, r7, #12
 546 0034 354A     		ldr	r2, .L25+8
 547 0036 07CA     		ldmia	r2, {r0, r1, r2}
 548 0038 03C3     		stmia	r3!, {r0, r1}
 549 003a 1A70     		strb	r2, [r3]
 203:sd_card.c     ****     
 204:sd_card.c     ****     SD_rmfile(fileName); // Remove file from SD Card
 550              		.loc 1 204 0
 551 003c 07F10C03 		add	r3, r7, #12
 552 0040 1846     		mov	r0, r3
 553 0042 FFF7FEFF 		bl	SD_rmfile
 205:sd_card.c     ****     SD_write(fileName,"w","TEST_PASS"); // Write data to SD Card
 554              		.loc 1 205 0
 555 0046 07F10C03 		add	r3, r7, #12
 556 004a 314A     		ldr	r2, .L25+12
 557 004c 3149     		ldr	r1, .L25+16
 558 004e 1846     		mov	r0, r3
 559 0050 FFF7FEFF 		bl	SD_write
 206:sd_card.c     ****     SD_read(fileName,data,sizeof(data)); // Read data from the SD card
 560              		.loc 1 206 0
 561 0054 07F11801 		add	r1, r7, #24
ARM GAS  C:\Users\kland\AppData\Local\Temp\ccK1iSQh.s 			page 15


 562 0058 07F10C03 		add	r3, r7, #12
 563 005c 0A22     		movs	r2, #10
 564 005e 1846     		mov	r0, r3
 565 0060 FFF7FEFF 		bl	SD_read
 207:sd_card.c     ****     test.status = SD_rmfile(fileName);
 566              		.loc 1 207 0
 567 0064 07F10C03 		add	r3, r7, #12
 568 0068 1846     		mov	r0, r3
 569 006a FFF7FEFF 		bl	SD_rmfile
 570 006e 0346     		mov	r3, r0
 571 0070 1A46     		mov	r2, r3
 572 0072 07F12403 		add	r3, r7, #36
 573 0076 83F88020 		strb	r2, [r3, #128]
 208:sd_card.c     ****     
 209:sd_card.c     ****     if(test.status == 1){
 574              		.loc 1 209 0
 575 007a 07F12403 		add	r3, r7, #36
 576 007e 93F88030 		ldrb	r3, [r3, #128]	@ zero_extendqisi2
 577 0082 012B     		cmp	r3, #1
 578 0084 14D1     		bne	.L21
 210:sd_card.c     ****         snprintf(test.reason,sizeof(test.reason),"SUCCESS WRITE READ DELETE FILE");
 579              		.loc 1 210 0
 580 0086 07F12403 		add	r3, r7, #36
 581 008a 8133     		adds	r3, r3, #129
 582 008c 224A     		ldr	r2, .L25+20
 583 008e 1D46     		mov	r5, r3
 584 0090 1446     		mov	r4, r2
 585 0092 0FCC     		ldmia	r4!, {r0, r1, r2, r3}
 586 0094 2860     		str	r0, [r5]	@ unaligned
 587 0096 6960     		str	r1, [r5, #4]	@ unaligned
 588 0098 AA60     		str	r2, [r5, #8]	@ unaligned
 589 009a EB60     		str	r3, [r5, #12]	@ unaligned
 590 009c 07CC     		ldmia	r4!, {r0, r1, r2}
 591 009e 2861     		str	r0, [r5, #16]	@ unaligned
 592 00a0 6961     		str	r1, [r5, #20]	@ unaligned
 593 00a2 AA61     		str	r2, [r5, #24]	@ unaligned
 594 00a4 2388     		ldrh	r3, [r4]	@ unaligned
 595 00a6 A278     		ldrb	r2, [r4, #2]
 596 00a8 AB83     		strh	r3, [r5, #28]	@ unaligned
 597 00aa 1346     		mov	r3, r2
 598 00ac AB77     		strb	r3, [r5, #30]
 599 00ae 17E0     		b	.L22
 600              	.L21:
 211:sd_card.c     ****     }else{
 212:sd_card.c     ****        snprintf(test.reason,sizeof(test.reason),"FAILED TO WRITE READ DELETE FILE"); 
 601              		.loc 1 212 0
 602 00b0 07F12403 		add	r3, r7, #36
 603 00b4 8133     		adds	r3, r3, #129
 604 00b6 194A     		ldr	r2, .L25+24
 605 00b8 1446     		mov	r4, r2
 606 00ba 9E46     		mov	lr, r3
 607 00bc 04F1200C 		add	ip, r4, #32
 608              	.L23:
 609 00c0 7546     		mov	r5, lr
 610 00c2 2646     		mov	r6, r4
 611 00c4 0FCE     		ldmia	r6!, {r0, r1, r2, r3}
 612 00c6 2860     		str	r0, [r5]	@ unaligned
ARM GAS  C:\Users\kland\AppData\Local\Temp\ccK1iSQh.s 			page 16


 613 00c8 6960     		str	r1, [r5, #4]	@ unaligned
 614 00ca AA60     		str	r2, [r5, #8]	@ unaligned
 615 00cc EB60     		str	r3, [r5, #12]	@ unaligned
 616 00ce 1034     		adds	r4, r4, #16
 617 00d0 0EF1100E 		add	lr, lr, #16
 618 00d4 6445     		cmp	r4, ip
 619 00d6 F3D1     		bne	.L23
 620 00d8 7346     		mov	r3, lr
 621 00da 2246     		mov	r2, r4
 622 00dc 1278     		ldrb	r2, [r2]
 623 00de 1A70     		strb	r2, [r3]
 624              	.L22:
 213:sd_card.c     ****     }
 214:sd_card.c     ****     
 215:sd_card.c     ****     return test;
 625              		.loc 1 215 0
 626 00e0 3B1D     		adds	r3, r7, #4
 627 00e2 1A68     		ldr	r2, [r3]
 628 00e4 07F12403 		add	r3, r7, #36
 629 00e8 1046     		mov	r0, r2
 630 00ea 1946     		mov	r1, r3
 631 00ec 40F28113 		movw	r3, #385
 632 00f0 1A46     		mov	r2, r3
 633 00f2 FFF7FEFF 		bl	memcpy
 216:sd_card.c     ****     
 217:sd_card.c     **** }
 634              		.loc 1 217 0
 635 00f6 3B1D     		adds	r3, r7, #4
 636 00f8 1868     		ldr	r0, [r3]
 637 00fa 07F5D677 		add	r7, r7, #428
 638              		.cfi_def_cfa_offset 20
 639 00fe BD46     		mov	sp, r7
 640              		.cfi_def_cfa_register 13
 641              		@ sp needed
 642 0100 F0BD     		pop	{r4, r5, r6, r7, pc}
 643              	.L26:
 644 0102 00BF     		.align	2
 645              	.L25:
 646 0104 0C000000 		.word	.LC2
 647 0108 70000000 		.word	.LC3
 648 010c 7C000000 		.word	.LC4
 649 0110 1C000000 		.word	.LC5
 650 0114 28000000 		.word	.LC6
 651 0118 2C000000 		.word	.LC7
 652 011c 4C000000 		.word	.LC8
 653              		.cfi_endproc
 654              	.LFE71:
 655              		.size	SD_card_test, .-SD_card_test
 656              		.text
 657              	.Letext0:
 658              		.file 2 "c:\\program files (x86)\\cypress\\psoc creator\\4.4\\psoc creator\\import\\gnu\\arm\\5.4.
 659              		.file 3 "c:\\program files (x86)\\cypress\\psoc creator\\4.4\\psoc creator\\import\\gnu\\arm\\5.4.
 660              		.file 4 "Generated_Source\\PSoC5/cytypes.h"
 661              		.file 5 "testing.h"
 662              		.file 6 "..\\emFile_V322c\\Code\\Include\\PSoC5/FS_Types.h"
 663              		.file 7 "data.h"
 664              		.file 8 "modem.h"
ARM GAS  C:\Users\kland\AppData\Local\Temp\ccK1iSQh.s 			page 17


 665              		.file 9 "notoriOS.h"
 666              		.file 10 "Generated_Source\\PSoC5/core_cm3.h"
 667              		.file 11 "App_LED.h"
 668              		.file 12 "level_sensor.h"
 669              		.file 13 "valve.h"
 670              		.file 14 "autosampler.h"
 671              		.file 15 "sontek.h"
 672              		.section	.debug_info,"",%progbits
 673              	.Ldebug_info0:
 674 0000 18090000 		.4byte	0x918
 675 0004 0400     		.2byte	0x4
 676 0006 00000000 		.4byte	.Ldebug_abbrev0
 677 000a 04       		.byte	0x4
 678 000b 01       		.uleb128 0x1
 679 000c 77000000 		.4byte	.LASF125
 680 0010 0C       		.byte	0xc
 681 0011 B9010000 		.4byte	.LASF126
 682 0015 A4030000 		.4byte	.LASF127
 683 0019 00000000 		.4byte	.Ldebug_ranges0+0
 684 001d 00000000 		.4byte	0
 685 0021 00000000 		.4byte	.Ldebug_line0
 686 0025 02       		.uleb128 0x2
 687 0026 01       		.byte	0x1
 688 0027 06       		.byte	0x6
 689 0028 6D010000 		.4byte	.LASF0
 690 002c 02       		.uleb128 0x2
 691 002d 01       		.byte	0x1
 692 002e 08       		.byte	0x8
 693 002f 88040000 		.4byte	.LASF1
 694 0033 02       		.uleb128 0x2
 695 0034 02       		.byte	0x2
 696 0035 05       		.byte	0x5
 697 0036 BC040000 		.4byte	.LASF2
 698 003a 02       		.uleb128 0x2
 699 003b 02       		.byte	0x2
 700 003c 07       		.byte	0x7
 701 003d B2050000 		.4byte	.LASF3
 702 0041 03       		.uleb128 0x3
 703 0042 86050000 		.4byte	.LASF12
 704 0046 02       		.byte	0x2
 705 0047 3F       		.byte	0x3f
 706 0048 4C000000 		.4byte	0x4c
 707 004c 02       		.uleb128 0x2
 708 004d 04       		.byte	0x4
 709 004e 05       		.byte	0x5
 710 004f F1010000 		.4byte	.LASF4
 711 0053 02       		.uleb128 0x2
 712 0054 04       		.byte	0x4
 713 0055 07       		.byte	0x7
 714 0056 D3020000 		.4byte	.LASF5
 715 005a 02       		.uleb128 0x2
 716 005b 08       		.byte	0x8
 717 005c 05       		.byte	0x5
 718 005d 5F010000 		.4byte	.LASF6
 719 0061 02       		.uleb128 0x2
 720 0062 08       		.byte	0x8
 721 0063 07       		.byte	0x7
ARM GAS  C:\Users\kland\AppData\Local\Temp\ccK1iSQh.s 			page 18


 722 0064 05010000 		.4byte	.LASF7
 723 0068 04       		.uleb128 0x4
 724 0069 04       		.byte	0x4
 725 006a 05       		.byte	0x5
 726 006b 696E7400 		.ascii	"int\000"
 727 006f 02       		.uleb128 0x2
 728 0070 04       		.byte	0x4
 729 0071 07       		.byte	0x7
 730 0072 57050000 		.4byte	.LASF8
 731 0076 02       		.uleb128 0x2
 732 0077 08       		.byte	0x8
 733 0078 04       		.byte	0x4
 734 0079 46050000 		.4byte	.LASF9
 735 007d 05       		.uleb128 0x5
 736 007e 04       		.byte	0x4
 737 007f 02       		.uleb128 0x2
 738 0080 04       		.byte	0x4
 739 0081 07       		.byte	0x7
 740 0082 ED030000 		.4byte	.LASF10
 741 0086 06       		.uleb128 0x6
 742 0087 04       		.byte	0x4
 743 0088 8C000000 		.4byte	0x8c
 744 008c 02       		.uleb128 0x2
 745 008d 01       		.byte	0x1
 746 008e 08       		.byte	0x8
 747 008f 52050000 		.4byte	.LASF11
 748 0093 06       		.uleb128 0x6
 749 0094 04       		.byte	0x4
 750 0095 99000000 		.4byte	0x99
 751 0099 07       		.uleb128 0x7
 752 009a 8C000000 		.4byte	0x8c
 753 009e 08       		.uleb128 0x8
 754 009f 8C000000 		.4byte	0x8c
 755 00a3 AE000000 		.4byte	0xae
 756 00a7 09       		.uleb128 0x9
 757 00a8 7F000000 		.4byte	0x7f
 758 00ac 17       		.byte	0x17
 759 00ad 00       		.byte	0
 760 00ae 03       		.uleb128 0x3
 761 00af 80040000 		.4byte	.LASF13
 762 00b3 03       		.byte	0x3
 763 00b4 2C       		.byte	0x2c
 764 00b5 41000000 		.4byte	0x41
 765 00b9 0A       		.uleb128 0xa
 766 00ba 16020000 		.4byte	.LASF14
 767 00be 04       		.byte	0x4
 768 00bf 9201     		.2byte	0x192
 769 00c1 2C000000 		.4byte	0x2c
 770 00c5 0A       		.uleb128 0xa
 771 00c6 00000000 		.4byte	.LASF15
 772 00ca 04       		.byte	0x4
 773 00cb 9301     		.2byte	0x193
 774 00cd 3A000000 		.4byte	0x3a
 775 00d1 0A       		.uleb128 0xa
 776 00d2 91060000 		.4byte	.LASF16
 777 00d6 04       		.byte	0x4
 778 00d7 9601     		.2byte	0x196
ARM GAS  C:\Users\kland\AppData\Local\Temp\ccK1iSQh.s 			page 19


 779 00d9 33000000 		.4byte	0x33
 780 00dd 0A       		.uleb128 0xa
 781 00de 32020000 		.4byte	.LASF17
 782 00e2 04       		.byte	0x4
 783 00e3 9701     		.2byte	0x197
 784 00e5 4C000000 		.4byte	0x4c
 785 00e9 0A       		.uleb128 0xa
 786 00ea E5030000 		.4byte	.LASF18
 787 00ee 04       		.byte	0x4
 788 00ef 9801     		.2byte	0x198
 789 00f1 F5000000 		.4byte	0xf5
 790 00f5 02       		.uleb128 0x2
 791 00f6 04       		.byte	0x4
 792 00f7 04       		.byte	0x4
 793 00f8 5E040000 		.4byte	.LASF19
 794 00fc 02       		.uleb128 0x2
 795 00fd 08       		.byte	0x8
 796 00fe 04       		.byte	0x4
 797 00ff D4060000 		.4byte	.LASF20
 798 0103 06       		.uleb128 0x6
 799 0104 04       		.byte	0x4
 800 0105 09010000 		.4byte	0x109
 801 0109 0B       		.uleb128 0xb
 802 010a 0C       		.uleb128 0xc
 803 010b 8101     		.2byte	0x181
 804 010d 05       		.byte	0x5
 805 010e 0A       		.byte	0xa
 806 010f 38010000 		.4byte	0x138
 807 0113 0D       		.uleb128 0xd
 808 0114 70040000 		.4byte	.LASF21
 809 0118 05       		.byte	0x5
 810 0119 0C       		.byte	0xc
 811 011a 38010000 		.4byte	0x138
 812 011e 00       		.byte	0
 813 011f 0D       		.uleb128 0xd
 814 0120 03060000 		.4byte	.LASF22
 815 0124 05       		.byte	0x5
 816 0125 0D       		.byte	0xd
 817 0126 B9000000 		.4byte	0xb9
 818 012a 80       		.byte	0x80
 819 012b 0D       		.uleb128 0xd
 820 012c F6040000 		.4byte	.LASF23
 821 0130 05       		.byte	0x5
 822 0131 0F       		.byte	0xf
 823 0132 48010000 		.4byte	0x148
 824 0136 81       		.byte	0x81
 825 0137 00       		.byte	0
 826 0138 08       		.uleb128 0x8
 827 0139 8C000000 		.4byte	0x8c
 828 013d 48010000 		.4byte	0x148
 829 0141 09       		.uleb128 0x9
 830 0142 7F000000 		.4byte	0x7f
 831 0146 7F       		.byte	0x7f
 832 0147 00       		.byte	0
 833 0148 08       		.uleb128 0x8
 834 0149 8C000000 		.4byte	0x8c
 835 014d 58010000 		.4byte	0x158
ARM GAS  C:\Users\kland\AppData\Local\Temp\ccK1iSQh.s 			page 20


 836 0151 09       		.uleb128 0x9
 837 0152 7F000000 		.4byte	0x7f
 838 0156 FF       		.byte	0xff
 839 0157 00       		.byte	0
 840 0158 03       		.uleb128 0x3
 841 0159 DE040000 		.4byte	.LASF24
 842 015d 05       		.byte	0x5
 843 015e 10       		.byte	0x10
 844 015f 0A010000 		.4byte	0x10a
 845 0163 03       		.uleb128 0x3
 846 0164 BF060000 		.4byte	.LASF25
 847 0168 06       		.byte	0x6
 848 0169 7E       		.byte	0x7e
 849 016a 6E010000 		.4byte	0x16e
 850 016e 0E       		.uleb128 0xe
 851 016f BF060000 		.4byte	.LASF25
 852 0173 06       		.uleb128 0x6
 853 0174 04       		.byte	0x4
 854 0175 63010000 		.4byte	0x163
 855 0179 0F       		.uleb128 0xf
 856 017a 2C       		.byte	0x2c
 857 017b 07       		.byte	0x7
 858 017c 14       		.byte	0x14
 859 017d A6010000 		.4byte	0x1a6
 860 0181 10       		.uleb128 0x10
 861 0182 6B657900 		.ascii	"key\000"
 862 0186 07       		.byte	0x7
 863 0187 15       		.byte	0x15
 864 0188 A6010000 		.4byte	0x1a6
 865 018c 00       		.byte	0
 866 018d 0D       		.uleb128 0xd
 867 018e 81020000 		.4byte	.LASF26
 868 0192 07       		.byte	0x7
 869 0193 16       		.byte	0x16
 870 0194 A6010000 		.4byte	0x1a6
 871 0198 14       		.byte	0x14
 872 0199 0D       		.uleb128 0xd
 873 019a 1C040000 		.4byte	.LASF27
 874 019e 07       		.byte	0x7
 875 019f 17       		.byte	0x17
 876 01a0 DD000000 		.4byte	0xdd
 877 01a4 28       		.byte	0x28
 878 01a5 00       		.byte	0
 879 01a6 08       		.uleb128 0x8
 880 01a7 8C000000 		.4byte	0x8c
 881 01ab B6010000 		.4byte	0x1b6
 882 01af 09       		.uleb128 0x9
 883 01b0 7F000000 		.4byte	0x7f
 884 01b4 13       		.byte	0x13
 885 01b5 00       		.byte	0
 886 01b6 03       		.uleb128 0x3
 887 01b7 B0020000 		.4byte	.LASF28
 888 01bb 07       		.byte	0x7
 889 01bc 19       		.byte	0x19
 890 01bd 79010000 		.4byte	0x179
 891 01c1 0F       		.uleb128 0xf
 892 01c2 3C       		.byte	0x3c
ARM GAS  C:\Users\kland\AppData\Local\Temp\ccK1iSQh.s 			page 21


 893 01c3 08       		.byte	0x8
 894 01c4 36       		.byte	0x36
 895 01c5 EE010000 		.4byte	0x1ee
 896 01c9 0D       		.uleb128 0xd
 897 01ca C5050000 		.4byte	.LASF29
 898 01ce 08       		.byte	0x8
 899 01cf 37       		.byte	0x37
 900 01d0 A6010000 		.4byte	0x1a6
 901 01d4 00       		.byte	0
 902 01d5 0D       		.uleb128 0xd
 903 01d6 50020000 		.4byte	.LASF30
 904 01da 08       		.byte	0x8
 905 01db 38       		.byte	0x38
 906 01dc A6010000 		.4byte	0x1a6
 907 01e0 14       		.byte	0x14
 908 01e1 0D       		.uleb128 0xd
 909 01e2 F1040000 		.4byte	.LASF31
 910 01e6 08       		.byte	0x8
 911 01e7 39       		.byte	0x39
 912 01e8 A6010000 		.4byte	0x1a6
 913 01ec 28       		.byte	0x28
 914 01ed 00       		.byte	0
 915 01ee 03       		.uleb128 0x3
 916 01ef C3010000 		.4byte	.LASF32
 917 01f3 08       		.byte	0x8
 918 01f4 3B       		.byte	0x3b
 919 01f5 C1010000 		.4byte	0x1c1
 920 01f9 0F       		.uleb128 0xf
 921 01fa 20       		.byte	0x20
 922 01fb 08       		.byte	0x8
 923 01fc 3D       		.byte	0x3d
 924 01fd 62020000 		.4byte	0x262
 925 0201 0D       		.uleb128 0xd
 926 0202 EB010000 		.4byte	.LASF33
 927 0206 08       		.byte	0x8
 928 0207 3E       		.byte	0x3e
 929 0208 68000000 		.4byte	0x68
 930 020c 00       		.byte	0
 931 020d 10       		.uleb128 0x10
 932 020e 62657200 		.ascii	"ber\000"
 933 0212 08       		.byte	0x8
 934 0213 3F       		.byte	0x3f
 935 0214 68000000 		.4byte	0x68
 936 0218 04       		.byte	0x4
 937 0219 0D       		.uleb128 0xd
 938 021a D0040000 		.4byte	.LASF34
 939 021e 08       		.byte	0x8
 940 021f 40       		.byte	0x40
 941 0220 68000000 		.4byte	0x68
 942 0224 08       		.byte	0x8
 943 0225 0D       		.uleb128 0xd
 944 0226 79010000 		.4byte	.LASF35
 945 022a 08       		.byte	0x8
 946 022b 41       		.byte	0x41
 947 022c 68000000 		.4byte	0x68
 948 0230 0C       		.byte	0xc
 949 0231 0D       		.uleb128 0xd
ARM GAS  C:\Users\kland\AppData\Local\Temp\ccK1iSQh.s 			page 22


 950 0232 B7040000 		.4byte	.LASF36
 951 0236 08       		.byte	0x8
 952 0237 42       		.byte	0x42
 953 0238 68000000 		.4byte	0x68
 954 023c 10       		.byte	0x10
 955 023d 0D       		.uleb128 0xd
 956 023e FD040000 		.4byte	.LASF37
 957 0242 08       		.byte	0x8
 958 0243 43       		.byte	0x43
 959 0244 68000000 		.4byte	0x68
 960 0248 14       		.byte	0x14
 961 0249 0D       		.uleb128 0xd
 962 024a 8C010000 		.4byte	.LASF38
 963 024e 08       		.byte	0x8
 964 024f 44       		.byte	0x44
 965 0250 68000000 		.4byte	0x68
 966 0254 18       		.byte	0x18
 967 0255 0D       		.uleb128 0xd
 968 0256 20030000 		.4byte	.LASF39
 969 025a 08       		.byte	0x8
 970 025b 45       		.byte	0x45
 971 025c 68000000 		.4byte	0x68
 972 0260 1C       		.byte	0x1c
 973 0261 00       		.byte	0
 974 0262 03       		.uleb128 0x3
 975 0263 02050000 		.4byte	.LASF40
 976 0267 08       		.byte	0x8
 977 0268 47       		.byte	0x47
 978 0269 F9010000 		.4byte	0x1f9
 979 026d 0F       		.uleb128 0xf
 980 026e 0B       		.byte	0xb
 981 026f 08       		.byte	0x8
 982 0270 53       		.byte	0x53
 983 0271 FA020000 		.4byte	0x2fa
 984 0275 0D       		.uleb128 0xd
 985 0276 38020000 		.4byte	.LASF41
 986 027a 08       		.byte	0x8
 987 027b 55       		.byte	0x55
 988 027c B9000000 		.4byte	0xb9
 989 0280 00       		.byte	0
 990 0281 0D       		.uleb128 0xd
 991 0282 B6060000 		.4byte	.LASF42
 992 0286 08       		.byte	0x8
 993 0287 57       		.byte	0x57
 994 0288 FA020000 		.4byte	0x2fa
 995 028c 01       		.byte	0x1
 996 028d 0D       		.uleb128 0xd
 997 028e 99050000 		.4byte	.LASF43
 998 0292 08       		.byte	0x8
 999 0293 59       		.byte	0x59
 1000 0294 B9000000 		.4byte	0xb9
 1001 0298 02       		.byte	0x2
 1002 0299 0D       		.uleb128 0xd
 1003 029a C6040000 		.4byte	.LASF44
 1004 029e 08       		.byte	0x8
 1005 029f 5B       		.byte	0x5b
 1006 02a0 B9000000 		.4byte	0xb9
ARM GAS  C:\Users\kland\AppData\Local\Temp\ccK1iSQh.s 			page 23


 1007 02a4 03       		.byte	0x3
 1008 02a5 0D       		.uleb128 0xd
 1009 02a6 6E020000 		.4byte	.LASF45
 1010 02aa 08       		.byte	0x8
 1011 02ab 5E       		.byte	0x5e
 1012 02ac B9000000 		.4byte	0xb9
 1013 02b0 04       		.byte	0x4
 1014 02b1 0D       		.uleb128 0xd
 1015 02b2 4A060000 		.4byte	.LASF46
 1016 02b6 08       		.byte	0x8
 1017 02b7 63       		.byte	0x63
 1018 02b8 B9000000 		.4byte	0xb9
 1019 02bc 05       		.byte	0x5
 1020 02bd 0D       		.uleb128 0xd
 1021 02be 21050000 		.4byte	.LASF47
 1022 02c2 08       		.byte	0x8
 1023 02c3 65       		.byte	0x65
 1024 02c4 B9000000 		.4byte	0xb9
 1025 02c8 06       		.byte	0x6
 1026 02c9 0D       		.uleb128 0xd
 1027 02ca D8050000 		.4byte	.LASF48
 1028 02ce 08       		.byte	0x8
 1029 02cf 66       		.byte	0x66
 1030 02d0 B9000000 		.4byte	0xb9
 1031 02d4 07       		.byte	0x7
 1032 02d5 0D       		.uleb128 0xd
 1033 02d6 AC040000 		.4byte	.LASF49
 1034 02da 08       		.byte	0x8
 1035 02db 67       		.byte	0x67
 1036 02dc B9000000 		.4byte	0xb9
 1037 02e0 08       		.byte	0x8
 1038 02e1 0D       		.uleb128 0xd
 1039 02e2 97060000 		.4byte	.LASF50
 1040 02e6 08       		.byte	0x8
 1041 02e7 68       		.byte	0x68
 1042 02e8 B9000000 		.4byte	0xb9
 1043 02ec 09       		.byte	0x9
 1044 02ed 0D       		.uleb128 0xd
 1045 02ee 7A050000 		.4byte	.LASF51
 1046 02f2 08       		.byte	0x8
 1047 02f3 69       		.byte	0x69
 1048 02f4 B9000000 		.4byte	0xb9
 1049 02f8 0A       		.byte	0xa
 1050 02f9 00       		.byte	0
 1051 02fa 02       		.uleb128 0x2
 1052 02fb 01       		.byte	0x1
 1053 02fc 02       		.byte	0x2
 1054 02fd 7A040000 		.4byte	.LASF52
 1055 0301 03       		.uleb128 0x3
 1056 0302 61030000 		.4byte	.LASF53
 1057 0306 08       		.byte	0x8
 1058 0307 6F       		.byte	0x6f
 1059 0308 6D020000 		.4byte	0x26d
 1060 030c 0F       		.uleb128 0xf
 1061 030d 06       		.byte	0x6
 1062 030e 09       		.byte	0x9
 1063 030f 36       		.byte	0x36
ARM GAS  C:\Users\kland\AppData\Local\Temp\ccK1iSQh.s 			page 24


 1064 0310 45030000 		.4byte	0x345
 1065 0314 0D       		.uleb128 0xd
 1066 0315 5F020000 		.4byte	.LASF54
 1067 0319 09       		.byte	0x9
 1068 031a 38       		.byte	0x38
 1069 031b C5000000 		.4byte	0xc5
 1070 031f 00       		.byte	0
 1071 0320 0D       		.uleb128 0xd
 1072 0321 FA010000 		.4byte	.LASF55
 1073 0325 09       		.byte	0x9
 1074 0326 39       		.byte	0x39
 1075 0327 D1000000 		.4byte	0xd1
 1076 032b 02       		.byte	0x2
 1077 032c 0D       		.uleb128 0xd
 1078 032d A8060000 		.4byte	.LASF56
 1079 0331 09       		.byte	0x9
 1080 0332 3A       		.byte	0x3a
 1081 0333 B9000000 		.4byte	0xb9
 1082 0337 04       		.byte	0x4
 1083 0338 0D       		.uleb128 0xd
 1084 0339 42000000 		.4byte	.LASF57
 1085 033d 09       		.byte	0x9
 1086 033e 3B       		.byte	0x3b
 1087 033f B9000000 		.4byte	0xb9
 1088 0343 05       		.byte	0x5
 1089 0344 00       		.byte	0
 1090 0345 03       		.uleb128 0x3
 1091 0346 10020000 		.4byte	.LASF58
 1092 034a 09       		.byte	0x9
 1093 034b 3E       		.byte	0x3e
 1094 034c 50030000 		.4byte	0x350
 1095 0350 11       		.uleb128 0x11
 1096 0351 0C030000 		.4byte	0x30c
 1097 0355 0F       		.uleb128 0xf
 1098 0356 1C       		.byte	0x1c
 1099 0357 09       		.byte	0x9
 1100 0358 41       		.byte	0x41
 1101 0359 76030000 		.4byte	0x376
 1102 035d 0D       		.uleb128 0xd
 1103 035e F2020000 		.4byte	.LASF59
 1104 0362 09       		.byte	0x9
 1105 0363 43       		.byte	0x43
 1106 0364 76030000 		.4byte	0x376
 1107 0368 00       		.byte	0
 1108 0369 0D       		.uleb128 0xd
 1109 036a 42020000 		.4byte	.LASF60
 1110 036e 09       		.byte	0x9
 1111 036f 44       		.byte	0x44
 1112 0370 9E000000 		.4byte	0x9e
 1113 0374 04       		.byte	0x4
 1114 0375 00       		.byte	0
 1115 0376 06       		.uleb128 0x6
 1116 0377 04       		.byte	0x4
 1117 0378 EE010000 		.4byte	0x1ee
 1118 037c 03       		.uleb128 0x3
 1119 037d 56030000 		.4byte	.LASF61
 1120 0381 09       		.byte	0x9
ARM GAS  C:\Users\kland\AppData\Local\Temp\ccK1iSQh.s 			page 25


 1121 0382 46       		.byte	0x46
 1122 0383 55030000 		.4byte	0x355
 1123 0387 0F       		.uleb128 0xf
 1124 0388 68       		.byte	0x68
 1125 0389 09       		.byte	0x9
 1126 038a 4C       		.byte	0x4c
 1127 038b A8030000 		.4byte	0x3a8
 1128 038f 0D       		.uleb128 0xd
 1129 0390 FD020000 		.4byte	.LASF62
 1130 0394 09       		.byte	0x9
 1131 0395 51       		.byte	0x51
 1132 0396 A8030000 		.4byte	0x3a8
 1133 039a 00       		.byte	0
 1134 039b 0D       		.uleb128 0xd
 1135 039c EA020000 		.4byte	.LASF63
 1136 03a0 09       		.byte	0x9
 1137 03a1 52       		.byte	0x52
 1138 03a2 68000000 		.4byte	0x68
 1139 03a6 64       		.byte	0x64
 1140 03a7 00       		.byte	0
 1141 03a8 08       		.uleb128 0x8
 1142 03a9 8C000000 		.4byte	0x8c
 1143 03ad B8030000 		.4byte	0x3b8
 1144 03b1 09       		.uleb128 0x9
 1145 03b2 7F000000 		.4byte	0x7f
 1146 03b6 63       		.byte	0x63
 1147 03b7 00       		.byte	0
 1148 03b8 03       		.uleb128 0x3
 1149 03b9 F6030000 		.4byte	.LASF64
 1150 03bd 09       		.byte	0x9
 1151 03be 58       		.byte	0x58
 1152 03bf 87030000 		.4byte	0x387
 1153 03c3 12       		.uleb128 0x12
 1154 03c4 E9060000 		.4byte	.LASF75
 1155 03c8 01       		.byte	0x1
 1156 03c9 1E       		.byte	0x1e
 1157 03ca 00000000 		.4byte	.LFB64
 1158 03ce 0C000000 		.4byte	.LFE64-.LFB64
 1159 03d2 01       		.uleb128 0x1
 1160 03d3 9C       		.byte	0x9c
 1161 03d4 13       		.uleb128 0x13
 1162 03d5 1C020000 		.4byte	.LASF65
 1163 03d9 01       		.byte	0x1
 1164 03da 2C       		.byte	0x2c
 1165 03db B9000000 		.4byte	0xb9
 1166 03df 00000000 		.4byte	.LFB65
 1167 03e3 40000000 		.4byte	.LFE65-.LFB65
 1168 03e7 01       		.uleb128 0x1
 1169 03e8 9C       		.byte	0x9c
 1170 03e9 0A040000 		.4byte	0x40a
 1171 03ed 14       		.uleb128 0x14
 1172 03ee D5040000 		.4byte	.LASF67
 1173 03f2 01       		.byte	0x1
 1174 03f3 2C       		.byte	0x2c
 1175 03f4 86000000 		.4byte	0x86
 1176 03f8 02       		.uleb128 0x2
 1177 03f9 91       		.byte	0x91
ARM GAS  C:\Users\kland\AppData\Local\Temp\ccK1iSQh.s 			page 26


 1178 03fa 6C       		.sleb128 -20
 1179 03fb 15       		.uleb128 0x15
 1180 03fc 03060000 		.4byte	.LASF22
 1181 0400 01       		.byte	0x1
 1182 0401 2E       		.byte	0x2e
 1183 0402 B9000000 		.4byte	0xb9
 1184 0406 02       		.uleb128 0x2
 1185 0407 91       		.byte	0x91
 1186 0408 77       		.sleb128 -9
 1187 0409 00       		.byte	0
 1188 040a 13       		.uleb128 0x13
 1189 040b BC020000 		.4byte	.LASF66
 1190 040f 01       		.byte	0x1
 1191 0410 43       		.byte	0x43
 1192 0411 B9000000 		.4byte	0xb9
 1193 0415 00000000 		.4byte	.LFB66
 1194 0419 2C000000 		.4byte	.LFE66-.LFB66
 1195 041d 01       		.uleb128 0x1
 1196 041e 9C       		.byte	0x9c
 1197 041f 40040000 		.4byte	0x440
 1198 0423 14       		.uleb128 0x14
 1199 0424 39000000 		.4byte	.LASF68
 1200 0428 01       		.byte	0x1
 1201 0429 43       		.byte	0x43
 1202 042a 93000000 		.4byte	0x93
 1203 042e 02       		.uleb128 0x2
 1204 042f 91       		.byte	0x91
 1205 0430 6C       		.sleb128 -20
 1206 0431 15       		.uleb128 0x15
 1207 0432 03060000 		.4byte	.LASF22
 1208 0436 01       		.byte	0x1
 1209 0437 45       		.byte	0x45
 1210 0438 B9000000 		.4byte	0xb9
 1211 043c 02       		.uleb128 0x2
 1212 043d 91       		.byte	0x91
 1213 043e 77       		.sleb128 -9
 1214 043f 00       		.byte	0
 1215 0440 13       		.uleb128 0x13
 1216 0441 49040000 		.4byte	.LASF69
 1217 0445 01       		.byte	0x1
 1218 0446 5A       		.byte	0x5a
 1219 0447 B9000000 		.4byte	0xb9
 1220 044b 00000000 		.4byte	.LFB67
 1221 044f 6C000000 		.4byte	.LFE67-.LFB67
 1222 0453 01       		.uleb128 0x1
 1223 0454 9C       		.byte	0x9c
 1224 0455 A0040000 		.4byte	0x4a0
 1225 0459 14       		.uleb128 0x14
 1226 045a 39000000 		.4byte	.LASF68
 1227 045e 01       		.byte	0x1
 1228 045f 5A       		.byte	0x5a
 1229 0460 93000000 		.4byte	0x93
 1230 0464 02       		.uleb128 0x2
 1231 0465 91       		.byte	0x91
 1232 0466 6C       		.sleb128 -20
 1233 0467 14       		.uleb128 0x14
 1234 0468 A6040000 		.4byte	.LASF70
ARM GAS  C:\Users\kland\AppData\Local\Temp\ccK1iSQh.s 			page 27


 1235 046c 01       		.byte	0x1
 1236 046d 5A       		.byte	0x5a
 1237 046e 93000000 		.4byte	0x93
 1238 0472 02       		.uleb128 0x2
 1239 0473 91       		.byte	0x91
 1240 0474 68       		.sleb128 -24
 1241 0475 14       		.uleb128 0x14
 1242 0476 59020000 		.4byte	.LASF71
 1243 047a 01       		.byte	0x1
 1244 047b 5A       		.byte	0x5a
 1245 047c 03010000 		.4byte	0x103
 1246 0480 02       		.uleb128 0x2
 1247 0481 91       		.byte	0x91
 1248 0482 64       		.sleb128 -28
 1249 0483 15       		.uleb128 0x15
 1250 0484 03060000 		.4byte	.LASF22
 1251 0488 01       		.byte	0x1
 1252 0489 5C       		.byte	0x5c
 1253 048a B9000000 		.4byte	0xb9
 1254 048e 02       		.uleb128 0x2
 1255 048f 91       		.byte	0x91
 1256 0490 77       		.sleb128 -9
 1257 0491 15       		.uleb128 0x15
 1258 0492 43040000 		.4byte	.LASF72
 1259 0496 01       		.byte	0x1
 1260 0497 5D       		.byte	0x5d
 1261 0498 73010000 		.4byte	0x173
 1262 049c 02       		.uleb128 0x2
 1263 049d 91       		.byte	0x91
 1264 049e 70       		.sleb128 -16
 1265 049f 00       		.byte	0
 1266 04a0 13       		.uleb128 0x13
 1267 04a1 26040000 		.4byte	.LASF73
 1268 04a5 01       		.byte	0x1
 1269 04a6 86       		.byte	0x86
 1270 04a7 B9000000 		.4byte	0xb9
 1271 04ab 00000000 		.4byte	.LFB68
 1272 04af 68000000 		.4byte	.LFE68-.LFB68
 1273 04b3 01       		.uleb128 0x1
 1274 04b4 9C       		.byte	0x9c
 1275 04b5 00050000 		.4byte	0x500
 1276 04b9 14       		.uleb128 0x14
 1277 04ba 39000000 		.4byte	.LASF68
 1278 04be 01       		.byte	0x1
 1279 04bf 86       		.byte	0x86
 1280 04c0 93000000 		.4byte	0x93
 1281 04c4 02       		.uleb128 0x2
 1282 04c5 91       		.byte	0x91
 1283 04c6 6C       		.sleb128 -20
 1284 04c7 14       		.uleb128 0x14
 1285 04c8 59020000 		.4byte	.LASF71
 1286 04cc 01       		.byte	0x1
 1287 04cd 86       		.byte	0x86
 1288 04ce 7D000000 		.4byte	0x7d
 1289 04d2 02       		.uleb128 0x2
 1290 04d3 91       		.byte	0x91
 1291 04d4 68       		.sleb128 -24
ARM GAS  C:\Users\kland\AppData\Local\Temp\ccK1iSQh.s 			page 28


 1292 04d5 14       		.uleb128 0x14
 1293 04d6 90050000 		.4byte	.LASF74
 1294 04da 01       		.byte	0x1
 1295 04db 86       		.byte	0x86
 1296 04dc 53000000 		.4byte	0x53
 1297 04e0 02       		.uleb128 0x2
 1298 04e1 91       		.byte	0x91
 1299 04e2 64       		.sleb128 -28
 1300 04e3 15       		.uleb128 0x15
 1301 04e4 03060000 		.4byte	.LASF22
 1302 04e8 01       		.byte	0x1
 1303 04e9 88       		.byte	0x88
 1304 04ea B9000000 		.4byte	0xb9
 1305 04ee 02       		.uleb128 0x2
 1306 04ef 91       		.byte	0x91
 1307 04f0 77       		.sleb128 -9
 1308 04f1 15       		.uleb128 0x15
 1309 04f2 43040000 		.4byte	.LASF72
 1310 04f6 01       		.byte	0x1
 1311 04f7 89       		.byte	0x89
 1312 04f8 73010000 		.4byte	0x173
 1313 04fc 02       		.uleb128 0x2
 1314 04fd 91       		.byte	0x91
 1315 04fe 70       		.sleb128 -16
 1316 04ff 00       		.byte	0
 1317 0500 16       		.uleb128 0x16
 1318 0501 64040000 		.4byte	.LASF76
 1319 0505 01       		.byte	0x1
 1320 0506 AB       		.byte	0xab
 1321 0507 00000000 		.4byte	.LFB69
 1322 050b 16000000 		.4byte	.LFE69-.LFB69
 1323 050f 01       		.uleb128 0x1
 1324 0510 9C       		.byte	0x9c
 1325 0511 16       		.uleb128 0x16
 1326 0512 2B000000 		.4byte	.LASF77
 1327 0516 01       		.byte	0x1
 1328 0517 B4       		.byte	0xb4
 1329 0518 00000000 		.4byte	.LFB70
 1330 051c 2E000000 		.4byte	.LFE70-.LFB70
 1331 0520 01       		.uleb128 0x1
 1332 0521 9C       		.byte	0x9c
 1333 0522 17       		.uleb128 0x17
 1334 0523 C6020000 		.4byte	.LASF128
 1335 0527 01       		.byte	0x1
 1336 0528 C2       		.byte	0xc2
 1337 0529 58010000 		.4byte	0x158
 1338 052d 00000000 		.4byte	.LFB71
 1339 0531 20010000 		.4byte	.LFE71-.LFB71
 1340 0535 01       		.uleb128 0x1
 1341 0536 9C       		.byte	0x9c
 1342 0537 69050000 		.4byte	0x569
 1343 053b 15       		.uleb128 0x15
 1344 053c 34010000 		.4byte	.LASF78
 1345 0540 01       		.byte	0x1
 1346 0541 C5       		.byte	0xc5
 1347 0542 58010000 		.4byte	0x158
 1348 0546 03       		.uleb128 0x3
ARM GAS  C:\Users\kland\AppData\Local\Temp\ccK1iSQh.s 			page 29


 1349 0547 91       		.byte	0x91
 1350 0548 E47C     		.sleb128 -412
 1351 054a 15       		.uleb128 0x15
 1352 054b E5020000 		.4byte	.LASF79
 1353 054f 01       		.byte	0x1
 1354 0550 C9       		.byte	0xc9
 1355 0551 69050000 		.4byte	0x569
 1356 0555 03       		.uleb128 0x3
 1357 0556 91       		.byte	0x91
 1358 0557 D87C     		.sleb128 -424
 1359 0559 15       		.uleb128 0x15
 1360 055a 39000000 		.4byte	.LASF68
 1361 055e 01       		.byte	0x1
 1362 055f CA       		.byte	0xca
 1363 0560 79050000 		.4byte	0x579
 1364 0564 03       		.uleb128 0x3
 1365 0565 91       		.byte	0x91
 1366 0566 CC7C     		.sleb128 -436
 1367 0568 00       		.byte	0
 1368 0569 08       		.uleb128 0x8
 1369 056a 8C000000 		.4byte	0x8c
 1370 056e 79050000 		.4byte	0x579
 1371 0572 09       		.uleb128 0x9
 1372 0573 7F000000 		.4byte	0x7f
 1373 0577 09       		.byte	0x9
 1374 0578 00       		.byte	0
 1375 0579 08       		.uleb128 0x8
 1376 057a 8C000000 		.4byte	0x8c
 1377 057e 89050000 		.4byte	0x589
 1378 0582 09       		.uleb128 0x9
 1379 0583 7F000000 		.4byte	0x7f
 1380 0587 08       		.byte	0x8
 1381 0588 00       		.byte	0
 1382 0589 18       		.uleb128 0x18
 1383 058a 46010000 		.4byte	.LASF80
 1384 058e 0A       		.byte	0xa
 1385 058f 1207     		.2byte	0x712
 1386 0591 95050000 		.4byte	0x595
 1387 0595 11       		.uleb128 0x11
 1388 0596 AE000000 		.4byte	0xae
 1389 059a 19       		.uleb128 0x19
 1390 059b 1B000000 		.4byte	.LASF81
 1391 059f 07       		.byte	0x7
 1392 05a0 11       		.byte	0x11
 1393 05a1 FA020000 		.4byte	0x2fa
 1394 05a5 05       		.uleb128 0x5
 1395 05a6 03       		.byte	0x3
 1396 05a7 00000000 		.4byte	buffer_overflow
 1397 05ab 19       		.uleb128 0x19
 1398 05ac 80030000 		.4byte	.LASF82
 1399 05b0 07       		.byte	0x7
 1400 05b1 22       		.byte	0x22
 1401 05b2 C5000000 		.4byte	0xc5
 1402 05b6 05       		.uleb128 0x5
 1403 05b7 03       		.byte	0x3
 1404 05b8 00000000 		.4byte	dataPointsInStack
 1405 05bc 19       		.uleb128 0x19
ARM GAS  C:\Users\kland\AppData\Local\Temp\ccK1iSQh.s 			page 30


 1406 05bd 31060000 		.4byte	.LASF83
 1407 05c1 07       		.byte	0x7
 1408 05c2 23       		.byte	0x23
 1409 05c3 C5000000 		.4byte	0xc5
 1410 05c7 05       		.uleb128 0x5
 1411 05c8 03       		.byte	0x3
 1412 05c9 00000000 		.4byte	dataPointsInStackDesired
 1413 05cd 08       		.uleb128 0x8
 1414 05ce B6010000 		.4byte	0x1b6
 1415 05d2 DD050000 		.4byte	0x5dd
 1416 05d6 09       		.uleb128 0x9
 1417 05d7 7F000000 		.4byte	0x7f
 1418 05db 95       		.byte	0x95
 1419 05dc 00       		.byte	0
 1420 05dd 19       		.uleb128 0x19
 1421 05de E5020000 		.4byte	.LASF79
 1422 05e2 07       		.byte	0x7
 1423 05e3 24       		.byte	0x24
 1424 05e4 CD050000 		.4byte	0x5cd
 1425 05e8 05       		.uleb128 0x5
 1426 05e9 03       		.byte	0x3
 1427 05ea 00000000 		.4byte	data
 1428 05ee 19       		.uleb128 0x19
 1429 05ef 28010000 		.4byte	.LASF84
 1430 05f3 08       		.byte	0x8
 1431 05f4 20       		.byte	0x20
 1432 05f5 B9000000 		.4byte	0xb9
 1433 05f9 05       		.uleb128 0x5
 1434 05fa 03       		.byte	0x3
 1435 05fb 00000000 		.4byte	modem_state
 1436 05ff 19       		.uleb128 0x19
 1437 0600 3F030000 		.4byte	.LASF85
 1438 0604 08       		.byte	0x8
 1439 0605 72       		.byte	0x72
 1440 0606 DD000000 		.4byte	0xdd
 1441 060a 05       		.uleb128 0x5
 1442 060b 03       		.byte	0x3
 1443 060c 00000000 		.4byte	modem_start_time_stamp
 1444 0610 19       		.uleb128 0x19
 1445 0611 F2020000 		.4byte	.LASF59
 1446 0615 08       		.byte	0x8
 1447 0616 73       		.byte	0x73
 1448 0617 EE010000 		.4byte	0x1ee
 1449 061b 05       		.uleb128 0x5
 1450 061c 03       		.byte	0x3
 1451 061d 00000000 		.4byte	modem_info
 1452 0621 19       		.uleb128 0x19
 1453 0622 53010000 		.4byte	.LASF86
 1454 0626 08       		.byte	0x8
 1455 0627 74       		.byte	0x74
 1456 0628 62020000 		.4byte	0x262
 1457 062c 05       		.uleb128 0x5
 1458 062d 03       		.byte	0x3
 1459 062e 00000000 		.4byte	modem_stats
 1460 0632 19       		.uleb128 0x19
 1461 0633 2E040000 		.4byte	.LASF87
 1462 0637 08       		.byte	0x8
ARM GAS  C:\Users\kland\AppData\Local\Temp\ccK1iSQh.s 			page 31


 1463 0638 75       		.byte	0x75
 1464 0639 01030000 		.4byte	0x301
 1465 063d 05       		.uleb128 0x5
 1466 063e 03       		.byte	0x3
 1467 063f 00000000 		.4byte	updatable_parameters
 1468 0643 19       		.uleb128 0x19
 1469 0644 91020000 		.4byte	.LASF88
 1470 0648 0B       		.byte	0xb
 1471 0649 07       		.byte	0x7
 1472 064a B9000000 		.4byte	0xb9
 1473 064e 05       		.uleb128 0x5
 1474 064f 03       		.byte	0x3
 1475 0650 00000000 		.4byte	App_LED_enabled
 1476 0654 19       		.uleb128 0x19
 1477 0655 DB060000 		.4byte	.LASF89
 1478 0659 0B       		.byte	0xb
 1479 065a 08       		.byte	0x8
 1480 065b A8030000 		.4byte	0x3a8
 1481 065f 05       		.uleb128 0x5
 1482 0660 03       		.byte	0x3
 1483 0661 00000000 		.4byte	app_led_inbox
 1484 0665 19       		.uleb128 0x19
 1485 0666 33050000 		.4byte	.LASF90
 1486 066a 0C       		.byte	0xc
 1487 066b 25       		.byte	0x25
 1488 066c A8030000 		.4byte	0x3a8
 1489 0670 05       		.uleb128 0x5
 1490 0671 03       		.byte	0x3
 1491 0672 00000000 		.4byte	level_sensor_inbox
 1492 0676 19       		.uleb128 0x19
 1493 0677 1C060000 		.4byte	.LASF91
 1494 067b 0C       		.byte	0xc
 1495 067c 27       		.byte	0x27
 1496 067d FA020000 		.4byte	0x2fa
 1497 0681 05       		.uleb128 0x5
 1498 0682 03       		.byte	0x3
 1499 0683 00000000 		.4byte	level_sensor_enabled
 1500 0687 19       		.uleb128 0x19
 1501 0688 A1020000 		.4byte	.LASF92
 1502 068c 0D       		.byte	0xd
 1503 068d 2A       		.byte	0x2a
 1504 068e E9000000 		.4byte	0xe9
 1505 0692 05       		.uleb128 0x5
 1506 0693 03       		.byte	0x3
 1507 0694 00000000 		.4byte	valve_diameter
 1508 0698 19       		.uleb128 0x19
 1509 0699 6C000000 		.4byte	.LASF93
 1510 069d 0D       		.byte	0xd
 1511 069e 2B       		.byte	0x2b
 1512 069f 69050000 		.4byte	0x569
 1513 06a3 05       		.uleb128 0x5
 1514 06a4 03       		.byte	0x3
 1515 06a5 00000000 		.4byte	valve_type
 1516 06a9 19       		.uleb128 0x19
 1517 06aa F5050000 		.4byte	.LASF94
 1518 06ae 0D       		.byte	0xd
 1519 06af 30       		.byte	0x30
ARM GAS  C:\Users\kland\AppData\Local\Temp\ccK1iSQh.s 			page 32


 1520 06b0 B9000000 		.4byte	0xb9
 1521 06b4 05       		.uleb128 0x5
 1522 06b5 03       		.byte	0x3
 1523 06b6 00000000 		.4byte	valve_enabled
 1524 06ba 19       		.uleb128 0x19
 1525 06bb 05030000 		.4byte	.LASF95
 1526 06bf 0D       		.byte	0xd
 1527 06c0 31       		.byte	0x31
 1528 06c1 A8030000 		.4byte	0x3a8
 1529 06c5 05       		.uleb128 0x5
 1530 06c6 03       		.byte	0x3
 1531 06c7 00000000 		.4byte	valve_inbox
 1532 06cb 19       		.uleb128 0x19
 1533 06cc 07000000 		.4byte	.LASF96
 1534 06d0 0E       		.byte	0xe
 1535 06d1 69       		.byte	0x69
 1536 06d2 B9000000 		.4byte	0xb9
 1537 06d6 05       		.uleb128 0x5
 1538 06d7 03       		.byte	0x3
 1539 06d8 00000000 		.4byte	autosampler_enabled
 1540 06dc 19       		.uleb128 0x19
 1541 06dd 92030000 		.4byte	.LASF97
 1542 06e1 0E       		.byte	0xe
 1543 06e2 6B       		.byte	0x6b
 1544 06e3 A8030000 		.4byte	0x3a8
 1545 06e7 05       		.uleb128 0x5
 1546 06e8 03       		.byte	0x3
 1547 06e9 00000000 		.4byte	autosampler_inbox
 1548 06ed 19       		.uleb128 0x19
 1549 06ee 11030000 		.4byte	.LASF98
 1550 06f2 0F       		.byte	0xf
 1551 06f3 1D       		.byte	0x1d
 1552 06f4 B9000000 		.4byte	0xb9
 1553 06f8 05       		.uleb128 0x5
 1554 06f9 03       		.byte	0x3
 1555 06fa 00000000 		.4byte	Sontek_enabled
 1556 06fe 08       		.uleb128 0x8
 1557 06ff 8C000000 		.4byte	0x8c
 1558 0703 0F070000 		.4byte	0x70f
 1559 0707 1A       		.uleb128 0x1a
 1560 0708 7F000000 		.4byte	0x7f
 1561 070c 0F27     		.2byte	0x270f
 1562 070e 00       		.byte	0
 1563 070f 19       		.uleb128 0x19
 1564 0710 C7060000 		.4byte	.LASF99
 1565 0714 09       		.byte	0x9
 1566 0715 20       		.byte	0x20
 1567 0716 FE060000 		.4byte	0x6fe
 1568 071a 05       		.uleb128 0x5
 1569 071b 03       		.byte	0x3
 1570 071c 00000000 		.4byte	http_request
 1571 0720 19       		.uleb128 0x19
 1572 0721 AF010000 		.4byte	.LASF100
 1573 0725 09       		.byte	0x9
 1574 0726 21       		.byte	0x21
 1575 0727 FE060000 		.4byte	0x6fe
 1576 072b 05       		.uleb128 0x5
ARM GAS  C:\Users\kland\AppData\Local\Temp\ccK1iSQh.s 			page 33


 1577 072c 03       		.byte	0x3
 1578 072d 00000000 		.4byte	http_body
 1579 0731 08       		.uleb128 0x8
 1580 0732 8C000000 		.4byte	0x8c
 1581 0736 41070000 		.4byte	0x741
 1582 073a 09       		.uleb128 0x9
 1583 073b 7F000000 		.4byte	0x7f
 1584 073f C7       		.byte	0xc7
 1585 0740 00       		.byte	0
 1586 0741 19       		.uleb128 0x19
 1587 0742 6F050000 		.4byte	.LASF101
 1588 0746 09       		.byte	0x9
 1589 0747 22       		.byte	0x22
 1590 0748 31070000 		.4byte	0x731
 1591 074c 05       		.uleb128 0x5
 1592 074d 03       		.byte	0x3
 1593 074e 00000000 		.4byte	http_route
 1594 0752 19       		.uleb128 0x19
 1595 0753 CC050000 		.4byte	.LASF102
 1596 0757 09       		.byte	0x9
 1597 0758 49       		.byte	0x49
 1598 0759 7C030000 		.4byte	0x37c
 1599 075d 05       		.uleb128 0x5
 1600 075e 03       		.byte	0x3
 1601 075f 00000000 		.4byte	system_info
 1602 0763 19       		.uleb128 0x19
 1603 0764 96040000 		.4byte	.LASF103
 1604 0768 09       		.byte	0x9
 1605 0769 5B       		.byte	0x5b
 1606 076a B8030000 		.4byte	0x3b8
 1607 076e 05       		.uleb128 0x5
 1608 076f 03       		.byte	0x3
 1609 0770 00000000 		.4byte	system_settings
 1610 0774 19       		.uleb128 0x19
 1611 0775 39010000 		.4byte	.LASF104
 1612 0779 09       		.byte	0x9
 1613 077a 77       		.byte	0x77
 1614 077b 45030000 		.4byte	0x345
 1615 077f 05       		.uleb128 0x5
 1616 0780 03       		.byte	0x3
 1617 0781 00000000 		.4byte	alarmMeasure
 1618 0785 19       		.uleb128 0x19
 1619 0786 7E010000 		.4byte	.LASF105
 1620 078a 09       		.byte	0x9
 1621 078b 78       		.byte	0x78
 1622 078c B9000000 		.4byte	0xb9
 1623 0790 05       		.uleb128 0x5
 1624 0791 03       		.byte	0x3
 1625 0792 00000000 		.4byte	timeToMeasure
 1626 0796 19       		.uleb128 0x19
 1627 0797 87020000 		.4byte	.LASF106
 1628 079b 09       		.byte	0x9
 1629 079c 79       		.byte	0x79
 1630 079d 45030000 		.4byte	0x345
 1631 07a1 05       		.uleb128 0x5
 1632 07a2 03       		.byte	0x3
 1633 07a3 00000000 		.4byte	alarmSync
ARM GAS  C:\Users\kland\AppData\Local\Temp\ccK1iSQh.s 			page 34


 1634 07a7 19       		.uleb128 0x19
 1635 07a8 A4010000 		.4byte	.LASF107
 1636 07ac 09       		.byte	0x9
 1637 07ad 7A       		.byte	0x7a
 1638 07ae B9000000 		.4byte	0xb9
 1639 07b2 05       		.uleb128 0x5
 1640 07b3 03       		.byte	0x3
 1641 07b4 00000000 		.4byte	timeToSync
 1642 07b8 19       		.uleb128 0x19
 1643 07b9 05040000 		.4byte	.LASF108
 1644 07bd 09       		.byte	0x9
 1645 07be 7B       		.byte	0x7b
 1646 07bf B9000000 		.4byte	0xb9
 1647 07c3 05       		.uleb128 0x5
 1648 07c4 03       		.byte	0x3
 1649 07c5 00000000 		.4byte	timeToSycnRemoteParams
 1650 07c9 1B       		.uleb128 0x1b
 1651 07ca 68657900 		.ascii	"hey\000"
 1652 07ce 09       		.byte	0x9
 1653 07cf 7C       		.byte	0x7c
 1654 07d0 B9000000 		.4byte	0xb9
 1655 07d4 05       		.uleb128 0x5
 1656 07d5 03       		.byte	0x3
 1657 07d6 00000000 		.4byte	hey
 1658 07da 19       		.uleb128 0x19
 1659 07db 33030000 		.4byte	.LASF109
 1660 07df 09       		.byte	0x9
 1661 07e0 80       		.byte	0x80
 1662 07e1 45030000 		.4byte	0x345
 1663 07e5 05       		.uleb128 0x5
 1664 07e6 03       		.byte	0x3
 1665 07e7 00000000 		.4byte	alarmAppLED
 1666 07eb 19       		.uleb128 0x19
 1667 07ec 25020000 		.4byte	.LASF110
 1668 07f0 09       		.byte	0x9
 1669 07f1 81       		.byte	0x81
 1670 07f2 B9000000 		.4byte	0xb9
 1671 07f6 05       		.uleb128 0x5
 1672 07f7 03       		.byte	0x3
 1673 07f8 00000000 		.4byte	timeToAppLED
 1674 07fc 19       		.uleb128 0x19
 1675 07fd 10050000 		.4byte	.LASF111
 1676 0801 09       		.byte	0x9
 1677 0802 83       		.byte	0x83
 1678 0803 45030000 		.4byte	0x345
 1679 0807 05       		.uleb128 0x5
 1680 0808 03       		.byte	0x3
 1681 0809 00000000 		.4byte	alarmLevelSensor
 1682 080d 19       		.uleb128 0x19
 1683 080e 0A060000 		.4byte	.LASF112
 1684 0812 09       		.byte	0x9
 1685 0813 84       		.byte	0x84
 1686 0814 B9000000 		.4byte	0xb9
 1687 0818 05       		.uleb128 0x5
 1688 0819 03       		.byte	0x3
 1689 081a 00000000 		.4byte	timeToLevelSensor
 1690 081e 19       		.uleb128 0x19
ARM GAS  C:\Users\kland\AppData\Local\Temp\ccK1iSQh.s 			page 35


 1691 081f D0010000 		.4byte	.LASF113
 1692 0823 09       		.byte	0x9
 1693 0824 86       		.byte	0x86
 1694 0825 45030000 		.4byte	0x345
 1695 0829 05       		.uleb128 0x5
 1696 082a 03       		.byte	0x3
 1697 082b 00000000 		.4byte	alarmDownstreamLevelSensor
 1698 082f 19       		.uleb128 0x19
 1699 0830 64060000 		.4byte	.LASF114
 1700 0834 09       		.byte	0x9
 1701 0835 87       		.byte	0x87
 1702 0836 B9000000 		.4byte	0xb9
 1703 083a 05       		.uleb128 0x5
 1704 083b 03       		.byte	0x3
 1705 083c 00000000 		.4byte	timeToDownstreamLevelSensor
 1706 0840 19       		.uleb128 0x19
 1707 0841 64050000 		.4byte	.LASF115
 1708 0845 09       		.byte	0x9
 1709 0846 89       		.byte	0x89
 1710 0847 45030000 		.4byte	0x345
 1711 084b 05       		.uleb128 0x5
 1712 084c 03       		.byte	0x3
 1713 084d 00000000 		.4byte	alarmValve
 1714 0851 19       		.uleb128 0x19
 1715 0852 52040000 		.4byte	.LASF116
 1716 0856 09       		.byte	0x9
 1717 0857 8A       		.byte	0x8a
 1718 0858 B9000000 		.4byte	0xb9
 1719 085c 05       		.uleb128 0x5
 1720 085d 03       		.byte	0x3
 1721 085e 00000000 		.4byte	timeToValve
 1722 0862 19       		.uleb128 0x19
 1723 0863 80060000 		.4byte	.LASF117
 1724 0867 09       		.byte	0x9
 1725 0868 8C       		.byte	0x8c
 1726 0869 45030000 		.4byte	0x345
 1727 086d 05       		.uleb128 0x5
 1728 086e 03       		.byte	0x3
 1729 086f 00000000 		.4byte	alarmAutosampler
 1730 0873 19       		.uleb128 0x19
 1731 0874 5A000000 		.4byte	.LASF118
 1732 0878 09       		.byte	0x9
 1733 0879 8D       		.byte	0x8d
 1734 087a B9000000 		.4byte	0xb9
 1735 087e 05       		.uleb128 0x5
 1736 087f 03       		.byte	0x3
 1737 0880 00000000 		.4byte	timeToAutosampler
 1738 0884 19       		.uleb128 0x19
 1739 0885 A6050000 		.4byte	.LASF119
 1740 0889 09       		.byte	0x9
 1741 088a 90       		.byte	0x90
 1742 088b 45030000 		.4byte	0x345
 1743 088f 05       		.uleb128 0x5
 1744 0890 03       		.byte	0x3
 1745 0891 00000000 		.4byte	alarmSontek
 1746 0895 19       		.uleb128 0x19
 1747 0896 57060000 		.4byte	.LASF120
ARM GAS  C:\Users\kland\AppData\Local\Temp\ccK1iSQh.s 			page 36


 1748 089a 09       		.byte	0x9
 1749 089b 91       		.byte	0x91
 1750 089c B9000000 		.4byte	0xb9
 1751 08a0 05       		.uleb128 0x5
 1752 08a1 03       		.byte	0x3
 1753 08a2 00000000 		.4byte	timeToSontek
 1754 08a6 19       		.uleb128 0x19
 1755 08a7 7A020000 		.4byte	.LASF121
 1756 08ab 01       		.byte	0x1
 1757 08ac 0D       		.byte	0xd
 1758 08ad 69050000 		.4byte	0x569
 1759 08b1 05       		.uleb128 0x5
 1760 08b2 03       		.byte	0x3
 1761 08b3 00000000 		.4byte	SD_dir
 1762 08b7 08       		.uleb128 0x8
 1763 08b8 8C000000 		.4byte	0x8c
 1764 08bc C8080000 		.4byte	0x8c8
 1765 08c0 1A       		.uleb128 0x1a
 1766 08c1 7F000000 		.4byte	0x7f
 1767 08c5 B70B     		.2byte	0xbb7
 1768 08c7 00       		.byte	0
 1769 08c8 19       		.uleb128 0x19
 1770 08c9 78030000 		.4byte	.LASF122
 1771 08cd 01       		.byte	0x1
 1772 08ce 0E       		.byte	0xe
 1773 08cf B7080000 		.4byte	0x8b7
 1774 08d3 05       		.uleb128 0x5
 1775 08d4 03       		.byte	0x3
 1776 08d5 00000000 		.4byte	SD_body
 1777 08d9 08       		.uleb128 0x8
 1778 08da 8C000000 		.4byte	0x8c
 1779 08de E9080000 		.4byte	0x8e9
 1780 08e2 09       		.uleb128 0x9
 1781 08e3 7F000000 		.4byte	0x7f
 1782 08e7 1D       		.byte	0x1d
 1783 08e8 00       		.byte	0
 1784 08e9 19       		.uleb128 0x19
 1785 08ea E5040000 		.4byte	.LASF123
 1786 08ee 01       		.byte	0x1
 1787 08ef 0F       		.byte	0xf
 1788 08f0 D9080000 		.4byte	0x8d9
 1789 08f4 05       		.uleb128 0x5
 1790 08f5 03       		.byte	0x3
 1791 08f6 00000000 		.4byte	SD_filename
 1792 08fa 08       		.uleb128 0x8
 1793 08fb 8C000000 		.4byte	0x8c
 1794 08ff 0A090000 		.4byte	0x90a
 1795 0903 09       		.uleb128 0x9
 1796 0904 7F000000 		.4byte	0x7f
 1797 0908 04       		.byte	0x4
 1798 0909 00       		.byte	0
 1799 090a 19       		.uleb128 0x19
 1800 090b 1C010000 		.4byte	.LASF124
 1801 090f 01       		.byte	0x1
 1802 0910 10       		.byte	0x10
 1803 0911 FA080000 		.4byte	0x8fa
 1804 0915 05       		.uleb128 0x5
ARM GAS  C:\Users\kland\AppData\Local\Temp\ccK1iSQh.s 			page 37


 1805 0916 03       		.byte	0x3
 1806 0917 00000000 		.4byte	SD_filemode
 1807 091b 00       		.byte	0
 1808              		.section	.debug_abbrev,"",%progbits
 1809              	.Ldebug_abbrev0:
 1810 0000 01       		.uleb128 0x1
 1811 0001 11       		.uleb128 0x11
 1812 0002 01       		.byte	0x1
 1813 0003 25       		.uleb128 0x25
 1814 0004 0E       		.uleb128 0xe
 1815 0005 13       		.uleb128 0x13
 1816 0006 0B       		.uleb128 0xb
 1817 0007 03       		.uleb128 0x3
 1818 0008 0E       		.uleb128 0xe
 1819 0009 1B       		.uleb128 0x1b
 1820 000a 0E       		.uleb128 0xe
 1821 000b 55       		.uleb128 0x55
 1822 000c 17       		.uleb128 0x17
 1823 000d 11       		.uleb128 0x11
 1824 000e 01       		.uleb128 0x1
 1825 000f 10       		.uleb128 0x10
 1826 0010 17       		.uleb128 0x17
 1827 0011 00       		.byte	0
 1828 0012 00       		.byte	0
 1829 0013 02       		.uleb128 0x2
 1830 0014 24       		.uleb128 0x24
 1831 0015 00       		.byte	0
 1832 0016 0B       		.uleb128 0xb
 1833 0017 0B       		.uleb128 0xb
 1834 0018 3E       		.uleb128 0x3e
 1835 0019 0B       		.uleb128 0xb
 1836 001a 03       		.uleb128 0x3
 1837 001b 0E       		.uleb128 0xe
 1838 001c 00       		.byte	0
 1839 001d 00       		.byte	0
 1840 001e 03       		.uleb128 0x3
 1841 001f 16       		.uleb128 0x16
 1842 0020 00       		.byte	0
 1843 0021 03       		.uleb128 0x3
 1844 0022 0E       		.uleb128 0xe
 1845 0023 3A       		.uleb128 0x3a
 1846 0024 0B       		.uleb128 0xb
 1847 0025 3B       		.uleb128 0x3b
 1848 0026 0B       		.uleb128 0xb
 1849 0027 49       		.uleb128 0x49
 1850 0028 13       		.uleb128 0x13
 1851 0029 00       		.byte	0
 1852 002a 00       		.byte	0
 1853 002b 04       		.uleb128 0x4
 1854 002c 24       		.uleb128 0x24
 1855 002d 00       		.byte	0
 1856 002e 0B       		.uleb128 0xb
 1857 002f 0B       		.uleb128 0xb
 1858 0030 3E       		.uleb128 0x3e
 1859 0031 0B       		.uleb128 0xb
 1860 0032 03       		.uleb128 0x3
 1861 0033 08       		.uleb128 0x8
ARM GAS  C:\Users\kland\AppData\Local\Temp\ccK1iSQh.s 			page 38


 1862 0034 00       		.byte	0
 1863 0035 00       		.byte	0
 1864 0036 05       		.uleb128 0x5
 1865 0037 0F       		.uleb128 0xf
 1866 0038 00       		.byte	0
 1867 0039 0B       		.uleb128 0xb
 1868 003a 0B       		.uleb128 0xb
 1869 003b 00       		.byte	0
 1870 003c 00       		.byte	0
 1871 003d 06       		.uleb128 0x6
 1872 003e 0F       		.uleb128 0xf
 1873 003f 00       		.byte	0
 1874 0040 0B       		.uleb128 0xb
 1875 0041 0B       		.uleb128 0xb
 1876 0042 49       		.uleb128 0x49
 1877 0043 13       		.uleb128 0x13
 1878 0044 00       		.byte	0
 1879 0045 00       		.byte	0
 1880 0046 07       		.uleb128 0x7
 1881 0047 26       		.uleb128 0x26
 1882 0048 00       		.byte	0
 1883 0049 49       		.uleb128 0x49
 1884 004a 13       		.uleb128 0x13
 1885 004b 00       		.byte	0
 1886 004c 00       		.byte	0
 1887 004d 08       		.uleb128 0x8
 1888 004e 01       		.uleb128 0x1
 1889 004f 01       		.byte	0x1
 1890 0050 49       		.uleb128 0x49
 1891 0051 13       		.uleb128 0x13
 1892 0052 01       		.uleb128 0x1
 1893 0053 13       		.uleb128 0x13
 1894 0054 00       		.byte	0
 1895 0055 00       		.byte	0
 1896 0056 09       		.uleb128 0x9
 1897 0057 21       		.uleb128 0x21
 1898 0058 00       		.byte	0
 1899 0059 49       		.uleb128 0x49
 1900 005a 13       		.uleb128 0x13
 1901 005b 2F       		.uleb128 0x2f
 1902 005c 0B       		.uleb128 0xb
 1903 005d 00       		.byte	0
 1904 005e 00       		.byte	0
 1905 005f 0A       		.uleb128 0xa
 1906 0060 16       		.uleb128 0x16
 1907 0061 00       		.byte	0
 1908 0062 03       		.uleb128 0x3
 1909 0063 0E       		.uleb128 0xe
 1910 0064 3A       		.uleb128 0x3a
 1911 0065 0B       		.uleb128 0xb
 1912 0066 3B       		.uleb128 0x3b
 1913 0067 05       		.uleb128 0x5
 1914 0068 49       		.uleb128 0x49
 1915 0069 13       		.uleb128 0x13
 1916 006a 00       		.byte	0
 1917 006b 00       		.byte	0
 1918 006c 0B       		.uleb128 0xb
ARM GAS  C:\Users\kland\AppData\Local\Temp\ccK1iSQh.s 			page 39


 1919 006d 26       		.uleb128 0x26
 1920 006e 00       		.byte	0
 1921 006f 00       		.byte	0
 1922 0070 00       		.byte	0
 1923 0071 0C       		.uleb128 0xc
 1924 0072 13       		.uleb128 0x13
 1925 0073 01       		.byte	0x1
 1926 0074 0B       		.uleb128 0xb
 1927 0075 05       		.uleb128 0x5
 1928 0076 3A       		.uleb128 0x3a
 1929 0077 0B       		.uleb128 0xb
 1930 0078 3B       		.uleb128 0x3b
 1931 0079 0B       		.uleb128 0xb
 1932 007a 01       		.uleb128 0x1
 1933 007b 13       		.uleb128 0x13
 1934 007c 00       		.byte	0
 1935 007d 00       		.byte	0
 1936 007e 0D       		.uleb128 0xd
 1937 007f 0D       		.uleb128 0xd
 1938 0080 00       		.byte	0
 1939 0081 03       		.uleb128 0x3
 1940 0082 0E       		.uleb128 0xe
 1941 0083 3A       		.uleb128 0x3a
 1942 0084 0B       		.uleb128 0xb
 1943 0085 3B       		.uleb128 0x3b
 1944 0086 0B       		.uleb128 0xb
 1945 0087 49       		.uleb128 0x49
 1946 0088 13       		.uleb128 0x13
 1947 0089 38       		.uleb128 0x38
 1948 008a 0B       		.uleb128 0xb
 1949 008b 00       		.byte	0
 1950 008c 00       		.byte	0
 1951 008d 0E       		.uleb128 0xe
 1952 008e 13       		.uleb128 0x13
 1953 008f 00       		.byte	0
 1954 0090 03       		.uleb128 0x3
 1955 0091 0E       		.uleb128 0xe
 1956 0092 3C       		.uleb128 0x3c
 1957 0093 19       		.uleb128 0x19
 1958 0094 00       		.byte	0
 1959 0095 00       		.byte	0
 1960 0096 0F       		.uleb128 0xf
 1961 0097 13       		.uleb128 0x13
 1962 0098 01       		.byte	0x1
 1963 0099 0B       		.uleb128 0xb
 1964 009a 0B       		.uleb128 0xb
 1965 009b 3A       		.uleb128 0x3a
 1966 009c 0B       		.uleb128 0xb
 1967 009d 3B       		.uleb128 0x3b
 1968 009e 0B       		.uleb128 0xb
 1969 009f 01       		.uleb128 0x1
 1970 00a0 13       		.uleb128 0x13
 1971 00a1 00       		.byte	0
 1972 00a2 00       		.byte	0
 1973 00a3 10       		.uleb128 0x10
 1974 00a4 0D       		.uleb128 0xd
 1975 00a5 00       		.byte	0
ARM GAS  C:\Users\kland\AppData\Local\Temp\ccK1iSQh.s 			page 40


 1976 00a6 03       		.uleb128 0x3
 1977 00a7 08       		.uleb128 0x8
 1978 00a8 3A       		.uleb128 0x3a
 1979 00a9 0B       		.uleb128 0xb
 1980 00aa 3B       		.uleb128 0x3b
 1981 00ab 0B       		.uleb128 0xb
 1982 00ac 49       		.uleb128 0x49
 1983 00ad 13       		.uleb128 0x13
 1984 00ae 38       		.uleb128 0x38
 1985 00af 0B       		.uleb128 0xb
 1986 00b0 00       		.byte	0
 1987 00b1 00       		.byte	0
 1988 00b2 11       		.uleb128 0x11
 1989 00b3 35       		.uleb128 0x35
 1990 00b4 00       		.byte	0
 1991 00b5 49       		.uleb128 0x49
 1992 00b6 13       		.uleb128 0x13
 1993 00b7 00       		.byte	0
 1994 00b8 00       		.byte	0
 1995 00b9 12       		.uleb128 0x12
 1996 00ba 2E       		.uleb128 0x2e
 1997 00bb 00       		.byte	0
 1998 00bc 3F       		.uleb128 0x3f
 1999 00bd 19       		.uleb128 0x19
 2000 00be 03       		.uleb128 0x3
 2001 00bf 0E       		.uleb128 0xe
 2002 00c0 3A       		.uleb128 0x3a
 2003 00c1 0B       		.uleb128 0xb
 2004 00c2 3B       		.uleb128 0x3b
 2005 00c3 0B       		.uleb128 0xb
 2006 00c4 11       		.uleb128 0x11
 2007 00c5 01       		.uleb128 0x1
 2008 00c6 12       		.uleb128 0x12
 2009 00c7 06       		.uleb128 0x6
 2010 00c8 40       		.uleb128 0x40
 2011 00c9 18       		.uleb128 0x18
 2012 00ca 9742     		.uleb128 0x2117
 2013 00cc 19       		.uleb128 0x19
 2014 00cd 00       		.byte	0
 2015 00ce 00       		.byte	0
 2016 00cf 13       		.uleb128 0x13
 2017 00d0 2E       		.uleb128 0x2e
 2018 00d1 01       		.byte	0x1
 2019 00d2 3F       		.uleb128 0x3f
 2020 00d3 19       		.uleb128 0x19
 2021 00d4 03       		.uleb128 0x3
 2022 00d5 0E       		.uleb128 0xe
 2023 00d6 3A       		.uleb128 0x3a
 2024 00d7 0B       		.uleb128 0xb
 2025 00d8 3B       		.uleb128 0x3b
 2026 00d9 0B       		.uleb128 0xb
 2027 00da 27       		.uleb128 0x27
 2028 00db 19       		.uleb128 0x19
 2029 00dc 49       		.uleb128 0x49
 2030 00dd 13       		.uleb128 0x13
 2031 00de 11       		.uleb128 0x11
 2032 00df 01       		.uleb128 0x1
ARM GAS  C:\Users\kland\AppData\Local\Temp\ccK1iSQh.s 			page 41


 2033 00e0 12       		.uleb128 0x12
 2034 00e1 06       		.uleb128 0x6
 2035 00e2 40       		.uleb128 0x40
 2036 00e3 18       		.uleb128 0x18
 2037 00e4 9642     		.uleb128 0x2116
 2038 00e6 19       		.uleb128 0x19
 2039 00e7 01       		.uleb128 0x1
 2040 00e8 13       		.uleb128 0x13
 2041 00e9 00       		.byte	0
 2042 00ea 00       		.byte	0
 2043 00eb 14       		.uleb128 0x14
 2044 00ec 05       		.uleb128 0x5
 2045 00ed 00       		.byte	0
 2046 00ee 03       		.uleb128 0x3
 2047 00ef 0E       		.uleb128 0xe
 2048 00f0 3A       		.uleb128 0x3a
 2049 00f1 0B       		.uleb128 0xb
 2050 00f2 3B       		.uleb128 0x3b
 2051 00f3 0B       		.uleb128 0xb
 2052 00f4 49       		.uleb128 0x49
 2053 00f5 13       		.uleb128 0x13
 2054 00f6 02       		.uleb128 0x2
 2055 00f7 18       		.uleb128 0x18
 2056 00f8 00       		.byte	0
 2057 00f9 00       		.byte	0
 2058 00fa 15       		.uleb128 0x15
 2059 00fb 34       		.uleb128 0x34
 2060 00fc 00       		.byte	0
 2061 00fd 03       		.uleb128 0x3
 2062 00fe 0E       		.uleb128 0xe
 2063 00ff 3A       		.uleb128 0x3a
 2064 0100 0B       		.uleb128 0xb
 2065 0101 3B       		.uleb128 0x3b
 2066 0102 0B       		.uleb128 0xb
 2067 0103 49       		.uleb128 0x49
 2068 0104 13       		.uleb128 0x13
 2069 0105 02       		.uleb128 0x2
 2070 0106 18       		.uleb128 0x18
 2071 0107 00       		.byte	0
 2072 0108 00       		.byte	0
 2073 0109 16       		.uleb128 0x16
 2074 010a 2E       		.uleb128 0x2e
 2075 010b 00       		.byte	0
 2076 010c 3F       		.uleb128 0x3f
 2077 010d 19       		.uleb128 0x19
 2078 010e 03       		.uleb128 0x3
 2079 010f 0E       		.uleb128 0xe
 2080 0110 3A       		.uleb128 0x3a
 2081 0111 0B       		.uleb128 0xb
 2082 0112 3B       		.uleb128 0x3b
 2083 0113 0B       		.uleb128 0xb
 2084 0114 11       		.uleb128 0x11
 2085 0115 01       		.uleb128 0x1
 2086 0116 12       		.uleb128 0x12
 2087 0117 06       		.uleb128 0x6
 2088 0118 40       		.uleb128 0x40
 2089 0119 18       		.uleb128 0x18
ARM GAS  C:\Users\kland\AppData\Local\Temp\ccK1iSQh.s 			page 42


 2090 011a 9642     		.uleb128 0x2116
 2091 011c 19       		.uleb128 0x19
 2092 011d 00       		.byte	0
 2093 011e 00       		.byte	0
 2094 011f 17       		.uleb128 0x17
 2095 0120 2E       		.uleb128 0x2e
 2096 0121 01       		.byte	0x1
 2097 0122 3F       		.uleb128 0x3f
 2098 0123 19       		.uleb128 0x19
 2099 0124 03       		.uleb128 0x3
 2100 0125 0E       		.uleb128 0xe
 2101 0126 3A       		.uleb128 0x3a
 2102 0127 0B       		.uleb128 0xb
 2103 0128 3B       		.uleb128 0x3b
 2104 0129 0B       		.uleb128 0xb
 2105 012a 49       		.uleb128 0x49
 2106 012b 13       		.uleb128 0x13
 2107 012c 11       		.uleb128 0x11
 2108 012d 01       		.uleb128 0x1
 2109 012e 12       		.uleb128 0x12
 2110 012f 06       		.uleb128 0x6
 2111 0130 40       		.uleb128 0x40
 2112 0131 18       		.uleb128 0x18
 2113 0132 9642     		.uleb128 0x2116
 2114 0134 19       		.uleb128 0x19
 2115 0135 01       		.uleb128 0x1
 2116 0136 13       		.uleb128 0x13
 2117 0137 00       		.byte	0
 2118 0138 00       		.byte	0
 2119 0139 18       		.uleb128 0x18
 2120 013a 34       		.uleb128 0x34
 2121 013b 00       		.byte	0
 2122 013c 03       		.uleb128 0x3
 2123 013d 0E       		.uleb128 0xe
 2124 013e 3A       		.uleb128 0x3a
 2125 013f 0B       		.uleb128 0xb
 2126 0140 3B       		.uleb128 0x3b
 2127 0141 05       		.uleb128 0x5
 2128 0142 49       		.uleb128 0x49
 2129 0143 13       		.uleb128 0x13
 2130 0144 3F       		.uleb128 0x3f
 2131 0145 19       		.uleb128 0x19
 2132 0146 3C       		.uleb128 0x3c
 2133 0147 19       		.uleb128 0x19
 2134 0148 00       		.byte	0
 2135 0149 00       		.byte	0
 2136 014a 19       		.uleb128 0x19
 2137 014b 34       		.uleb128 0x34
 2138 014c 00       		.byte	0
 2139 014d 03       		.uleb128 0x3
 2140 014e 0E       		.uleb128 0xe
 2141 014f 3A       		.uleb128 0x3a
 2142 0150 0B       		.uleb128 0xb
 2143 0151 3B       		.uleb128 0x3b
 2144 0152 0B       		.uleb128 0xb
 2145 0153 49       		.uleb128 0x49
 2146 0154 13       		.uleb128 0x13
ARM GAS  C:\Users\kland\AppData\Local\Temp\ccK1iSQh.s 			page 43


 2147 0155 3F       		.uleb128 0x3f
 2148 0156 19       		.uleb128 0x19
 2149 0157 02       		.uleb128 0x2
 2150 0158 18       		.uleb128 0x18
 2151 0159 00       		.byte	0
 2152 015a 00       		.byte	0
 2153 015b 1A       		.uleb128 0x1a
 2154 015c 21       		.uleb128 0x21
 2155 015d 00       		.byte	0
 2156 015e 49       		.uleb128 0x49
 2157 015f 13       		.uleb128 0x13
 2158 0160 2F       		.uleb128 0x2f
 2159 0161 05       		.uleb128 0x5
 2160 0162 00       		.byte	0
 2161 0163 00       		.byte	0
 2162 0164 1B       		.uleb128 0x1b
 2163 0165 34       		.uleb128 0x34
 2164 0166 00       		.byte	0
 2165 0167 03       		.uleb128 0x3
 2166 0168 08       		.uleb128 0x8
 2167 0169 3A       		.uleb128 0x3a
 2168 016a 0B       		.uleb128 0xb
 2169 016b 3B       		.uleb128 0x3b
 2170 016c 0B       		.uleb128 0xb
 2171 016d 49       		.uleb128 0x49
 2172 016e 13       		.uleb128 0x13
 2173 016f 3F       		.uleb128 0x3f
 2174 0170 19       		.uleb128 0x19
 2175 0171 02       		.uleb128 0x2
 2176 0172 18       		.uleb128 0x18
 2177 0173 00       		.byte	0
 2178 0174 00       		.byte	0
 2179 0175 00       		.byte	0
 2180              		.section	.debug_aranges,"",%progbits
 2181 0000 54000000 		.4byte	0x54
 2182 0004 0200     		.2byte	0x2
 2183 0006 00000000 		.4byte	.Ldebug_info0
 2184 000a 04       		.byte	0x4
 2185 000b 00       		.byte	0
 2186 000c 0000     		.2byte	0
 2187 000e 0000     		.2byte	0
 2188 0010 00000000 		.4byte	.LFB64
 2189 0014 0C000000 		.4byte	.LFE64-.LFB64
 2190 0018 00000000 		.4byte	.LFB65
 2191 001c 40000000 		.4byte	.LFE65-.LFB65
 2192 0020 00000000 		.4byte	.LFB66
 2193 0024 2C000000 		.4byte	.LFE66-.LFB66
 2194 0028 00000000 		.4byte	.LFB67
 2195 002c 6C000000 		.4byte	.LFE67-.LFB67
 2196 0030 00000000 		.4byte	.LFB68
 2197 0034 68000000 		.4byte	.LFE68-.LFB68
 2198 0038 00000000 		.4byte	.LFB69
 2199 003c 16000000 		.4byte	.LFE69-.LFB69
 2200 0040 00000000 		.4byte	.LFB70
 2201 0044 2E000000 		.4byte	.LFE70-.LFB70
 2202 0048 00000000 		.4byte	.LFB71
 2203 004c 20010000 		.4byte	.LFE71-.LFB71
ARM GAS  C:\Users\kland\AppData\Local\Temp\ccK1iSQh.s 			page 44


 2204 0050 00000000 		.4byte	0
 2205 0054 00000000 		.4byte	0
 2206              		.section	.debug_ranges,"",%progbits
 2207              	.Ldebug_ranges0:
 2208 0000 00000000 		.4byte	.LFB64
 2209 0004 0C000000 		.4byte	.LFE64
 2210 0008 00000000 		.4byte	.LFB65
 2211 000c 40000000 		.4byte	.LFE65
 2212 0010 00000000 		.4byte	.LFB66
 2213 0014 2C000000 		.4byte	.LFE66
 2214 0018 00000000 		.4byte	.LFB67
 2215 001c 6C000000 		.4byte	.LFE67
 2216 0020 00000000 		.4byte	.LFB68
 2217 0024 68000000 		.4byte	.LFE68
 2218 0028 00000000 		.4byte	.LFB69
 2219 002c 16000000 		.4byte	.LFE69
 2220 0030 00000000 		.4byte	.LFB70
 2221 0034 2E000000 		.4byte	.LFE70
 2222 0038 00000000 		.4byte	.LFB71
 2223 003c 20010000 		.4byte	.LFE71
 2224 0040 00000000 		.4byte	0
 2225 0044 00000000 		.4byte	0
 2226              		.section	.debug_line,"",%progbits
 2227              	.Ldebug_line0:
 2228 0000 BE020000 		.section	.debug_str,"MS",%progbits,1
 2228      0200F701 
 2228      00000201 
 2228      FB0E0D00 
 2228      01010101 
 2229              	.LASF15:
 2230 0000 75696E74 		.ascii	"uint16\000"
 2230      313600
 2231              	.LASF96:
 2232 0007 6175746F 		.ascii	"autosampler_enabled\000"
 2232      73616D70 
 2232      6C65725F 
 2232      656E6162 
 2232      6C656400 
 2233              	.LASF81:
 2234 001b 62756666 		.ascii	"buffer_overflow\000"
 2234      65725F6F 
 2234      76657266 
 2234      6C6F7700 
 2235              	.LASF77:
 2236 002b 53445F70 		.ascii	"SD_power_down\000"
 2236      6F776572 
 2236      5F646F77 
 2236      6E00
 2237              	.LASF68:
 2238 0039 66696C65 		.ascii	"fileName\000"
 2238      4E616D65 
 2238      00
 2239              	.LASF57:
 2240 0042 636F756E 		.ascii	"countDownResetCondition\000"
 2240      74446F77 
 2240      6E526573 
 2240      6574436F 
ARM GAS  C:\Users\kland\AppData\Local\Temp\ccK1iSQh.s 			page 45


 2240      6E646974 
 2241              	.LASF118:
 2242 005a 74696D65 		.ascii	"timeToAutosampler\000"
 2242      546F4175 
 2242      746F7361 
 2242      6D706C65 
 2242      7200
 2243              	.LASF93:
 2244 006c 76616C76 		.ascii	"valve_type\000"
 2244      655F7479 
 2244      706500
 2245              	.LASF125:
 2246 0077 474E5520 		.ascii	"GNU C11 5.4.1 20160609 (release) [ARM/embedded-5-br"
 2246      43313120 
 2246      352E342E 
 2246      31203230 
 2246      31363036 
 2247 00aa 616E6368 		.ascii	"anch revision 237715] -mcpu=cortex-m3 -mthumb -g -O"
 2247      20726576 
 2247      6973696F 
 2247      6E203233 
 2247      37373135 
 2248 00dd 30202D66 		.ascii	"0 -ffunction-sections -ffat-lto-objects\000"
 2248      66756E63 
 2248      74696F6E 
 2248      2D736563 
 2248      74696F6E 
 2249              	.LASF7:
 2250 0105 6C6F6E67 		.ascii	"long long unsigned int\000"
 2250      206C6F6E 
 2250      6720756E 
 2250      7369676E 
 2250      65642069 
 2251              	.LASF124:
 2252 011c 53445F66 		.ascii	"SD_filemode\000"
 2252      696C656D 
 2252      6F646500 
 2253              	.LASF84:
 2254 0128 6D6F6465 		.ascii	"modem_state\000"
 2254      6D5F7374 
 2254      61746500 
 2255              	.LASF78:
 2256 0134 74657374 		.ascii	"test\000"
 2256      00
 2257              	.LASF104:
 2258 0139 616C6172 		.ascii	"alarmMeasure\000"
 2258      6D4D6561 
 2258      73757265 
 2258      00
 2259              	.LASF80:
 2260 0146 49544D5F 		.ascii	"ITM_RxBuffer\000"
 2260      52784275 
 2260      66666572 
 2260      00
 2261              	.LASF86:
 2262 0153 6D6F6465 		.ascii	"modem_stats\000"
 2262      6D5F7374 
ARM GAS  C:\Users\kland\AppData\Local\Temp\ccK1iSQh.s 			page 46


 2262      61747300 
 2263              	.LASF6:
 2264 015f 6C6F6E67 		.ascii	"long long int\000"
 2264      206C6F6E 
 2264      6720696E 
 2264      7400
 2265              	.LASF0:
 2266 016d 7369676E 		.ascii	"signed char\000"
 2266      65642063 
 2266      68617200 
 2267              	.LASF35:
 2268 0179 65636E6F 		.ascii	"ecno\000"
 2268      00
 2269              	.LASF105:
 2270 017e 74696D65 		.ascii	"timeToMeasure\000"
 2270      546F4D65 
 2270      61737572 
 2270      6500
 2271              	.LASF38:
 2272 018c 74696D65 		.ascii	"time_to_network_connect\000"
 2272      5F746F5F 
 2272      6E657477 
 2272      6F726B5F 
 2272      636F6E6E 
 2273              	.LASF107:
 2274 01a4 74696D65 		.ascii	"timeToSync\000"
 2274      546F5379 
 2274      6E6300
 2275              	.LASF100:
 2276 01af 68747470 		.ascii	"http_body\000"
 2276      5F626F64 
 2276      7900
 2277              	.LASF126:
 2278 01b9 73645F63 		.ascii	"sd_card.c\000"
 2278      6172642E 
 2278      6300
 2279              	.LASF32:
 2280 01c3 6D6F6465 		.ascii	"modem_info_t\000"
 2280      6D5F696E 
 2280      666F5F74 
 2280      00
 2281              	.LASF113:
 2282 01d0 616C6172 		.ascii	"alarmDownstreamLevelSensor\000"
 2282      6D446F77 
 2282      6E737472 
 2282      65616D4C 
 2282      6576656C 
 2283              	.LASF33:
 2284 01eb 72786C65 		.ascii	"rxlev\000"
 2284      7600
 2285              	.LASF4:
 2286 01f1 6C6F6E67 		.ascii	"long int\000"
 2286      20696E74 
 2286      00
 2287              	.LASF55:
 2288 01fa 63757272 		.ascii	"currentCountDownValue\000"
 2288      656E7443 
ARM GAS  C:\Users\kland\AppData\Local\Temp\ccK1iSQh.s 			page 47


 2288      6F756E74 
 2288      446F776E 
 2288      56616C75 
 2289              	.LASF58:
 2290 0210 616C6172 		.ascii	"alarm\000"
 2290      6D00
 2291              	.LASF14:
 2292 0216 75696E74 		.ascii	"uint8\000"
 2292      3800
 2293              	.LASF65:
 2294 021c 53445F6D 		.ascii	"SD_mkdir\000"
 2294      6B646972 
 2294      00
 2295              	.LASF110:
 2296 0225 74696D65 		.ascii	"timeToAppLED\000"
 2296      546F4170 
 2296      704C4544 
 2296      00
 2297              	.LASF17:
 2298 0232 696E7433 		.ascii	"int32\000"
 2298      3200
 2299              	.LASF41:
 2300 0238 6E6F6465 		.ascii	"node_type\000"
 2300      5F747970 
 2300      6500
 2301              	.LASF60:
 2302 0242 63686970 		.ascii	"chip_uniqueId\000"
 2302      5F756E69 
 2302      71756549 
 2302      6400
 2303              	.LASF30:
 2304 0250 6D6F6465 		.ascii	"model_id\000"
 2304      6C5F6964 
 2304      00
 2305              	.LASF71:
 2306 0259 70446174 		.ascii	"pData\000"
 2306      6100
 2307              	.LASF54:
 2308 025f 636F756E 		.ascii	"countDownValue\000"
 2308      74446F77 
 2308      6E56616C 
 2308      756500
 2309              	.LASF45:
 2310 026e 64656275 		.ascii	"debug_level\000"
 2310      675F6C65 
 2310      76656C00 
 2311              	.LASF121:
 2312 027a 53445F64 		.ascii	"SD_dir\000"
 2312      697200
 2313              	.LASF26:
 2314 0281 76616C75 		.ascii	"value\000"
 2314      6500
 2315              	.LASF106:
 2316 0287 616C6172 		.ascii	"alarmSync\000"
 2316      6D53796E 
 2316      6300
 2317              	.LASF88:
ARM GAS  C:\Users\kland\AppData\Local\Temp\ccK1iSQh.s 			page 48


 2318 0291 4170705F 		.ascii	"App_LED_enabled\000"
 2318      4C45445F 
 2318      656E6162 
 2318      6C656400 
 2319              	.LASF92:
 2320 02a1 76616C76 		.ascii	"valve_diameter\000"
 2320      655F6469 
 2320      616D6574 
 2320      657200
 2321              	.LASF28:
 2322 02b0 6B65795F 		.ascii	"key_value_t\000"
 2322      76616C75 
 2322      655F7400 
 2323              	.LASF66:
 2324 02bc 53445F72 		.ascii	"SD_rmfile\000"
 2324      6D66696C 
 2324      6500
 2325              	.LASF128:
 2326 02c6 53445F63 		.ascii	"SD_card_test\000"
 2326      6172645F 
 2326      74657374 
 2326      00
 2327              	.LASF5:
 2328 02d3 6C6F6E67 		.ascii	"long unsigned int\000"
 2328      20756E73 
 2328      69676E65 
 2328      6420696E 
 2328      7400
 2329              	.LASF79:
 2330 02e5 64617461 		.ascii	"data\000"
 2330      00
 2331              	.LASF63:
 2332 02ea 65705F70 		.ascii	"ep_port\000"
 2332      6F727400 
 2333              	.LASF59:
 2334 02f2 6D6F6465 		.ascii	"modem_info\000"
 2334      6D5F696E 
 2334      666F00
 2335              	.LASF62:
 2336 02fd 65705F68 		.ascii	"ep_host\000"
 2336      6F737400 
 2337              	.LASF95:
 2338 0305 76616C76 		.ascii	"valve_inbox\000"
 2338      655F696E 
 2338      626F7800 
 2339              	.LASF98:
 2340 0311 536F6E74 		.ascii	"Sontek_enabled\000"
 2340      656B5F65 
 2340      6E61626C 
 2340      656400
 2341              	.LASF39:
 2342 0320 74696D65 		.ascii	"time_to_acquire_ip\000"
 2342      5F746F5F 
 2342      61637175 
 2342      6972655F 
 2342      697000
 2343              	.LASF109:
ARM GAS  C:\Users\kland\AppData\Local\Temp\ccK1iSQh.s 			page 49


 2344 0333 616C6172 		.ascii	"alarmAppLED\000"
 2344      6D417070 
 2344      4C454400 
 2345              	.LASF85:
 2346 033f 6D6F6465 		.ascii	"modem_start_time_stamp\000"
 2346      6D5F7374 
 2346      6172745F 
 2346      74696D65 
 2346      5F737461 
 2347              	.LASF61:
 2348 0356 7379735F 		.ascii	"sys_info_t\000"
 2348      696E666F 
 2348      5F7400
 2349              	.LASF53:
 2350 0361 75706461 		.ascii	"updatable_parameters_t\000"
 2350      7461626C 
 2350      655F7061 
 2350      72616D65 
 2350      74657273 
 2351              	.LASF122:
 2352 0378 53445F62 		.ascii	"SD_body\000"
 2352      6F647900 
 2353              	.LASF82:
 2354 0380 64617461 		.ascii	"dataPointsInStack\000"
 2354      506F696E 
 2354      7473496E 
 2354      53746163 
 2354      6B00
 2355              	.LASF97:
 2356 0392 6175746F 		.ascii	"autosampler_inbox\000"
 2356      73616D70 
 2356      6C65725F 
 2356      696E626F 
 2356      7800
 2357              	.LASF127:
 2358 03a4 433A5C55 		.ascii	"C:\\Users\\kland\\OneDrive\\Documents\\GitHub\\noto"
 2358      73657273 
 2358      5C6B6C61 
 2358      6E645C4F 
 2358      6E654472 
 2359 03d1 72694F53 		.ascii	"riOS\\notoriOS.cydsn\000"
 2359      5C6E6F74 
 2359      6F72694F 
 2359      532E6379 
 2359      64736E00 
 2360              	.LASF18:
 2361 03e5 666C6F61 		.ascii	"float32\000"
 2361      74333200 
 2362              	.LASF10:
 2363 03ed 73697A65 		.ascii	"sizetype\000"
 2363      74797065 
 2363      00
 2364              	.LASF64:
 2365 03f6 7379735F 		.ascii	"sys_settings_t\000"
 2365      73657474 
 2365      696E6773 
 2365      5F7400
ARM GAS  C:\Users\kland\AppData\Local\Temp\ccK1iSQh.s 			page 50


 2366              	.LASF108:
 2367 0405 74696D65 		.ascii	"timeToSycnRemoteParams\000"
 2367      546F5379 
 2367      636E5265 
 2367      6D6F7465 
 2367      50617261 
 2368              	.LASF27:
 2369 041c 74696D65 		.ascii	"timeStamp\000"
 2369      5374616D 
 2369      7000
 2370              	.LASF73:
 2371 0426 53445F72 		.ascii	"SD_read\000"
 2371      65616400 
 2372              	.LASF87:
 2373 042e 75706461 		.ascii	"updatable_parameters\000"
 2373      7461626C 
 2373      655F7061 
 2373      72616D65 
 2373      74657273 
 2374              	.LASF72:
 2375 0443 7046696C 		.ascii	"pFile\000"
 2375      6500
 2376              	.LASF69:
 2377 0449 53445F77 		.ascii	"SD_write\000"
 2377      72697465 
 2377      00
 2378              	.LASF116:
 2379 0452 74696D65 		.ascii	"timeToValve\000"
 2379      546F5661 
 2379      6C766500 
 2380              	.LASF19:
 2381 045e 666C6F61 		.ascii	"float\000"
 2381      7400
 2382              	.LASF76:
 2383 0464 53445F70 		.ascii	"SD_power_up\000"
 2383      6F776572 
 2383      5F757000 
 2384              	.LASF21:
 2385 0470 74657374 		.ascii	"test_name\000"
 2385      5F6E616D 
 2385      6500
 2386              	.LASF52:
 2387 047a 5F426F6F 		.ascii	"_Bool\000"
 2387      6C00
 2388              	.LASF13:
 2389 0480 696E7433 		.ascii	"int32_t\000"
 2389      325F7400 
 2390              	.LASF1:
 2391 0488 756E7369 		.ascii	"unsigned char\000"
 2391      676E6564 
 2391      20636861 
 2391      7200
 2392              	.LASF103:
 2393 0496 73797374 		.ascii	"system_settings\000"
 2393      656D5F73 
 2393      65747469 
 2393      6E677300 
ARM GAS  C:\Users\kland\AppData\Local\Temp\ccK1iSQh.s 			page 51


 2394              	.LASF70:
 2395 04a6 704D6F64 		.ascii	"pMode\000"
 2395      6500
 2396              	.LASF49:
 2397 04ac 56616C76 		.ascii	"Valve_freq\000"
 2397      655F6672 
 2397      657100
 2398              	.LASF36:
 2399 04b7 72737271 		.ascii	"rsrq\000"
 2399      00
 2400              	.LASF2:
 2401 04bc 73686F72 		.ascii	"short int\000"
 2401      7420696E 
 2401      7400
 2402              	.LASF44:
 2403 04c6 73796E63 		.ascii	"sync_time\000"
 2403      5F74696D 
 2403      6500
 2404              	.LASF34:
 2405 04d0 72736370 		.ascii	"rscp\000"
 2405      00
 2406              	.LASF67:
 2407 04d5 6469725F 		.ascii	"dir_name\000"
 2407      6E616D65 
 2407      00
 2408              	.LASF24:
 2409 04de 74657374 		.ascii	"test_t\000"
 2409      5F7400
 2410              	.LASF123:
 2411 04e5 53445F66 		.ascii	"SD_filename\000"
 2411      696C656E 
 2411      616D6500 
 2412              	.LASF31:
 2413 04f1 696D6569 		.ascii	"imei\000"
 2413      00
 2414              	.LASF23:
 2415 04f6 72656173 		.ascii	"reason\000"
 2415      6F6E00
 2416              	.LASF37:
 2417 04fd 72737270 		.ascii	"rsrp\000"
 2417      00
 2418              	.LASF40:
 2419 0502 6D6F6465 		.ascii	"modem_stats_t\000"
 2419      6D5F7374 
 2419      6174735F 
 2419      7400
 2420              	.LASF111:
 2421 0510 616C6172 		.ascii	"alarmLevelSensor\000"
 2421      6D4C6576 
 2421      656C5365 
 2421      6E736F72 
 2421      00
 2422              	.LASF47:
 2423 0521 4C657665 		.ascii	"Level_Sensor_freq\000"
 2423      6C5F5365 
 2423      6E736F72 
 2423      5F667265 
ARM GAS  C:\Users\kland\AppData\Local\Temp\ccK1iSQh.s 			page 52


 2423      7100
 2424              	.LASF90:
 2425 0533 6C657665 		.ascii	"level_sensor_inbox\000"
 2425      6C5F7365 
 2425      6E736F72 
 2425      5F696E62 
 2425      6F7800
 2426              	.LASF9:
 2427 0546 6C6F6E67 		.ascii	"long double\000"
 2427      20646F75 
 2427      626C6500 
 2428              	.LASF11:
 2429 0552 63686172 		.ascii	"char\000"
 2429      00
 2430              	.LASF8:
 2431 0557 756E7369 		.ascii	"unsigned int\000"
 2431      676E6564 
 2431      20696E74 
 2431      00
 2432              	.LASF115:
 2433 0564 616C6172 		.ascii	"alarmValve\000"
 2433      6D56616C 
 2433      766500
 2434              	.LASF101:
 2435 056f 68747470 		.ascii	"http_route\000"
 2435      5F726F75 
 2435      746500
 2436              	.LASF51:
 2437 057a 536F6E74 		.ascii	"Sontek_freq\000"
 2437      656B5F66 
 2437      72657100 
 2438              	.LASF12:
 2439 0586 5F5F696E 		.ascii	"__int32_t\000"
 2439      7433325F 
 2439      7400
 2440              	.LASF74:
 2441 0590 4E756D42 		.ascii	"NumBytes\000"
 2441      79746573 
 2441      00
 2442              	.LASF43:
 2443 0599 6D656173 		.ascii	"measure_time\000"
 2443      7572655F 
 2443      74696D65 
 2443      00
 2444              	.LASF119:
 2445 05a6 616C6172 		.ascii	"alarmSontek\000"
 2445      6D536F6E 
 2445      74656B00 
 2446              	.LASF3:
 2447 05b2 73686F72 		.ascii	"short unsigned int\000"
 2447      7420756E 
 2447      7369676E 
 2447      65642069 
 2447      6E7400
 2448              	.LASF29:
 2449 05c5 73696D5F 		.ascii	"sim_id\000"
 2449      696400
ARM GAS  C:\Users\kland\AppData\Local\Temp\ccK1iSQh.s 			page 53


 2450              	.LASF102:
 2451 05cc 73797374 		.ascii	"system_info\000"
 2451      656D5F69 
 2451      6E666F00 
 2452              	.LASF48:
 2453 05d8 446F776E 		.ascii	"Downstream_Level_Sensor_freq\000"
 2453      73747265 
 2453      616D5F4C 
 2453      6576656C 
 2453      5F53656E 
 2454              	.LASF94:
 2455 05f5 76616C76 		.ascii	"valve_enabled\000"
 2455      655F656E 
 2455      61626C65 
 2455      6400
 2456              	.LASF22:
 2457 0603 73746174 		.ascii	"status\000"
 2457      757300
 2458              	.LASF112:
 2459 060a 74696D65 		.ascii	"timeToLevelSensor\000"
 2459      546F4C65 
 2459      76656C53 
 2459      656E736F 
 2459      7200
 2460              	.LASF91:
 2461 061c 6C657665 		.ascii	"level_sensor_enabled\000"
 2461      6C5F7365 
 2461      6E736F72 
 2461      5F656E61 
 2461      626C6564 
 2462              	.LASF83:
 2463 0631 64617461 		.ascii	"dataPointsInStackDesired\000"
 2463      506F696E 
 2463      7473496E 
 2463      53746163 
 2463      6B446573 
 2464              	.LASF46:
 2465 064a 4170705F 		.ascii	"App_LED_freq\000"
 2465      4C45445F 
 2465      66726571 
 2465      00
 2466              	.LASF120:
 2467 0657 74696D65 		.ascii	"timeToSontek\000"
 2467      546F536F 
 2467      6E74656B 
 2467      00
 2468              	.LASF114:
 2469 0664 74696D65 		.ascii	"timeToDownstreamLevelSensor\000"
 2469      546F446F 
 2469      776E7374 
 2469      7265616D 
 2469      4C657665 
 2470              	.LASF117:
 2471 0680 616C6172 		.ascii	"alarmAutosampler\000"
 2471      6D417574 
 2471      6F73616D 
 2471      706C6572 
ARM GAS  C:\Users\kland\AppData\Local\Temp\ccK1iSQh.s 			page 54


 2471      00
 2472              	.LASF16:
 2473 0691 696E7431 		.ascii	"int16\000"
 2473      3600
 2474              	.LASF50:
 2475 0697 4175746F 		.ascii	"Autosampler_freq\000"
 2475      73616D70 
 2475      6C65725F 
 2475      66726571 
 2475      00
 2476              	.LASF56:
 2477 06a8 636F756E 		.ascii	"countDownType\000"
 2477      74446F77 
 2477      6E547970 
 2477      6500
 2478              	.LASF42:
 2479 06b6 73696D5F 		.ascii	"sim_type\000"
 2479      74797065 
 2479      00
 2480              	.LASF25:
 2481 06bf 46535F46 		.ascii	"FS_FILE\000"
 2481      494C4500 
 2482              	.LASF99:
 2483 06c7 68747470 		.ascii	"http_request\000"
 2483      5F726571 
 2483      75657374 
 2483      00
 2484              	.LASF20:
 2485 06d4 646F7562 		.ascii	"double\000"
 2485      6C6500
 2486              	.LASF89:
 2487 06db 6170705F 		.ascii	"app_led_inbox\000"
 2487      6C65645F 
 2487      696E626F 
 2487      7800
 2488              	.LASF75:
 2489 06e9 53445F69 		.ascii	"SD_init\000"
 2489      6E697400 
 2490              		.ident	"GCC: (GNU Tools for ARM Embedded Processors) 5.4.1 20160609 (release) [ARM/embedded-5-bran
