ARM GAS  C:\Users\kland\AppData\Local\Temp\ccLxlVYl.s 			page 1


   1              		.syntax unified
   2              		.cpu cortex-m3
   3              		.fpu softvfp
   4              		.eabi_attribute 20, 1
   5              		.eabi_attribute 21, 1
   6              		.eabi_attribute 23, 3
   7              		.eabi_attribute 24, 1
   8              		.eabi_attribute 25, 1
   9              		.eabi_attribute 26, 1
  10              		.eabi_attribute 30, 6
  11              		.eabi_attribute 34, 1
  12              		.eabi_attribute 18, 4
  13              		.thumb
  14              		.syntax unified
  15              		.file	"voltages.c"
  16              		.text
  17              	.Ltext0:
  18              		.cfi_sections	.debug_frame
  19              		.comm	buffer_overflow,1,1
  20              		.comm	dataPointsInStack,2,2
  21              		.comm	dataPointsInStackDesired,2,2
  22              		.comm	data,6600,4
  23              		.comm	modem_state,1,1
  24              		.comm	modem_start_time_stamp,4,4
  25              		.comm	modem_info,60,4
  26              		.comm	modem_stats,32,4
  27              		.comm	updatable_parameters,11,4
  28              		.syntax unified
  29              		.global _printf_float
  30              		.thumb
  31              		.syntax unified
  32              		.comm	App_LED_enabled,1,1
  33              		.comm	app_led_inbox,100,4
  34              		.comm	level_sensor_inbox,100,4
  35              		.comm	level_sensor_enabled,1,1
  36              		.comm	valve_diameter,4,4
  37              		.comm	valve_type,10,4
  38              		.comm	valve_enabled,1,1
  39              		.comm	valve_inbox,100,4
  40              		.comm	autosampler_enabled,1,1
  41              		.comm	autosampler_inbox,100,4
  42              		.comm	Sontek_enabled,1,1
  43              		.comm	http_request,10000,4
  44              		.comm	http_body,10000,4
  45              		.comm	http_route,200,4
  46              		.comm	system_info,28,4
  47              		.comm	system_settings,104,4
  48              		.comm	alarmMeasure,6,4
  49              		.comm	timeToMeasure,1,1
  50              		.comm	alarmSync,6,4
  51              		.comm	timeToSync,1,1
  52              		.comm	timeToSycnRemoteParams,1,1
  53              		.comm	hey,1,1
  54              		.comm	alarmAppLED,6,4
  55              		.comm	timeToAppLED,1,1
  56              		.comm	alarmLevelSensor,6,4
  57              		.comm	timeToLevelSensor,1,1
ARM GAS  C:\Users\kland\AppData\Local\Temp\ccLxlVYl.s 			page 2


  58              		.comm	alarmDownstreamLevelSensor,6,4
  59              		.comm	timeToDownstreamLevelSensor,1,1
  60              		.comm	alarmValve,6,4
  61              		.comm	timeToValve,1,1
  62              		.comm	alarmAutosampler,6,4
  63              		.comm	timeToAutosampler,1,1
  64              		.comm	alarmSontek,6,4
  65              		.comm	timeToSontek,1,1
  66              		.global	__aeabi_f2d
  67              		.global	__aeabi_dsub
  68              		.global	__aeabi_d2f
  69              		.global	__aeabi_fmul
  70              		.global	__aeabi_fsub
  71              		.section	.text.voltage_take_readings,"ax",%progbits
  72              		.align	2
  73              		.global	voltage_take_readings
  74              		.thumb
  75              		.thumb_func
  76              		.type	voltage_take_readings, %function
  77              	voltage_take_readings:
  78              	.LFB64:
  79              		.file 1 "voltages.c"
   1:voltages.c    **** #include "voltages.h"
   2:voltages.c    **** #include "notoriOS.h"
   3:voltages.c    **** #include <math.h>
   4:voltages.c    **** 
   5:voltages.c    **** // Function to take voltage readings and save them in the voltage_t datatype
   6:voltages.c    **** voltage_t voltage_take_readings(){
  80              		.loc 1 6 0
  81              		.cfi_startproc
  82              		@ args = 0, pretend = 0, frame = 112
  83              		@ frame_needed = 1, uses_anonymous_args = 0
  84 0000 B0B5     		push	{r4, r5, r7, lr}
  85              		.cfi_def_cfa_offset 16
  86              		.cfi_offset 4, -16
  87              		.cfi_offset 5, -12
  88              		.cfi_offset 7, -8
  89              		.cfi_offset 14, -4
  90 0002 9CB0     		sub	sp, sp, #112
  91              		.cfi_def_cfa_offset 128
  92 0004 00AF     		add	r7, sp, #0
  93              		.cfi_def_cfa_register 7
  94 0006 7860     		str	r0, [r7, #4]
   7:voltages.c    ****     
   8:voltages.c    ****     voltage_t voltage;  // Create variable voltage of data structure voltage_t.
   9:voltages.c    ****      
  10:voltages.c    **** 	Battery_Voltage_Enable_Write(ON);   // Flip on the Battery Voltage ADC pin high (turns it on).
  95              		.loc 1 10 0
  96 0008 0120     		movs	r0, #1
  97 000a FFF7FEFF 		bl	Battery_Voltage_Enable_Write
  11:voltages.c    ****     Pressure_Voltage_Enable_Write(ON);  // Flip on the Pressure Transducer Voltage ADC pin high (tu
  98              		.loc 1 11 0
  99 000e 0120     		movs	r0, #1
 100 0010 FFF7FEFF 		bl	Pressure_Voltage_Enable_Write
  12:voltages.c    ****     
  13:voltages.c    **** 	CyDelay(10u);	    // 10 seconds delay to give time to flip on ADC pin.
 101              		.loc 1 13 0
ARM GAS  C:\Users\kland\AppData\Local\Temp\ccLxlVYl.s 			page 3


 102 0014 0A20     		movs	r0, #10
 103 0016 FFF7FEFF 		bl	CyDelay
  14:voltages.c    ****     
  15:voltages.c    ****     AMux_Start();       // Start the Analog Multiplexer
 104              		.loc 1 15 0
 105 001a FFF7FEFF 		bl	AMux_Start
  16:voltages.c    ****  
  17:voltages.c    ****     ADC_RestoreConfig();// Have to call this and save (See below). Otherwise ADC won't work through
 106              		.loc 1 17 0
 107 001e FFF7FEFF 		bl	ADC_RestoreConfig
  18:voltages.c    ****     
  19:voltages.c    ****     ADC_Start();        // Start the ADC
 108              		.loc 1 19 0
 109 0022 FFF7FEFF 		bl	ADC_Start
 110              	.LBB2:
  20:voltages.c    ****     
  21:voltages.c    ****     float channels[AMux_CHANNELS];
  22:voltages.c    ****     
  23:voltages.c    ****     for(uint8 c = 0; c< AMux_CHANNELS + 1; c++) // Sweep the MUX Channels
 111              		.loc 1 23 0
 112 0026 0023     		movs	r3, #0
 113 0028 87F86F30 		strb	r3, [r7, #111]
 114 002c 34E0     		b	.L2
 115              	.L5:
 116              	.LBB3:
  24:voltages.c    ****     {
  25:voltages.c    ****         
  26:voltages.c    ****         int32 readings[N_SAMPLES];  // Creates new int32 array called readings of size N_SAMPLES = 
  27:voltages.c    ****         
  28:voltages.c    ****         AMux_Select(c); // This functions first disconnects all channels then connects the given ch
 117              		.loc 1 28 0
 118 002e 97F86F30 		ldrb	r3, [r7, #111]	@ zero_extendqisi2
 119 0032 1846     		mov	r0, r3
 120 0034 FFF7FEFF 		bl	AMux_Select
 121              	.LBB4:
  29:voltages.c    ****         
  30:voltages.c    ****         for(uint16 i=0; i< N_SAMPLES; i++){
 122              		.loc 1 30 0
 123 0038 0023     		movs	r3, #0
 124 003a A7F86C30 		strh	r3, [r7, #108]	@ movhi
 125 003e 0FE0     		b	.L3
 126              	.L4:
  31:voltages.c    ****             
  32:voltages.c    ****             readings[i] = ADC_Read32(); // When called, it will start ADC conversions, wait for the
 127              		.loc 1 32 0 discriminator 3
 128 0040 B7F86C40 		ldrh	r4, [r7, #108]
 129 0044 FFF7FEFF 		bl	ADC_Read32
 130 0048 0246     		mov	r2, r0
 131 004a A300     		lsls	r3, r4, #2
 132 004c 07F17001 		add	r1, r7, #112
 133 0050 0B44     		add	r3, r3, r1
 134 0052 43F8682C 		str	r2, [r3, #-104]
  30:voltages.c    ****             
 135              		.loc 1 30 0 discriminator 3
 136 0056 B7F86C30 		ldrh	r3, [r7, #108]
 137 005a 0133     		adds	r3, r3, #1
 138 005c A7F86C30 		strh	r3, [r7, #108]	@ movhi
ARM GAS  C:\Users\kland\AppData\Local\Temp\ccLxlVYl.s 			page 4


 139              	.L3:
  30:voltages.c    ****             
 140              		.loc 1 30 0 is_stmt 0 discriminator 1
 141 0060 B7F86C30 		ldrh	r3, [r7, #108]
 142 0064 0A2B     		cmp	r3, #10
 143 0066 EBD9     		bls	.L4
 144              	.LBE4:
  33:voltages.c    ****         }
  34:voltages.c    ****         
  35:voltages.c    ****         // Converts the ADC output to Volts as a floating point number. 
  36:voltages.c    ****         // Get the median of readings and return that.
  37:voltages.c    ****         channels[c] = ADC_CountsTo_Volts(find_median32(readings,N_SAMPLES));    // Get median of re
 145              		.loc 1 37 0 is_stmt 1 discriminator 2
 146 0068 97F86F40 		ldrb	r4, [r7, #111]	@ zero_extendqisi2
 147 006c 07F10803 		add	r3, r7, #8
 148 0070 0B21     		movs	r1, #11
 149 0072 1846     		mov	r0, r3
 150 0074 FFF7FEFF 		bl	find_median32
 151 0078 0346     		mov	r3, r0
 152 007a 1846     		mov	r0, r3
 153 007c FFF7FEFF 		bl	ADC_CountsTo_Volts
 154 0080 0246     		mov	r2, r0
 155 0082 A300     		lsls	r3, r4, #2
 156 0084 07F17001 		add	r1, r7, #112
 157 0088 0B44     		add	r3, r3, r1
 158 008a 43F83C2C 		str	r2, [r3, #-60]	@ float
 159              	.LBE3:
  23:voltages.c    ****     {
 160              		.loc 1 23 0 discriminator 2
 161 008e 97F86F30 		ldrb	r3, [r7, #111]	@ zero_extendqisi2
 162 0092 0133     		adds	r3, r3, #1
 163 0094 87F86F30 		strb	r3, [r7, #111]
 164              	.L2:
  23:voltages.c    ****     {
 165              		.loc 1 23 0 is_stmt 0 discriminator 1
 166 0098 97F86F30 		ldrb	r3, [r7, #111]	@ zero_extendqisi2
 167 009c 082B     		cmp	r3, #8
 168 009e C6D9     		bls	.L5
 169              	.LBE2:
  38:voltages.c    ****     }
  39:voltages.c    ****     
  40:voltages.c    ****     AMux_Stop();        // Disconnects all Analog Multiplex channels.
 170              		.loc 1 40 0 is_stmt 1
 171 00a0 FFF7FEFF 		bl	AMux_Start
  41:voltages.c    ****     
  42:voltages.c    ****     ADC_SaveConfig();   // Save the register configuration which are not retention.
 172              		.loc 1 42 0
 173 00a4 FFF7FEFF 		bl	ADC_SaveConfig
  43:voltages.c    ****     
  44:voltages.c    ****     ADC_Stop();         // Stops and powers down the ADC component and the internal clock if the ex
 174              		.loc 1 44 0
 175 00a8 FFF7FEFF 		bl	ADC_Stop
  45:voltages.c    ****     
  46:voltages.c    ****     Battery_Voltage_Enable_Write(OFF);  // Pulls Battery ADC pin low (turns it off).
 176              		.loc 1 46 0
 177 00ac 0020     		movs	r0, #0
 178 00ae FFF7FEFF 		bl	Battery_Voltage_Enable_Write
ARM GAS  C:\Users\kland\AppData\Local\Temp\ccLxlVYl.s 			page 5


  47:voltages.c    ****     Pressure_Voltage_Enable_Write(OFF);  // Pulls Pressure Transducer ADC pin low (turns it off).
 179              		.loc 1 47 0
 180 00b2 0020     		movs	r0, #0
 181 00b4 FFF7FEFF 		bl	Pressure_Voltage_Enable_Write
  48:voltages.c    ****     
  49:voltages.c    ****     float offset = channels[0] - 1.024; // Should be 1.024 exactly. BK saw an offset when measuring
 182              		.loc 1 49 0
 183 00b8 7B6B     		ldr	r3, [r7, #52]	@ float
 184 00ba 1846     		mov	r0, r3
 185 00bc FFF7FEFF 		bl	__aeabi_f2d
 186 00c0 19A3     		adr	r3, .L7
 187 00c2 D3E90023 		ldrd	r2, [r3]
 188 00c6 FFF7FEFF 		bl	__aeabi_dsub
 189 00ca 0346     		mov	r3, r0
 190 00cc 0C46     		mov	r4, r1
 191 00ce 1846     		mov	r0, r3
 192 00d0 2146     		mov	r1, r4
 193 00d2 FFF7FEFF 		bl	__aeabi_d2f
 194 00d6 0346     		mov	r3, r0
 195 00d8 BB66     		str	r3, [r7, #104]	@ float
  50:voltages.c    ****     voltage.voltage_battery = (channels[ADC_MUX_VBAT] * 11) - offset; // Voltage divider is (1/10) 
 196              		.loc 1 50 0
 197 00da BB6B     		ldr	r3, [r7, #56]	@ float
 198 00dc 1449     		ldr	r1, .L7+8
 199 00de 1846     		mov	r0, r3
 200 00e0 FFF7FEFF 		bl	__aeabi_fmul
 201 00e4 0346     		mov	r3, r0
 202 00e6 B96E     		ldr	r1, [r7, #104]	@ float
 203 00e8 1846     		mov	r0, r3
 204 00ea FFF7FEFF 		bl	__aeabi_fsub
 205 00ee 0346     		mov	r3, r0
 206 00f0 7B65     		str	r3, [r7, #84]	@ float
  51:voltages.c    ****     voltage.voltage_solar = channels[ADC_MUX_VSOL] - offset; // Just want voltage here
 207              		.loc 1 51 0
 208 00f2 FB6B     		ldr	r3, [r7, #60]	@ float
 209 00f4 B96E     		ldr	r1, [r7, #104]	@ float
 210 00f6 1846     		mov	r0, r3
 211 00f8 FFF7FEFF 		bl	__aeabi_fsub
 212 00fc 0346     		mov	r3, r0
 213 00fe BB65     		str	r3, [r7, #88]	@ float
  52:voltages.c    ****     // Voltage across sensor resistor gives 100mV drop for max current, which is 800mA
  53:voltages.c    ****     //voltage.voltage_charge_current = 0.1*(channels[ADC_MUX_CHRG] - voltage.voltage_battery);
  54:voltages.c    ****     voltage.voltage_pressure = channels[ADC_MUX_PRTRANS]; // Pressure transducer reading
 214              		.loc 1 54 0
 215 0100 3B6C     		ldr	r3, [r7, #64]	@ float
 216 0102 3B66     		str	r3, [r7, #96]	@ float
  55:voltages.c    **** 
  56:voltages.c    ****     voltage.valid = 1;
 217              		.loc 1 56 0
 218 0104 0123     		movs	r3, #1
 219 0106 87F86430 		strb	r3, [r7, #100]
  57:voltages.c    ****     
  58:voltages.c    ****     return voltage;
 220              		.loc 1 58 0
 221 010a 7B68     		ldr	r3, [r7, #4]
 222 010c 1D46     		mov	r5, r3
 223 010e 07F15404 		add	r4, r7, #84
ARM GAS  C:\Users\kland\AppData\Local\Temp\ccLxlVYl.s 			page 6


 224 0112 0FCC     		ldmia	r4!, {r0, r1, r2, r3}
 225 0114 0FC5     		stmia	r5!, {r0, r1, r2, r3}
 226 0116 2368     		ldr	r3, [r4]
 227 0118 2B60     		str	r3, [r5]
  59:voltages.c    **** }
 228              		.loc 1 59 0
 229 011a 7868     		ldr	r0, [r7, #4]
 230 011c 7037     		adds	r7, r7, #112
 231              		.cfi_def_cfa_offset 16
 232 011e BD46     		mov	sp, r7
 233              		.cfi_def_cfa_register 13
 234              		@ sp needed
 235 0120 B0BD     		pop	{r4, r5, r7, pc}
 236              	.L8:
 237 0122 00BFAFF3 		.align	3
 237      0080
 238              	.L7:
 239 0128 FCA9F1D2 		.word	-755914244
 240 012c 4D62F03F 		.word	1072718413
 241 0130 00003041 		.word	1093664768
 242              		.cfi_endproc
 243              	.LFE64:
 244              		.size	voltage_take_readings, .-voltage_take_readings
 245              		.global	__aeabi_fdiv
 246              		.global	__aeabi_ddiv
 247              		.global	__aeabi_dmul
 248              		.section	.text.pressure_sensor_readings,"ax",%progbits
 249              		.align	2
 250              		.global	pressure_sensor_readings
 251              		.thumb
 252              		.thumb_func
 253              		.type	pressure_sensor_readings, %function
 254              	pressure_sensor_readings:
 255              	.LFB65:
  60:voltages.c    **** 
  61:voltages.c    **** // Function to take Pressure sensor readings and save them in the pressure_t datatype
  62:voltages.c    **** pressure_t pressure_sensor_readings(){
 256              		.loc 1 62 0
 257              		.cfi_startproc
 258              		@ args = 0, pretend = 0, frame = 104
 259              		@ frame_needed = 1, uses_anonymous_args = 0
 260 0000 90B5     		push	{r4, r7, lr}
 261              		.cfi_def_cfa_offset 12
 262              		.cfi_offset 4, -12
 263              		.cfi_offset 7, -8
 264              		.cfi_offset 14, -4
 265 0002 9BB0     		sub	sp, sp, #108
 266              		.cfi_def_cfa_offset 120
 267 0004 00AF     		add	r7, sp, #0
 268              		.cfi_def_cfa_register 7
 269 0006 7860     		str	r0, [r7, #4]
  63:voltages.c    ****     
  64:voltages.c    ****     pressure_t pressure;  // Create variable voltage of data structure voltage_t.
  65:voltages.c    ****     float channels[AMux_CHANNELS];
  66:voltages.c    ****     int32 readings[N_SAMPLES];  // Creates new int32 array called readings of size N_SAMPLES = 11
  67:voltages.c    ****     
  68:voltages.c    ****     AMux_Start();       // Start the Analog Multiplexer
ARM GAS  C:\Users\kland\AppData\Local\Temp\ccLxlVYl.s 			page 7


 270              		.loc 1 68 0
 271 0008 FFF7FEFF 		bl	AMux_Start
  69:voltages.c    ****  
  70:voltages.c    ****     ADC_RestoreConfig();// Have to call this and save (See below). Otherwise ADC won't work through
 272              		.loc 1 70 0
 273 000c FFF7FEFF 		bl	ADC_RestoreConfig
  71:voltages.c    ****     
  72:voltages.c    ****     ADC_Start();        // Start the ADC
 274              		.loc 1 72 0
 275 0010 FFF7FEFF 		bl	ADC_Start
  73:voltages.c    ****     
  74:voltages.c    ****     AMux_Select(ADC_MUX_PRTRANS); // This functions first disconnects all channels then connects th
 276              		.loc 1 74 0
 277 0014 0320     		movs	r0, #3
 278 0016 FFF7FEFF 		bl	AMux_Select
 279              	.LBB5:
  75:voltages.c    ****     
  76:voltages.c    ****     for(uint16 i=0; i< N_SAMPLES; i++){   
 280              		.loc 1 76 0
 281 001a 0023     		movs	r3, #0
 282 001c A7F86630 		strh	r3, [r7, #102]	@ movhi
 283 0020 0FE0     		b	.L10
 284              	.L11:
  77:voltages.c    ****         readings[i] = ADC_Read32(); // When called, it will start ADC conversions, wait for the con
 285              		.loc 1 77 0 discriminator 3
 286 0022 B7F86640 		ldrh	r4, [r7, #102]
 287 0026 FFF7FEFF 		bl	ADC_Read32
 288 002a 0246     		mov	r2, r0
 289 002c A300     		lsls	r3, r4, #2
 290 002e 07F16801 		add	r1, r7, #104
 291 0032 0B44     		add	r3, r3, r1
 292 0034 43F8602C 		str	r2, [r3, #-96]
  76:voltages.c    ****         readings[i] = ADC_Read32(); // When called, it will start ADC conversions, wait for the con
 293              		.loc 1 76 0 discriminator 3
 294 0038 B7F86630 		ldrh	r3, [r7, #102]
 295 003c 0133     		adds	r3, r3, #1
 296 003e A7F86630 		strh	r3, [r7, #102]	@ movhi
 297              	.L10:
  76:voltages.c    ****         readings[i] = ADC_Read32(); // When called, it will start ADC conversions, wait for the con
 298              		.loc 1 76 0 is_stmt 0 discriminator 1
 299 0042 B7F86630 		ldrh	r3, [r7, #102]
 300 0046 0A2B     		cmp	r3, #10
 301 0048 EBD9     		bls	.L11
 302              	.LBE5:
  78:voltages.c    ****     }
  79:voltages.c    ****     
  80:voltages.c    ****     // Converts the ADC output to Volts as a floating point number. 
  81:voltages.c    ****     // Get the median of readings and return that.
  82:voltages.c    ****     pressure.pressure_voltage_off = ADC_CountsTo_Volts(find_median32(readings,N_SAMPLES));    // Ge
 303              		.loc 1 82 0 is_stmt 1
 304 004a 07F10803 		add	r3, r7, #8
 305 004e 0B21     		movs	r1, #11
 306 0050 1846     		mov	r0, r3
 307 0052 FFF7FEFF 		bl	find_median32
 308 0056 0346     		mov	r3, r0
 309 0058 1846     		mov	r0, r3
 310 005a FFF7FEFF 		bl	ADC_CountsTo_Volts
ARM GAS  C:\Users\kland\AppData\Local\Temp\ccLxlVYl.s 			page 8


 311 005e 0346     		mov	r3, r0
 312 0060 BB65     		str	r3, [r7, #88]	@ float
  83:voltages.c    ****     pressure.pressure_voltage_off = floorf(pressure.pressure_voltage_off * 100) / 100;
 313              		.loc 1 83 0
 314 0062 BB6D     		ldr	r3, [r7, #88]	@ float
 315 0064 4849     		ldr	r1, .L15+16
 316 0066 1846     		mov	r0, r3
 317 0068 FFF7FEFF 		bl	__aeabi_fmul
 318 006c 0346     		mov	r3, r0
 319 006e 1846     		mov	r0, r3
 320 0070 FFF7FEFF 		bl	floorf
 321 0074 0346     		mov	r3, r0
 322 0076 4449     		ldr	r1, .L15+16
 323 0078 1846     		mov	r0, r3
 324 007a FFF7FEFF 		bl	__aeabi_fdiv
 325 007e 0346     		mov	r3, r0
 326 0080 BB65     		str	r3, [r7, #88]	@ float
  84:voltages.c    ****     
  85:voltages.c    ****     Pressure_Voltage_Enable_Write(ON);  // Flip on the Pressure Transducer Voltage ADC pin high (tu
 327              		.loc 1 85 0
 328 0082 0120     		movs	r0, #1
 329 0084 FFF7FEFF 		bl	Pressure_Voltage_Enable_Write
  86:voltages.c    ****     
  87:voltages.c    **** 	CyDelay(10u);	    // 10 seconds delay to give time to flip on ADC pin.
 330              		.loc 1 87 0
 331 0088 0A20     		movs	r0, #10
 332 008a FFF7FEFF 		bl	CyDelay
 333              	.LBB6:
  88:voltages.c    ****   
  89:voltages.c    ****     for(uint16 i=0; i< N_SAMPLES; i++){   
 334              		.loc 1 89 0
 335 008e 0023     		movs	r3, #0
 336 0090 A7F86430 		strh	r3, [r7, #100]	@ movhi
 337 0094 0FE0     		b	.L12
 338              	.L13:
  90:voltages.c    ****         readings[i] = ADC_Read32(); // When called, it will start ADC conversions, wait for the con
 339              		.loc 1 90 0 discriminator 3
 340 0096 B7F86440 		ldrh	r4, [r7, #100]
 341 009a FFF7FEFF 		bl	ADC_Read32
 342 009e 0246     		mov	r2, r0
 343 00a0 A300     		lsls	r3, r4, #2
 344 00a2 07F16801 		add	r1, r7, #104
 345 00a6 0B44     		add	r3, r3, r1
 346 00a8 43F8602C 		str	r2, [r3, #-96]
  89:voltages.c    ****         readings[i] = ADC_Read32(); // When called, it will start ADC conversions, wait for the con
 347              		.loc 1 89 0 discriminator 3
 348 00ac B7F86430 		ldrh	r3, [r7, #100]
 349 00b0 0133     		adds	r3, r3, #1
 350 00b2 A7F86430 		strh	r3, [r7, #100]	@ movhi
 351              	.L12:
  89:voltages.c    ****         readings[i] = ADC_Read32(); // When called, it will start ADC conversions, wait for the con
 352              		.loc 1 89 0 is_stmt 0 discriminator 1
 353 00b6 B7F86430 		ldrh	r3, [r7, #100]
 354 00ba 0A2B     		cmp	r3, #10
 355 00bc EBD9     		bls	.L13
 356              	.LBE6:
  91:voltages.c    ****     }
ARM GAS  C:\Users\kland\AppData\Local\Temp\ccLxlVYl.s 			page 9


  92:voltages.c    ****     
  93:voltages.c    ****     // Converts the ADC output to Volts as a floating point number. 
  94:voltages.c    ****     // Get the median of readings and return that.
  95:voltages.c    ****     pressure.pressure_voltage_on = ADC_CountsTo_Volts(find_median32(readings,N_SAMPLES));    // Get
 357              		.loc 1 95 0 is_stmt 1
 358 00be 07F10803 		add	r3, r7, #8
 359 00c2 0B21     		movs	r1, #11
 360 00c4 1846     		mov	r0, r3
 361 00c6 FFF7FEFF 		bl	find_median32
 362 00ca 0346     		mov	r3, r0
 363 00cc 1846     		mov	r0, r3
 364 00ce FFF7FEFF 		bl	ADC_CountsTo_Volts
 365 00d2 0346     		mov	r3, r0
 366 00d4 7B65     		str	r3, [r7, #84]	@ float
  96:voltages.c    ****     
  97:voltages.c    ****     AMux_Stop();        // Disconnects all Analog Multiplex channels.
 367              		.loc 1 97 0
 368 00d6 FFF7FEFF 		bl	AMux_Start
  98:voltages.c    ****     
  99:voltages.c    ****     ADC_SaveConfig();   // Save the register configuration which are not retention.
 369              		.loc 1 99 0
 370 00da FFF7FEFF 		bl	ADC_SaveConfig
 100:voltages.c    ****     
 101:voltages.c    ****     ADC_Stop();         // Stops and powers down the ADC component and the internal clock if the ex
 371              		.loc 1 101 0
 372 00de FFF7FEFF 		bl	ADC_Stop
 102:voltages.c    ****     
 103:voltages.c    ****     Pressure_Voltage_Enable_Write(OFF);  // Pulls Pressure Transducer ADC pin low (turns it off).
 373              		.loc 1 103 0
 374 00e2 0020     		movs	r0, #0
 375 00e4 FFF7FEFF 		bl	Pressure_Voltage_Enable_Write
 104:voltages.c    ****     // Calculate the pressure transducer current output.
 105:voltages.c    ****     // i=V/R where i= currrent, V= voltage, and R= resistance= 150 ohms. Divide by 1000 to get curr
 106:voltages.c    ****     // Should fall between 4 and 20mA
 107:voltages.c    ****     pressure.pressure_current = (pressure.pressure_voltage_on/ 150.0)*1000; 
 376              		.loc 1 107 0
 377 00e8 7B6D     		ldr	r3, [r7, #84]	@ float
 378 00ea 1846     		mov	r0, r3
 379 00ec FFF7FEFF 		bl	__aeabi_f2d
 380 00f0 21A3     		adr	r3, .L15
 381 00f2 D3E90023 		ldrd	r2, [r3]
 382 00f6 FFF7FEFF 		bl	__aeabi_ddiv
 383 00fa 0346     		mov	r3, r0
 384 00fc 0C46     		mov	r4, r1
 385 00fe 1846     		mov	r0, r3
 386 0100 2146     		mov	r1, r4
 387 0102 4FF00002 		mov	r2, #0
 388 0106 214B     		ldr	r3, .L15+20
 389 0108 FFF7FEFF 		bl	__aeabi_dmul
 390 010c 0346     		mov	r3, r0
 391 010e 0C46     		mov	r4, r1
 392 0110 1846     		mov	r0, r3
 393 0112 2146     		mov	r1, r4
 394 0114 FFF7FEFF 		bl	__aeabi_d2f
 395 0118 0346     		mov	r3, r0
 396 011a FB65     		str	r3, [r7, #92]	@ float
 108:voltages.c    ****     // Calculate the estimated depth from the pressure transducer.
ARM GAS  C:\Users\kland\AppData\Local\Temp\ccLxlVYl.s 			page 10


 109:voltages.c    ****     // d = (Dmax*V/0.016R) - (Dmax/4) where d= depth, V= voltage, R= resistance= 150 ohms, Dmax = s
 110:voltages.c    ****     // Should fall between 0 and 10 ft
 111:voltages.c    ****     pressure.pressure_depth = ((10.0*pressure.pressure_voltage_on)/(0.016*150))-(10.0/4.0);   
 397              		.loc 1 111 0
 398 011c 7B6D     		ldr	r3, [r7, #84]	@ float
 399 011e 1846     		mov	r0, r3
 400 0120 FFF7FEFF 		bl	__aeabi_f2d
 401 0124 4FF00002 		mov	r2, #0
 402 0128 194B     		ldr	r3, .L15+24
 403 012a FFF7FEFF 		bl	__aeabi_dmul
 404 012e 0346     		mov	r3, r0
 405 0130 0C46     		mov	r4, r1
 406 0132 1846     		mov	r0, r3
 407 0134 2146     		mov	r1, r4
 408 0136 12A3     		adr	r3, .L15+8
 409 0138 D3E90023 		ldrd	r2, [r3]
 410 013c FFF7FEFF 		bl	__aeabi_ddiv
 411 0140 0346     		mov	r3, r0
 412 0142 0C46     		mov	r4, r1
 413 0144 1846     		mov	r0, r3
 414 0146 2146     		mov	r1, r4
 415 0148 4FF00002 		mov	r2, #0
 416 014c 114B     		ldr	r3, .L15+28
 417 014e FFF7FEFF 		bl	__aeabi_dsub
 418 0152 0346     		mov	r3, r0
 419 0154 0C46     		mov	r4, r1
 420 0156 1846     		mov	r0, r3
 421 0158 2146     		mov	r1, r4
 422 015a FFF7FEFF 		bl	__aeabi_d2f
 423 015e 0346     		mov	r3, r0
 424 0160 3B66     		str	r3, [r7, #96]	@ float
 112:voltages.c    ****     return pressure;
 425              		.loc 1 112 0
 426 0162 7B68     		ldr	r3, [r7, #4]
 427 0164 1C46     		mov	r4, r3
 428 0166 07F15403 		add	r3, r7, #84
 429 016a 0FCB     		ldmia	r3, {r0, r1, r2, r3}
 430 016c 84E80F00 		stmia	r4, {r0, r1, r2, r3}
 113:voltages.c    **** }
 431              		.loc 1 113 0
 432 0170 7868     		ldr	r0, [r7, #4]
 433 0172 6C37     		adds	r7, r7, #108
 434              		.cfi_def_cfa_offset 12
 435 0174 BD46     		mov	sp, r7
 436              		.cfi_def_cfa_register 13
 437              		@ sp needed
 438 0176 90BD     		pop	{r4, r7, pc}
 439              	.L16:
 440              		.align	3
 441              	.L15:
 442 0178 00000000 		.word	0
 443 017c 00C06240 		.word	1080213504
 444 0180 33333333 		.word	858993459
 445 0184 33330340 		.word	1073951539
 446 0188 0000C842 		.word	1120403456
 447 018c 00408F40 		.word	1083129856
 448 0190 00002440 		.word	1076101120
ARM GAS  C:\Users\kland\AppData\Local\Temp\ccLxlVYl.s 			page 11


 449 0194 00000440 		.word	1074003968
 450              		.cfi_endproc
 451              	.LFE65:
 452              		.size	pressure_sensor_readings, .-pressure_sensor_readings
 453              		.section	.text.pressure_calculations,"ax",%progbits
 454              		.align	2
 455              		.global	pressure_calculations
 456              		.thumb
 457              		.thumb_func
 458              		.type	pressure_calculations, %function
 459              	pressure_calculations:
 460              	.LFB66:
 114:voltages.c    **** 
 115:voltages.c    **** // Function to calculate the pressure transducer current and depth estimate.
 116:voltages.c    **** pressure_t pressure_calculations(voltage_t voltage){
 461              		.loc 1 116 0
 462              		.cfi_startproc
 463              		@ args = 24, pretend = 16, frame = 24
 464              		@ frame_needed = 1, uses_anonymous_args = 0
 465 0000 84B0     		sub	sp, sp, #16
 466              		.cfi_def_cfa_offset 16
 467 0002 90B5     		push	{r4, r7, lr}
 468              		.cfi_def_cfa_offset 28
 469              		.cfi_offset 4, -28
 470              		.cfi_offset 7, -24
 471              		.cfi_offset 14, -20
 472 0004 87B0     		sub	sp, sp, #28
 473              		.cfi_def_cfa_offset 56
 474 0006 00AF     		add	r7, sp, #0
 475              		.cfi_def_cfa_register 7
 476 0008 7860     		str	r0, [r7, #4]
 477 000a 07F12C00 		add	r0, r7, #44
 478 000e 80E80E00 		stmia	r0, {r1, r2, r3}
 117:voltages.c    ****     // Create variable pressure of data structure type pressure_t.
 118:voltages.c    ****     pressure_t pressure;
 119:voltages.c    ****     
 120:voltages.c    ****     // Calculate the pressure transducer current output.
 121:voltages.c    ****     // i=V/R where i= currrent, V= voltage, and R= resistance= 150 ohms. Divide by 1000 to get curr
 122:voltages.c    ****     // Should fall between 4 and 20mA
 123:voltages.c    ****     pressure.pressure_current = (voltage.voltage_pressure/ 150.0)/1000; 
 479              		.loc 1 123 0
 480 0012 BB6B     		ldr	r3, [r7, #56]	@ float
 481 0014 1846     		mov	r0, r3
 482 0016 FFF7FEFF 		bl	__aeabi_f2d
 483 001a 23A3     		adr	r3, .L19
 484 001c D3E90023 		ldrd	r2, [r3]
 485 0020 FFF7FEFF 		bl	__aeabi_ddiv
 486 0024 0346     		mov	r3, r0
 487 0026 0C46     		mov	r4, r1
 488 0028 1846     		mov	r0, r3
 489 002a 2146     		mov	r1, r4
 490 002c 4FF00002 		mov	r2, #0
 491 0030 214B     		ldr	r3, .L19+16
 492 0032 FFF7FEFF 		bl	__aeabi_ddiv
 493 0036 0346     		mov	r3, r0
 494 0038 0C46     		mov	r4, r1
 495 003a 1846     		mov	r0, r3
ARM GAS  C:\Users\kland\AppData\Local\Temp\ccLxlVYl.s 			page 12


 496 003c 2146     		mov	r1, r4
 497 003e FFF7FEFF 		bl	__aeabi_d2f
 498 0042 0346     		mov	r3, r0
 499 0044 3B61     		str	r3, [r7, #16]	@ float
 124:voltages.c    ****     // Calculate the estimated depth from the pressure transducer.
 125:voltages.c    ****     // d = (Dmax*V/0.016R) - (Dmax/4) where d= depth, V= voltage, R= resistance= 150 ohms, Dmax = s
 126:voltages.c    ****     // Should fall between 0 and 10 ft
 127:voltages.c    ****     pressure.pressure_depth = ((10.0*voltage.voltage_pressure)/(0.016*150))-(10.0/4.0); 
 500              		.loc 1 127 0
 501 0046 BB6B     		ldr	r3, [r7, #56]	@ float
 502 0048 1846     		mov	r0, r3
 503 004a FFF7FEFF 		bl	__aeabi_f2d
 504 004e 4FF00002 		mov	r2, #0
 505 0052 1A4B     		ldr	r3, .L19+20
 506 0054 FFF7FEFF 		bl	__aeabi_dmul
 507 0058 0346     		mov	r3, r0
 508 005a 0C46     		mov	r4, r1
 509 005c 1846     		mov	r0, r3
 510 005e 2146     		mov	r1, r4
 511 0060 13A3     		adr	r3, .L19+8
 512 0062 D3E90023 		ldrd	r2, [r3]
 513 0066 FFF7FEFF 		bl	__aeabi_ddiv
 514 006a 0346     		mov	r3, r0
 515 006c 0C46     		mov	r4, r1
 516 006e 1846     		mov	r0, r3
 517 0070 2146     		mov	r1, r4
 518 0072 4FF00002 		mov	r2, #0
 519 0076 124B     		ldr	r3, .L19+24
 520 0078 FFF7FEFF 		bl	__aeabi_dsub
 521 007c 0346     		mov	r3, r0
 522 007e 0C46     		mov	r4, r1
 523 0080 1846     		mov	r0, r3
 524 0082 2146     		mov	r1, r4
 525 0084 FFF7FEFF 		bl	__aeabi_d2f
 526 0088 0346     		mov	r3, r0
 527 008a 7B61     		str	r3, [r7, #20]	@ float
 128:voltages.c    ****     return pressure;
 528              		.loc 1 128 0
 529 008c 7B68     		ldr	r3, [r7, #4]
 530 008e 1C46     		mov	r4, r3
 531 0090 07F10803 		add	r3, r7, #8
 532 0094 0FCB     		ldmia	r3, {r0, r1, r2, r3}
 533 0096 84E80F00 		stmia	r4, {r0, r1, r2, r3}
 129:voltages.c    **** }
 534              		.loc 1 129 0
 535 009a 7868     		ldr	r0, [r7, #4]
 536 009c 1C37     		adds	r7, r7, #28
 537              		.cfi_def_cfa_offset 28
 538 009e BD46     		mov	sp, r7
 539              		.cfi_def_cfa_register 13
 540              		@ sp needed
 541 00a0 BDE89040 		pop	{r4, r7, lr}
 542              		.cfi_restore 14
 543              		.cfi_restore 7
 544              		.cfi_restore 4
 545              		.cfi_def_cfa_offset 16
 546 00a4 04B0     		add	sp, sp, #16
ARM GAS  C:\Users\kland\AppData\Local\Temp\ccLxlVYl.s 			page 13


 547              		.cfi_def_cfa_offset 0
 548 00a6 7047     		bx	lr
 549              	.L20:
 550              		.align	3
 551              	.L19:
 552 00a8 00000000 		.word	0
 553 00ac 00C06240 		.word	1080213504
 554 00b0 33333333 		.word	858993459
 555 00b4 33330340 		.word	1073951539
 556 00b8 00408F40 		.word	1083129856
 557 00bc 00002440 		.word	1076101120
 558 00c0 00000440 		.word	1074003968
 559              		.cfi_endproc
 560              	.LFE66:
 561              		.size	pressure_calculations, .-pressure_calculations
 562              		.section	.text.sort32,"ax",%progbits
 563              		.align	2
 564              		.global	sort32
 565              		.thumb
 566              		.thumb_func
 567              		.type	sort32, %function
 568              	sort32:
 569              	.LFB67:
 130:voltages.c    ****     
 131:voltages.c    ****     
 132:voltages.c    **** 
 133:voltages.c    **** // Function to sort the elements in the level readings array
 134:voltages.c    **** void sort32(int32 a[],int32 n) { 
 570              		.loc 1 134 0
 571              		.cfi_startproc
 572              		@ args = 0, pretend = 0, frame = 16
 573              		@ frame_needed = 1, uses_anonymous_args = 0
 574 0000 80B5     		push	{r7, lr}
 575              		.cfi_def_cfa_offset 8
 576              		.cfi_offset 7, -8
 577              		.cfi_offset 14, -4
 578 0002 84B0     		sub	sp, sp, #16
 579              		.cfi_def_cfa_offset 24
 580 0004 00AF     		add	r7, sp, #0
 581              		.cfi_def_cfa_register 7
 582 0006 7860     		str	r0, [r7, #4]
 583 0008 3960     		str	r1, [r7]
 135:voltages.c    ****    int32 i,j;
 136:voltages.c    **** 
 137:voltages.c    ****    for(i = 0;i < n-1;i++) {
 584              		.loc 1 137 0
 585 000a 0023     		movs	r3, #0
 586 000c FB60     		str	r3, [r7, #12]
 587 000e 28E0     		b	.L22
 588              	.L26:
 138:voltages.c    ****       for(j = 0;j < n-i-1;j++) {
 589              		.loc 1 138 0
 590 0010 0023     		movs	r3, #0
 591 0012 BB60     		str	r3, [r7, #8]
 592 0014 1BE0     		b	.L23
 593              	.L25:
 139:voltages.c    ****          if(a[j] > a[j+1])
ARM GAS  C:\Users\kland\AppData\Local\Temp\ccLxlVYl.s 			page 14


 594              		.loc 1 139 0
 595 0016 BB68     		ldr	r3, [r7, #8]
 596 0018 9B00     		lsls	r3, r3, #2
 597 001a 7A68     		ldr	r2, [r7, #4]
 598 001c 1344     		add	r3, r3, r2
 599 001e 1A68     		ldr	r2, [r3]
 600 0020 BB68     		ldr	r3, [r7, #8]
 601 0022 0133     		adds	r3, r3, #1
 602 0024 9B00     		lsls	r3, r3, #2
 603 0026 7968     		ldr	r1, [r7, #4]
 604 0028 0B44     		add	r3, r3, r1
 605 002a 1B68     		ldr	r3, [r3]
 606 002c 9A42     		cmp	r2, r3
 607 002e 0BDD     		ble	.L24
 140:voltages.c    ****             swap32(&a[j],&a[j+1]);  // Swap the address of a[j] and a[j+1]
 608              		.loc 1 140 0
 609 0030 BB68     		ldr	r3, [r7, #8]
 610 0032 9B00     		lsls	r3, r3, #2
 611 0034 7A68     		ldr	r2, [r7, #4]
 612 0036 D018     		adds	r0, r2, r3
 613 0038 BB68     		ldr	r3, [r7, #8]
 614 003a 0133     		adds	r3, r3, #1
 615 003c 9B00     		lsls	r3, r3, #2
 616 003e 7A68     		ldr	r2, [r7, #4]
 617 0040 1344     		add	r3, r3, r2
 618 0042 1946     		mov	r1, r3
 619 0044 FFF7FEFF 		bl	swap32
 620              	.L24:
 138:voltages.c    ****       for(j = 0;j < n-i-1;j++) {
 621              		.loc 1 138 0 discriminator 2
 622 0048 BB68     		ldr	r3, [r7, #8]
 623 004a 0133     		adds	r3, r3, #1
 624 004c BB60     		str	r3, [r7, #8]
 625              	.L23:
 138:voltages.c    ****       for(j = 0;j < n-i-1;j++) {
 626              		.loc 1 138 0 is_stmt 0 discriminator 1
 627 004e 3A68     		ldr	r2, [r7]
 628 0050 FB68     		ldr	r3, [r7, #12]
 629 0052 D31A     		subs	r3, r2, r3
 630 0054 5A1E     		subs	r2, r3, #1
 631 0056 BB68     		ldr	r3, [r7, #8]
 632 0058 9A42     		cmp	r2, r3
 633 005a DCDC     		bgt	.L25
 137:voltages.c    ****       for(j = 0;j < n-i-1;j++) {
 634              		.loc 1 137 0 is_stmt 1 discriminator 2
 635 005c FB68     		ldr	r3, [r7, #12]
 636 005e 0133     		adds	r3, r3, #1
 637 0060 FB60     		str	r3, [r7, #12]
 638              	.L22:
 137:voltages.c    ****       for(j = 0;j < n-i-1;j++) {
 639              		.loc 1 137 0 is_stmt 0 discriminator 1
 640 0062 3B68     		ldr	r3, [r7]
 641 0064 5A1E     		subs	r2, r3, #1
 642 0066 FB68     		ldr	r3, [r7, #12]
 643 0068 9A42     		cmp	r2, r3
 644 006a D1DC     		bgt	.L26
 141:voltages.c    ****       }
ARM GAS  C:\Users\kland\AppData\Local\Temp\ccLxlVYl.s 			page 15


 142:voltages.c    ****    }
 143:voltages.c    **** }
 645              		.loc 1 143 0 is_stmt 1
 646 006c 00BF     		nop
 647 006e 1037     		adds	r7, r7, #16
 648              		.cfi_def_cfa_offset 8
 649 0070 BD46     		mov	sp, r7
 650              		.cfi_def_cfa_register 13
 651              		@ sp needed
 652 0072 80BD     		pop	{r7, pc}
 653              		.cfi_endproc
 654              	.LFE67:
 655              		.size	sort32, .-sort32
 656              		.section	.text.swap32,"ax",%progbits
 657              		.align	2
 658              		.global	swap32
 659              		.thumb
 660              		.thumb_func
 661              		.type	swap32, %function
 662              	swap32:
 663              	.LFB68:
 144:voltages.c    **** 
 145:voltages.c    **** // Function to swap elements in the level readings array in order to sort them
 146:voltages.c    **** void swap32(int32 *p,int32 *q){
 664              		.loc 1 146 0
 665              		.cfi_startproc
 666              		@ args = 0, pretend = 0, frame = 16
 667              		@ frame_needed = 1, uses_anonymous_args = 0
 668              		@ link register save eliminated.
 669 0000 80B4     		push	{r7}
 670              		.cfi_def_cfa_offset 4
 671              		.cfi_offset 7, -4
 672 0002 85B0     		sub	sp, sp, #20
 673              		.cfi_def_cfa_offset 24
 674 0004 00AF     		add	r7, sp, #0
 675              		.cfi_def_cfa_register 7
 676 0006 7860     		str	r0, [r7, #4]
 677 0008 3960     		str	r1, [r7]
 147:voltages.c    ****    int32 t;
 148:voltages.c    ****    
 149:voltages.c    ****    t=*p; 
 678              		.loc 1 149 0
 679 000a 7B68     		ldr	r3, [r7, #4]
 680 000c 1B68     		ldr	r3, [r3]
 681 000e FB60     		str	r3, [r7, #12]
 150:voltages.c    ****    *p=*q; 
 682              		.loc 1 150 0
 683 0010 3B68     		ldr	r3, [r7]
 684 0012 1A68     		ldr	r2, [r3]
 685 0014 7B68     		ldr	r3, [r7, #4]
 686 0016 1A60     		str	r2, [r3]
 151:voltages.c    ****    *q=t;
 687              		.loc 1 151 0
 688 0018 3B68     		ldr	r3, [r7]
 689 001a FA68     		ldr	r2, [r7, #12]
 690 001c 1A60     		str	r2, [r3]
 152:voltages.c    **** }
ARM GAS  C:\Users\kland\AppData\Local\Temp\ccLxlVYl.s 			page 16


 691              		.loc 1 152 0
 692 001e 00BF     		nop
 693 0020 1437     		adds	r7, r7, #20
 694              		.cfi_def_cfa_offset 4
 695 0022 BD46     		mov	sp, r7
 696              		.cfi_def_cfa_register 13
 697              		@ sp needed
 698 0024 80BC     		pop	{r7}
 699              		.cfi_restore 7
 700              		.cfi_def_cfa_offset 0
 701 0026 7047     		bx	lr
 702              		.cfi_endproc
 703              	.LFE68:
 704              		.size	swap32, .-swap32
 705              		.global	__aeabi_i2d
 706              		.global	__aeabi_d2iz
 707              		.section	.text.find_median32,"ax",%progbits
 708              		.align	2
 709              		.global	find_median32
 710              		.thumb
 711              		.thumb_func
 712              		.type	find_median32, %function
 713              	find_median32:
 714              	.LFB69:
 153:voltages.c    **** 
 154:voltages.c    **** // Function to calculate the median of the array, after array is sorted
 155:voltages.c    **** int32 find_median32(int32 array[] , int32 n)
 156:voltages.c    **** {
 715              		.loc 1 156 0
 716              		.cfi_startproc
 717              		@ args = 0, pretend = 0, frame = 16
 718              		@ frame_needed = 1, uses_anonymous_args = 0
 719 0000 90B5     		push	{r4, r7, lr}
 720              		.cfi_def_cfa_offset 12
 721              		.cfi_offset 4, -12
 722              		.cfi_offset 7, -8
 723              		.cfi_offset 14, -4
 724 0002 85B0     		sub	sp, sp, #20
 725              		.cfi_def_cfa_offset 32
 726 0004 00AF     		add	r7, sp, #0
 727              		.cfi_def_cfa_register 7
 728 0006 7860     		str	r0, [r7, #4]
 729 0008 3960     		str	r1, [r7]
 157:voltages.c    ****     int32 median=0;
 730              		.loc 1 157 0
 731 000a 0023     		movs	r3, #0
 732 000c FB60     		str	r3, [r7, #12]
 158:voltages.c    ****     sort32(array,n);
 733              		.loc 1 158 0
 734 000e 3968     		ldr	r1, [r7]
 735 0010 7868     		ldr	r0, [r7, #4]
 736 0012 FFF7FEFF 		bl	sort32
 159:voltages.c    ****     
 160:voltages.c    ****     // If number of elements are even
 161:voltages.c    ****     if(n%2 == 0)
 737              		.loc 1 161 0
 738 0016 3B68     		ldr	r3, [r7]
ARM GAS  C:\Users\kland\AppData\Local\Temp\ccLxlVYl.s 			page 17


 739 0018 03F00103 		and	r3, r3, #1
 740 001c 002B     		cmp	r3, #0
 741 001e 23D1     		bne	.L29
 162:voltages.c    ****         // Median is the average of the  two middle sorted numbers
 163:voltages.c    ****         median = (array[(n-1)/2] + array[n/2])/2.0;
 742              		.loc 1 163 0
 743 0020 3B68     		ldr	r3, [r7]
 744 0022 013B     		subs	r3, r3, #1
 745 0024 DA0F     		lsrs	r2, r3, #31
 746 0026 1344     		add	r3, r3, r2
 747 0028 5B10     		asrs	r3, r3, #1
 748 002a 9B00     		lsls	r3, r3, #2
 749 002c 7A68     		ldr	r2, [r7, #4]
 750 002e 1344     		add	r3, r3, r2
 751 0030 1A68     		ldr	r2, [r3]
 752 0032 3B68     		ldr	r3, [r7]
 753 0034 D90F     		lsrs	r1, r3, #31
 754 0036 0B44     		add	r3, r3, r1
 755 0038 5B10     		asrs	r3, r3, #1
 756 003a 9B00     		lsls	r3, r3, #2
 757 003c 7968     		ldr	r1, [r7, #4]
 758 003e 0B44     		add	r3, r3, r1
 759 0040 1B68     		ldr	r3, [r3]
 760 0042 1344     		add	r3, r3, r2
 761 0044 1846     		mov	r0, r3
 762 0046 FFF7FEFF 		bl	__aeabi_i2d
 763 004a 4FF00002 		mov	r2, #0
 764 004e 4FF08043 		mov	r3, #1073741824
 765 0052 FFF7FEFF 		bl	__aeabi_ddiv
 766 0056 0346     		mov	r3, r0
 767 0058 0C46     		mov	r4, r1
 768 005a 1846     		mov	r0, r3
 769 005c 2146     		mov	r1, r4
 770 005e FFF7FEFF 		bl	__aeabi_d2iz
 771 0062 0346     		mov	r3, r0
 772 0064 FB60     		str	r3, [r7, #12]
 773 0066 08E0     		b	.L30
 774              	.L29:
 164:voltages.c    ****     // If number of elements are odd
 165:voltages.c    ****     else
 166:voltages.c    ****         // Median is the the middle sorted number. 
 167:voltages.c    ****         median = array[n/2];
 775              		.loc 1 167 0
 776 0068 3B68     		ldr	r3, [r7]
 777 006a DA0F     		lsrs	r2, r3, #31
 778 006c 1344     		add	r3, r3, r2
 779 006e 5B10     		asrs	r3, r3, #1
 780 0070 9B00     		lsls	r3, r3, #2
 781 0072 7A68     		ldr	r2, [r7, #4]
 782 0074 1344     		add	r3, r3, r2
 783 0076 1B68     		ldr	r3, [r3]
 784 0078 FB60     		str	r3, [r7, #12]
 785              	.L30:
 168:voltages.c    ****     
 169:voltages.c    ****     return median;
 786              		.loc 1 169 0
 787 007a FB68     		ldr	r3, [r7, #12]
ARM GAS  C:\Users\kland\AppData\Local\Temp\ccLxlVYl.s 			page 18


 170:voltages.c    **** }
 788              		.loc 1 170 0
 789 007c 1846     		mov	r0, r3
 790 007e 1437     		adds	r7, r7, #20
 791              		.cfi_def_cfa_offset 12
 792 0080 BD46     		mov	sp, r7
 793              		.cfi_def_cfa_register 13
 794              		@ sp needed
 795 0082 90BD     		pop	{r4, r7, pc}
 796              		.cfi_endproc
 797              	.LFE69:
 798              		.size	find_median32, .-find_median32
 799              		.section	.rodata
 800              		.align	2
 801              	.LC0:
 802 0000 54455354 		.ascii	"TEST_ANALOG_VOLTAGES\000"
 802      5F414E41 
 802      4C4F475F 
 802      564F4C54 
 802      41474553 
 803 0015 000000   		.align	2
 804              	.LC1:
 805 0018 56424154 		.ascii	"VBAT=%.3f,VSOL=%.3f,CHRG=%.3f\000"
 805      3D252E33 
 805      662C5653 
 805      4F4C3D25 
 805      2E33662C 
 806              		.section	.text.voltages_test,"ax",%progbits
 807              		.align	2
 808              		.global	voltages_test
 809              		.thumb
 810              		.thumb_func
 811              		.type	voltages_test, %function
 812              	voltages_test:
 813              	.LFB70:
 171:voltages.c    **** 
 172:voltages.c    **** // Test the voltage readings
 173:voltages.c    **** test_t voltages_test(){
 814              		.loc 1 173 0
 815              		.cfi_startproc
 816              		@ args = 0, pretend = 0, frame = 416
 817              		@ frame_needed = 1, uses_anonymous_args = 0
 818 0000 2DE9B043 		push	{r4, r5, r7, r8, r9, lr}
 819              		.cfi_def_cfa_offset 24
 820              		.cfi_offset 4, -24
 821              		.cfi_offset 5, -20
 822              		.cfi_offset 7, -16
 823              		.cfi_offset 8, -12
 824              		.cfi_offset 9, -8
 825              		.cfi_offset 14, -4
 826 0004 EEB0     		sub	sp, sp, #440
 827              		.cfi_def_cfa_offset 464
 828 0006 06AF     		add	r7, sp, #24
 829              		.cfi_def_cfa 7, 440
 830 0008 3B1D     		adds	r3, r7, #4
 831 000a 1860     		str	r0, [r3]
 174:voltages.c    ****     // Create variable test of the data structure test_t
ARM GAS  C:\Users\kland\AppData\Local\Temp\ccLxlVYl.s 			page 19


 175:voltages.c    ****     test_t test;
 176:voltages.c    ****     test.status = 0;
 832              		.loc 1 176 0
 833 000c 07F11C03 		add	r3, r7, #28
 834 0010 0022     		movs	r2, #0
 835 0012 83F88020 		strb	r2, [r3, #128]
 177:voltages.c    ****     snprintf(test.test_name,sizeof(test.test_name),"TEST_ANALOG_VOLTAGES");
 836              		.loc 1 177 0
 837 0016 07F11C03 		add	r3, r7, #28
 838 001a 264A     		ldr	r2, .L34
 839 001c 1C46     		mov	r4, r3
 840 001e 1546     		mov	r5, r2
 841 0020 0FCD     		ldmia	r5!, {r0, r1, r2, r3}
 842 0022 0FC4     		stmia	r4!, {r0, r1, r2, r3}
 843 0024 95E80300 		ldmia	r5, {r0, r1}
 844 0028 2060     		str	r0, [r4]
 845 002a 0434     		adds	r4, r4, #4
 846 002c 2170     		strb	r1, [r4]
 178:voltages.c    ****     
 179:voltages.c    ****     voltage_t voltage = voltage_take_readings();
 847              		.loc 1 179 0
 848 002e 07F10803 		add	r3, r7, #8
 849 0032 1846     		mov	r0, r3
 850 0034 FFF7FEFF 		bl	voltage_take_readings
 180:voltages.c    ****     
 181:voltages.c    ****     //do some checks here if you want the test to meet some voltage requirement
 182:voltages.c    ****     
 183:voltages.c    ****     snprintf(test.reason,sizeof(test.reason),"VBAT=%.3f,VSOL=%.3f,CHRG=%.3f",
 184:voltages.c    ****             voltage.voltage_battery,
 851              		.loc 1 184 0
 852 0038 07F10803 		add	r3, r7, #8
 853 003c 1B68     		ldr	r3, [r3]	@ float
 183:voltages.c    ****             voltage.voltage_battery,
 854              		.loc 1 183 0
 855 003e 1846     		mov	r0, r3
 856 0040 FFF7FEFF 		bl	__aeabi_f2d
 857 0044 0446     		mov	r4, r0
 858 0046 0D46     		mov	r5, r1
 185:voltages.c    ****             voltage.voltage_solar,
 859              		.loc 1 185 0
 860 0048 07F10803 		add	r3, r7, #8
 861 004c 5B68     		ldr	r3, [r3, #4]	@ float
 183:voltages.c    ****             voltage.voltage_battery,
 862              		.loc 1 183 0
 863 004e 1846     		mov	r0, r3
 864 0050 FFF7FEFF 		bl	__aeabi_f2d
 865 0054 8046     		mov	r8, r0
 866 0056 8946     		mov	r9, r1
 186:voltages.c    ****             voltage.voltage_charge_current);
 867              		.loc 1 186 0
 868 0058 07F10803 		add	r3, r7, #8
 869 005c 9B68     		ldr	r3, [r3, #8]	@ float
 183:voltages.c    ****             voltage.voltage_battery,
 870              		.loc 1 183 0
 871 005e 1846     		mov	r0, r3
 872 0060 FFF7FEFF 		bl	__aeabi_f2d
 873 0064 0246     		mov	r2, r0
ARM GAS  C:\Users\kland\AppData\Local\Temp\ccLxlVYl.s 			page 20


 874 0066 0B46     		mov	r3, r1
 875 0068 07F11C01 		add	r1, r7, #28
 876 006c 01F18100 		add	r0, r1, #129
 877 0070 CDE90423 		strd	r2, [sp, #16]
 878 0074 CDE90289 		strd	r8, [sp, #8]
 879 0078 CDE90045 		strd	r4, [sp]
 880 007c 0E4A     		ldr	r2, .L34+4
 881 007e 4FF48071 		mov	r1, #256
 882 0082 FFF7FEFF 		bl	snprintf
 187:voltages.c    ****     
 188:voltages.c    ****     test.status = 1;
 883              		.loc 1 188 0
 884 0086 07F11C03 		add	r3, r7, #28
 885 008a 0122     		movs	r2, #1
 886 008c 83F88020 		strb	r2, [r3, #128]
 189:voltages.c    ****     
 190:voltages.c    ****     return test;
 887              		.loc 1 190 0
 888 0090 3B1D     		adds	r3, r7, #4
 889 0092 1A68     		ldr	r2, [r3]
 890 0094 07F11C03 		add	r3, r7, #28
 891 0098 1046     		mov	r0, r2
 892 009a 1946     		mov	r1, r3
 893 009c 40F28113 		movw	r3, #385
 894 00a0 1A46     		mov	r2, r3
 895 00a2 FFF7FEFF 		bl	memcpy
 191:voltages.c    **** }
 896              		.loc 1 191 0
 897 00a6 3B1D     		adds	r3, r7, #4
 898 00a8 1868     		ldr	r0, [r3]
 899 00aa 07F5D077 		add	r7, r7, #416
 900              		.cfi_def_cfa_offset 24
 901 00ae BD46     		mov	sp, r7
 902              		.cfi_def_cfa_register 13
 903              		@ sp needed
 904 00b0 BDE8B083 		pop	{r4, r5, r7, r8, r9, pc}
 905              	.L35:
 906              		.align	2
 907              	.L34:
 908 00b4 00000000 		.word	.LC0
 909 00b8 18000000 		.word	.LC1
 910              		.cfi_endproc
 911              	.LFE70:
 912              		.size	voltages_test, .-voltages_test
 913              		.section	.rodata
 914 0036 0000     		.align	2
 915              	.LC2:
 916 0038 54455354 		.ascii	"TEST_PRESSURE_SENSOR\000"
 916      5F505245 
 916      53535552 
 916      455F5345 
 916      4E534F52 
 917 004d 000000   		.align	2
 918              	.LC3:
 919 0050 50524553 		.ascii	"PRESSURE=%.3f,PRES_CURRENT=%.3f,PRES_DEPTH=%.3f\000"
 919      53555245 
 919      3D252E33 
ARM GAS  C:\Users\kland\AppData\Local\Temp\ccLxlVYl.s 			page 21


 919      662C5052 
 919      45535F43 
 920              		.global	__aeabi_fcmpeq
 921              		.section	.text.pressure_sensor_test,"ax",%progbits
 922              		.align	2
 923              		.global	pressure_sensor_test
 924              		.thumb
 925              		.thumb_func
 926              		.type	pressure_sensor_test, %function
 927              	pressure_sensor_test:
 928              	.LFB71:
 192:voltages.c    **** 
 193:voltages.c    **** // Test the pressure sensor readings
 194:voltages.c    **** test_t pressure_sensor_test(){
 929              		.loc 1 194 0
 930              		.cfi_startproc
 931              		@ args = 0, pretend = 0, frame = 416
 932              		@ frame_needed = 1, uses_anonymous_args = 0
 933 0000 2DE9B043 		push	{r4, r5, r7, r8, r9, lr}
 934              		.cfi_def_cfa_offset 24
 935              		.cfi_offset 4, -24
 936              		.cfi_offset 5, -20
 937              		.cfi_offset 7, -16
 938              		.cfi_offset 8, -12
 939              		.cfi_offset 9, -8
 940              		.cfi_offset 14, -4
 941 0004 EEB0     		sub	sp, sp, #440
 942              		.cfi_def_cfa_offset 464
 943 0006 06AF     		add	r7, sp, #24
 944              		.cfi_def_cfa 7, 440
 945 0008 3B1D     		adds	r3, r7, #4
 946 000a 1860     		str	r0, [r3]
 195:voltages.c    ****     // Create variable test of the data structure test_t
 196:voltages.c    ****     test_t test;
 197:voltages.c    ****     test.status = 0;
 947              		.loc 1 197 0
 948 000c 07F11C03 		add	r3, r7, #28
 949 0010 0022     		movs	r2, #0
 950 0012 83F88020 		strb	r2, [r3, #128]
 198:voltages.c    ****     snprintf(test.test_name,sizeof(test.test_name),"TEST_PRESSURE_SENSOR");
 951              		.loc 1 198 0
 952 0016 07F11C03 		add	r3, r7, #28
 953 001a 374A     		ldr	r2, .L41
 954 001c 1C46     		mov	r4, r3
 955 001e 1546     		mov	r5, r2
 956 0020 0FCD     		ldmia	r5!, {r0, r1, r2, r3}
 957 0022 0FC4     		stmia	r4!, {r0, r1, r2, r3}
 958 0024 95E80300 		ldmia	r5, {r0, r1}
 959 0028 2060     		str	r0, [r4]
 960 002a 0434     		adds	r4, r4, #4
 961 002c 2170     		strb	r1, [r4]
 199:voltages.c    ****     
 200:voltages.c    ****     pressure_t pressure = pressure_sensor_readings();
 962              		.loc 1 200 0
 963 002e 07F10C03 		add	r3, r7, #12
 964 0032 1846     		mov	r0, r3
 965 0034 FFF7FEFF 		bl	pressure_sensor_readings
ARM GAS  C:\Users\kland\AppData\Local\Temp\ccLxlVYl.s 			page 22


 201:voltages.c    ****     
 202:voltages.c    ****     //do some checks here if you want the test to meet some voltage requirement
 203:voltages.c    ****     
 204:voltages.c    ****     snprintf(test.reason,sizeof(test.reason),"PRESSURE=%.3f,PRES_CURRENT=%.3f,PRES_DEPTH=%.3f",
 205:voltages.c    ****             pressure.pressure_voltage_on,
 966              		.loc 1 205 0
 967 0038 07F10C03 		add	r3, r7, #12
 968 003c 1B68     		ldr	r3, [r3]	@ float
 204:voltages.c    ****             pressure.pressure_voltage_on,
 969              		.loc 1 204 0
 970 003e 1846     		mov	r0, r3
 971 0040 FFF7FEFF 		bl	__aeabi_f2d
 972 0044 0446     		mov	r4, r0
 973 0046 0D46     		mov	r5, r1
 206:voltages.c    ****             pressure.pressure_current,
 974              		.loc 1 206 0
 975 0048 07F10C03 		add	r3, r7, #12
 976 004c 9B68     		ldr	r3, [r3, #8]	@ float
 204:voltages.c    ****             pressure.pressure_voltage_on,
 977              		.loc 1 204 0
 978 004e 1846     		mov	r0, r3
 979 0050 FFF7FEFF 		bl	__aeabi_f2d
 980 0054 8046     		mov	r8, r0
 981 0056 8946     		mov	r9, r1
 207:voltages.c    ****             pressure.pressure_depth);
 982              		.loc 1 207 0
 983 0058 07F10C03 		add	r3, r7, #12
 984 005c DB68     		ldr	r3, [r3, #12]	@ float
 204:voltages.c    ****             pressure.pressure_voltage_on,
 985              		.loc 1 204 0
 986 005e 1846     		mov	r0, r3
 987 0060 FFF7FEFF 		bl	__aeabi_f2d
 988 0064 0246     		mov	r2, r0
 989 0066 0B46     		mov	r3, r1
 990 0068 07F11C01 		add	r1, r7, #28
 991 006c 01F18100 		add	r0, r1, #129
 992 0070 CDE90423 		strd	r2, [sp, #16]
 993 0074 CDE90289 		strd	r8, [sp, #8]
 994 0078 CDE90045 		strd	r4, [sp]
 995 007c 1F4A     		ldr	r2, .L41+4
 996 007e 4FF48071 		mov	r1, #256
 997 0082 FFF7FEFF 		bl	snprintf
 208:voltages.c    ****     pressure.pressure_voltage_on = floorf(pressure.pressure_voltage_on * 100) / 100;
 998              		.loc 1 208 0
 999 0086 07F10C03 		add	r3, r7, #12
 1000 008a 1B68     		ldr	r3, [r3]	@ float
 1001 008c 1C49     		ldr	r1, .L41+8
 1002 008e 1846     		mov	r0, r3
 1003 0090 FFF7FEFF 		bl	__aeabi_fmul
 1004 0094 0346     		mov	r3, r0
 1005 0096 1846     		mov	r0, r3
 1006 0098 FFF7FEFF 		bl	floorf
 1007 009c 0346     		mov	r3, r0
 1008 009e 1849     		ldr	r1, .L41+8
 1009 00a0 1846     		mov	r0, r3
 1010 00a2 FFF7FEFF 		bl	__aeabi_fdiv
 1011 00a6 0346     		mov	r3, r0
ARM GAS  C:\Users\kland\AppData\Local\Temp\ccLxlVYl.s 			page 23


 1012 00a8 1A46     		mov	r2, r3
 1013 00aa 07F10C03 		add	r3, r7, #12
 1014 00ae 1A60     		str	r2, [r3]	@ float
 209:voltages.c    ****     if (pressure.pressure_voltage_off != pressure.pressure_voltage_on) {
 1015              		.loc 1 209 0
 1016 00b0 07F10C03 		add	r3, r7, #12
 1017 00b4 5A68     		ldr	r2, [r3, #4]	@ float
 1018 00b6 07F10C03 		add	r3, r7, #12
 1019 00ba 1B68     		ldr	r3, [r3]	@ float
 1020 00bc 1946     		mov	r1, r3
 1021 00be 1046     		mov	r0, r2
 1022 00c0 FFF7FEFF 		bl	__aeabi_fcmpeq
 1023 00c4 0346     		mov	r3, r0
 1024 00c6 002B     		cmp	r3, #0
 1025 00c8 04D1     		bne	.L37
 210:voltages.c    ****         test.status = 1;
 1026              		.loc 1 210 0
 1027 00ca 07F11C03 		add	r3, r7, #28
 1028 00ce 0122     		movs	r2, #1
 1029 00d0 83F88020 		strb	r2, [r3, #128]
 1030              	.L37:
 211:voltages.c    ****     }
 212:voltages.c    ****     
 213:voltages.c    ****     return test;
 1031              		.loc 1 213 0
 1032 00d4 3B1D     		adds	r3, r7, #4
 1033 00d6 1A68     		ldr	r2, [r3]
 1034 00d8 07F11C03 		add	r3, r7, #28
 1035 00dc 1046     		mov	r0, r2
 1036 00de 1946     		mov	r1, r3
 1037 00e0 40F28113 		movw	r3, #385
 1038 00e4 1A46     		mov	r2, r3
 1039 00e6 FFF7FEFF 		bl	memcpy
 214:voltages.c    **** }
 1040              		.loc 1 214 0
 1041 00ea 3B1D     		adds	r3, r7, #4
 1042 00ec 1868     		ldr	r0, [r3]
 1043 00ee 07F5D077 		add	r7, r7, #416
 1044              		.cfi_def_cfa_offset 24
 1045 00f2 BD46     		mov	sp, r7
 1046              		.cfi_def_cfa_register 13
 1047              		@ sp needed
 1048 00f4 BDE8B083 		pop	{r4, r5, r7, r8, r9, pc}
 1049              	.L42:
 1050              		.align	2
 1051              	.L41:
 1052 00f8 38000000 		.word	.LC2
 1053 00fc 50000000 		.word	.LC3
 1054 0100 0000C842 		.word	1120403456
 1055              		.cfi_endproc
 1056              	.LFE71:
 1057              		.size	pressure_sensor_test, .-pressure_sensor_test
 1058              		.text
 1059              	.Letext0:
 1060              		.file 2 "c:\\program files (x86)\\cypress\\psoc creator\\4.4\\psoc creator\\import\\gnu\\arm\\5.4.
 1061              		.file 3 "c:\\program files (x86)\\cypress\\psoc creator\\4.4\\psoc creator\\import\\gnu\\arm\\5.4.
 1062              		.file 4 "Generated_Source\\PSoC5/cytypes.h"
ARM GAS  C:\Users\kland\AppData\Local\Temp\ccLxlVYl.s 			page 24


 1063              		.file 5 "testing.h"
 1064              		.file 6 "voltages.h"
 1065              		.file 7 "data.h"
 1066              		.file 8 "modem.h"
 1067              		.file 9 "notoriOS.h"
 1068              		.file 10 "Generated_Source\\PSoC5/core_cm3.h"
 1069              		.file 11 "App_LED.h"
 1070              		.file 12 "level_sensor.h"
 1071              		.file 13 "valve.h"
 1072              		.file 14 "autosampler.h"
 1073              		.file 15 "sontek.h"
 1074              		.section	.debug_info,"",%progbits
 1075              	.Ldebug_info0:
 1076 0000 DF090000 		.4byte	0x9df
 1077 0004 0400     		.2byte	0x4
 1078 0006 00000000 		.4byte	.Ldebug_abbrev0
 1079 000a 04       		.byte	0x4
 1080 000b 01       		.uleb128 0x1
 1081 000c 67000000 		.4byte	.LASF133
 1082 0010 0C       		.byte	0xc
 1083 0011 57060000 		.4byte	.LASF134
 1084 0015 02040000 		.4byte	.LASF135
 1085 0019 00000000 		.4byte	.Ldebug_ranges0+0
 1086 001d 00000000 		.4byte	0
 1087 0021 00000000 		.4byte	.Ldebug_line0
 1088 0025 02       		.uleb128 0x2
 1089 0026 01       		.byte	0x1
 1090 0027 06       		.byte	0x6
 1091 0028 6B010000 		.4byte	.LASF0
 1092 002c 02       		.uleb128 0x2
 1093 002d 01       		.byte	0x1
 1094 002e 08       		.byte	0x8
 1095 002f E3040000 		.4byte	.LASF1
 1096 0033 02       		.uleb128 0x2
 1097 0034 02       		.byte	0x2
 1098 0035 05       		.byte	0x5
 1099 0036 8E030000 		.4byte	.LASF2
 1100 003a 02       		.uleb128 0x2
 1101 003b 02       		.byte	0x2
 1102 003c 07       		.byte	0x7
 1103 003d 3D060000 		.4byte	.LASF3
 1104 0041 03       		.uleb128 0x3
 1105 0042 13060000 		.4byte	.LASF9
 1106 0046 02       		.byte	0x2
 1107 0047 3F       		.byte	0x3f
 1108 0048 4C000000 		.4byte	0x4c
 1109 004c 02       		.uleb128 0x2
 1110 004d 04       		.byte	0x4
 1111 004e 05       		.byte	0x5
 1112 004f 04020000 		.4byte	.LASF4
 1113 0053 02       		.uleb128 0x2
 1114 0054 04       		.byte	0x4
 1115 0055 07       		.byte	0x7
 1116 0056 06030000 		.4byte	.LASF5
 1117 005a 02       		.uleb128 0x2
 1118 005b 08       		.byte	0x8
 1119 005c 05       		.byte	0x5
ARM GAS  C:\Users\kland\AppData\Local\Temp\ccLxlVYl.s 			page 25


 1120 005d 5D010000 		.4byte	.LASF6
 1121 0061 02       		.uleb128 0x2
 1122 0062 08       		.byte	0x8
 1123 0063 07       		.byte	0x7
 1124 0064 F5000000 		.4byte	.LASF7
 1125 0068 04       		.uleb128 0x4
 1126 0069 04       		.byte	0x4
 1127 006a 05       		.byte	0x5
 1128 006b 696E7400 		.ascii	"int\000"
 1129 006f 02       		.uleb128 0x2
 1130 0070 04       		.byte	0x4
 1131 0071 07       		.byte	0x7
 1132 0072 E4050000 		.4byte	.LASF8
 1133 0076 03       		.uleb128 0x3
 1134 0077 DB040000 		.4byte	.LASF10
 1135 007b 03       		.byte	0x3
 1136 007c 2C       		.byte	0x2c
 1137 007d 41000000 		.4byte	0x41
 1138 0081 05       		.uleb128 0x5
 1139 0082 44020000 		.4byte	.LASF11
 1140 0086 04       		.byte	0x4
 1141 0087 9201     		.2byte	0x192
 1142 0089 2C000000 		.4byte	0x2c
 1143 008d 05       		.uleb128 0x5
 1144 008e 00000000 		.4byte	.LASF12
 1145 0092 04       		.byte	0x4
 1146 0093 9301     		.2byte	0x193
 1147 0095 3A000000 		.4byte	0x3a
 1148 0099 05       		.uleb128 0x5
 1149 009a 63040000 		.4byte	.LASF13
 1150 009e 04       		.byte	0x4
 1151 009f 9601     		.2byte	0x196
 1152 00a1 33000000 		.4byte	0x33
 1153 00a5 05       		.uleb128 0x5
 1154 00a6 57020000 		.4byte	.LASF14
 1155 00aa 04       		.byte	0x4
 1156 00ab 9701     		.2byte	0x197
 1157 00ad 4C000000 		.4byte	0x4c
 1158 00b1 05       		.uleb128 0x5
 1159 00b2 43040000 		.4byte	.LASF15
 1160 00b6 04       		.byte	0x4
 1161 00b7 9801     		.2byte	0x198
 1162 00b9 BD000000 		.4byte	0xbd
 1163 00bd 02       		.uleb128 0x2
 1164 00be 04       		.byte	0x4
 1165 00bf 04       		.byte	0x4
 1166 00c0 C5040000 		.4byte	.LASF16
 1167 00c4 02       		.uleb128 0x2
 1168 00c5 08       		.byte	0x8
 1169 00c6 04       		.byte	0x4
 1170 00c7 87070000 		.4byte	.LASF17
 1171 00cb 02       		.uleb128 0x2
 1172 00cc 01       		.byte	0x1
 1173 00cd 08       		.byte	0x8
 1174 00ce DF050000 		.4byte	.LASF18
 1175 00d2 02       		.uleb128 0x2
 1176 00d3 08       		.byte	0x8
ARM GAS  C:\Users\kland\AppData\Local\Temp\ccLxlVYl.s 			page 26


 1177 00d4 04       		.byte	0x4
 1178 00d5 D3050000 		.4byte	.LASF19
 1179 00d9 02       		.uleb128 0x2
 1180 00da 04       		.byte	0x4
 1181 00db 07       		.byte	0x7
 1182 00dc 4B040000 		.4byte	.LASF20
 1183 00e0 06       		.uleb128 0x6
 1184 00e1 CB000000 		.4byte	0xcb
 1185 00e5 F0000000 		.4byte	0xf0
 1186 00e9 07       		.uleb128 0x7
 1187 00ea D9000000 		.4byte	0xd9
 1188 00ee 17       		.byte	0x17
 1189 00ef 00       		.byte	0
 1190 00f0 08       		.uleb128 0x8
 1191 00f1 8101     		.2byte	0x181
 1192 00f3 05       		.byte	0x5
 1193 00f4 0A       		.byte	0xa
 1194 00f5 1E010000 		.4byte	0x11e
 1195 00f9 09       		.uleb128 0x9
 1196 00fa CB040000 		.4byte	.LASF21
 1197 00fe 05       		.byte	0x5
 1198 00ff 0C       		.byte	0xc
 1199 0100 1E010000 		.4byte	0x11e
 1200 0104 00       		.byte	0
 1201 0105 09       		.uleb128 0x9
 1202 0106 A3060000 		.4byte	.LASF22
 1203 010a 05       		.byte	0x5
 1204 010b 0D       		.byte	0xd
 1205 010c 81000000 		.4byte	0x81
 1206 0110 80       		.byte	0x80
 1207 0111 09       		.uleb128 0x9
 1208 0112 6C050000 		.4byte	.LASF23
 1209 0116 05       		.byte	0x5
 1210 0117 0F       		.byte	0xf
 1211 0118 2E010000 		.4byte	0x12e
 1212 011c 81       		.byte	0x81
 1213 011d 00       		.byte	0
 1214 011e 06       		.uleb128 0x6
 1215 011f CB000000 		.4byte	0xcb
 1216 0123 2E010000 		.4byte	0x12e
 1217 0127 07       		.uleb128 0x7
 1218 0128 D9000000 		.4byte	0xd9
 1219 012c 7F       		.byte	0x7f
 1220 012d 00       		.byte	0
 1221 012e 06       		.uleb128 0x6
 1222 012f CB000000 		.4byte	0xcb
 1223 0133 3E010000 		.4byte	0x13e
 1224 0137 07       		.uleb128 0x7
 1225 0138 D9000000 		.4byte	0xd9
 1226 013c FF       		.byte	0xff
 1227 013d 00       		.byte	0
 1228 013e 03       		.uleb128 0x3
 1229 013f 37050000 		.4byte	.LASF24
 1230 0143 05       		.byte	0x5
 1231 0144 10       		.byte	0x10
 1232 0145 F0000000 		.4byte	0xf0
 1233 0149 0A       		.uleb128 0xa
ARM GAS  C:\Users\kland\AppData\Local\Temp\ccLxlVYl.s 			page 27


 1234 014a 14       		.byte	0x14
 1235 014b 06       		.byte	0x6
 1236 014c 15       		.byte	0x15
 1237 014d 8E010000 		.4byte	0x18e
 1238 0151 09       		.uleb128 0x9
 1239 0152 18030000 		.4byte	.LASF25
 1240 0156 06       		.byte	0x6
 1241 0157 16       		.byte	0x16
 1242 0158 BD000000 		.4byte	0xbd
 1243 015c 00       		.byte	0
 1244 015d 09       		.uleb128 0x9
 1245 015e 48030000 		.4byte	.LASF26
 1246 0162 06       		.byte	0x6
 1247 0163 17       		.byte	0x17
 1248 0164 BD000000 		.4byte	0xbd
 1249 0168 04       		.byte	0x4
 1250 0169 09       		.uleb128 0x9
 1251 016a AD010000 		.4byte	.LASF27
 1252 016e 06       		.byte	0x6
 1253 016f 18       		.byte	0x18
 1254 0170 BD000000 		.4byte	0xbd
 1255 0174 08       		.byte	0x8
 1256 0175 09       		.uleb128 0x9
 1257 0176 A8040000 		.4byte	.LASF28
 1258 017a 06       		.byte	0x6
 1259 017b 19       		.byte	0x19
 1260 017c BD000000 		.4byte	0xbd
 1261 0180 0C       		.byte	0xc
 1262 0181 09       		.uleb128 0x9
 1263 0182 97050000 		.4byte	.LASF29
 1264 0186 06       		.byte	0x6
 1265 0187 1A       		.byte	0x1a
 1266 0188 81000000 		.4byte	0x81
 1267 018c 10       		.byte	0x10
 1268 018d 00       		.byte	0
 1269 018e 03       		.uleb128 0x3
 1270 018f BB030000 		.4byte	.LASF30
 1271 0193 06       		.byte	0x6
 1272 0194 1B       		.byte	0x1b
 1273 0195 49010000 		.4byte	0x149
 1274 0199 0A       		.uleb128 0xa
 1275 019a 10       		.byte	0x10
 1276 019b 06       		.byte	0x6
 1277 019c 1D       		.byte	0x1d
 1278 019d D2010000 		.4byte	0x1d2
 1279 01a1 09       		.uleb128 0x9
 1280 01a2 D6020000 		.4byte	.LASF31
 1281 01a6 06       		.byte	0x6
 1282 01a7 1E       		.byte	0x1e
 1283 01a8 BD000000 		.4byte	0xbd
 1284 01ac 00       		.byte	0
 1285 01ad 09       		.uleb128 0x9
 1286 01ae 2F020000 		.4byte	.LASF32
 1287 01b2 06       		.byte	0x6
 1288 01b3 1F       		.byte	0x1f
 1289 01b4 BD000000 		.4byte	0xbd
 1290 01b8 04       		.byte	0x4
ARM GAS  C:\Users\kland\AppData\Local\Temp\ccLxlVYl.s 			page 28


 1291 01b9 09       		.uleb128 0x9
 1292 01ba 86050000 		.4byte	.LASF33
 1293 01be 06       		.byte	0x6
 1294 01bf 20       		.byte	0x20
 1295 01c0 BD000000 		.4byte	0xbd
 1296 01c4 08       		.byte	0x8
 1297 01c5 09       		.uleb128 0x9
 1298 01c6 3E050000 		.4byte	.LASF34
 1299 01ca 06       		.byte	0x6
 1300 01cb 21       		.byte	0x21
 1301 01cc BD000000 		.4byte	0xbd
 1302 01d0 0C       		.byte	0xc
 1303 01d1 00       		.byte	0
 1304 01d2 03       		.uleb128 0x3
 1305 01d3 6F070000 		.4byte	.LASF35
 1306 01d7 06       		.byte	0x6
 1307 01d8 22       		.byte	0x22
 1308 01d9 99010000 		.4byte	0x199
 1309 01dd 0A       		.uleb128 0xa
 1310 01de 2C       		.byte	0x2c
 1311 01df 07       		.byte	0x7
 1312 01e0 14       		.byte	0x14
 1313 01e1 0A020000 		.4byte	0x20a
 1314 01e5 0B       		.uleb128 0xb
 1315 01e6 6B657900 		.ascii	"key\000"
 1316 01ea 07       		.byte	0x7
 1317 01eb 15       		.byte	0x15
 1318 01ec 0A020000 		.4byte	0x20a
 1319 01f0 00       		.byte	0
 1320 01f1 09       		.uleb128 0x9
 1321 01f2 AD020000 		.4byte	.LASF36
 1322 01f6 07       		.byte	0x7
 1323 01f7 16       		.byte	0x16
 1324 01f8 0A020000 		.4byte	0x20a
 1325 01fc 14       		.byte	0x14
 1326 01fd 09       		.uleb128 0x9
 1327 01fe 80040000 		.4byte	.LASF37
 1328 0202 07       		.byte	0x7
 1329 0203 17       		.byte	0x17
 1330 0204 A5000000 		.4byte	0xa5
 1331 0208 28       		.byte	0x28
 1332 0209 00       		.byte	0
 1333 020a 06       		.uleb128 0x6
 1334 020b CB000000 		.4byte	0xcb
 1335 020f 1A020000 		.4byte	0x21a
 1336 0213 07       		.uleb128 0x7
 1337 0214 D9000000 		.4byte	0xd9
 1338 0218 13       		.byte	0x13
 1339 0219 00       		.byte	0
 1340 021a 03       		.uleb128 0x3
 1341 021b FA020000 		.4byte	.LASF38
 1342 021f 07       		.byte	0x7
 1343 0220 19       		.byte	0x19
 1344 0221 DD010000 		.4byte	0x1dd
 1345 0225 0A       		.uleb128 0xa
 1346 0226 3C       		.byte	0x3c
 1347 0227 08       		.byte	0x8
ARM GAS  C:\Users\kland\AppData\Local\Temp\ccLxlVYl.s 			page 29


 1348 0228 36       		.byte	0x36
 1349 0229 52020000 		.4byte	0x252
 1350 022d 09       		.uleb128 0x9
 1351 022e 50060000 		.4byte	.LASF39
 1352 0232 08       		.byte	0x8
 1353 0233 37       		.byte	0x37
 1354 0234 0A020000 		.4byte	0x20a
 1355 0238 00       		.byte	0
 1356 0239 09       		.uleb128 0x9
 1357 023a 7B020000 		.4byte	.LASF40
 1358 023e 08       		.byte	0x8
 1359 023f 38       		.byte	0x38
 1360 0240 0A020000 		.4byte	0x20a
 1361 0244 14       		.byte	0x14
 1362 0245 09       		.uleb128 0x9
 1363 0246 67050000 		.4byte	.LASF41
 1364 024a 08       		.byte	0x8
 1365 024b 39       		.byte	0x39
 1366 024c 0A020000 		.4byte	0x20a
 1367 0250 28       		.byte	0x28
 1368 0251 00       		.byte	0
 1369 0252 03       		.uleb128 0x3
 1370 0253 D3010000 		.4byte	.LASF42
 1371 0257 08       		.byte	0x8
 1372 0258 3B       		.byte	0x3b
 1373 0259 25020000 		.4byte	0x225
 1374 025d 0A       		.uleb128 0xa
 1375 025e 20       		.byte	0x20
 1376 025f 08       		.byte	0x8
 1377 0260 3D       		.byte	0x3d
 1378 0261 C6020000 		.4byte	0x2c6
 1379 0265 09       		.uleb128 0x9
 1380 0266 0D020000 		.4byte	.LASF43
 1381 026a 08       		.byte	0x8
 1382 026b 3E       		.byte	0x3e
 1383 026c 68000000 		.4byte	0x68
 1384 0270 00       		.byte	0
 1385 0271 0B       		.uleb128 0xb
 1386 0272 62657200 		.ascii	"ber\000"
 1387 0276 08       		.byte	0x8
 1388 0277 3F       		.byte	0x3f
 1389 0278 68000000 		.4byte	0x68
 1390 027c 04       		.byte	0x4
 1391 027d 09       		.uleb128 0x9
 1392 027e 4D050000 		.4byte	.LASF44
 1393 0282 08       		.byte	0x8
 1394 0283 40       		.byte	0x40
 1395 0284 68000000 		.4byte	0x68
 1396 0288 08       		.byte	0x8
 1397 0289 09       		.uleb128 0x9
 1398 028a 77010000 		.4byte	.LASF45
 1399 028e 08       		.byte	0x8
 1400 028f 41       		.byte	0x41
 1401 0290 68000000 		.4byte	0x68
 1402 0294 0C       		.byte	0xc
 1403 0295 09       		.uleb128 0x9
 1404 0296 21050000 		.4byte	.LASF46
ARM GAS  C:\Users\kland\AppData\Local\Temp\ccLxlVYl.s 			page 30


 1405 029a 08       		.byte	0x8
 1406 029b 42       		.byte	0x42
 1407 029c 68000000 		.4byte	0x68
 1408 02a0 10       		.byte	0x10
 1409 02a1 09       		.uleb128 0x9
 1410 02a2 73050000 		.4byte	.LASF47
 1411 02a6 08       		.byte	0x8
 1412 02a7 43       		.byte	0x43
 1413 02a8 68000000 		.4byte	0x68
 1414 02ac 14       		.byte	0x14
 1415 02ad 09       		.uleb128 0x9
 1416 02ae 8A010000 		.4byte	.LASF48
 1417 02b2 08       		.byte	0x8
 1418 02b3 44       		.byte	0x44
 1419 02b4 68000000 		.4byte	0x68
 1420 02b8 18       		.byte	0x18
 1421 02b9 09       		.uleb128 0x9
 1422 02ba 7B030000 		.4byte	.LASF49
 1423 02be 08       		.byte	0x8
 1424 02bf 45       		.byte	0x45
 1425 02c0 68000000 		.4byte	0x68
 1426 02c4 1C       		.byte	0x1c
 1427 02c5 00       		.byte	0
 1428 02c6 03       		.uleb128 0x3
 1429 02c7 78050000 		.4byte	.LASF50
 1430 02cb 08       		.byte	0x8
 1431 02cc 47       		.byte	0x47
 1432 02cd 5D020000 		.4byte	0x25d
 1433 02d1 0A       		.uleb128 0xa
 1434 02d2 0B       		.byte	0xb
 1435 02d3 08       		.byte	0x8
 1436 02d4 53       		.byte	0x53
 1437 02d5 5E030000 		.4byte	0x35e
 1438 02d9 09       		.uleb128 0x9
 1439 02da 5D020000 		.4byte	.LASF51
 1440 02de 08       		.byte	0x8
 1441 02df 55       		.byte	0x55
 1442 02e0 81000000 		.4byte	0x81
 1443 02e4 00       		.byte	0
 1444 02e5 09       		.uleb128 0x9
 1445 02e6 66070000 		.4byte	.LASF52
 1446 02ea 08       		.byte	0x8
 1447 02eb 57       		.byte	0x57
 1448 02ec 5E030000 		.4byte	0x35e
 1449 02f0 01       		.byte	0x1
 1450 02f1 09       		.uleb128 0x9
 1451 02f2 1D060000 		.4byte	.LASF53
 1452 02f6 08       		.byte	0x8
 1453 02f7 59       		.byte	0x59
 1454 02f8 81000000 		.4byte	0x81
 1455 02fc 02       		.byte	0x2
 1456 02fd 09       		.uleb128 0x9
 1457 02fe 26050000 		.4byte	.LASF54
 1458 0302 08       		.byte	0x8
 1459 0303 5B       		.byte	0x5b
 1460 0304 81000000 		.4byte	0x81
 1461 0308 03       		.byte	0x3
ARM GAS  C:\Users\kland\AppData\Local\Temp\ccLxlVYl.s 			page 31


 1462 0309 09       		.uleb128 0x9
 1463 030a A1020000 		.4byte	.LASF55
 1464 030e 08       		.byte	0x8
 1465 030f 5E       		.byte	0x5e
 1466 0310 81000000 		.4byte	0x81
 1467 0314 04       		.byte	0x4
 1468 0315 09       		.uleb128 0x9
 1469 0316 EA060000 		.4byte	.LASF56
 1470 031a 08       		.byte	0x8
 1471 031b 63       		.byte	0x63
 1472 031c 81000000 		.4byte	0x81
 1473 0320 05       		.byte	0x5
 1474 0321 09       		.uleb128 0x9
 1475 0322 AE050000 		.4byte	.LASF57
 1476 0326 08       		.byte	0x8
 1477 0327 65       		.byte	0x65
 1478 0328 81000000 		.4byte	0x81
 1479 032c 06       		.byte	0x6
 1480 032d 09       		.uleb128 0x9
 1481 032e 62060000 		.4byte	.LASF58
 1482 0332 08       		.byte	0x8
 1483 0333 66       		.byte	0x66
 1484 0334 81000000 		.4byte	0x81
 1485 0338 07       		.byte	0x7
 1486 0339 09       		.uleb128 0x9
 1487 033a 16050000 		.4byte	.LASF59
 1488 033e 08       		.byte	0x8
 1489 033f 67       		.byte	0x67
 1490 0340 81000000 		.4byte	0x81
 1491 0344 08       		.byte	0x8
 1492 0345 09       		.uleb128 0x9
 1493 0346 47070000 		.4byte	.LASF60
 1494 034a 08       		.byte	0x8
 1495 034b 68       		.byte	0x68
 1496 034c 81000000 		.4byte	0x81
 1497 0350 09       		.byte	0x9
 1498 0351 09       		.uleb128 0x9
 1499 0352 07060000 		.4byte	.LASF61
 1500 0356 08       		.byte	0x8
 1501 0357 69       		.byte	0x69
 1502 0358 81000000 		.4byte	0x81
 1503 035c 0A       		.byte	0xa
 1504 035d 00       		.byte	0
 1505 035e 02       		.uleb128 0x2
 1506 035f 01       		.byte	0x1
 1507 0360 02       		.byte	0x2
 1508 0361 D5040000 		.4byte	.LASF62
 1509 0365 03       		.uleb128 0x3
 1510 0366 0C010000 		.4byte	.LASF63
 1511 036a 08       		.byte	0x8
 1512 036b 6F       		.byte	0x6f
 1513 036c D1020000 		.4byte	0x2d1
 1514 0370 0A       		.uleb128 0xa
 1515 0371 06       		.byte	0x6
 1516 0372 09       		.byte	0x9
 1517 0373 36       		.byte	0x36
 1518 0374 A9030000 		.4byte	0x3a9
ARM GAS  C:\Users\kland\AppData\Local\Temp\ccLxlVYl.s 			page 32


 1519 0378 09       		.uleb128 0x9
 1520 0379 84020000 		.4byte	.LASF64
 1521 037d 09       		.byte	0x9
 1522 037e 38       		.byte	0x38
 1523 037f 8D000000 		.4byte	0x8d
 1524 0383 00       		.byte	0
 1525 0384 09       		.uleb128 0x9
 1526 0385 13020000 		.4byte	.LASF65
 1527 0389 09       		.byte	0x9
 1528 038a 39       		.byte	0x39
 1529 038b 99000000 		.4byte	0x99
 1530 038f 02       		.byte	0x2
 1531 0390 09       		.uleb128 0x9
 1532 0391 58070000 		.4byte	.LASF66
 1533 0395 09       		.byte	0x9
 1534 0396 3A       		.byte	0x3a
 1535 0397 81000000 		.4byte	0x81
 1536 039b 04       		.byte	0x4
 1537 039c 09       		.uleb128 0x9
 1538 039d 32000000 		.4byte	.LASF67
 1539 03a1 09       		.byte	0x9
 1540 03a2 3B       		.byte	0x3b
 1541 03a3 81000000 		.4byte	0x81
 1542 03a7 05       		.byte	0x5
 1543 03a8 00       		.byte	0
 1544 03a9 03       		.uleb128 0x3
 1545 03aa 29020000 		.4byte	.LASF68
 1546 03ae 09       		.byte	0x9
 1547 03af 3E       		.byte	0x3e
 1548 03b0 B4030000 		.4byte	0x3b4
 1549 03b4 0C       		.uleb128 0xc
 1550 03b5 70030000 		.4byte	0x370
 1551 03b9 0A       		.uleb128 0xa
 1552 03ba 1C       		.byte	0x1c
 1553 03bb 09       		.byte	0x9
 1554 03bc 41       		.byte	0x41
 1555 03bd DA030000 		.4byte	0x3da
 1556 03c1 09       		.uleb128 0x9
 1557 03c2 35030000 		.4byte	.LASF69
 1558 03c6 09       		.byte	0x9
 1559 03c7 43       		.byte	0x43
 1560 03c8 DA030000 		.4byte	0x3da
 1561 03cc 00       		.byte	0
 1562 03cd 09       		.uleb128 0x9
 1563 03ce 6D020000 		.4byte	.LASF70
 1564 03d2 09       		.byte	0x9
 1565 03d3 44       		.byte	0x44
 1566 03d4 E0000000 		.4byte	0xe0
 1567 03d8 04       		.byte	0x4
 1568 03d9 00       		.byte	0
 1569 03da 0D       		.uleb128 0xd
 1570 03db 04       		.byte	0x4
 1571 03dc 52020000 		.4byte	0x252
 1572 03e0 03       		.uleb128 0x3
 1573 03e1 C5030000 		.4byte	.LASF71
 1574 03e5 09       		.byte	0x9
 1575 03e6 46       		.byte	0x46
ARM GAS  C:\Users\kland\AppData\Local\Temp\ccLxlVYl.s 			page 33


 1576 03e7 B9030000 		.4byte	0x3b9
 1577 03eb 0A       		.uleb128 0xa
 1578 03ec 68       		.byte	0x68
 1579 03ed 09       		.byte	0x9
 1580 03ee 4C       		.byte	0x4c
 1581 03ef 0C040000 		.4byte	0x40c
 1582 03f3 09       		.uleb128 0x9
 1583 03f4 40030000 		.4byte	.LASF72
 1584 03f8 09       		.byte	0x9
 1585 03f9 51       		.byte	0x51
 1586 03fa 0C040000 		.4byte	0x40c
 1587 03fe 00       		.byte	0
 1588 03ff 09       		.uleb128 0x9
 1589 0400 2D030000 		.4byte	.LASF73
 1590 0404 09       		.byte	0x9
 1591 0405 52       		.byte	0x52
 1592 0406 68000000 		.4byte	0x68
 1593 040a 64       		.byte	0x64
 1594 040b 00       		.byte	0
 1595 040c 06       		.uleb128 0x6
 1596 040d CB000000 		.4byte	0xcb
 1597 0411 1C040000 		.4byte	0x41c
 1598 0415 07       		.uleb128 0x7
 1599 0416 D9000000 		.4byte	0xd9
 1600 041a 63       		.byte	0x63
 1601 041b 00       		.byte	0
 1602 041c 03       		.uleb128 0x3
 1603 041d 54040000 		.4byte	.LASF74
 1604 0421 09       		.byte	0x9
 1605 0422 58       		.byte	0x58
 1606 0423 EB030000 		.4byte	0x3eb
 1607 0427 0E       		.uleb128 0xe
 1608 0428 7F060000 		.4byte	.LASF79
 1609 042c 01       		.byte	0x1
 1610 042d 06       		.byte	0x6
 1611 042e 8E010000 		.4byte	0x18e
 1612 0432 00000000 		.4byte	.LFB64
 1613 0436 34010000 		.4byte	.LFE64-.LFB64
 1614 043a 01       		.uleb128 0x1
 1615 043b 9C       		.byte	0x9c
 1616 043c B1040000 		.4byte	0x4b1
 1617 0440 0F       		.uleb128 0xf
 1618 0441 23010000 		.4byte	.LASF75
 1619 0445 01       		.byte	0x1
 1620 0446 08       		.byte	0x8
 1621 0447 8E010000 		.4byte	0x18e
 1622 044b 02       		.uleb128 0x2
 1623 044c 91       		.byte	0x91
 1624 044d 54       		.sleb128 -44
 1625 044e 0F       		.uleb128 0xf
 1626 044f FB010000 		.4byte	.LASF76
 1627 0453 01       		.byte	0x1
 1628 0454 15       		.byte	0x15
 1629 0455 B1040000 		.4byte	0x4b1
 1630 0459 03       		.uleb128 0x3
 1631 045a 91       		.byte	0x91
 1632 045b B47F     		.sleb128 -76
ARM GAS  C:\Users\kland\AppData\Local\Temp\ccLxlVYl.s 			page 34


 1633 045d 0F       		.uleb128 0xf
 1634 045e 36060000 		.4byte	.LASF77
 1635 0462 01       		.byte	0x1
 1636 0463 31       		.byte	0x31
 1637 0464 BD000000 		.4byte	0xbd
 1638 0468 02       		.uleb128 0x2
 1639 0469 91       		.byte	0x91
 1640 046a 68       		.sleb128 -24
 1641 046b 10       		.uleb128 0x10
 1642 046c 26000000 		.4byte	.LBB2
 1643 0470 7A000000 		.4byte	.LBE2-.LBB2
 1644 0474 11       		.uleb128 0x11
 1645 0475 6300     		.ascii	"c\000"
 1646 0477 01       		.byte	0x1
 1647 0478 17       		.byte	0x17
 1648 0479 81000000 		.4byte	0x81
 1649 047d 02       		.uleb128 0x2
 1650 047e 91       		.byte	0x91
 1651 047f 6F       		.sleb128 -17
 1652 0480 10       		.uleb128 0x10
 1653 0481 2E000000 		.4byte	.LBB3
 1654 0485 60000000 		.4byte	.LBE3-.LBB3
 1655 0489 0F       		.uleb128 0xf
 1656 048a 52050000 		.4byte	.LASF78
 1657 048e 01       		.byte	0x1
 1658 048f 1A       		.byte	0x1a
 1659 0490 C1040000 		.4byte	0x4c1
 1660 0494 03       		.uleb128 0x3
 1661 0495 91       		.byte	0x91
 1662 0496 887F     		.sleb128 -120
 1663 0498 10       		.uleb128 0x10
 1664 0499 38000000 		.4byte	.LBB4
 1665 049d 30000000 		.4byte	.LBE4-.LBB4
 1666 04a1 11       		.uleb128 0x11
 1667 04a2 6900     		.ascii	"i\000"
 1668 04a4 01       		.byte	0x1
 1669 04a5 1E       		.byte	0x1e
 1670 04a6 8D000000 		.4byte	0x8d
 1671 04aa 02       		.uleb128 0x2
 1672 04ab 91       		.byte	0x91
 1673 04ac 6C       		.sleb128 -20
 1674 04ad 00       		.byte	0
 1675 04ae 00       		.byte	0
 1676 04af 00       		.byte	0
 1677 04b0 00       		.byte	0
 1678 04b1 06       		.uleb128 0x6
 1679 04b2 BD000000 		.4byte	0xbd
 1680 04b6 C1040000 		.4byte	0x4c1
 1681 04ba 07       		.uleb128 0x7
 1682 04bb D9000000 		.4byte	0xd9
 1683 04bf 07       		.byte	0x7
 1684 04c0 00       		.byte	0
 1685 04c1 06       		.uleb128 0x6
 1686 04c2 A5000000 		.4byte	0xa5
 1687 04c6 D1040000 		.4byte	0x4d1
 1688 04ca 07       		.uleb128 0x7
 1689 04cb D9000000 		.4byte	0xd9
ARM GAS  C:\Users\kland\AppData\Local\Temp\ccLxlVYl.s 			page 35


 1690 04cf 0A       		.byte	0xa
 1691 04d0 00       		.byte	0
 1692 04d1 0E       		.uleb128 0xe
 1693 04d2 B3020000 		.4byte	.LASF80
 1694 04d6 01       		.byte	0x1
 1695 04d7 3E       		.byte	0x3e
 1696 04d8 D2010000 		.4byte	0x1d2
 1697 04dc 00000000 		.4byte	.LFB65
 1698 04e0 98010000 		.4byte	.LFE65-.LFB65
 1699 04e4 01       		.uleb128 0x1
 1700 04e5 9C       		.byte	0x9c
 1701 04e6 47050000 		.4byte	0x547
 1702 04ea 0F       		.uleb128 0xf
 1703 04eb 9F040000 		.4byte	.LASF81
 1704 04ef 01       		.byte	0x1
 1705 04f0 40       		.byte	0x40
 1706 04f1 D2010000 		.4byte	0x1d2
 1707 04f5 02       		.uleb128 0x2
 1708 04f6 91       		.byte	0x91
 1709 04f7 5C       		.sleb128 -36
 1710 04f8 0F       		.uleb128 0xf
 1711 04f9 FB010000 		.4byte	.LASF76
 1712 04fd 01       		.byte	0x1
 1713 04fe 41       		.byte	0x41
 1714 04ff B1040000 		.4byte	0x4b1
 1715 0503 03       		.uleb128 0x3
 1716 0504 91       		.byte	0x91
 1717 0505 BC7F     		.sleb128 -68
 1718 0507 0F       		.uleb128 0xf
 1719 0508 52050000 		.4byte	.LASF78
 1720 050c 01       		.byte	0x1
 1721 050d 42       		.byte	0x42
 1722 050e C1040000 		.4byte	0x4c1
 1723 0512 03       		.uleb128 0x3
 1724 0513 91       		.byte	0x91
 1725 0514 907F     		.sleb128 -112
 1726 0516 12       		.uleb128 0x12
 1727 0517 1A000000 		.4byte	.LBB5
 1728 051b 30000000 		.4byte	.LBE5-.LBB5
 1729 051f 30050000 		.4byte	0x530
 1730 0523 11       		.uleb128 0x11
 1731 0524 6900     		.ascii	"i\000"
 1732 0526 01       		.byte	0x1
 1733 0527 4C       		.byte	0x4c
 1734 0528 8D000000 		.4byte	0x8d
 1735 052c 02       		.uleb128 0x2
 1736 052d 91       		.byte	0x91
 1737 052e 6E       		.sleb128 -18
 1738 052f 00       		.byte	0
 1739 0530 10       		.uleb128 0x10
 1740 0531 8E000000 		.4byte	.LBB6
 1741 0535 30000000 		.4byte	.LBE6-.LBB6
 1742 0539 11       		.uleb128 0x11
 1743 053a 6900     		.ascii	"i\000"
 1744 053c 01       		.byte	0x1
 1745 053d 59       		.byte	0x59
 1746 053e 8D000000 		.4byte	0x8d
ARM GAS  C:\Users\kland\AppData\Local\Temp\ccLxlVYl.s 			page 36


 1747 0542 02       		.uleb128 0x2
 1748 0543 91       		.byte	0x91
 1749 0544 6C       		.sleb128 -20
 1750 0545 00       		.byte	0
 1751 0546 00       		.byte	0
 1752 0547 13       		.uleb128 0x13
 1753 0548 65030000 		.4byte	.LASF84
 1754 054c 01       		.byte	0x1
 1755 054d 74       		.byte	0x74
 1756 054e D2010000 		.4byte	0x1d2
 1757 0552 00000000 		.4byte	.LFB66
 1758 0556 C4000000 		.4byte	.LFE66-.LFB66
 1759 055a 01       		.uleb128 0x1
 1760 055b 9C       		.byte	0x9c
 1761 055c 7D050000 		.4byte	0x57d
 1762 0560 14       		.uleb128 0x14
 1763 0561 23010000 		.4byte	.LASF75
 1764 0565 01       		.byte	0x1
 1765 0566 74       		.byte	0x74
 1766 0567 8E010000 		.4byte	0x18e
 1767 056b 02       		.uleb128 0x2
 1768 056c 91       		.byte	0x91
 1769 056d 74       		.sleb128 -12
 1770 056e 0F       		.uleb128 0xf
 1771 056f 9F040000 		.4byte	.LASF81
 1772 0573 01       		.byte	0x1
 1773 0574 76       		.byte	0x76
 1774 0575 D2010000 		.4byte	0x1d2
 1775 0579 02       		.uleb128 0x2
 1776 057a 91       		.byte	0x91
 1777 057b 50       		.sleb128 -48
 1778 057c 00       		.byte	0
 1779 057d 15       		.uleb128 0x15
 1780 057e 2B000000 		.4byte	.LASF82
 1781 0582 01       		.byte	0x1
 1782 0583 86       		.byte	0x86
 1783 0584 00000000 		.4byte	.LFB67
 1784 0588 74000000 		.4byte	.LFE67-.LFB67
 1785 058c 01       		.uleb128 0x1
 1786 058d 9C       		.byte	0x9c
 1787 058e C3050000 		.4byte	0x5c3
 1788 0592 16       		.uleb128 0x16
 1789 0593 6100     		.ascii	"a\000"
 1790 0595 01       		.byte	0x1
 1791 0596 86       		.byte	0x86
 1792 0597 C3050000 		.4byte	0x5c3
 1793 059b 02       		.uleb128 0x2
 1794 059c 91       		.byte	0x91
 1795 059d 6C       		.sleb128 -20
 1796 059e 16       		.uleb128 0x16
 1797 059f 6E00     		.ascii	"n\000"
 1798 05a1 01       		.byte	0x1
 1799 05a2 86       		.byte	0x86
 1800 05a3 A5000000 		.4byte	0xa5
 1801 05a7 02       		.uleb128 0x2
 1802 05a8 91       		.byte	0x91
 1803 05a9 68       		.sleb128 -24
ARM GAS  C:\Users\kland\AppData\Local\Temp\ccLxlVYl.s 			page 37


 1804 05aa 11       		.uleb128 0x11
 1805 05ab 6900     		.ascii	"i\000"
 1806 05ad 01       		.byte	0x1
 1807 05ae 87       		.byte	0x87
 1808 05af A5000000 		.4byte	0xa5
 1809 05b3 02       		.uleb128 0x2
 1810 05b4 91       		.byte	0x91
 1811 05b5 74       		.sleb128 -12
 1812 05b6 11       		.uleb128 0x11
 1813 05b7 6A00     		.ascii	"j\000"
 1814 05b9 01       		.byte	0x1
 1815 05ba 87       		.byte	0x87
 1816 05bb A5000000 		.4byte	0xa5
 1817 05bf 02       		.uleb128 0x2
 1818 05c0 91       		.byte	0x91
 1819 05c1 70       		.sleb128 -16
 1820 05c2 00       		.byte	0
 1821 05c3 0D       		.uleb128 0xd
 1822 05c4 04       		.byte	0x4
 1823 05c5 A5000000 		.4byte	0xa5
 1824 05c9 17       		.uleb128 0x17
 1825 05ca 30050000 		.4byte	.LASF83
 1826 05ce 01       		.byte	0x1
 1827 05cf 92       		.byte	0x92
 1828 05d0 00000000 		.4byte	.LFB68
 1829 05d4 28000000 		.4byte	.LFE68-.LFB68
 1830 05d8 01       		.uleb128 0x1
 1831 05d9 9C       		.byte	0x9c
 1832 05da 03060000 		.4byte	0x603
 1833 05de 16       		.uleb128 0x16
 1834 05df 7000     		.ascii	"p\000"
 1835 05e1 01       		.byte	0x1
 1836 05e2 92       		.byte	0x92
 1837 05e3 C3050000 		.4byte	0x5c3
 1838 05e7 02       		.uleb128 0x2
 1839 05e8 91       		.byte	0x91
 1840 05e9 6C       		.sleb128 -20
 1841 05ea 16       		.uleb128 0x16
 1842 05eb 7100     		.ascii	"q\000"
 1843 05ed 01       		.byte	0x1
 1844 05ee 92       		.byte	0x92
 1845 05ef C3050000 		.4byte	0x5c3
 1846 05f3 02       		.uleb128 0x2
 1847 05f4 91       		.byte	0x91
 1848 05f5 68       		.sleb128 -24
 1849 05f6 11       		.uleb128 0x11
 1850 05f7 7400     		.ascii	"t\000"
 1851 05f9 01       		.byte	0x1
 1852 05fa 93       		.byte	0x93
 1853 05fb A5000000 		.4byte	0xa5
 1854 05ff 02       		.uleb128 0x2
 1855 0600 91       		.byte	0x91
 1856 0601 74       		.sleb128 -12
 1857 0602 00       		.byte	0
 1858 0603 13       		.uleb128 0x13
 1859 0604 93020000 		.4byte	.LASF85
 1860 0608 01       		.byte	0x1
ARM GAS  C:\Users\kland\AppData\Local\Temp\ccLxlVYl.s 			page 38


 1861 0609 9B       		.byte	0x9b
 1862 060a A5000000 		.4byte	0xa5
 1863 060e 00000000 		.4byte	.LFB69
 1864 0612 84000000 		.4byte	.LFE69-.LFB69
 1865 0616 01       		.uleb128 0x1
 1866 0617 9C       		.byte	0x9c
 1867 0618 45060000 		.4byte	0x645
 1868 061c 14       		.uleb128 0x14
 1869 061d 67020000 		.4byte	.LASF86
 1870 0621 01       		.byte	0x1
 1871 0622 9B       		.byte	0x9b
 1872 0623 C3050000 		.4byte	0x5c3
 1873 0627 02       		.uleb128 0x2
 1874 0628 91       		.byte	0x91
 1875 0629 64       		.sleb128 -28
 1876 062a 16       		.uleb128 0x16
 1877 062b 6E00     		.ascii	"n\000"
 1878 062d 01       		.byte	0x1
 1879 062e 9B       		.byte	0x9b
 1880 062f A5000000 		.4byte	0xa5
 1881 0633 02       		.uleb128 0x2
 1882 0634 91       		.byte	0x91
 1883 0635 60       		.sleb128 -32
 1884 0636 0F       		.uleb128 0xf
 1885 0637 4A010000 		.4byte	.LASF87
 1886 063b 01       		.byte	0x1
 1887 063c 9D       		.byte	0x9d
 1888 063d A5000000 		.4byte	0xa5
 1889 0641 02       		.uleb128 0x2
 1890 0642 91       		.byte	0x91
 1891 0643 6C       		.sleb128 -20
 1892 0644 00       		.byte	0
 1893 0645 0E       		.uleb128 0xe
 1894 0646 D0030000 		.4byte	.LASF88
 1895 064a 01       		.byte	0x1
 1896 064b AD       		.byte	0xad
 1897 064c 3E010000 		.4byte	0x13e
 1898 0650 00000000 		.4byte	.LFB70
 1899 0654 BC000000 		.4byte	.LFE70-.LFB70
 1900 0658 01       		.uleb128 0x1
 1901 0659 9C       		.byte	0x9c
 1902 065a 7D060000 		.4byte	0x67d
 1903 065e 0F       		.uleb128 0xf
 1904 065f 2B010000 		.4byte	.LASF89
 1905 0663 01       		.byte	0x1
 1906 0664 AF       		.byte	0xaf
 1907 0665 3E010000 		.4byte	0x13e
 1908 0669 03       		.uleb128 0x3
 1909 066a 91       		.byte	0x91
 1910 066b E47C     		.sleb128 -412
 1911 066d 0F       		.uleb128 0xf
 1912 066e 23010000 		.4byte	.LASF75
 1913 0672 01       		.byte	0x1
 1914 0673 B3       		.byte	0xb3
 1915 0674 8E010000 		.4byte	0x18e
 1916 0678 03       		.uleb128 0x3
 1917 0679 91       		.byte	0x91
ARM GAS  C:\Users\kland\AppData\Local\Temp\ccLxlVYl.s 			page 39


 1918 067a D07C     		.sleb128 -432
 1919 067c 00       		.byte	0
 1920 067d 0E       		.uleb128 0xe
 1921 067e F1040000 		.4byte	.LASF90
 1922 0682 01       		.byte	0x1
 1923 0683 C2       		.byte	0xc2
 1924 0684 3E010000 		.4byte	0x13e
 1925 0688 00000000 		.4byte	.LFB71
 1926 068c 04010000 		.4byte	.LFE71-.LFB71
 1927 0690 01       		.uleb128 0x1
 1928 0691 9C       		.byte	0x9c
 1929 0692 B5060000 		.4byte	0x6b5
 1930 0696 0F       		.uleb128 0xf
 1931 0697 2B010000 		.4byte	.LASF89
 1932 069b 01       		.byte	0x1
 1933 069c C4       		.byte	0xc4
 1934 069d 3E010000 		.4byte	0x13e
 1935 06a1 03       		.uleb128 0x3
 1936 06a2 91       		.byte	0x91
 1937 06a3 E47C     		.sleb128 -412
 1938 06a5 0F       		.uleb128 0xf
 1939 06a6 9F040000 		.4byte	.LASF81
 1940 06aa 01       		.byte	0x1
 1941 06ab C8       		.byte	0xc8
 1942 06ac D2010000 		.4byte	0x1d2
 1943 06b0 03       		.uleb128 0x3
 1944 06b1 91       		.byte	0x91
 1945 06b2 D47C     		.sleb128 -428
 1946 06b4 00       		.byte	0
 1947 06b5 18       		.uleb128 0x18
 1948 06b6 3D010000 		.4byte	.LASF91
 1949 06ba 0A       		.byte	0xa
 1950 06bb 1207     		.2byte	0x712
 1951 06bd C1060000 		.4byte	0x6c1
 1952 06c1 0C       		.uleb128 0xc
 1953 06c2 76000000 		.4byte	0x76
 1954 06c6 19       		.uleb128 0x19
 1955 06c7 1B000000 		.4byte	.LASF92
 1956 06cb 07       		.byte	0x7
 1957 06cc 11       		.byte	0x11
 1958 06cd 5E030000 		.4byte	0x35e
 1959 06d1 05       		.uleb128 0x5
 1960 06d2 03       		.byte	0x3
 1961 06d3 00000000 		.4byte	buffer_overflow
 1962 06d7 19       		.uleb128 0x19
 1963 06d8 DE030000 		.4byte	.LASF93
 1964 06dc 07       		.byte	0x7
 1965 06dd 22       		.byte	0x22
 1966 06de 8D000000 		.4byte	0x8d
 1967 06e2 05       		.uleb128 0x5
 1968 06e3 03       		.byte	0x3
 1969 06e4 00000000 		.4byte	dataPointsInStack
 1970 06e8 19       		.uleb128 0x19
 1971 06e9 D1060000 		.4byte	.LASF94
 1972 06ed 07       		.byte	0x7
 1973 06ee 23       		.byte	0x23
 1974 06ef 8D000000 		.4byte	0x8d
ARM GAS  C:\Users\kland\AppData\Local\Temp\ccLxlVYl.s 			page 40


 1975 06f3 05       		.uleb128 0x5
 1976 06f4 03       		.byte	0x3
 1977 06f5 00000000 		.4byte	dataPointsInStackDesired
 1978 06f9 06       		.uleb128 0x6
 1979 06fa 1A020000 		.4byte	0x21a
 1980 06fe 09070000 		.4byte	0x709
 1981 0702 07       		.uleb128 0x7
 1982 0703 D9000000 		.4byte	0xd9
 1983 0707 95       		.byte	0x95
 1984 0708 00       		.byte	0
 1985 0709 19       		.uleb128 0x19
 1986 070a 28030000 		.4byte	.LASF95
 1987 070e 07       		.byte	0x7
 1988 070f 24       		.byte	0x24
 1989 0710 F9060000 		.4byte	0x6f9
 1990 0714 05       		.uleb128 0x5
 1991 0715 03       		.byte	0x3
 1992 0716 00000000 		.4byte	data
 1993 071a 19       		.uleb128 0x19
 1994 071b 9C070000 		.4byte	.LASF96
 1995 071f 08       		.byte	0x8
 1996 0720 20       		.byte	0x20
 1997 0721 81000000 		.4byte	0x81
 1998 0725 05       		.uleb128 0x5
 1999 0726 03       		.byte	0x3
 2000 0727 00000000 		.4byte	modem_state
 2001 072b 19       		.uleb128 0x19
 2002 072c A4030000 		.4byte	.LASF97
 2003 0730 08       		.byte	0x8
 2004 0731 72       		.byte	0x72
 2005 0732 A5000000 		.4byte	0xa5
 2006 0736 05       		.uleb128 0x5
 2007 0737 03       		.byte	0x3
 2008 0738 00000000 		.4byte	modem_start_time_stamp
 2009 073c 19       		.uleb128 0x19
 2010 073d 35030000 		.4byte	.LASF69
 2011 0741 08       		.byte	0x8
 2012 0742 73       		.byte	0x73
 2013 0743 52020000 		.4byte	0x252
 2014 0747 05       		.uleb128 0x5
 2015 0748 03       		.byte	0x3
 2016 0749 00000000 		.4byte	modem_info
 2017 074d 19       		.uleb128 0x19
 2018 074e 51010000 		.4byte	.LASF98
 2019 0752 08       		.byte	0x8
 2020 0753 74       		.byte	0x74
 2021 0754 C6020000 		.4byte	0x2c6
 2022 0758 05       		.uleb128 0x5
 2023 0759 03       		.byte	0x3
 2024 075a 00000000 		.4byte	modem_stats
 2025 075e 19       		.uleb128 0x19
 2026 075f 8A040000 		.4byte	.LASF99
 2027 0763 08       		.byte	0x8
 2028 0764 75       		.byte	0x75
 2029 0765 65030000 		.4byte	0x365
 2030 0769 05       		.uleb128 0x5
 2031 076a 03       		.byte	0x3
ARM GAS  C:\Users\kland\AppData\Local\Temp\ccLxlVYl.s 			page 41


 2032 076b 00000000 		.4byte	updatable_parameters
 2033 076f 19       		.uleb128 0x19
 2034 0770 EA020000 		.4byte	.LASF100
 2035 0774 0B       		.byte	0xb
 2036 0775 07       		.byte	0x7
 2037 0776 81000000 		.4byte	0x81
 2038 077a 05       		.uleb128 0x5
 2039 077b 03       		.byte	0x3
 2040 077c 00000000 		.4byte	App_LED_enabled
 2041 0780 19       		.uleb128 0x19
 2042 0781 8E070000 		.4byte	.LASF101
 2043 0785 0B       		.byte	0xb
 2044 0786 08       		.byte	0x8
 2045 0787 0C040000 		.4byte	0x40c
 2046 078b 05       		.uleb128 0x5
 2047 078c 03       		.byte	0x3
 2048 078d 00000000 		.4byte	app_led_inbox
 2049 0791 19       		.uleb128 0x19
 2050 0792 C0050000 		.4byte	.LASF102
 2051 0796 0C       		.byte	0xc
 2052 0797 25       		.byte	0x25
 2053 0798 0C040000 		.4byte	0x40c
 2054 079c 05       		.uleb128 0x5
 2055 079d 03       		.byte	0x3
 2056 079e 00000000 		.4byte	level_sensor_inbox
 2057 07a2 19       		.uleb128 0x19
 2058 07a3 BC060000 		.4byte	.LASF103
 2059 07a7 0C       		.byte	0xc
 2060 07a8 27       		.byte	0x27
 2061 07a9 5E030000 		.4byte	0x35e
 2062 07ad 05       		.uleb128 0x5
 2063 07ae 03       		.byte	0x3
 2064 07af 00000000 		.4byte	level_sensor_enabled
 2065 07b3 19       		.uleb128 0x19
 2066 07b4 C4010000 		.4byte	.LASF104
 2067 07b8 0D       		.byte	0xd
 2068 07b9 2A       		.byte	0x2a
 2069 07ba B1000000 		.4byte	0xb1
 2070 07be 05       		.uleb128 0x5
 2071 07bf 03       		.byte	0x3
 2072 07c0 00000000 		.4byte	valve_diameter
 2073 07c4 06       		.uleb128 0x6
 2074 07c5 CB000000 		.4byte	0xcb
 2075 07c9 D4070000 		.4byte	0x7d4
 2076 07cd 07       		.uleb128 0x7
 2077 07ce D9000000 		.4byte	0xd9
 2078 07d2 09       		.byte	0x9
 2079 07d3 00       		.byte	0
 2080 07d4 19       		.uleb128 0x19
 2081 07d5 5C000000 		.4byte	.LASF105
 2082 07d9 0D       		.byte	0xd
 2083 07da 2B       		.byte	0x2b
 2084 07db C4070000 		.4byte	0x7c4
 2085 07df 05       		.uleb128 0x5
 2086 07e0 03       		.byte	0x3
 2087 07e1 00000000 		.4byte	valve_type
 2088 07e5 19       		.uleb128 0x19
ARM GAS  C:\Users\kland\AppData\Local\Temp\ccLxlVYl.s 			page 42


 2089 07e6 95060000 		.4byte	.LASF106
 2090 07ea 0D       		.byte	0xd
 2091 07eb 30       		.byte	0x30
 2092 07ec 81000000 		.4byte	0x81
 2093 07f0 05       		.uleb128 0x5
 2094 07f1 03       		.byte	0x3
 2095 07f2 00000000 		.4byte	valve_enabled
 2096 07f6 19       		.uleb128 0x19
 2097 07f7 3B070000 		.4byte	.LASF107
 2098 07fb 0D       		.byte	0xd
 2099 07fc 31       		.byte	0x31
 2100 07fd 0C040000 		.4byte	0x40c
 2101 0801 05       		.uleb128 0x5
 2102 0802 03       		.byte	0x3
 2103 0803 00000000 		.4byte	valve_inbox
 2104 0807 19       		.uleb128 0x19
 2105 0808 07000000 		.4byte	.LASF108
 2106 080c 0E       		.byte	0xe
 2107 080d 69       		.byte	0x69
 2108 080e 81000000 		.4byte	0x81
 2109 0812 05       		.uleb128 0x5
 2110 0813 03       		.byte	0x3
 2111 0814 00000000 		.4byte	autosampler_enabled
 2112 0818 19       		.uleb128 0x19
 2113 0819 F0030000 		.4byte	.LASF109
 2114 081d 0E       		.byte	0xe
 2115 081e 6B       		.byte	0x6b
 2116 081f 0C040000 		.4byte	0x40c
 2117 0823 05       		.uleb128 0x5
 2118 0824 03       		.byte	0x3
 2119 0825 00000000 		.4byte	autosampler_inbox
 2120 0829 19       		.uleb128 0x19
 2121 082a 56030000 		.4byte	.LASF110
 2122 082e 0F       		.byte	0xf
 2123 082f 1D       		.byte	0x1d
 2124 0830 81000000 		.4byte	0x81
 2125 0834 05       		.uleb128 0x5
 2126 0835 03       		.byte	0x3
 2127 0836 00000000 		.4byte	Sontek_enabled
 2128 083a 06       		.uleb128 0x6
 2129 083b CB000000 		.4byte	0xcb
 2130 083f 4B080000 		.4byte	0x84b
 2131 0843 1A       		.uleb128 0x1a
 2132 0844 D9000000 		.4byte	0xd9
 2133 0848 0F27     		.2byte	0x270f
 2134 084a 00       		.byte	0
 2135 084b 19       		.uleb128 0x19
 2136 084c 7A070000 		.4byte	.LASF111
 2137 0850 09       		.byte	0x9
 2138 0851 20       		.byte	0x20
 2139 0852 3A080000 		.4byte	0x83a
 2140 0856 05       		.uleb128 0x5
 2141 0857 03       		.byte	0x3
 2142 0858 00000000 		.4byte	http_request
 2143 085c 19       		.uleb128 0x19
 2144 085d 20070000 		.4byte	.LASF112
 2145 0861 09       		.byte	0x9
ARM GAS  C:\Users\kland\AppData\Local\Temp\ccLxlVYl.s 			page 43


 2146 0862 21       		.byte	0x21
 2147 0863 3A080000 		.4byte	0x83a
 2148 0867 05       		.uleb128 0x5
 2149 0868 03       		.byte	0x3
 2150 0869 00000000 		.4byte	http_body
 2151 086d 06       		.uleb128 0x6
 2152 086e CB000000 		.4byte	0xcb
 2153 0872 7D080000 		.4byte	0x87d
 2154 0876 07       		.uleb128 0x7
 2155 0877 D9000000 		.4byte	0xd9
 2156 087b C7       		.byte	0xc7
 2157 087c 00       		.byte	0
 2158 087d 19       		.uleb128 0x19
 2159 087e FC050000 		.4byte	.LASF113
 2160 0882 09       		.byte	0x9
 2161 0883 22       		.byte	0x22
 2162 0884 6D080000 		.4byte	0x86d
 2163 0888 05       		.uleb128 0x5
 2164 0889 03       		.byte	0x3
 2165 088a 00000000 		.4byte	http_route
 2166 088e 19       		.uleb128 0x19
 2167 088f 5B050000 		.4byte	.LASF114
 2168 0893 09       		.byte	0x9
 2169 0894 49       		.byte	0x49
 2170 0895 E0030000 		.4byte	0x3e0
 2171 0899 05       		.uleb128 0x5
 2172 089a 03       		.byte	0x3
 2173 089b 00000000 		.4byte	system_info
 2174 089f 19       		.uleb128 0x19
 2175 08a0 06050000 		.4byte	.LASF115
 2176 08a4 09       		.byte	0x9
 2177 08a5 5B       		.byte	0x5b
 2178 08a6 1C040000 		.4byte	0x41c
 2179 08aa 05       		.uleb128 0x5
 2180 08ab 03       		.byte	0x3
 2181 08ac 00000000 		.4byte	system_settings
 2182 08b0 19       		.uleb128 0x19
 2183 08b1 30010000 		.4byte	.LASF116
 2184 08b5 09       		.byte	0x9
 2185 08b6 77       		.byte	0x77
 2186 08b7 A9030000 		.4byte	0x3a9
 2187 08bb 05       		.uleb128 0x5
 2188 08bc 03       		.byte	0x3
 2189 08bd 00000000 		.4byte	alarmMeasure
 2190 08c1 19       		.uleb128 0x19
 2191 08c2 7C010000 		.4byte	.LASF117
 2192 08c6 09       		.byte	0x9
 2193 08c7 78       		.byte	0x78
 2194 08c8 81000000 		.4byte	0x81
 2195 08cc 05       		.uleb128 0x5
 2196 08cd 03       		.byte	0x3
 2197 08ce 00000000 		.4byte	timeToMeasure
 2198 08d2 19       		.uleb128 0x19
 2199 08d3 CC020000 		.4byte	.LASF118
 2200 08d7 09       		.byte	0x9
 2201 08d8 79       		.byte	0x79
 2202 08d9 A9030000 		.4byte	0x3a9
ARM GAS  C:\Users\kland\AppData\Local\Temp\ccLxlVYl.s 			page 44


 2203 08dd 05       		.uleb128 0x5
 2204 08de 03       		.byte	0x3
 2205 08df 00000000 		.4byte	alarmSync
 2206 08e3 19       		.uleb128 0x19
 2207 08e4 A2010000 		.4byte	.LASF119
 2208 08e8 09       		.byte	0x9
 2209 08e9 7A       		.byte	0x7a
 2210 08ea 81000000 		.4byte	0x81
 2211 08ee 05       		.uleb128 0x5
 2212 08ef 03       		.byte	0x3
 2213 08f0 00000000 		.4byte	timeToSync
 2214 08f4 19       		.uleb128 0x19
 2215 08f5 69040000 		.4byte	.LASF120
 2216 08f9 09       		.byte	0x9
 2217 08fa 7B       		.byte	0x7b
 2218 08fb 81000000 		.4byte	0x81
 2219 08ff 05       		.uleb128 0x5
 2220 0900 03       		.byte	0x3
 2221 0901 00000000 		.4byte	timeToSycnRemoteParams
 2222 0905 1B       		.uleb128 0x1b
 2223 0906 68657900 		.ascii	"hey\000"
 2224 090a 09       		.byte	0x9
 2225 090b 7C       		.byte	0x7c
 2226 090c 81000000 		.4byte	0x81
 2227 0910 05       		.uleb128 0x5
 2228 0911 03       		.byte	0x3
 2229 0912 00000000 		.4byte	hey
 2230 0916 19       		.uleb128 0x19
 2231 0917 98030000 		.4byte	.LASF121
 2232 091b 09       		.byte	0x9
 2233 091c 80       		.byte	0x80
 2234 091d A9030000 		.4byte	0x3a9
 2235 0921 05       		.uleb128 0x5
 2236 0922 03       		.byte	0x3
 2237 0923 00000000 		.4byte	alarmAppLED
 2238 0927 19       		.uleb128 0x19
 2239 0928 4A020000 		.4byte	.LASF122
 2240 092c 09       		.byte	0x9
 2241 092d 81       		.byte	0x81
 2242 092e 81000000 		.4byte	0x81
 2243 0932 05       		.uleb128 0x5
 2244 0933 03       		.byte	0x3
 2245 0934 00000000 		.4byte	timeToAppLED
 2246 0938 19       		.uleb128 0x19
 2247 0939 9D050000 		.4byte	.LASF123
 2248 093d 09       		.byte	0x9
 2249 093e 83       		.byte	0x83
 2250 093f A9030000 		.4byte	0x3a9
 2251 0943 05       		.uleb128 0x5
 2252 0944 03       		.byte	0x3
 2253 0945 00000000 		.4byte	alarmLevelSensor
 2254 0949 19       		.uleb128 0x19
 2255 094a AA060000 		.4byte	.LASF124
 2256 094e 09       		.byte	0x9
 2257 094f 84       		.byte	0x84
 2258 0950 81000000 		.4byte	0x81
 2259 0954 05       		.uleb128 0x5
ARM GAS  C:\Users\kland\AppData\Local\Temp\ccLxlVYl.s 			page 45


 2260 0955 03       		.byte	0x3
 2261 0956 00000000 		.4byte	timeToLevelSensor
 2262 095a 19       		.uleb128 0x19
 2263 095b E0010000 		.4byte	.LASF125
 2264 095f 09       		.byte	0x9
 2265 0960 86       		.byte	0x86
 2266 0961 A9030000 		.4byte	0x3a9
 2267 0965 05       		.uleb128 0x5
 2268 0966 03       		.byte	0x3
 2269 0967 00000000 		.4byte	alarmDownstreamLevelSensor
 2270 096b 19       		.uleb128 0x19
 2271 096c 04070000 		.4byte	.LASF126
 2272 0970 09       		.byte	0x9
 2273 0971 87       		.byte	0x87
 2274 0972 81000000 		.4byte	0x81
 2275 0976 05       		.uleb128 0x5
 2276 0977 03       		.byte	0x3
 2277 0978 00000000 		.4byte	timeToDownstreamLevelSensor
 2278 097c 19       		.uleb128 0x19
 2279 097d F1050000 		.4byte	.LASF127
 2280 0981 09       		.byte	0x9
 2281 0982 89       		.byte	0x89
 2282 0983 A9030000 		.4byte	0x3a9
 2283 0987 05       		.uleb128 0x5
 2284 0988 03       		.byte	0x3
 2285 0989 00000000 		.4byte	alarmValve
 2286 098d 19       		.uleb128 0x19
 2287 098e B9040000 		.4byte	.LASF128
 2288 0992 09       		.byte	0x9
 2289 0993 8A       		.byte	0x8a
 2290 0994 81000000 		.4byte	0x81
 2291 0998 05       		.uleb128 0x5
 2292 0999 03       		.byte	0x3
 2293 099a 00000000 		.4byte	timeToValve
 2294 099e 19       		.uleb128 0x19
 2295 099f 2A070000 		.4byte	.LASF129
 2296 09a3 09       		.byte	0x9
 2297 09a4 8C       		.byte	0x8c
 2298 09a5 A9030000 		.4byte	0x3a9
 2299 09a9 05       		.uleb128 0x5
 2300 09aa 03       		.byte	0x3
 2301 09ab 00000000 		.4byte	alarmAutosampler
 2302 09af 19       		.uleb128 0x19
 2303 09b0 4A000000 		.4byte	.LASF130
 2304 09b4 09       		.byte	0x9
 2305 09b5 8D       		.byte	0x8d
 2306 09b6 81000000 		.4byte	0x81
 2307 09ba 05       		.uleb128 0x5
 2308 09bb 03       		.byte	0x3
 2309 09bc 00000000 		.4byte	timeToAutosampler
 2310 09c0 19       		.uleb128 0x19
 2311 09c1 2A060000 		.4byte	.LASF131
 2312 09c5 09       		.byte	0x9
 2313 09c6 90       		.byte	0x90
 2314 09c7 A9030000 		.4byte	0x3a9
 2315 09cb 05       		.uleb128 0x5
 2316 09cc 03       		.byte	0x3
ARM GAS  C:\Users\kland\AppData\Local\Temp\ccLxlVYl.s 			page 46


 2317 09cd 00000000 		.4byte	alarmSontek
 2318 09d1 19       		.uleb128 0x19
 2319 09d2 F7060000 		.4byte	.LASF132
 2320 09d6 09       		.byte	0x9
 2321 09d7 91       		.byte	0x91
 2322 09d8 81000000 		.4byte	0x81
 2323 09dc 05       		.uleb128 0x5
 2324 09dd 03       		.byte	0x3
 2325 09de 00000000 		.4byte	timeToSontek
 2326 09e2 00       		.byte	0
 2327              		.section	.debug_abbrev,"",%progbits
 2328              	.Ldebug_abbrev0:
 2329 0000 01       		.uleb128 0x1
 2330 0001 11       		.uleb128 0x11
 2331 0002 01       		.byte	0x1
 2332 0003 25       		.uleb128 0x25
 2333 0004 0E       		.uleb128 0xe
 2334 0005 13       		.uleb128 0x13
 2335 0006 0B       		.uleb128 0xb
 2336 0007 03       		.uleb128 0x3
 2337 0008 0E       		.uleb128 0xe
 2338 0009 1B       		.uleb128 0x1b
 2339 000a 0E       		.uleb128 0xe
 2340 000b 55       		.uleb128 0x55
 2341 000c 17       		.uleb128 0x17
 2342 000d 11       		.uleb128 0x11
 2343 000e 01       		.uleb128 0x1
 2344 000f 10       		.uleb128 0x10
 2345 0010 17       		.uleb128 0x17
 2346 0011 00       		.byte	0
 2347 0012 00       		.byte	0
 2348 0013 02       		.uleb128 0x2
 2349 0014 24       		.uleb128 0x24
 2350 0015 00       		.byte	0
 2351 0016 0B       		.uleb128 0xb
 2352 0017 0B       		.uleb128 0xb
 2353 0018 3E       		.uleb128 0x3e
 2354 0019 0B       		.uleb128 0xb
 2355 001a 03       		.uleb128 0x3
 2356 001b 0E       		.uleb128 0xe
 2357 001c 00       		.byte	0
 2358 001d 00       		.byte	0
 2359 001e 03       		.uleb128 0x3
 2360 001f 16       		.uleb128 0x16
 2361 0020 00       		.byte	0
 2362 0021 03       		.uleb128 0x3
 2363 0022 0E       		.uleb128 0xe
 2364 0023 3A       		.uleb128 0x3a
 2365 0024 0B       		.uleb128 0xb
 2366 0025 3B       		.uleb128 0x3b
 2367 0026 0B       		.uleb128 0xb
 2368 0027 49       		.uleb128 0x49
 2369 0028 13       		.uleb128 0x13
 2370 0029 00       		.byte	0
 2371 002a 00       		.byte	0
 2372 002b 04       		.uleb128 0x4
 2373 002c 24       		.uleb128 0x24
ARM GAS  C:\Users\kland\AppData\Local\Temp\ccLxlVYl.s 			page 47


 2374 002d 00       		.byte	0
 2375 002e 0B       		.uleb128 0xb
 2376 002f 0B       		.uleb128 0xb
 2377 0030 3E       		.uleb128 0x3e
 2378 0031 0B       		.uleb128 0xb
 2379 0032 03       		.uleb128 0x3
 2380 0033 08       		.uleb128 0x8
 2381 0034 00       		.byte	0
 2382 0035 00       		.byte	0
 2383 0036 05       		.uleb128 0x5
 2384 0037 16       		.uleb128 0x16
 2385 0038 00       		.byte	0
 2386 0039 03       		.uleb128 0x3
 2387 003a 0E       		.uleb128 0xe
 2388 003b 3A       		.uleb128 0x3a
 2389 003c 0B       		.uleb128 0xb
 2390 003d 3B       		.uleb128 0x3b
 2391 003e 05       		.uleb128 0x5
 2392 003f 49       		.uleb128 0x49
 2393 0040 13       		.uleb128 0x13
 2394 0041 00       		.byte	0
 2395 0042 00       		.byte	0
 2396 0043 06       		.uleb128 0x6
 2397 0044 01       		.uleb128 0x1
 2398 0045 01       		.byte	0x1
 2399 0046 49       		.uleb128 0x49
 2400 0047 13       		.uleb128 0x13
 2401 0048 01       		.uleb128 0x1
 2402 0049 13       		.uleb128 0x13
 2403 004a 00       		.byte	0
 2404 004b 00       		.byte	0
 2405 004c 07       		.uleb128 0x7
 2406 004d 21       		.uleb128 0x21
 2407 004e 00       		.byte	0
 2408 004f 49       		.uleb128 0x49
 2409 0050 13       		.uleb128 0x13
 2410 0051 2F       		.uleb128 0x2f
 2411 0052 0B       		.uleb128 0xb
 2412 0053 00       		.byte	0
 2413 0054 00       		.byte	0
 2414 0055 08       		.uleb128 0x8
 2415 0056 13       		.uleb128 0x13
 2416 0057 01       		.byte	0x1
 2417 0058 0B       		.uleb128 0xb
 2418 0059 05       		.uleb128 0x5
 2419 005a 3A       		.uleb128 0x3a
 2420 005b 0B       		.uleb128 0xb
 2421 005c 3B       		.uleb128 0x3b
 2422 005d 0B       		.uleb128 0xb
 2423 005e 01       		.uleb128 0x1
 2424 005f 13       		.uleb128 0x13
 2425 0060 00       		.byte	0
 2426 0061 00       		.byte	0
 2427 0062 09       		.uleb128 0x9
 2428 0063 0D       		.uleb128 0xd
 2429 0064 00       		.byte	0
 2430 0065 03       		.uleb128 0x3
ARM GAS  C:\Users\kland\AppData\Local\Temp\ccLxlVYl.s 			page 48


 2431 0066 0E       		.uleb128 0xe
 2432 0067 3A       		.uleb128 0x3a
 2433 0068 0B       		.uleb128 0xb
 2434 0069 3B       		.uleb128 0x3b
 2435 006a 0B       		.uleb128 0xb
 2436 006b 49       		.uleb128 0x49
 2437 006c 13       		.uleb128 0x13
 2438 006d 38       		.uleb128 0x38
 2439 006e 0B       		.uleb128 0xb
 2440 006f 00       		.byte	0
 2441 0070 00       		.byte	0
 2442 0071 0A       		.uleb128 0xa
 2443 0072 13       		.uleb128 0x13
 2444 0073 01       		.byte	0x1
 2445 0074 0B       		.uleb128 0xb
 2446 0075 0B       		.uleb128 0xb
 2447 0076 3A       		.uleb128 0x3a
 2448 0077 0B       		.uleb128 0xb
 2449 0078 3B       		.uleb128 0x3b
 2450 0079 0B       		.uleb128 0xb
 2451 007a 01       		.uleb128 0x1
 2452 007b 13       		.uleb128 0x13
 2453 007c 00       		.byte	0
 2454 007d 00       		.byte	0
 2455 007e 0B       		.uleb128 0xb
 2456 007f 0D       		.uleb128 0xd
 2457 0080 00       		.byte	0
 2458 0081 03       		.uleb128 0x3
 2459 0082 08       		.uleb128 0x8
 2460 0083 3A       		.uleb128 0x3a
 2461 0084 0B       		.uleb128 0xb
 2462 0085 3B       		.uleb128 0x3b
 2463 0086 0B       		.uleb128 0xb
 2464 0087 49       		.uleb128 0x49
 2465 0088 13       		.uleb128 0x13
 2466 0089 38       		.uleb128 0x38
 2467 008a 0B       		.uleb128 0xb
 2468 008b 00       		.byte	0
 2469 008c 00       		.byte	0
 2470 008d 0C       		.uleb128 0xc
 2471 008e 35       		.uleb128 0x35
 2472 008f 00       		.byte	0
 2473 0090 49       		.uleb128 0x49
 2474 0091 13       		.uleb128 0x13
 2475 0092 00       		.byte	0
 2476 0093 00       		.byte	0
 2477 0094 0D       		.uleb128 0xd
 2478 0095 0F       		.uleb128 0xf
 2479 0096 00       		.byte	0
 2480 0097 0B       		.uleb128 0xb
 2481 0098 0B       		.uleb128 0xb
 2482 0099 49       		.uleb128 0x49
 2483 009a 13       		.uleb128 0x13
 2484 009b 00       		.byte	0
 2485 009c 00       		.byte	0
 2486 009d 0E       		.uleb128 0xe
 2487 009e 2E       		.uleb128 0x2e
ARM GAS  C:\Users\kland\AppData\Local\Temp\ccLxlVYl.s 			page 49


 2488 009f 01       		.byte	0x1
 2489 00a0 3F       		.uleb128 0x3f
 2490 00a1 19       		.uleb128 0x19
 2491 00a2 03       		.uleb128 0x3
 2492 00a3 0E       		.uleb128 0xe
 2493 00a4 3A       		.uleb128 0x3a
 2494 00a5 0B       		.uleb128 0xb
 2495 00a6 3B       		.uleb128 0x3b
 2496 00a7 0B       		.uleb128 0xb
 2497 00a8 49       		.uleb128 0x49
 2498 00a9 13       		.uleb128 0x13
 2499 00aa 11       		.uleb128 0x11
 2500 00ab 01       		.uleb128 0x1
 2501 00ac 12       		.uleb128 0x12
 2502 00ad 06       		.uleb128 0x6
 2503 00ae 40       		.uleb128 0x40
 2504 00af 18       		.uleb128 0x18
 2505 00b0 9642     		.uleb128 0x2116
 2506 00b2 19       		.uleb128 0x19
 2507 00b3 01       		.uleb128 0x1
 2508 00b4 13       		.uleb128 0x13
 2509 00b5 00       		.byte	0
 2510 00b6 00       		.byte	0
 2511 00b7 0F       		.uleb128 0xf
 2512 00b8 34       		.uleb128 0x34
 2513 00b9 00       		.byte	0
 2514 00ba 03       		.uleb128 0x3
 2515 00bb 0E       		.uleb128 0xe
 2516 00bc 3A       		.uleb128 0x3a
 2517 00bd 0B       		.uleb128 0xb
 2518 00be 3B       		.uleb128 0x3b
 2519 00bf 0B       		.uleb128 0xb
 2520 00c0 49       		.uleb128 0x49
 2521 00c1 13       		.uleb128 0x13
 2522 00c2 02       		.uleb128 0x2
 2523 00c3 18       		.uleb128 0x18
 2524 00c4 00       		.byte	0
 2525 00c5 00       		.byte	0
 2526 00c6 10       		.uleb128 0x10
 2527 00c7 0B       		.uleb128 0xb
 2528 00c8 01       		.byte	0x1
 2529 00c9 11       		.uleb128 0x11
 2530 00ca 01       		.uleb128 0x1
 2531 00cb 12       		.uleb128 0x12
 2532 00cc 06       		.uleb128 0x6
 2533 00cd 00       		.byte	0
 2534 00ce 00       		.byte	0
 2535 00cf 11       		.uleb128 0x11
 2536 00d0 34       		.uleb128 0x34
 2537 00d1 00       		.byte	0
 2538 00d2 03       		.uleb128 0x3
 2539 00d3 08       		.uleb128 0x8
 2540 00d4 3A       		.uleb128 0x3a
 2541 00d5 0B       		.uleb128 0xb
 2542 00d6 3B       		.uleb128 0x3b
 2543 00d7 0B       		.uleb128 0xb
 2544 00d8 49       		.uleb128 0x49
ARM GAS  C:\Users\kland\AppData\Local\Temp\ccLxlVYl.s 			page 50


 2545 00d9 13       		.uleb128 0x13
 2546 00da 02       		.uleb128 0x2
 2547 00db 18       		.uleb128 0x18
 2548 00dc 00       		.byte	0
 2549 00dd 00       		.byte	0
 2550 00de 12       		.uleb128 0x12
 2551 00df 0B       		.uleb128 0xb
 2552 00e0 01       		.byte	0x1
 2553 00e1 11       		.uleb128 0x11
 2554 00e2 01       		.uleb128 0x1
 2555 00e3 12       		.uleb128 0x12
 2556 00e4 06       		.uleb128 0x6
 2557 00e5 01       		.uleb128 0x1
 2558 00e6 13       		.uleb128 0x13
 2559 00e7 00       		.byte	0
 2560 00e8 00       		.byte	0
 2561 00e9 13       		.uleb128 0x13
 2562 00ea 2E       		.uleb128 0x2e
 2563 00eb 01       		.byte	0x1
 2564 00ec 3F       		.uleb128 0x3f
 2565 00ed 19       		.uleb128 0x19
 2566 00ee 03       		.uleb128 0x3
 2567 00ef 0E       		.uleb128 0xe
 2568 00f0 3A       		.uleb128 0x3a
 2569 00f1 0B       		.uleb128 0xb
 2570 00f2 3B       		.uleb128 0x3b
 2571 00f3 0B       		.uleb128 0xb
 2572 00f4 27       		.uleb128 0x27
 2573 00f5 19       		.uleb128 0x19
 2574 00f6 49       		.uleb128 0x49
 2575 00f7 13       		.uleb128 0x13
 2576 00f8 11       		.uleb128 0x11
 2577 00f9 01       		.uleb128 0x1
 2578 00fa 12       		.uleb128 0x12
 2579 00fb 06       		.uleb128 0x6
 2580 00fc 40       		.uleb128 0x40
 2581 00fd 18       		.uleb128 0x18
 2582 00fe 9642     		.uleb128 0x2116
 2583 0100 19       		.uleb128 0x19
 2584 0101 01       		.uleb128 0x1
 2585 0102 13       		.uleb128 0x13
 2586 0103 00       		.byte	0
 2587 0104 00       		.byte	0
 2588 0105 14       		.uleb128 0x14
 2589 0106 05       		.uleb128 0x5
 2590 0107 00       		.byte	0
 2591 0108 03       		.uleb128 0x3
 2592 0109 0E       		.uleb128 0xe
 2593 010a 3A       		.uleb128 0x3a
 2594 010b 0B       		.uleb128 0xb
 2595 010c 3B       		.uleb128 0x3b
 2596 010d 0B       		.uleb128 0xb
 2597 010e 49       		.uleb128 0x49
 2598 010f 13       		.uleb128 0x13
 2599 0110 02       		.uleb128 0x2
 2600 0111 18       		.uleb128 0x18
 2601 0112 00       		.byte	0
ARM GAS  C:\Users\kland\AppData\Local\Temp\ccLxlVYl.s 			page 51


 2602 0113 00       		.byte	0
 2603 0114 15       		.uleb128 0x15
 2604 0115 2E       		.uleb128 0x2e
 2605 0116 01       		.byte	0x1
 2606 0117 3F       		.uleb128 0x3f
 2607 0118 19       		.uleb128 0x19
 2608 0119 03       		.uleb128 0x3
 2609 011a 0E       		.uleb128 0xe
 2610 011b 3A       		.uleb128 0x3a
 2611 011c 0B       		.uleb128 0xb
 2612 011d 3B       		.uleb128 0x3b
 2613 011e 0B       		.uleb128 0xb
 2614 011f 27       		.uleb128 0x27
 2615 0120 19       		.uleb128 0x19
 2616 0121 11       		.uleb128 0x11
 2617 0122 01       		.uleb128 0x1
 2618 0123 12       		.uleb128 0x12
 2619 0124 06       		.uleb128 0x6
 2620 0125 40       		.uleb128 0x40
 2621 0126 18       		.uleb128 0x18
 2622 0127 9642     		.uleb128 0x2116
 2623 0129 19       		.uleb128 0x19
 2624 012a 01       		.uleb128 0x1
 2625 012b 13       		.uleb128 0x13
 2626 012c 00       		.byte	0
 2627 012d 00       		.byte	0
 2628 012e 16       		.uleb128 0x16
 2629 012f 05       		.uleb128 0x5
 2630 0130 00       		.byte	0
 2631 0131 03       		.uleb128 0x3
 2632 0132 08       		.uleb128 0x8
 2633 0133 3A       		.uleb128 0x3a
 2634 0134 0B       		.uleb128 0xb
 2635 0135 3B       		.uleb128 0x3b
 2636 0136 0B       		.uleb128 0xb
 2637 0137 49       		.uleb128 0x49
 2638 0138 13       		.uleb128 0x13
 2639 0139 02       		.uleb128 0x2
 2640 013a 18       		.uleb128 0x18
 2641 013b 00       		.byte	0
 2642 013c 00       		.byte	0
 2643 013d 17       		.uleb128 0x17
 2644 013e 2E       		.uleb128 0x2e
 2645 013f 01       		.byte	0x1
 2646 0140 3F       		.uleb128 0x3f
 2647 0141 19       		.uleb128 0x19
 2648 0142 03       		.uleb128 0x3
 2649 0143 0E       		.uleb128 0xe
 2650 0144 3A       		.uleb128 0x3a
 2651 0145 0B       		.uleb128 0xb
 2652 0146 3B       		.uleb128 0x3b
 2653 0147 0B       		.uleb128 0xb
 2654 0148 27       		.uleb128 0x27
 2655 0149 19       		.uleb128 0x19
 2656 014a 11       		.uleb128 0x11
 2657 014b 01       		.uleb128 0x1
 2658 014c 12       		.uleb128 0x12
ARM GAS  C:\Users\kland\AppData\Local\Temp\ccLxlVYl.s 			page 52


 2659 014d 06       		.uleb128 0x6
 2660 014e 40       		.uleb128 0x40
 2661 014f 18       		.uleb128 0x18
 2662 0150 9742     		.uleb128 0x2117
 2663 0152 19       		.uleb128 0x19
 2664 0153 01       		.uleb128 0x1
 2665 0154 13       		.uleb128 0x13
 2666 0155 00       		.byte	0
 2667 0156 00       		.byte	0
 2668 0157 18       		.uleb128 0x18
 2669 0158 34       		.uleb128 0x34
 2670 0159 00       		.byte	0
 2671 015a 03       		.uleb128 0x3
 2672 015b 0E       		.uleb128 0xe
 2673 015c 3A       		.uleb128 0x3a
 2674 015d 0B       		.uleb128 0xb
 2675 015e 3B       		.uleb128 0x3b
 2676 015f 05       		.uleb128 0x5
 2677 0160 49       		.uleb128 0x49
 2678 0161 13       		.uleb128 0x13
 2679 0162 3F       		.uleb128 0x3f
 2680 0163 19       		.uleb128 0x19
 2681 0164 3C       		.uleb128 0x3c
 2682 0165 19       		.uleb128 0x19
 2683 0166 00       		.byte	0
 2684 0167 00       		.byte	0
 2685 0168 19       		.uleb128 0x19
 2686 0169 34       		.uleb128 0x34
 2687 016a 00       		.byte	0
 2688 016b 03       		.uleb128 0x3
 2689 016c 0E       		.uleb128 0xe
 2690 016d 3A       		.uleb128 0x3a
 2691 016e 0B       		.uleb128 0xb
 2692 016f 3B       		.uleb128 0x3b
 2693 0170 0B       		.uleb128 0xb
 2694 0171 49       		.uleb128 0x49
 2695 0172 13       		.uleb128 0x13
 2696 0173 3F       		.uleb128 0x3f
 2697 0174 19       		.uleb128 0x19
 2698 0175 02       		.uleb128 0x2
 2699 0176 18       		.uleb128 0x18
 2700 0177 00       		.byte	0
 2701 0178 00       		.byte	0
 2702 0179 1A       		.uleb128 0x1a
 2703 017a 21       		.uleb128 0x21
 2704 017b 00       		.byte	0
 2705 017c 49       		.uleb128 0x49
 2706 017d 13       		.uleb128 0x13
 2707 017e 2F       		.uleb128 0x2f
 2708 017f 05       		.uleb128 0x5
 2709 0180 00       		.byte	0
 2710 0181 00       		.byte	0
 2711 0182 1B       		.uleb128 0x1b
 2712 0183 34       		.uleb128 0x34
 2713 0184 00       		.byte	0
 2714 0185 03       		.uleb128 0x3
 2715 0186 08       		.uleb128 0x8
ARM GAS  C:\Users\kland\AppData\Local\Temp\ccLxlVYl.s 			page 53


 2716 0187 3A       		.uleb128 0x3a
 2717 0188 0B       		.uleb128 0xb
 2718 0189 3B       		.uleb128 0x3b
 2719 018a 0B       		.uleb128 0xb
 2720 018b 49       		.uleb128 0x49
 2721 018c 13       		.uleb128 0x13
 2722 018d 3F       		.uleb128 0x3f
 2723 018e 19       		.uleb128 0x19
 2724 018f 02       		.uleb128 0x2
 2725 0190 18       		.uleb128 0x18
 2726 0191 00       		.byte	0
 2727 0192 00       		.byte	0
 2728 0193 00       		.byte	0
 2729              		.section	.debug_aranges,"",%progbits
 2730 0000 54000000 		.4byte	0x54
 2731 0004 0200     		.2byte	0x2
 2732 0006 00000000 		.4byte	.Ldebug_info0
 2733 000a 04       		.byte	0x4
 2734 000b 00       		.byte	0
 2735 000c 0000     		.2byte	0
 2736 000e 0000     		.2byte	0
 2737 0010 00000000 		.4byte	.LFB64
 2738 0014 34010000 		.4byte	.LFE64-.LFB64
 2739 0018 00000000 		.4byte	.LFB65
 2740 001c 98010000 		.4byte	.LFE65-.LFB65
 2741 0020 00000000 		.4byte	.LFB66
 2742 0024 C4000000 		.4byte	.LFE66-.LFB66
 2743 0028 00000000 		.4byte	.LFB67
 2744 002c 74000000 		.4byte	.LFE67-.LFB67
 2745 0030 00000000 		.4byte	.LFB68
 2746 0034 28000000 		.4byte	.LFE68-.LFB68
 2747 0038 00000000 		.4byte	.LFB69
 2748 003c 84000000 		.4byte	.LFE69-.LFB69
 2749 0040 00000000 		.4byte	.LFB70
 2750 0044 BC000000 		.4byte	.LFE70-.LFB70
 2751 0048 00000000 		.4byte	.LFB71
 2752 004c 04010000 		.4byte	.LFE71-.LFB71
 2753 0050 00000000 		.4byte	0
 2754 0054 00000000 		.4byte	0
 2755              		.section	.debug_ranges,"",%progbits
 2756              	.Ldebug_ranges0:
 2757 0000 00000000 		.4byte	.LFB64
 2758 0004 34010000 		.4byte	.LFE64
 2759 0008 00000000 		.4byte	.LFB65
 2760 000c 98010000 		.4byte	.LFE65
 2761 0010 00000000 		.4byte	.LFB66
 2762 0014 C4000000 		.4byte	.LFE66
 2763 0018 00000000 		.4byte	.LFB67
 2764 001c 74000000 		.4byte	.LFE67
 2765 0020 00000000 		.4byte	.LFB68
 2766 0024 28000000 		.4byte	.LFE68
 2767 0028 00000000 		.4byte	.LFB69
 2768 002c 84000000 		.4byte	.LFE69
 2769 0030 00000000 		.4byte	.LFB70
 2770 0034 BC000000 		.4byte	.LFE70
 2771 0038 00000000 		.4byte	.LFB71
 2772 003c 04010000 		.4byte	.LFE71
ARM GAS  C:\Users\kland\AppData\Local\Temp\ccLxlVYl.s 			page 54


 2773 0040 00000000 		.4byte	0
 2774 0044 00000000 		.4byte	0
 2775              		.section	.debug_line,"",%progbits
 2776              	.Ldebug_line0:
 2777 0000 1A030000 		.section	.debug_str,"MS",%progbits,1
 2777      0200D501 
 2777      00000201 
 2777      FB0E0D00 
 2777      01010101 
 2778              	.LASF12:
 2779 0000 75696E74 		.ascii	"uint16\000"
 2779      313600
 2780              	.LASF108:
 2781 0007 6175746F 		.ascii	"autosampler_enabled\000"
 2781      73616D70 
 2781      6C65725F 
 2781      656E6162 
 2781      6C656400 
 2782              	.LASF92:
 2783 001b 62756666 		.ascii	"buffer_overflow\000"
 2783      65725F6F 
 2783      76657266 
 2783      6C6F7700 
 2784              	.LASF82:
 2785 002b 736F7274 		.ascii	"sort32\000"
 2785      333200
 2786              	.LASF67:
 2787 0032 636F756E 		.ascii	"countDownResetCondition\000"
 2787      74446F77 
 2787      6E526573 
 2787      6574436F 
 2787      6E646974 
 2788              	.LASF130:
 2789 004a 74696D65 		.ascii	"timeToAutosampler\000"
 2789      546F4175 
 2789      746F7361 
 2789      6D706C65 
 2789      7200
 2790              	.LASF105:
 2791 005c 76616C76 		.ascii	"valve_type\000"
 2791      655F7479 
 2791      706500
 2792              	.LASF133:
 2793 0067 474E5520 		.ascii	"GNU C11 5.4.1 20160609 (release) [ARM/embedded-5-br"
 2793      43313120 
 2793      352E342E 
 2793      31203230 
 2793      31363036 
 2794 009a 616E6368 		.ascii	"anch revision 237715] -mcpu=cortex-m3 -mthumb -g -O"
 2794      20726576 
 2794      6973696F 
 2794      6E203233 
 2794      37373135 
 2795 00cd 30202D66 		.ascii	"0 -ffunction-sections -ffat-lto-objects\000"
 2795      66756E63 
 2795      74696F6E 
 2795      2D736563 
ARM GAS  C:\Users\kland\AppData\Local\Temp\ccLxlVYl.s 			page 55


 2795      74696F6E 
 2796              	.LASF7:
 2797 00f5 6C6F6E67 		.ascii	"long long unsigned int\000"
 2797      206C6F6E 
 2797      6720756E 
 2797      7369676E 
 2797      65642069 
 2798              	.LASF63:
 2799 010c 75706461 		.ascii	"updatable_parameters_t\000"
 2799      7461626C 
 2799      655F7061 
 2799      72616D65 
 2799      74657273 
 2800              	.LASF75:
 2801 0123 766F6C74 		.ascii	"voltage\000"
 2801      61676500 
 2802              	.LASF89:
 2803 012b 74657374 		.ascii	"test\000"
 2803      00
 2804              	.LASF116:
 2805 0130 616C6172 		.ascii	"alarmMeasure\000"
 2805      6D4D6561 
 2805      73757265 
 2805      00
 2806              	.LASF91:
 2807 013d 49544D5F 		.ascii	"ITM_RxBuffer\000"
 2807      52784275 
 2807      66666572 
 2807      00
 2808              	.LASF87:
 2809 014a 6D656469 		.ascii	"median\000"
 2809      616E00
 2810              	.LASF98:
 2811 0151 6D6F6465 		.ascii	"modem_stats\000"
 2811      6D5F7374 
 2811      61747300 
 2812              	.LASF6:
 2813 015d 6C6F6E67 		.ascii	"long long int\000"
 2813      206C6F6E 
 2813      6720696E 
 2813      7400
 2814              	.LASF0:
 2815 016b 7369676E 		.ascii	"signed char\000"
 2815      65642063 
 2815      68617200 
 2816              	.LASF45:
 2817 0177 65636E6F 		.ascii	"ecno\000"
 2817      00
 2818              	.LASF117:
 2819 017c 74696D65 		.ascii	"timeToMeasure\000"
 2819      546F4D65 
 2819      61737572 
 2819      6500
 2820              	.LASF48:
 2821 018a 74696D65 		.ascii	"time_to_network_connect\000"
 2821      5F746F5F 
 2821      6E657477 
ARM GAS  C:\Users\kland\AppData\Local\Temp\ccLxlVYl.s 			page 56


 2821      6F726B5F 
 2821      636F6E6E 
 2822              	.LASF119:
 2823 01a2 74696D65 		.ascii	"timeToSync\000"
 2823      546F5379 
 2823      6E6300
 2824              	.LASF27:
 2825 01ad 766F6C74 		.ascii	"voltage_charge_current\000"
 2825      6167655F 
 2825      63686172 
 2825      67655F63 
 2825      75727265 
 2826              	.LASF104:
 2827 01c4 76616C76 		.ascii	"valve_diameter\000"
 2827      655F6469 
 2827      616D6574 
 2827      657200
 2828              	.LASF42:
 2829 01d3 6D6F6465 		.ascii	"modem_info_t\000"
 2829      6D5F696E 
 2829      666F5F74 
 2829      00
 2830              	.LASF125:
 2831 01e0 616C6172 		.ascii	"alarmDownstreamLevelSensor\000"
 2831      6D446F77 
 2831      6E737472 
 2831      65616D4C 
 2831      6576656C 
 2832              	.LASF76:
 2833 01fb 6368616E 		.ascii	"channels\000"
 2833      6E656C73 
 2833      00
 2834              	.LASF4:
 2835 0204 6C6F6E67 		.ascii	"long int\000"
 2835      20696E74 
 2835      00
 2836              	.LASF43:
 2837 020d 72786C65 		.ascii	"rxlev\000"
 2837      7600
 2838              	.LASF65:
 2839 0213 63757272 		.ascii	"currentCountDownValue\000"
 2839      656E7443 
 2839      6F756E74 
 2839      446F776E 
 2839      56616C75 
 2840              	.LASF68:
 2841 0229 616C6172 		.ascii	"alarm\000"
 2841      6D00
 2842              	.LASF32:
 2843 022f 70726573 		.ascii	"pressure_voltage_off\000"
 2843      73757265 
 2843      5F766F6C 
 2843      74616765 
 2843      5F6F6666 
 2844              	.LASF11:
 2845 0244 75696E74 		.ascii	"uint8\000"
 2845      3800
ARM GAS  C:\Users\kland\AppData\Local\Temp\ccLxlVYl.s 			page 57


 2846              	.LASF122:
 2847 024a 74696D65 		.ascii	"timeToAppLED\000"
 2847      546F4170 
 2847      704C4544 
 2847      00
 2848              	.LASF14:
 2849 0257 696E7433 		.ascii	"int32\000"
 2849      3200
 2850              	.LASF51:
 2851 025d 6E6F6465 		.ascii	"node_type\000"
 2851      5F747970 
 2851      6500
 2852              	.LASF86:
 2853 0267 61727261 		.ascii	"array\000"
 2853      7900
 2854              	.LASF70:
 2855 026d 63686970 		.ascii	"chip_uniqueId\000"
 2855      5F756E69 
 2855      71756549 
 2855      6400
 2856              	.LASF40:
 2857 027b 6D6F6465 		.ascii	"model_id\000"
 2857      6C5F6964 
 2857      00
 2858              	.LASF64:
 2859 0284 636F756E 		.ascii	"countDownValue\000"
 2859      74446F77 
 2859      6E56616C 
 2859      756500
 2860              	.LASF85:
 2861 0293 66696E64 		.ascii	"find_median32\000"
 2861      5F6D6564 
 2861      69616E33 
 2861      3200
 2862              	.LASF55:
 2863 02a1 64656275 		.ascii	"debug_level\000"
 2863      675F6C65 
 2863      76656C00 
 2864              	.LASF36:
 2865 02ad 76616C75 		.ascii	"value\000"
 2865      6500
 2866              	.LASF80:
 2867 02b3 70726573 		.ascii	"pressure_sensor_readings\000"
 2867      73757265 
 2867      5F73656E 
 2867      736F725F 
 2867      72656164 
 2868              	.LASF118:
 2869 02cc 616C6172 		.ascii	"alarmSync\000"
 2869      6D53796E 
 2869      6300
 2870              	.LASF31:
 2871 02d6 70726573 		.ascii	"pressure_voltage_on\000"
 2871      73757265 
 2871      5F766F6C 
 2871      74616765 
 2871      5F6F6E00 
ARM GAS  C:\Users\kland\AppData\Local\Temp\ccLxlVYl.s 			page 58


 2872              	.LASF100:
 2873 02ea 4170705F 		.ascii	"App_LED_enabled\000"
 2873      4C45445F 
 2873      656E6162 
 2873      6C656400 
 2874              	.LASF38:
 2875 02fa 6B65795F 		.ascii	"key_value_t\000"
 2875      76616C75 
 2875      655F7400 
 2876              	.LASF5:
 2877 0306 6C6F6E67 		.ascii	"long unsigned int\000"
 2877      20756E73 
 2877      69676E65 
 2877      6420696E 
 2877      7400
 2878              	.LASF25:
 2879 0318 766F6C74 		.ascii	"voltage_battery\000"
 2879      6167655F 
 2879      62617474 
 2879      65727900 
 2880              	.LASF95:
 2881 0328 64617461 		.ascii	"data\000"
 2881      00
 2882              	.LASF73:
 2883 032d 65705F70 		.ascii	"ep_port\000"
 2883      6F727400 
 2884              	.LASF69:
 2885 0335 6D6F6465 		.ascii	"modem_info\000"
 2885      6D5F696E 
 2885      666F00
 2886              	.LASF72:
 2887 0340 65705F68 		.ascii	"ep_host\000"
 2887      6F737400 
 2888              	.LASF26:
 2889 0348 766F6C74 		.ascii	"voltage_solar\000"
 2889      6167655F 
 2889      736F6C61 
 2889      7200
 2890              	.LASF110:
 2891 0356 536F6E74 		.ascii	"Sontek_enabled\000"
 2891      656B5F65 
 2891      6E61626C 
 2891      656400
 2892              	.LASF84:
 2893 0365 70726573 		.ascii	"pressure_calculations\000"
 2893      73757265 
 2893      5F63616C 
 2893      63756C61 
 2893      74696F6E 
 2894              	.LASF49:
 2895 037b 74696D65 		.ascii	"time_to_acquire_ip\000"
 2895      5F746F5F 
 2895      61637175 
 2895      6972655F 
 2895      697000
 2896              	.LASF2:
 2897 038e 73686F72 		.ascii	"short int\000"
ARM GAS  C:\Users\kland\AppData\Local\Temp\ccLxlVYl.s 			page 59


 2897      7420696E 
 2897      7400
 2898              	.LASF121:
 2899 0398 616C6172 		.ascii	"alarmAppLED\000"
 2899      6D417070 
 2899      4C454400 
 2900              	.LASF97:
 2901 03a4 6D6F6465 		.ascii	"modem_start_time_stamp\000"
 2901      6D5F7374 
 2901      6172745F 
 2901      74696D65 
 2901      5F737461 
 2902              	.LASF30:
 2903 03bb 766F6C74 		.ascii	"voltage_t\000"
 2903      6167655F 
 2903      7400
 2904              	.LASF71:
 2905 03c5 7379735F 		.ascii	"sys_info_t\000"
 2905      696E666F 
 2905      5F7400
 2906              	.LASF88:
 2907 03d0 766F6C74 		.ascii	"voltages_test\000"
 2907      61676573 
 2907      5F746573 
 2907      7400
 2908              	.LASF93:
 2909 03de 64617461 		.ascii	"dataPointsInStack\000"
 2909      506F696E 
 2909      7473496E 
 2909      53746163 
 2909      6B00
 2910              	.LASF109:
 2911 03f0 6175746F 		.ascii	"autosampler_inbox\000"
 2911      73616D70 
 2911      6C65725F 
 2911      696E626F 
 2911      7800
 2912              	.LASF135:
 2913 0402 433A5C55 		.ascii	"C:\\Users\\kland\\OneDrive\\Documents\\GitHub\\noto"
 2913      73657273 
 2913      5C6B6C61 
 2913      6E645C4F 
 2913      6E654472 
 2914 042f 72694F53 		.ascii	"riOS\\notoriOS.cydsn\000"
 2914      5C6E6F74 
 2914      6F72694F 
 2914      532E6379 
 2914      64736E00 
 2915              	.LASF15:
 2916 0443 666C6F61 		.ascii	"float32\000"
 2916      74333200 
 2917              	.LASF20:
 2918 044b 73697A65 		.ascii	"sizetype\000"
 2918      74797065 
 2918      00
 2919              	.LASF74:
 2920 0454 7379735F 		.ascii	"sys_settings_t\000"
ARM GAS  C:\Users\kland\AppData\Local\Temp\ccLxlVYl.s 			page 60


 2920      73657474 
 2920      696E6773 
 2920      5F7400
 2921              	.LASF13:
 2922 0463 696E7431 		.ascii	"int16\000"
 2922      3600
 2923              	.LASF120:
 2924 0469 74696D65 		.ascii	"timeToSycnRemoteParams\000"
 2924      546F5379 
 2924      636E5265 
 2924      6D6F7465 
 2924      50617261 
 2925              	.LASF37:
 2926 0480 74696D65 		.ascii	"timeStamp\000"
 2926      5374616D 
 2926      7000
 2927              	.LASF99:
 2928 048a 75706461 		.ascii	"updatable_parameters\000"
 2928      7461626C 
 2928      655F7061 
 2928      72616D65 
 2928      74657273 
 2929              	.LASF81:
 2930 049f 70726573 		.ascii	"pressure\000"
 2930      73757265 
 2930      00
 2931              	.LASF28:
 2932 04a8 766F6C74 		.ascii	"voltage_pressure\000"
 2932      6167655F 
 2932      70726573 
 2932      73757265 
 2932      00
 2933              	.LASF128:
 2934 04b9 74696D65 		.ascii	"timeToValve\000"
 2934      546F5661 
 2934      6C766500 
 2935              	.LASF16:
 2936 04c5 666C6F61 		.ascii	"float\000"
 2936      7400
 2937              	.LASF21:
 2938 04cb 74657374 		.ascii	"test_name\000"
 2938      5F6E616D 
 2938      6500
 2939              	.LASF62:
 2940 04d5 5F426F6F 		.ascii	"_Bool\000"
 2940      6C00
 2941              	.LASF10:
 2942 04db 696E7433 		.ascii	"int32_t\000"
 2942      325F7400 
 2943              	.LASF1:
 2944 04e3 756E7369 		.ascii	"unsigned char\000"
 2944      676E6564 
 2944      20636861 
 2944      7200
 2945              	.LASF90:
 2946 04f1 70726573 		.ascii	"pressure_sensor_test\000"
 2946      73757265 
ARM GAS  C:\Users\kland\AppData\Local\Temp\ccLxlVYl.s 			page 61


 2946      5F73656E 
 2946      736F725F 
 2946      74657374 
 2947              	.LASF115:
 2948 0506 73797374 		.ascii	"system_settings\000"
 2948      656D5F73 
 2948      65747469 
 2948      6E677300 
 2949              	.LASF59:
 2950 0516 56616C76 		.ascii	"Valve_freq\000"
 2950      655F6672 
 2950      657100
 2951              	.LASF46:
 2952 0521 72737271 		.ascii	"rsrq\000"
 2952      00
 2953              	.LASF54:
 2954 0526 73796E63 		.ascii	"sync_time\000"
 2954      5F74696D 
 2954      6500
 2955              	.LASF83:
 2956 0530 73776170 		.ascii	"swap32\000"
 2956      333200
 2957              	.LASF24:
 2958 0537 74657374 		.ascii	"test_t\000"
 2958      5F7400
 2959              	.LASF34:
 2960 053e 70726573 		.ascii	"pressure_depth\000"
 2960      73757265 
 2960      5F646570 
 2960      746800
 2961              	.LASF44:
 2962 054d 72736370 		.ascii	"rscp\000"
 2962      00
 2963              	.LASF78:
 2964 0552 72656164 		.ascii	"readings\000"
 2964      696E6773 
 2964      00
 2965              	.LASF114:
 2966 055b 73797374 		.ascii	"system_info\000"
 2966      656D5F69 
 2966      6E666F00 
 2967              	.LASF41:
 2968 0567 696D6569 		.ascii	"imei\000"
 2968      00
 2969              	.LASF23:
 2970 056c 72656173 		.ascii	"reason\000"
 2970      6F6E00
 2971              	.LASF47:
 2972 0573 72737270 		.ascii	"rsrp\000"
 2972      00
 2973              	.LASF50:
 2974 0578 6D6F6465 		.ascii	"modem_stats_t\000"
 2974      6D5F7374 
 2974      6174735F 
 2974      7400
 2975              	.LASF33:
 2976 0586 70726573 		.ascii	"pressure_current\000"
ARM GAS  C:\Users\kland\AppData\Local\Temp\ccLxlVYl.s 			page 62


 2976      73757265 
 2976      5F637572 
 2976      72656E74 
 2976      00
 2977              	.LASF29:
 2978 0597 76616C69 		.ascii	"valid\000"
 2978      6400
 2979              	.LASF123:
 2980 059d 616C6172 		.ascii	"alarmLevelSensor\000"
 2980      6D4C6576 
 2980      656C5365 
 2980      6E736F72 
 2980      00
 2981              	.LASF57:
 2982 05ae 4C657665 		.ascii	"Level_Sensor_freq\000"
 2982      6C5F5365 
 2982      6E736F72 
 2982      5F667265 
 2982      7100
 2983              	.LASF102:
 2984 05c0 6C657665 		.ascii	"level_sensor_inbox\000"
 2984      6C5F7365 
 2984      6E736F72 
 2984      5F696E62 
 2984      6F7800
 2985              	.LASF19:
 2986 05d3 6C6F6E67 		.ascii	"long double\000"
 2986      20646F75 
 2986      626C6500 
 2987              	.LASF18:
 2988 05df 63686172 		.ascii	"char\000"
 2988      00
 2989              	.LASF8:
 2990 05e4 756E7369 		.ascii	"unsigned int\000"
 2990      676E6564 
 2990      20696E74 
 2990      00
 2991              	.LASF127:
 2992 05f1 616C6172 		.ascii	"alarmValve\000"
 2992      6D56616C 
 2992      766500
 2993              	.LASF113:
 2994 05fc 68747470 		.ascii	"http_route\000"
 2994      5F726F75 
 2994      746500
 2995              	.LASF61:
 2996 0607 536F6E74 		.ascii	"Sontek_freq\000"
 2996      656B5F66 
 2996      72657100 
 2997              	.LASF9:
 2998 0613 5F5F696E 		.ascii	"__int32_t\000"
 2998      7433325F 
 2998      7400
 2999              	.LASF53:
 3000 061d 6D656173 		.ascii	"measure_time\000"
 3000      7572655F 
 3000      74696D65 
ARM GAS  C:\Users\kland\AppData\Local\Temp\ccLxlVYl.s 			page 63


 3000      00
 3001              	.LASF131:
 3002 062a 616C6172 		.ascii	"alarmSontek\000"
 3002      6D536F6E 
 3002      74656B00 
 3003              	.LASF77:
 3004 0636 6F666673 		.ascii	"offset\000"
 3004      657400
 3005              	.LASF3:
 3006 063d 73686F72 		.ascii	"short unsigned int\000"
 3006      7420756E 
 3006      7369676E 
 3006      65642069 
 3006      6E7400
 3007              	.LASF39:
 3008 0650 73696D5F 		.ascii	"sim_id\000"
 3008      696400
 3009              	.LASF134:
 3010 0657 766F6C74 		.ascii	"voltages.c\000"
 3010      61676573 
 3010      2E6300
 3011              	.LASF58:
 3012 0662 446F776E 		.ascii	"Downstream_Level_Sensor_freq\000"
 3012      73747265 
 3012      616D5F4C 
 3012      6576656C 
 3012      5F53656E 
 3013              	.LASF79:
 3014 067f 766F6C74 		.ascii	"voltage_take_readings\000"
 3014      6167655F 
 3014      74616B65 
 3014      5F726561 
 3014      64696E67 
 3015              	.LASF106:
 3016 0695 76616C76 		.ascii	"valve_enabled\000"
 3016      655F656E 
 3016      61626C65 
 3016      6400
 3017              	.LASF22:
 3018 06a3 73746174 		.ascii	"status\000"
 3018      757300
 3019              	.LASF124:
 3020 06aa 74696D65 		.ascii	"timeToLevelSensor\000"
 3020      546F4C65 
 3020      76656C53 
 3020      656E736F 
 3020      7200
 3021              	.LASF103:
 3022 06bc 6C657665 		.ascii	"level_sensor_enabled\000"
 3022      6C5F7365 
 3022      6E736F72 
 3022      5F656E61 
 3022      626C6564 
 3023              	.LASF94:
 3024 06d1 64617461 		.ascii	"dataPointsInStackDesired\000"
 3024      506F696E 
 3024      7473496E 
ARM GAS  C:\Users\kland\AppData\Local\Temp\ccLxlVYl.s 			page 64


 3024      53746163 
 3024      6B446573 
 3025              	.LASF56:
 3026 06ea 4170705F 		.ascii	"App_LED_freq\000"
 3026      4C45445F 
 3026      66726571 
 3026      00
 3027              	.LASF132:
 3028 06f7 74696D65 		.ascii	"timeToSontek\000"
 3028      546F536F 
 3028      6E74656B 
 3028      00
 3029              	.LASF126:
 3030 0704 74696D65 		.ascii	"timeToDownstreamLevelSensor\000"
 3030      546F446F 
 3030      776E7374 
 3030      7265616D 
 3030      4C657665 
 3031              	.LASF112:
 3032 0720 68747470 		.ascii	"http_body\000"
 3032      5F626F64 
 3032      7900
 3033              	.LASF129:
 3034 072a 616C6172 		.ascii	"alarmAutosampler\000"
 3034      6D417574 
 3034      6F73616D 
 3034      706C6572 
 3034      00
 3035              	.LASF107:
 3036 073b 76616C76 		.ascii	"valve_inbox\000"
 3036      655F696E 
 3036      626F7800 
 3037              	.LASF60:
 3038 0747 4175746F 		.ascii	"Autosampler_freq\000"
 3038      73616D70 
 3038      6C65725F 
 3038      66726571 
 3038      00
 3039              	.LASF66:
 3040 0758 636F756E 		.ascii	"countDownType\000"
 3040      74446F77 
 3040      6E547970 
 3040      6500
 3041              	.LASF52:
 3042 0766 73696D5F 		.ascii	"sim_type\000"
 3042      74797065 
 3042      00
 3043              	.LASF35:
 3044 076f 70726573 		.ascii	"pressure_t\000"
 3044      73757265 
 3044      5F7400
 3045              	.LASF111:
 3046 077a 68747470 		.ascii	"http_request\000"
 3046      5F726571 
 3046      75657374 
 3046      00
 3047              	.LASF17:
ARM GAS  C:\Users\kland\AppData\Local\Temp\ccLxlVYl.s 			page 65


 3048 0787 646F7562 		.ascii	"double\000"
 3048      6C6500
 3049              	.LASF101:
 3050 078e 6170705F 		.ascii	"app_led_inbox\000"
 3050      6C65645F 
 3050      696E626F 
 3050      7800
 3051              	.LASF96:
 3052 079c 6D6F6465 		.ascii	"modem_state\000"
 3052      6D5F7374 
 3052      61746500 
 3053              		.ident	"GCC: (GNU Tools for ARM Embedded Processors) 5.4.1 20160609 (release) [ARM/embedded-5-bran
